,accident_index,vehicle_reference,vehicle_type,towing_and_articulation,vehicle_manoeuvre,vehicle_location-restricted_lane,junction_location,skidding_and_overturning,hit_object_in_carriageway,vehicle_leaving_carriageway,hit_object_off_carriageway,1st_point_of_impact,was_vehicle_left_hand_drive?,journey_purpose_of_driver,sex_of_driver,age_of_driver,age_band_of_driver,engine_capacity_(cc),propulsion_code,age_of_vehicle,driver_imd_decile,driver_home_area_type,vehicle_imd_decile,NUmber_of_Casualities_unique_to_accident_index,No_of_Vehicles_involved_unique_to_accident_index,location_easting_osgr,location_northing_osgr,longitude,latitude,police_force,accident_severity,number_of_vehicles,number_of_casualties,date,day_of_week,time,local_authority_(district),local_authority_(highway),1st_road_class,1st_road_number,road_type,speed_limit,junction_detail,junction_control,2nd_road_class,2nd_road_number,pedestrian_crossing-human_control,pedestrian_crossing-physical_facilities,light_conditions,weather_conditions,road_surface_conditions,special_conditions_at_site,carriageway_hazards,urban_or_rural_area,did_police_officer_attend_scene_of_accident,lsoa_of_accident_location,casualty_reference,casualty_class,sex_of_casualty,age_of_casualty,age_band_of_casualty,casualty_severity,pedestrian_location,pedestrian_movement,car_passenger,bus_or_coach_passenger,pedestrian_road_maintenance_worker,casualty_type,casualty_home_area_type,casualty_imd_decile
198,201514K240415,1,9,0,7,9,1,0,0,7,4,1,1,6,1,21,5,1796,1,16,-1,1,-1,5,1,436427.0,388962.0,-1.453658,53.396238,14,1,1,5,42073,7,1899-12-30 03:43:00,215,E08000019,6,0,6,30,3,4,6,0,0,0,4,1,1,0,0,1,1,E01007874,4.0,2.0,2.0,17.0,4.0,3.0,0.0,0.0,2.0,0.0,0.0,9.0,1.0,1.0
199,2015030002872,1,9,0,13,0,0,0,0,7,4,1,1,6,1,25,5,1896,2,12,-1,2,-1,3,2,317120.0,482150.0,-3.272849,54.22833,3,1,2,3,23/11/2015,2,1899-12-30 21:36:00,63,E10000006,3,5093,6,60,0,-1,-1,0,0,0,6,2,2,0,0,2,1,E01019293,1.0,1.0,1.0,25.0,5.0,1.0,0.0,0.0,0.0,0.0,0.0,9.0,2.0,4.0
200,201501TD00016,1,9,0,18,0,1,0,0,0,0,3,1,6,1,58,9,-1,-1,-1,-1,1,-1,1,2,529710.0,189200.0,-0.129142,51.586734,1,1,2,1,31/01/2015,7,1899-12-30 20:00:00,31,E09000014,3,504,6,30,3,4,6,0,0,0,4,1,1,0,0,1,1,E01002021,1.0,3.0,2.0,29.0,6.0,1.0,5.0,3.0,0.0,0.0,2.0,0.0,1.0,8.0
201,2015556000356,2,9,0,18,0,0,0,0,0,0,1,1,6,1,28,6,1984,1,1,-1,3,-1,6,3,361748.0,98868.0,-2.544021,50.788111,55,1,3,6,42221,6,1899-12-30 22:15:00,645,E10000009,3,37,6,60,0,-1,-1,0,0,0,6,7,1,0,0,2,1,E01020529,2.0,2.0,2.0,26.0,6.0,2.0,0.0,0.0,2.0,0.0,0.0,9.0,2.0,4.0
202,2015520502557,1,9,0,17,0,0,0,0,0,0,1,1,6,1,27,6,1388,1,13,-1,-1,-1,2,2,337668.0,115210.0,-2.88838,50.932955,52,1,2,2,42098,7,1899-12-30 21:40:00,610,E10000027,6,0,6,60,0,-1,-1,0,0,0,6,1,1,0,0,2,1,E01029193,1.0,1.0,1.0,27.0,6.0,1.0,0.0,0.0,0.0,0.0,0.0,9.0,-1.0,-1.0
203,201506P099916,1,9,0,17,9,0,0,0,7,0,1,1,6,1,76,11,1339,1,11,-1,1,-1,2,1,394630.0,418220.0,-2.082736,53.66044,6,1,1,2,21/04/2015,3,1899-12-30 14:20:00,106,E08000005,3,6033,6,30,0,-1,-1,0,0,0,1,1,1,0,0,1,1,E01005518,2.0,3.0,1.0,61.0,9.0,1.0,6.0,9.0,0.0,0.0,0.0,0.0,1.0,1.0
204,2015120025569,2,1,0,18,0,0,0,0,0,0,1,1,6,1,44,7,-1,-1,-1,-1,1,-1,2,5,407396.0,454418.0,-1.8887,53.985762,12,1,5,2,15/02/2015,1,1899-12-30 11:34:00,180,E10000023,4,6160,6,60,0,-1,-1,0,0,0,1,1,2,0,0,2,1,E01027557,1.0,1.0,1.0,44.0,7.0,1.0,0.0,0.0,0.0,0.0,0.0,1.0,1.0,9.0
205,201542I282009,2,21,1,17,0,0,0,0,0,0,1,1,1,1,62,9,12777,2,3,-1,1,-1,2,2,560076.0,178701.0,0.304051,51.48461,42,1,2,2,42286,5,1899-12-30 03:18:00,462,E06000034,6,0,6,40,0,-1,-1,0,0,0,4,1,1,0,0,1,1,E01015955,2.0,1.0,1.0,62.0,9.0,3.0,0.0,0.0,0.0,0.0,0.0,21.0,1.0,2.0
206,201591NE20585,1,9,0,18,0,0,0,0,0,0,1,1,6,1,26,6,1984,1,-1,-1,3,-1,1,1,263721.0,850416.0,-4.277229,57.523322,91,1,1,1,17/11/2015,3,1899-12-30 22:00:00,927,S12000017,4,9161,6,60,0,-1,-1,0,0,0,6,1,1,0,0,2,1,,1.0,3.0,1.0,77.0,11.0,1.0,8.0,3.0,0.0,0.0,0.0,0.0,3.0,-1.0
207,2015360087833,2,9,0,13,0,0,0,0,0,0,1,1,6,2,30,6,1598,1,10,-1,2,-1,6,3,606754.0,296926.0,1.046729,52.530945,36,1,3,6,14/02/2015,7,1899-12-30 23:27:00,400,E10000020,3,11,3,70,0,-1,-1,0,0,0,6,1,2,0,0,2,1,E01026448,2.0,1.0,2.0,30.0,6.0,1.0,0.0,0.0,0.0,0.0,0.0,9.0,2.0,8.0
208,2015551600632,2,9,0,17,0,1,1,0,0,0,3,1,6,1,66,10,2993,2,4,-1,3,-1,2,4,367418.0,84978.0,-2.462356,50.663555,55,1,4,2,42136,7,1899-12-30 12:11:00,645,E10000009,3,354,6,60,5,4,6,0,0,0,1,4,1,0,0,2,1,E01020549,2.0,2.0,1.0,11.0,3.0,3.0,0.0,0.0,2.0,0.0,0.0,9.0,-1.0,-1.0
209,20151326S1829,2,9,0,18,0,0,0,0,0,0,0,1,6,2,22,5,1124,1,12,-1,1,-1,3,3,407960.0,424543.0,-1.880862,53.717241,13,1,3,3,28/06/2015,1,1899-12-30 22:45:00,202,E08000033,6,0,6,30,0,-1,-1,0,0,0,4,1,1,0,0,1,1,E01011003,,,,,,,,,,,,,,
210,201501TD00107,2,9,0,2,0,0,0,10,7,10,4,1,6,2,39,7,1896,2,9,-1,1,-1,1,2,524460.0,168650.0,-0.212121,51.403233,1,1,2,1,21/08/2015,6,1899-12-30 06:00:00,22,E09000024,4,286,6,30,0,-1,-1,0,0,8,1,1,1,0,0,1,1,E01003361,,,,,,,,,,,,,,
211,201534TD80305,6,9,0,18,0,0,0,0,0,0,0,1,1,1,41,7,1968,2,-1,-1,3,-1,1,11,464470.0,261123.0,-1.057179,52.244524,34,1,11,1,42047,4,1899-12-30 03:26:00,381,E10000021,1,1,3,50,0,-1,-1,0,0,0,6,1,1,4,0,2,1,E01027011,1.0,3.0,1.0,24.0,5.0,1.0,8.0,3.0,0.0,0.0,0.0,0.0,-1.0,-1.0
212,2015200037501,3,9,0,-1,-1,1,-1,-1,-1,0,4,1,6,1,51,8,2179,2,-1,-1,-1,-1,1,4,397971.0,287123.0,-2.031305,52.482026,20,1,4,1,28/12/2015,2,1899-12-30 17:01:00,305,E08000028,3,4034,6,30,3,-1,4,5,0,0,4,1,1,0,0,1,2,E01009930,,,,,,,,,,,,,,
213,2015215000643,4,9,0,18,0,0,0,0,0,0,0,1,1,1,38,7,1989,1,16,-1,1,-1,2,5,415243.0,315523.0,-1.775681,52.737127,21,1,5,2,30/01/2015,6,1899-12-30 05:45:00,252,E10000028,3,513,6,60,0,-1,-1,0,0,0,6,1,3,0,2,2,1,E01029477,,,,,,,,,,,,,,
214,2015520507651,2,9,0,18,0,0,0,0,0,0,1,1,6,2,55,8,1242,1,17,-1,3,-1,5,3,353440.0,114976.0,-2.663928,50.932343,52,1,3,5,16/10/2015,6,1899-12-30 19:55:00,610,E10000027,3,3088,6,60,0,-1,-1,0,0,0,6,1,1,0,0,2,1,E01029180,2.0,1.0,2.0,55.0,8.0,1.0,0.0,0.0,0.0,0.0,0.0,9.0,3.0,7.0
215,20151322E1383,1,9,0,18,0,0,1,4,0,0,1,1,6,1,34,6,1229,1,1,-1,1,-1,7,4,405153.0,422840.0,-1.923424,53.701969,13,1,4,7,14/02/2015,7,1899-12-30 20:30:00,202,E08000033,3,58,6,40,0,-1,-1,0,0,0,4,1,2,0,0,1,1,E01010959,1.0,2.0,2.0,44.0,7.0,1.0,0.0,0.0,1.0,0.0,0.0,9.0,1.0,8.0
216,2015030002076,2,5,0,17,0,0,5,0,0,0,1,1,6,1,54,8,1000,1,14,-1,3,-1,2,2,362000.0,534950.0,-2.591275,54.708121,3,1,2,2,16/08/2015,1,1899-12-30 17:11:00,64,E10000006,6,0,6,30,0,-1,-1,0,0,0,1,1,1,0,0,2,1,E01019314,2.0,1.0,1.0,54.0,8.0,3.0,0.0,0.0,0.0,0.0,0.0,5.0,3.0,5.0
217,20151322E1383,1,9,0,18,0,0,1,4,0,0,1,1,6,1,34,6,1229,1,1,-1,1,-1,7,4,405153.0,422840.0,-1.923424,53.701969,13,1,4,7,14/02/2015,7,1899-12-30 20:30:00,202,E08000033,3,58,6,40,0,-1,-1,0,0,0,4,1,2,0,0,1,1,E01010959,2.0,1.0,1.0,34.0,6.0,2.0,0.0,0.0,0.0,0.0,0.0,9.0,1.0,7.0
218,2015621501887,1,21,1,18,0,0,3,0,4,6,1,1,1,1,46,8,-1,-1,-1,-1,1,-1,3,3,311387.0,180565.0,-3.278465,51.517031,62,1,3,3,42046,2,1899-12-30 17:44:00,741,W06000015,1,4,3,70,0,-1,-1,0,0,0,6,1,2,0,0,2,1,W01001948,1.0,1.0,1.0,46.0,8.0,3.0,0.0,0.0,0.0,0.0,0.0,21.0,1.0,6.0
219,2015160C04361,2,9,0,17,0,0,1,0,0,0,1,1,6,1,47,8,1560,2,3,-1,1,-1,2,2,513394.0,456905.0,-0.271739,53.995744,16,1,2,2,42012,7,1899-12-30 20:15:00,231,E06000011,3,165,6,60,0,-1,-1,0,0,0,1,1,2,0,0,2,1,E01012986,2.0,1.0,1.0,47.0,8.0,2.0,0.0,0.0,0.0,0.0,0.0,9.0,1.0,7.0
220,2015440265027,1,9,0,17,0,0,0,0,0,0,1,1,6,1,36,7,1686,2,4,-1,1,-1,4,2,463241.0,106740.0,-1.102893,50.856724,44,1,2,4,42012,7,1899-12-30 18:30:00,498,E06000044,6,0,6,40,0,-1,-1,0,0,0,1,1,1,0,0,2,1,E01017116,1.0,1.0,1.0,36.0,7.0,3.0,0.0,0.0,0.0,0.0,0.0,9.0,1.0,9.0
221,201591NE19578,1,9,0,16,0,0,2,10,1,9,3,1,6,1,25,5,-1,-1,-1,-1,3,-1,1,1,284282.0,965176.0,-3.990632,58.559186,91,1,1,1,42015,1,1899-12-30 21:00:00,927,S12000017,3,836,6,50,0,-1,-1,0,0,0,6,9,1,0,0,2,1,,1.0,1.0,1.0,25.0,5.0,1.0,0.0,0.0,0.0,0.0,0.0,9.0,3.0,-1.0
222,2015120055894,1,5,0,16,0,0,1,0,0,0,4,1,6,1,40,7,898,1,2,-1,1,-1,4,3,452258.0,452080.0,-1.204997,53.962171,12,1,3,4,42159,2,1899-12-30 13:00:00,189,E06000014,4,1224,6,60,0,-1,-1,0,0,0,1,1,1,0,0,2,1,E01013421,1.0,1.0,1.0,40.0,7.0,1.0,0.0,0.0,0.0,0.0,0.0,5.0,1.0,10.0
223,201542I149105,1,5,0,18,0,1,0,0,0,0,4,1,2,1,61,9,1164,1,11,-1,3,-1,1,5,613567.0,227692.0,1.10335,51.906807,42,1,5,1,27/05/2015,4,1899-12-30 13:00:00,461,E10000012,3,120,6,60,3,4,6,0,0,0,1,1,1,0,0,2,1,E01021978,1.0,1.0,1.0,61.0,9.0,1.0,0.0,0.0,0.0,0.0,0.0,5.0,3.0,3.0
224,201563CP04415,2,9,0,18,0,1,1,0,0,0,1,1,6,1,62,9,-1,-1,-1,-1,3,-1,3,4,202510.0,202770.0,-4.858567,51.688859,63,1,4,3,16/04/2015,5,1899-12-30 16:21:00,752,W06000009,3,477,6,60,8,4,6,0,0,0,1,1,1,0,0,2,1,W01000557,2.0,2.0,2.0,58.0,9.0,3.0,0.0,0.0,1.0,0.0,0.0,9.0,3.0,-1.0
225,2015921501173,2,9,0,17,0,0,0,0,0,0,1,2,6,2,54,8,2000,2,6,-1,3,-1,1,2,374229.0,804027.0,-2.427297,57.126439,92,1,2,1,16/10/2015,6,1899-12-30 14:50:00,911,S12000034,4,977,6,60,0,-1,-1,0,0,0,1,1,1,0,0,2,1,,,,,,,,,,,,,,,
226,2015941500948,1,9,0,18,0,0,0,0,0,0,1,1,2,1,25,5,1364,1,6,-1,2,-1,1,2,298026.0,687130.0,-3.639456,56.066098,94,1,2,1,42167,1,1899-12-30 07:00:00,925,S12000015,3,985,6,60,0,-1,-1,0,0,0,6,1,2,0,0,2,1,,1.0,1.0,1.0,25.0,5.0,1.0,0.0,0.0,0.0,0.0,0.0,9.0,2.0,-1.0
227,2015051500988,2,1,0,18,0,0,0,0,0,0,3,1,6,1,82,11,-1,-1,-1,-1,1,-1,1,2,343427.0,385165.0,-2.851525,53.360318,5,1,2,1,14/04/2015,3,1899-12-30 13:51:00,91,E08000012,6,0,3,30,0,-1,-1,0,0,0,1,1,1,0,0,1,1,E01006538,2.0,1.0,1.0,82.0,11.0,1.0,0.0,0.0,0.0,0.0,0.0,1.0,1.0,7.0
228,201501TD00041,2,5,0,15,0,8,0,0,0,0,3,1,6,1,39,7,599,1,14,-1,1,-1,1,2,524640.0,179040.0,-0.205878,51.49657,1,1,2,1,42280,3,1899-12-30 10:04:00,12,E09000020,3,3220,2,30,6,2,3,315,0,5,1,1,1,0,0,1,1,E01002814,1.0,1.0,1.0,39.0,7.0,1.0,0.0,0.0,0.0,0.0,0.0,5.0,1.0,5.0
229,201514K225215,1,9,0,9,0,1,0,0,0,0,1,1,2,1,27,6,1590,1,15,-1,1,-1,1,2,436019.0,391787.0,-1.459471,53.421658,14,1,2,1,28/08/2015,6,1899-12-30 07:08:00,215,E08000019,5,428,6,30,9,4,6,0,0,0,1,1,1,0,0,1,1,E01008063,,,,,,,,,,,,,,
230,2015520501493,1,9,0,18,0,0,0,0,7,10,1,-1,6,1,77,11,-1,-1,-1,-1,2,-1,1,1,334100.0,155079.0,-2.946444,51.291013,52,1,1,1,21/01/2015,4,1899-12-30 18:30:00,607,E10000027,3,370,6,60,0,-1,-1,0,0,0,6,1,2,0,0,2,1,E01029089,2.0,2.0,2.0,76.0,11.0,1.0,0.0,0.0,1.0,0.0,0.0,9.0,2.0,9.0
231,201522E500039,1,9,0,2,0,0,0,0,0,0,3,1,6,1,22,5,-1,-1,-1,-1,1,-1,1,2,375510.0,242480.0,-2.358776,52.080131,22,1,2,1,42064,7,1899-12-30 10:40:00,285,E06000019,4,4218,6,30,0,-1,-1,0,0,0,1,2,2,0,0,1,1,E01014029,,,,,,,,,,,,,,
232,20151327K0579,1,9,0,9,0,6,5,0,3,11,3,1,6,1,83,11,1499,1,1,-1,1,-1,1,2,424262.0,445380.0,-1.632212,53.904019,13,1,2,1,20/07/2015,2,1899-12-30 11:16:00,204,E08000035,3,659,6,30,3,4,3,658,0,0,1,1,1,0,0,2,1,E01011570,1.0,1.0,1.0,83.0,11.0,1.0,0.0,0.0,0.0,0.0,0.0,9.0,1.0,7.0
233,2015331501315,1,9,0,18,0,0,0,0,7,4,1,1,6,1,27,6,1198,1,2,-1,-1,-1,1,1,455745.0,306125.0,-1.177453,52.650002,33,1,1,1,16/05/2015,7,1899-12-30 04:27:00,364,E06000016,3,563,6,30,0,-1,-1,0,0,0,4,1,1,0,0,1,1,E01013722,1.0,1.0,1.0,27.0,6.0,1.0,0.0,0.0,0.0,0.0,0.0,9.0,-1.0,-1.0
234,201520H008975,1,9,0,16,0,4,5,0,7,8,1,1,6,1,31,6,2324,1,13,-1,1,-1,1,1,396760.0,295880.0,-2.049225,52.560744,20,1,1,1,42226,5,1899-12-30 20:36:00,307,E08000030,3,4444,1,50,1,2,3,4038,0,0,4,1,1,0,0,1,1,E01010310,1.0,1.0,1.0,31.0,6.0,1.0,0.0,0.0,0.0,0.0,0.0,9.0,1.0,1.0
235,201597AE70409,1,9,0,18,0,0,1,0,0,0,1,1,6,2,39,7,1398,1,1,-1,1,-1,1,1,253006.0,667683.0,-4.35135,55.879803,97,1,1,1,42133,7,1899-12-30 12:15:00,926,S12000043,6,0,6,30,0,-1,-1,0,0,4,1,1,1,0,0,1,1,,1.0,3.0,1.0,91.0,11.0,1.0,4.0,4.0,0.0,0.0,0.0,0.0,1.0,-1.0
236,201514C128415,1,19,0,7,0,6,0,0,0,0,2,1,1,1,62,9,2287,2,4,-1,1,-1,4,3,454766.0,391998.0,-1.177367,53.421945,14,1,3,4,26/11/2015,5,1899-12-30 17:28:00,213,E08000018,3,631,6,60,8,4,6,0,0,0,6,1,1,0,0,2,1,E01007764,,,,,,,,,,,,,,
237,2015530209810,2,9,0,18,0,0,0,0,1,0,1,1,6,2,56,9,998,1,18,-1,2,-1,1,2,397115.0,226452.0,-2.043372,51.936567,53,1,2,1,42317,6,1899-12-30 17:46:00,625,E10000013,5,96,6,60,0,-1,-1,0,0,0,1,1,1,0,0,2,1,E01022434,1.0,1.0,2.0,56.0,9.0,1.0,0.0,0.0,0.0,0.0,0.0,9.0,2.0,5.0
238,201543P058065,1,9,0,18,0,0,0,10,0,0,1,1,6,2,27,6,1582,2,5,-1,3,-1,1,2,459800.0,187576.0,-1.138314,51.583878,43,1,2,1,42100,5,1899-12-30 23:04:00,484,E10000025,6,167,6,60,0,-1,-1,0,0,0,6,1,1,0,0,2,1,E01028617,,,,,,,,,,,,,,
239,2015170L11395,1,9,0,18,0,0,5,0,1,11,1,1,6,1,28,6,1794,1,13,-1,3,-1,1,1,477106.0,518412.0,-0.809303,54.555086,17,1,1,1,42347,7,1899-12-30 22:58:00,241,E06000003,3,174,6,60,0,-1,-1,0,0,0,6,1,1,0,0,2,1,E01012134,1.0,1.0,1.0,28.0,6.0,1.0,0.0,0.0,0.0,0.0,0.0,9.0,3.0,2.0
240,2015120019982,2,9,0,18,0,0,0,0,1,9,1,1,6,1,77,11,1248,2,7,-1,2,-1,2,2,443515.0,461760.0,-1.336862,54.049973,12,1,2,2,42126,5,1899-12-30 17:50:00,182,E10000023,4,6265,6,60,0,-1,-1,0,0,0,6,1,1,7,0,2,1,E01027695,2.0,2.0,2.0,77.0,11.0,3.0,0.0,0.0,1.0,0.0,0.0,9.0,2.0,9.0
241,201506XP98373,1,9,0,18,0,0,1,0,1,2,1,1,6,1,74,10,1896,2,14,-1,1,-1,3,2,384230.0,404930.0,-2.239434,53.540774,6,1,2,3,13/03/2015,6,1899-12-30 06:25:00,101,E08000002,1,60,3,70,0,-1,-1,0,0,0,7,9,2,0,0,2,1,E01004969,1.0,1.0,1.0,74.0,10.0,1.0,0.0,0.0,0.0,0.0,0.0,9.0,1.0,4.0
242,201543P296025,30,21,1,18,0,0,0,0,0,0,2,1,6,1,56,9,12777,2,5,-1,-1,-1,36,37,455113.0,220016.0,-1.200828,51.875998,43,1,37,36,14/02/2015,7,1899-12-30 07:45:00,481,E10000025,1,40,3,70,0,-1,-1,0,0,0,1,7,2,0,3,2,1,E01028497,,,,,,,,,,,,,,
243,201501TD00144,1,90,0,7,0,8,0,0,0,0,4,1,6,1,36,7,6700,2,-1,-1,1,-1,1,1,531260.0,175340.0,-0.111941,51.461822,1,1,1,1,26/11/2015,5,1899-12-30 11:45:00,9,E09000022,3,2217,6,30,6,2,4,223,0,5,1,1,1,0,0,1,1,E01003047,1.0,3.0,1.0,80.0,11.0,1.0,1.0,1.0,0.0,0.0,2.0,0.0,1.0,1.0
244,2015132CO0102,1,9,0,16,0,0,0,0,0,0,1,2,6,1,20,4,2497,1,13,-1,-1,-1,3,2,406336.0,440559.0,-1.905147,53.861214,13,1,2,3,24/12/2015,5,1899-12-30 01:15:00,200,E08000032,6,0,6,30,0,-1,-1,0,0,0,4,2,2,0,0,1,1,E01010711,1.0,1.0,1.0,20.0,4.0,2.0,0.0,0.0,0.0,0.0,0.0,9.0,-1.0,-1.0
245,2015921501005,1,9,0,9,0,2,1,0,0,0,1,1,6,2,17,4,1390,1,-1,-1,3,-1,1,1,399799.0,867392.0,-2.005036,57.696352,92,1,1,1,42072,5,1899-12-30 21:12:00,911,S12000034,6,0,6,30,3,4,6,0,0,0,4,4,2,0,0,1,1,,1.0,3.0,1.0,43.0,7.0,1.0,5.0,3.0,0.0,0.0,0.0,0.0,1.0,-1.0
246,2015471507303,1,9,0,17,0,0,2,0,7,11,4,1,6,1,22,5,1994,1,15,-1,2,-1,5,2,522026.0,114594.0,-0.265414,50.917915,47,1,2,5,42289,5,1899-12-30 09:21:00,562,E10000032,3,2037,6,60,0,-1,-1,0,0,0,1,1,2,0,0,2,1,E01031641,1.0,1.0,1.0,22.0,5.0,1.0,0.0,0.0,0.0,0.0,0.0,9.0,2.0,8.0
247,2015360088149,1,9,0,18,0,0,0,0,0,0,3,1,1,1,31,6,-1,-1,-1,-1,1,-1,2,3,639921.0,320314.0,1.551733,52.727212,36,1,3,2,25/02/2015,4,1899-12-30 15:50:00,405,E10000020,3,149,6,60,0,-1,-1,0,0,0,1,1,1,0,0,2,1,E01026783,1.0,1.0,1.0,31.0,6.0,1.0,0.0,0.0,0.0,0.0,0.0,9.0,1.0,4.0
248,2015320125441,1,5,0,16,0,0,0,0,7,0,1,1,6,1,49,8,598,1,15,-1,1,-1,2,2,530663.0,393653.0,-0.035132,53.423494,32,1,2,2,21/11/2015,7,1899-12-30 22:45:00,351,E10000019,3,16,6,50,0,-1,-1,0,0,0,7,9,1,0,0,2,1,E01026045,1.0,1.0,1.0,49.0,8.0,1.0,0.0,0.0,0.0,0.0,0.0,5.0,1.0,1.0
249,201514A055815,1,9,0,2,0,0,0,0,0,0,2,1,6,1,20,4,-1,-1,-1,-1,1,-1,3,2,458189.0,399364.0,-1.124505,53.487781,14,1,2,3,20/04/2015,2,1899-12-30 22:22:00,211,E08000017,1,18,3,70,0,-1,-1,0,0,0,6,1,1,0,0,2,1,E01007611,3.0,2.0,2.0,20.0,4.0,2.0,0.0,0.0,2.0,0.0,0.0,9.0,1.0,1.0
250,201543P001035,1,9,0,18,0,0,0,6,1,7,1,1,6,1,75,10,2400,2,5,-1,3,-1,2,1,462242.0,208860.0,-1.099287,51.774959,43,1,1,2,42038,2,1899-12-30 15:06:00,484,E10000025,1,40,3,70,0,-1,-1,0,0,0,1,1,1,0,0,2,1,E01028647,2.0,2.0,2.0,72.0,10.0,2.0,0.0,0.0,1.0,0.0,0.0,9.0,3.0,-1.0
251,201520S016135,1,3,0,18,0,2,5,10,2,2,4,1,6,1,23,5,125,1,10,-1,1,-1,1,1,399160.0,278190.0,-2.013772,52.401721,20,1,1,1,18/03/2015,4,1899-12-30 21:53:00,300,E08000025,6,0,6,30,3,4,6,0,0,0,4,1,1,0,0,1,1,E01009159,1.0,1.0,1.0,23.0,5.0,1.0,0.0,0.0,0.0,0.0,0.0,3.0,1.0,1.0
252,2015300014283,1,1,0,18,0,0,0,0,1,0,2,1,6,1,46,8,-1,-1,-1,-1,-1,-1,1,2,443950.0,362790.0,-1.34414,53.160429,30,1,2,1,42191,1,1899-12-30 17:44:00,321,E10000007,4,6039,6,50,0,-1,-1,0,0,0,1,1,1,0,0,2,1,E01019520,1.0,1.0,1.0,46.0,8.0,1.0,0.0,0.0,0.0,0.0,0.0,1.0,-1.0,-1.0
253,2015075207169,2,21,1,18,0,0,0,0,0,0,2,1,1,1,31,6,-1,-1,-1,-1,-1,-1,5,4,374650.0,366078.0,-2.38086,53.19118,7,1,4,5,16/07/2015,5,1899-12-30 23:04:00,129,E06000049,1,6,3,70,0,-1,-1,0,0,0,6,1,1,0,0,2,1,E01018722,,,,,,,,,,,,,,
254,201534TN80165,1,19,0,18,0,0,0,0,0,0,1,1,6,2,25,5,1753,2,12,-1,3,-1,1,2,476567.0,253936.0,-0.881661,52.178375,34,1,2,1,31/07/2015,6,1899-12-30 00:48:00,385,E10000021,1,1,3,40,0,-1,-1,0,0,0,4,1,1,4,0,2,1,E01032985,1.0,1.0,2.0,25.0,5.0,1.0,0.0,0.0,0.0,0.0,0.0,19.0,3.0,7.0
255,201550KA2I003,1,9,0,18,0,0,0,0,0,0,1,1,6,1,78,11,1197,1,-1,-1,1,-1,2,2,332761.0,96173.0,-2.954698,50.761236,50,1,2,2,42344,6,1899-12-30 14:30:00,580,E10000008,3,35,6,60,0,-1,-1,0,0,0,1,1,1,0,0,2,1,E01019961,1.0,1.0,1.0,78.0,11.0,1.0,0.0,0.0,0.0,0.0,0.0,9.0,1.0,7.0
256,2015132A50744,1,9,0,18,0,1,1,0,0,0,1,1,6,1,70,10,1590,1,23,-1,1,-1,1,1,416146.0,433089.0,-1.75638,53.793865,13,1,1,1,42134,2,1899-12-30 14:30:00,200,E08000032,3,6181,2,30,7,2,6,0,0,4,1,1,2,0,0,1,1,E01033690,1.0,3.0,2.0,92.0,11.0,1.0,1.0,3.0,0.0,0.0,0.0,0.0,1.0,8.0
257,2015405DA0723,1,21,1,18,0,0,0,0,0,0,1,2,1,1,53,8,-1,-1,-1,-1,-1,-1,1,1,501917.0,221830.0,-0.520602,51.885723,40,1,1,1,14/09/2015,2,1899-12-30 11:19:00,424,E06000056,3,5,6,30,0,-1,-1,0,0,4,1,2,2,0,0,1,1,E01017567,1.0,3.0,2.0,61.0,9.0,1.0,1.0,1.0,0.0,0.0,0.0,0.0,1.0,2.0
258,201520J004035,1,21,1,18,0,1,1,0,0,0,1,1,1,1,41,7,12902,2,3,-1,3,-1,1,1,395980.0,282550.0,-2.060566,52.440903,20,1,1,1,13/04/2015,2,1899-12-30 20:50:00,303,E08000027,3,456,3,40,3,4,6,0,0,8,4,1,1,0,0,1,1,E01009799,1.0,3.0,1.0,43.0,7.0,1.0,9.0,5.0,0.0,0.0,0.0,0.0,1.0,8.0
259,201531B091915,2,20,0,18,0,0,0,0,0,0,1,1,1,1,54,8,-1,-1,-1,-1,1,-1,1,4,478102.0,352850.0,-0.835869,53.067191,31,1,4,1,22/05/2015,6,1899-12-30 08:10:00,345,E10000024,3,46,6,60,0,-1,-1,0,0,0,1,1,1,0,0,2,1,E01028336,,,,,,,,,,,,,,
260,2015300017217,2,9,0,17,0,0,0,0,0,0,1,1,6,1,45,7,2987,2,4,-1,1,-1,3,2,416820.0,341650.0,-1.750985,52.971945,30,1,2,3,19/12/2015,7,1899-12-30 14:55:00,329,E10000007,3,515,6,50,0,-1,-1,0,0,0,1,2,2,0,0,2,1,E01019629,3.0,2.0,1.0,16.0,4.0,2.0,0.0,0.0,2.0,0.0,0.0,9.0,1.0,6.0
261,2015405DA0490,2,9,0,17,0,0,0,0,0,0,1,1,2,1,54,8,-1,-1,-1,-1,1,-1,3,2,504314.0,226475.0,-0.484383,51.927028,40,1,2,3,42162,2,1899-12-30 07:00:00,424,E06000056,5,198,6,60,0,-1,-1,0,0,0,1,1,1,0,0,2,1,E01017616,2.0,1.0,1.0,54.0,8.0,1.0,0.0,0.0,0.0,0.0,0.0,9.0,1.0,3.0
262,201506J003645,1,9,0,18,0,2,0,0,0,0,1,1,6,1,32,6,-1,-1,-1,-1,3,-1,1,1,384850.0,388350.0,-2.229273,53.391765,6,1,1,1,20/07/2015,2,1899-12-30 23:26:00,109,E08000007,3,560,6,30,3,4,6,0,0,0,4,1,1,0,0,1,1,E01005768,1.0,3.0,2.0,19.0,4.0,1.0,9.0,9.0,0.0,0.0,0.0,0.0,1.0,8.0