,accident_index,vehicle_reference,vehicle_type,towing_and_articulation,vehicle_manoeuvre,vehicle_location-restricted_lane,junction_location,skidding_and_overturning,hit_object_in_carriageway,vehicle_leaving_carriageway,hit_object_off_carriageway,1st_point_of_impact,was_vehicle_left_hand_drive?,journey_purpose_of_driver,sex_of_driver,age_of_driver,age_band_of_driver,engine_capacity_(cc),propulsion_code,age_of_vehicle,driver_imd_decile,driver_home_area_type,vehicle_imd_decile,NUmber_of_Casualities_unique_to_accident_index,No_of_Vehicles_involved_unique_to_accident_index,location_easting_osgr,location_northing_osgr,longitude,latitude,police_force,accident_severity,number_of_vehicles,number_of_casualties,date,day_of_week,time,local_authority_(district),local_authority_(highway),1st_road_class,1st_road_number,road_type,speed_limit,junction_detail,junction_control,2nd_road_class,2nd_road_number,pedestrian_crossing-human_control,pedestrian_crossing-physical_facilities,light_conditions,weather_conditions,road_surface_conditions,special_conditions_at_site,carriageway_hazards,urban_or_rural_area,did_police_officer_attend_scene_of_accident,lsoa_of_accident_location,casualty_reference,casualty_class,sex_of_casualty,age_of_casualty,age_band_of_casualty,casualty_severity,pedestrian_location,pedestrian_movement,car_passenger,bus_or_coach_passenger,pedestrian_road_maintenance_worker,casualty_type,casualty_home_area_type,casualty_imd_decile
392,2015215002062,2,1,0,2,0,0,0,0,0,0,0,1,6,1,62,9,-1,-1,-1,-1,1,-1,1,2,384969.0,350393.0,-2.225681,53.050582,21,1,2,1,21/04/2015,3,1899-12-30 05:30:00,253,E10000028,3,500,3,70,0,-1,-1,0,0,0,4,1,1,0,0,2,1,E01029536,,,,,,,,,,,,,,
393,201501TD00023,1,9,0,18,0,2,0,0,0,0,1,1,6,1,32,6,2926,2,13,-1,1,-1,1,1,513440.0,177210.0,-0.367734,51.482478,1,1,1,1,21/01/2015,4,1899-12-30 20:59:00,25,E09000018,3,3005,6,30,3,4,6,0,0,0,4,2,2,0,0,1,1,E01002628,1.0,3.0,1.0,81.0,11.0,1.0,5.0,3.0,0.0,0.0,2.0,0.0,1.0,5.0
394,2015460258816,2,9,0,16,0,0,0,0,0,0,1,1,6,2,38,7,1995,2,3,-1,-1,-1,4,3,612970.0,158300.0,1.052595,51.284008,46,1,3,4,42284,6,1899-12-30 12:20:00,531,E10000016,3,2050,6,50,0,-1,-1,0,0,0,1,1,1,0,0,1,1,E01024068,1.0,1.0,2.0,38.0,7.0,1.0,0.0,0.0,0.0,0.0,0.0,9.0,-1.0,-1.0
395,2015331500676,1,1,0,9,0,6,0,0,3,9,3,1,6,1,15,3,-1,-1,-1,-1,2,-1,1,2,455480.0,287735.0,-1.184441,52.484723,33,1,2,1,15/05/2015,6,1899-12-30 17:49:00,363,E10000018,5,6607,6,60,3,4,6,6320,0,0,1,1,1,0,0,2,1,E01025808,1.0,1.0,1.0,15.0,3.0,1.0,0.0,0.0,0.0,0.0,0.0,1.0,2.0,10.0
396,201560S084345,1,20,0,18,0,0,0,0,0,0,3,2,1,1,22,5,-1,-1,-1,-1,-1,-1,1,2,335945.0,356834.0,-2.958229,53.104837,60,1,2,1,42314,5,1899-12-30 14:20:00,725,W06000006,3,483,3,70,0,-1,-1,0,0,0,1,1,1,0,0,2,1,W01000418,,,,,,,,,,,,,,
397,2015621501297,2,9,0,2,0,0,0,0,0,0,2,1,6,3,-1,-1,-1,-1,-1,-1,-1,-1,5,4,298354.0,203540.0,-3.472904,51.72134,62,1,4,5,42071,2,1899-12-30 03:28:00,744,W06000016,6,0,6,30,0,-1,-1,0,0,0,4,1,2,0,0,1,1,W01001154,,,,,,,,,,,,,,
398,201597UA01501,2,9,0,18,0,0,0,0,0,0,1,1,2,1,25,5,1198,1,2,-1,1,-1,3,2,233855.0,652294.0,-4.647742,55.735457,97,1,2,3,42217,5,1899-12-30 16:30:00,931,S12000021,3,737,6,60,0,-1,-1,0,0,0,6,1,2,0,0,2,1,,3.0,1.0,1.0,25.0,5.0,3.0,0.0,0.0,0.0,0.0,0.0,9.0,1.0,-1.0
399,2015160C03711,1,9,0,18,0,0,0,0,0,0,1,1,6,1,70,10,1398,1,4,-1,1,-1,4,2,488410.0,459622.0,-0.651932,54.02503,16,1,2,4,13/07/2015,2,1899-12-30 11:48:00,231,E06000011,4,1251,6,60,0,-1,-1,0,0,0,1,1,1,0,0,2,1,E01013125,2.0,2.0,2.0,65.0,9.0,1.0,0.0,0.0,1.0,0.0,0.0,9.0,1.0,9.0
400,201543N234035,2,9,0,18,0,0,0,4,1,7,2,1,1,2,41,7,1896,2,10,-1,1,-1,5,2,489508.0,225210.0,-0.699968,51.918232,43,1,2,5,20/03/2015,6,1899-12-30 14:17:00,476,E10000002,3,4146,3,70,0,-1,-1,0,0,0,1,1,1,0,0,2,1,E01017670,4.0,2.0,2.0,22.0,5.0,2.0,0.0,0.0,2.0,0.0,0.0,9.0,1.0,2.0
401,20151329R1210,1,9,0,13,0,0,0,0,1,9,1,1,6,2,17,4,999,1,1,-1,1,-1,7,4,405820.0,406453.0,-1.913621,53.554673,13,1,4,7,27/09/2015,1,1899-12-30 16:44:00,203,E08000034,3,635,6,60,0,-1,-1,0,0,0,1,1,1,0,0,2,1,E01011182,1.0,2.0,1.0,17.0,4.0,1.0,0.0,0.0,2.0,0.0,0.0,9.0,-1.0,-1.0
402,201597BA70103,1,9,0,18,0,8,0,0,0,0,1,1,6,1,27,6,2993,2,8,-1,1,-1,1,1,260734.0,664704.0,-4.22639,55.855354,97,1,1,1,27/03/2015,6,1899-12-30 20:44:00,926,S12000043,3,89,6,30,6,2,6,0,0,5,4,1,1,0,0,1,1,,1.0,3.0,1.0,78.0,11.0,1.0,1.0,3.0,0.0,0.0,0.0,0.0,1.0,-1.0
403,201543N207055,2,1,0,18,0,1,0,0,0,0,3,1,6,2,54,8,-1,-1,-1,-1,1,-1,1,2,489808.0,211428.0,-0.699184,51.794303,43,1,2,1,30/05/2015,7,1899-12-30 10:30:00,476,E10000002,4,4009,6,50,3,4,4,4009,0,0,1,1,1,0,0,2,1,E01017629,1.0,1.0,2.0,54.0,8.0,1.0,0.0,0.0,0.0,0.0,0.0,1.0,1.0,9.0
404,2015521503414,1,3,0,17,0,2,0,0,0,0,4,1,6,1,33,6,125,1,-1,-1,1,-1,1,1,351405.0,165734.0,-2.699757,51.388556,52,1,1,1,25/04/2015,7,1899-12-30 09:26:00,605,E06000024,3,38,6,40,3,4,6,0,0,0,1,1,1,0,0,2,1,E01014848,1.0,1.0,1.0,33.0,6.0,1.0,0.0,0.0,0.0,0.0,0.0,3.0,1.0,2.0
405,201523S010609,1,9,0,17,0,0,1,0,7,10,3,1,6,1,20,4,1124,1,11,-1,1,-1,5,1,432870.0,265324.0,-1.519565,52.285079,23,1,1,5,20/06/2015,7,1899-12-30 02:45:00,294,E10000031,3,425,6,30,0,-1,-1,0,0,0,4,1,2,0,0,1,1,E01031337,2.0,2.0,2.0,27.0,6.0,1.0,0.0,0.0,2.0,0.0,0.0,9.0,1.0,5.0
406,201504WA15499,1,9,0,18,0,4,5,9,3,10,1,1,6,1,53,8,1461,2,-1,-1,1,-1,1,2,334010.0,433730.0,-3.003287,53.795674,4,1,2,1,42259,4,1899-12-30 23:11:00,71,E06000009,3,5230,3,70,1,4,3,583,0,0,4,2,2,0,0,1,1,E01012688,1.0,1.0,1.0,53.0,8.0,1.0,0.0,0.0,0.0,0.0,0.0,9.0,1.0,1.0
407,2015921501197,2,21,1,18,0,0,0,0,0,0,1,1,1,1,31,6,12902,2,2,-1,1,-1,1,2,379121.0,832762.0,-2.34893,57.384806,92,1,2,1,26/10/2015,2,1899-12-30 03:25:00,911,S12000034,3,947,6,60,0,-1,-1,0,0,0,6,1,1,0,0,2,1,,,,,,,,,,,,,,,
408,2015132B10318,1,8,0,18,0,1,0,0,0,0,1,1,1,1,37,7,1995,2,3,-1,1,-1,1,1,443306.0,435473.0,-1.343769,53.813745,13,1,1,1,42015,1,1899-12-30 02:56:00,204,E08000035,4,1217,6,60,6,4,6,0,0,0,4,7,2,0,0,2,1,E01011297,1.0,3.0,1.0,22.0,5.0,1.0,10.0,9.0,0.0,0.0,0.0,0.0,-1.0,-1.0
409,2015360096531,1,9,0,18,0,0,0,0,0,0,3,1,6,1,61,9,1598,1,8,-1,2,-1,1,1,609697.0,339596.0,1.117264,52.912843,36,1,1,1,31/12/2015,5,1899-12-30 17:06:00,405,E10000020,3,148,6,40,0,-1,-1,0,0,0,7,1,1,0,0,2,1,E01026741,1.0,3.0,1.0,74.0,10.0,1.0,5.0,3.0,0.0,0.0,0.0,0.0,3.0,4.0
410,201522D500187,2,9,0,18,0,0,0,0,0,0,1,1,6,1,57,9,2179,2,5,-1,1,-1,4,2,378850.0,272580.0,-2.31193,52.350875,22,1,2,4,15/01/2015,5,1899-12-30 17:50:00,278,E10000034,4,4194,6,60,0,-1,-1,0,0,0,6,5,2,0,0,2,1,E01032428,2.0,1.0,1.0,57.0,9.0,3.0,0.0,0.0,0.0,0.0,0.0,9.0,1.0,6.0
411,2015610003415,1,9,0,18,0,0,2,0,1,0,4,1,6,1,22,5,-1,-1,-1,-1,1,-1,4,1,331776.0,187565.0,-2.986037,51.582796,61,1,1,4,42248,6,1899-12-30 07:07:00,733,W06000022,3,4042,3,30,0,-1,-1,0,0,0,4,1,1,0,0,1,1,W01001661,4.0,2.0,2.0,15.0,3.0,2.0,0.0,0.0,1.0,0.0,0.0,9.0,1.0,-1.0
412,2015921500730,1,8,0,9,0,5,5,0,0,0,4,1,6,1,57,9,1896,2,5,-1,3,-1,2,2,375918.0,765760.0,-2.395738,56.782776,92,1,2,2,28/06/2015,1,1899-12-30 19:05:00,911,S12000034,3,92,6,60,3,4,6,0,0,0,1,1,1,0,0,2,1,,1.0,1.0,1.0,57.0,9.0,2.0,0.0,0.0,0.0,0.0,0.0,8.0,3.0,-1.0
413,201501TD00145,1,9,0,17,0,0,0,0,0,0,1,1,2,1,55,8,1995,2,9,-1,1,-1,3,2,537120.0,199590.0,-0.018186,51.678345,1,1,2,3,28/11/2015,7,1899-12-30 02:23:00,32,E09000010,3,1055,6,40,0,-1,-1,0,0,0,7,1,1,0,0,2,1,E01001445,1.0,1.0,1.0,55.0,8.0,1.0,0.0,0.0,0.0,0.0,0.0,9.0,1.0,3.0
414,201523N026251,2,21,1,17,0,8,1,0,0,0,1,1,1,1,55,8,11967,2,4,-1,1,-1,3,2,417497.0,295538.0,-1.743351,52.557402,23,1,2,3,42044,4,1899-12-30 16:15:00,290,E10000031,3,446,6,50,3,4,6,0,0,0,1,1,1,0,0,2,1,E01031023,2.0,1.0,1.0,55.0,8.0,3.0,0.0,0.0,0.0,0.0,0.0,21.0,1.0,6.0
415,201534TN80165,2,21,1,3,0,0,0,0,0,0,2,1,1,1,28,6,10518,2,6,-1,-1,-1,1,2,476567.0,253936.0,-0.881661,52.178375,34,1,2,1,31/07/2015,6,1899-12-30 00:48:00,385,E10000021,1,1,3,40,0,-1,-1,0,0,0,4,1,1,4,0,2,1,E01032985,,,,,,,,,,,,,,
416,2015100713215,1,9,0,17,0,0,1,0,7,4,4,1,6,1,23,5,1242,1,11,-1,-1,-1,2,1,423757.0,585352.0,-1.628661,55.161925,10,1,1,2,19/11/2015,5,1899-12-30 06:19:00,139,E06000048,3,196,6,60,0,-1,-1,0,0,0,6,5,2,0,0,2,1,E01027531,2.0,2.0,1.0,24.0,5.0,1.0,0.0,0.0,1.0,0.0,0.0,9.0,-1.0,-1.0
417,20151321A0339,1,19,0,18,0,0,0,0,0,0,1,1,2,1,30,6,2198,2,3,-1,1,-1,1,1,428076.0,434307.0,-1.575173,53.804308,13,1,1,1,42278,7,1899-12-30 08:20:00,204,E08000035,3,65,3,30,0,-1,-1,0,0,4,1,4,2,0,0,1,1,,1.0,3.0,1.0,61.0,9.0,1.0,4.0,1.0,0.0,0.0,0.0,0.0,1.0,5.0
418,201531A235115,2,9,0,18,0,0,0,0,0,0,1,1,6,2,58,9,1299,1,14,-1,1,-1,5,2,451502.0,361561.0,-1.2314,53.148708,31,1,2,5,42227,1,1899-12-30 10:13:00,344,E10000024,3,6075,6,40,0,-1,-1,0,0,0,1,1,2,0,0,1,1,E01033392,2.0,1.0,2.0,58.0,9.0,2.0,0.0,0.0,0.0,0.0,0.0,9.0,1.0,1.0
419,2015621502076,1,9,0,16,0,0,0,0,7,4,4,1,6,1,18,4,-1,-1,-1,-1,1,-1,1,1,316785.0,173572.0,-3.199039,51.454989,62,1,1,1,22/11/2015,1,1899-12-30 03:03:00,741,W06000015,3,4160,6,30,0,-1,-1,0,0,0,4,2,2,0,0,1,1,W01001104,1.0,1.0,1.0,18.0,4.0,1.0,0.0,0.0,0.0,0.0,0.0,9.0,1.0,-1.0
420,2015405DA0636,1,9,0,18,0,0,2,0,1,7,1,1,6,1,33,6,2099,1,13,-1,1,-1,2,1,503432.0,227410.0,-0.496924,51.935596,40,1,1,2,22/08/2015,7,1899-12-30 23:55:00,424,E06000056,1,1,3,70,0,-1,-1,0,0,0,6,1,1,0,0,2,1,E01017620,1.0,1.0,1.0,33.0,6.0,1.0,0.0,0.0,0.0,0.0,0.0,9.0,1.0,4.0
421,2015460262386,1,9,0,18,0,0,0,0,1,3,3,1,6,2,20,4,998,1,6,-1,3,-1,3,1,610760.0,163540.0,1.024045,51.33188,46,1,1,3,42226,5,1899-12-30 00:25:00,531,E10000016,3,290,6,40,0,-1,-1,0,0,0,6,1,2,0,0,2,1,E01024109,2.0,2.0,1.0,17.0,4.0,1.0,0.0,0.0,2.0,0.0,0.0,9.0,-1.0,-1.0
422,2015132CP0716,1,19,0,18,0,0,0,0,0,0,1,1,6,1,40,7,1598,2,-1,-1,1,-1,1,2,445506.0,424831.0,-1.311924,53.717915,13,1,2,1,25/12/2015,6,1899-12-30 16:55:00,206,E08000036,4,6136,6,30,0,-1,-1,0,0,0,4,2,2,0,0,1,1,E01011743,,,,,,,,,,,,,,
423,2015215000643,5,9,0,18,0,0,0,0,0,0,0,1,5,1,50,8,1956,2,5,-1,3,-1,2,5,415243.0,315523.0,-1.775681,52.737127,21,1,5,2,30/01/2015,6,1899-12-30 05:45:00,252,E10000028,3,513,6,60,0,-1,-1,0,0,0,6,1,3,0,2,2,1,E01029477,,,,,,,,,,,,,,
424,2015215000944,1,10,0,16,0,0,0,0,1,10,3,2,2,1,27,6,-1,-1,-1,-1,3,-1,9,2,423318.0,326519.0,-1.655307,52.835688,21,1,2,9,15/02/2015,1,1899-12-30 06:56:00,251,E10000028,3,511,6,40,0,-1,-1,0,0,0,4,2,2,0,0,1,1,E01029466,1.0,2.0,1.0,50.0,8.0,1.0,0.0,0.0,0.0,0.0,0.0,10.0,3.0,9.0
425,201504WB15476,1,90,0,18,0,0,0,0,0,0,1,1,2,1,49,8,-1,-1,-1,-1,1,-1,1,1,348300.0,445160.0,-2.788302,53.900015,4,1,1,1,22/12/2015,3,1899-12-30 04:10:00,85,E10000017,3,6,6,50,0,-1,-1,0,0,0,4,1,2,0,0,2,1,E01025559,1.0,3.0,1.0,24.0,5.0,1.0,9.0,9.0,0.0,0.0,0.0,0.0,1.0,3.0
426,201543P296025,24,9,0,18,0,0,0,0,0,0,2,1,6,1,59,9,1998,1,9,-1,1,-1,36,37,455113.0,220016.0,-1.200828,51.875998,43,1,37,36,14/02/2015,7,1899-12-30 07:45:00,481,E10000025,1,40,3,70,0,-1,-1,0,0,0,1,7,2,0,3,2,1,E01028497,15.0,1.0,1.0,59.0,9.0,3.0,0.0,0.0,0.0,0.0,0.0,9.0,1.0,7.0
427,201543P012115,1,1,0,18,0,1,0,0,0,0,1,1,6,1,20,4,-1,-1,-1,-1,1,-1,1,2,446738.0,241705.0,-1.319528,52.071747,43,1,2,1,42105,4,1899-12-30 12:43:00,481,E10000025,3,422,1,60,1,4,6,0,0,0,1,1,2,0,0,1,1,E01028439,1.0,1.0,1.0,20.0,4.0,1.0,0.0,0.0,0.0,0.0,0.0,1.0,1.0,2.0
428,201543N077105,1,9,0,16,0,0,1,10,1,0,1,1,6,1,65,9,1999,1,14,-1,1,-1,2,2,495592.0,194789.0,-0.619902,51.643786,43,1,2,2,42318,1,1899-12-30 19:22:00,478,E10000002,3,355,6,60,0,-1,-1,0,0,0,7,1,1,0,0,2,1,E01017783,1.0,1.0,1.0,65.0,9.0,1.0,0.0,0.0,0.0,0.0,0.0,9.0,1.0,3.0
429,2015547115315,1,4,0,18,0,0,0,0,0,0,1,1,6,1,18,4,125,1,-1,-1,1,-1,1,3,401237.0,174203.0,-1.983583,51.466795,54,1,3,1,42163,5,1899-12-30 17:46:00,635,E06000054,3,3102,6,60,0,-1,-1,0,0,0,1,1,1,0,0,2,1,E01031937,1.0,1.0,1.0,18.0,4.0,1.0,0.0,0.0,0.0,0.0,0.0,4.0,1.0,6.0
430,2015075112160,1,3,0,18,0,8,0,0,0,0,1,1,6,1,20,4,125,1,-1,-1,1,-1,1,2,375807.0,354524.0,-2.362668,53.087377,7,1,2,1,22/04/2015,4,1899-12-30 13:25:00,129,E06000049,4,5077,6,60,3,4,6,0,0,0,1,1,1,0,0,2,1,E01018465,1.0,1.0,1.0,20.0,4.0,1.0,0.0,0.0,0.0,0.0,0.0,3.0,1.0,2.0
431,2015100052915,1,9,0,17,0,0,1,0,0,0,3,1,2,1,53,8,1388,1,7,-1,1,-1,2,2,429921.0,589307.0,-1.531501,55.19713,10,1,2,2,20/01/2015,3,1899-12-30 07:41:00,139,E06000048,5,123,6,60,0,-1,-1,0,0,0,6,1,4,0,0,2,1,E01027542,1.0,1.0,1.0,53.0,8.0,1.0,0.0,0.0,0.0,0.0,0.0,9.0,1.0,4.0
432,2015521503055,2,9,0,18,0,8,0,0,0,0,1,1,6,2,-1,-1,1299,1,12,-1,1,-1,3,2,352421.0,179746.0,-2.687046,51.514623,52,1,2,3,28/04/2015,3,1899-12-30 09:14:00,601,E06000023,6,0,6,40,8,4,6,0,0,0,1,1,1,0,0,2,1,E01014496,3.0,1.0,2.0,-1.0,-1.0,3.0,0.0,0.0,0.0,0.0,0.0,9.0,1.0,10.0
433,201542I138105,1,9,0,18,0,0,0,0,0,0,1,1,6,1,78,11,1995,1,3,-1,1,-1,4,2,615847.0,219028.0,1.131032,51.828148,42,1,2,4,42343,3,1899-12-30 15:25:00,461,E10000012,3,133,6,60,0,-1,-1,0,0,0,1,1,1,0,0,2,1,E01022016,3.0,2.0,2.0,73.0,10.0,2.0,0.0,0.0,1.0,0.0,0.0,9.0,1.0,4.0
434,2015984113015,1,9,0,16,0,0,5,0,7,1,1,1,6,1,28,6,1598,2,1,-1,2,-1,1,1,337397.0,582332.0,-2.98339,55.131382,98,1,1,1,42312,7,1899-12-30 11:00:00,917,S12000006,3,7,6,60,0,-1,-1,0,0,0,6,1,2,0,0,2,1,,1.0,1.0,1.0,28.0,6.0,1.0,0.0,0.0,0.0,0.0,0.0,9.0,2.0,8.0
435,2015610056115,1,9,0,18,0,0,1,0,7,11,3,1,6,1,21,5,-1,-1,-1,-1,1,-1,2,1,316467.0,188412.0,-3.207137,51.588345,61,1,1,2,13/09/2015,1,1899-12-30 03:30:00,731,W06000018,3,468,6,40,0,-1,-1,0,0,0,4,1,1,0,0,1,1,W01001344,2.0,2.0,1.0,23.0,5.0,1.0,0.0,0.0,1.0,0.0,0.0,9.0,1.0,-1.0
436,201522C500649,3,9,0,4,0,0,0,0,0,0,2,1,6,1,35,6,1798,8,2,-1,1,-1,8,3,391240.0,263410.0,-2.12979,52.268776,22,1,3,8,17/02/2015,3,1899-12-30 16:49:00,277,E10000034,1,5,3,70,0,-1,-1,0,0,0,1,1,1,0,0,2,1,E01032395,4.0,2.0,2.0,3.0,1.0,3.0,0.0,0.0,2.0,0.0,0.0,9.0,1.0,10.0
437,201501TD00155,1,4,0,14,0,1,0,0,0,0,1,1,6,1,23,5,244,1,9,-1,1,-1,2,1,512270.0,179380.0,-0.383887,51.502215,1,1,1,2,42350,7,1899-12-30 15:22:00,27,E09000009,6,0,6,30,3,4,6,0,0,1,1,4,1,0,0,1,1,E01001367,1.0,1.0,1.0,23.0,5.0,1.0,0.0,0.0,0.0,0.0,0.0,4.0,1.0,3.0
438,201501TD00012,1,9,0,18,0,2,0,0,0,0,1,1,6,2,42,7,2967,2,2,-1,3,-1,1,1,546690.0,192940.0,0.117343,51.616178,1,1,1,1,24/01/2015,7,1899-12-30 02:55:00,14,E09000026,3,1112,3,40,3,4,6,0,0,0,4,2,2,0,0,1,1,E01003722,1.0,3.0,2.0,53.0,8.0,1.0,5.0,3.0,0.0,0.0,2.0,0.0,1.0,2.0
439,2015460251930,1,9,0,18,0,0,1,10,0,0,3,1,6,1,50,8,1242,1,15,-1,1,-1,2,3,558850.0,169850.0,0.282439,51.405434,46,1,3,2,14/01/2015,4,1899-12-30 13:38:00,532,E10000016,4,260,6,40,0,-1,-1,0,0,0,1,1,1,0,0,2,1,E01024135,1.0,1.0,1.0,50.0,8.0,1.0,0.0,0.0,0.0,0.0,0.0,9.0,1.0,8.0
440,2015331501402,1,4,0,18,0,1,0,0,7,10,3,1,6,1,21,5,-1,-1,-1,-1,1,-1,1,1,443785.0,309930.0,-1.353719,52.6853,33,1,1,1,42317,6,1899-12-30 22:45:00,366,E10000018,4,585,6,60,3,4,4,585,0,0,4,2,2,0,0,2,1,E01025940,1.0,1.0,1.0,21.0,5.0,1.0,0.0,0.0,0.0,0.0,0.0,4.0,1.0,10.0
441,2015215000944,1,10,0,16,0,0,0,0,1,10,3,2,2,1,27,6,-1,-1,-1,-1,3,-1,9,2,423318.0,326519.0,-1.655307,52.835688,21,1,2,9,15/02/2015,1,1899-12-30 06:56:00,251,E10000028,3,511,6,40,0,-1,-1,0,0,0,4,2,2,0,0,1,1,E01029466,3.0,2.0,1.0,22.0,5.0,2.0,0.0,0.0,0.0,0.0,0.0,10.0,3.0,9.0
442,201554B226515,3,21,1,18,0,0,5,0,1,0,3,1,1,1,52,8,10308,2,4,-1,1,-1,4,3,391292.0,169137.0,-2.126622,51.421176,54,1,3,4,14/12/2015,2,1899-12-30 20:40:00,635,E06000054,3,350,6,60,0,-1,-1,0,0,0,4,1,2,0,0,2,1,E01031942,3.0,1.0,1.0,52.0,8.0,2.0,0.0,0.0,0.0,0.0,0.0,21.0,1.0,7.0
443,2015530209811,1,3,0,12,0,1,0,0,0,0,1,1,6,1,26,6,125,1,7,-1,1,-1,1,2,392292.0,221991.0,-2.113424,51.896412,53,1,2,1,23/08/2015,1,1899-12-30 14:48:00,620,E10000013,3,40,6,40,3,4,6,820,0,0,1,1,2,0,0,1,1,E01022106,1.0,1.0,1.0,26.0,6.0,1.0,0.0,0.0,0.0,0.0,0.0,3.0,1.0,8.0
444,201501TD00143,1,9,0,16,0,1,0,0,0,0,1,1,6,2,43,7,1796,1,10,-1,1,-1,4,2,546020.0,177620.0,0.10132,51.478697,1,1,2,4,42319,4,1899-12-30 12:21:00,6,E09000011,5,0,6,30,3,4,6,0,0,0,1,1,1,0,0,1,1,E01001669,2.0,2.0,2.0,1.0,1.0,1.0,0.0,0.0,2.0,0.0,0.0,9.0,1.0,4.0
445,201504SC15306,1,21,1,18,0,0,0,0,0,1,4,1,1,1,57,9,12902,2,1,-1,2,-1,1,1,355770.0,424140.0,-2.671599,53.711794,4,1,1,1,42047,4,1899-12-30 18:55:00,73,E10000017,3,49,6,50,0,-1,-1,0,0,0,6,1,2,0,0,2,1,E01025417,1.0,3.0,1.0,31.0,6.0,1.0,10.0,5.0,0.0,0.0,0.0,0.0,-1.0,-1.0
446,2015360094038,1,5,0,13,0,0,0,0,7,10,1,1,6,1,44,7,999,1,4,-1,3,-1,1,2,561042.0,316043.0,0.382832,52.718075,36,1,2,1,42104,1,1899-12-30 17:40:00,407,E10000020,5,8,6,60,0,-1,-1,0,0,0,1,1,1,0,0,2,1,E01026726,1.0,1.0,1.0,44.0,7.0,1.0,0.0,0.0,0.0,0.0,0.0,5.0,3.0,2.0
447,2015471500824,2,17,0,10,0,0,0,0,0,0,0,1,1,1,28,6,6728,2,1,-1,2,-1,2,2,518370.0,120638.0,-0.315438,50.973002,47,1,2,2,42249,2,1899-12-30 12:12:00,562,E10000032,4,2135,6,50,0,-1,-1,0,0,0,1,1,2,0,0,2,1,E01031632,,,,,,,,,,,,,,
448,20154100T2104,1,4,0,12,0,0,1,10,0,0,1,1,6,1,53,8,883,1,-1,-1,1,-1,1,3,523243.0,215321.0,-0.213213,51.822928,41,1,3,1,42288,3,1899-12-30 19:30:00,438,E10000015,2,1,3,70,0,-1,-1,0,0,0,6,1,2,0,0,2,1,E01023970,1.0,1.0,1.0,53.0,8.0,1.0,0.0,0.0,0.0,0.0,0.0,4.0,1.0,2.0
449,2015120161613,2,9,0,9,0,1,0,0,7,0,2,1,6,1,42,7,1587,1,11,-1,1,-1,2,2,501938.0,492393.0,-0.43443,54.316956,12,1,2,2,13/09/2015,1,1899-12-30 10:45:00,186,E10000023,3,165,6,60,8,4,6,0,0,0,1,1,1,0,0,2,1,E01027836,,,,,,,,,,,,,,
450,201597NE70307,1,9,0,13,0,0,0,0,7,0,1,1,6,1,34,6,1968,2,9,-1,1,-1,4,2,280238.0,660067.0,-3.912972,55.818956,97,1,2,4,27/07/2015,2,1899-12-30 09:00:00,932,S12000044,3,73,6,60,0,-1,-1,0,0,0,1,1,2,2,0,2,1,,4.0,1.0,1.0,34.0,6.0,3.0,0.0,0.0,0.0,0.0,0.0,9.0,1.0,-1.0
451,20154100B0499,2,21,0,18,0,8,0,0,0,0,3,1,1,1,43,7,3920,2,9,-1,1,-1,2,2,522849.0,211239.0,-0.220372,51.786332,41,1,2,2,42044,4,1899-12-30 12:20:00,438,E10000015,3,6129,6,40,9,4,-1,-1,0,0,1,1,1,0,0,2,1,E01023916,2.0,1.0,1.0,43.0,7.0,3.0,0.0,0.0,0.0,0.0,0.0,21.0,1.0,6.0
452,2015132CG0205,2,9,0,18,0,0,0,0,0,0,1,1,2,2,47,8,1997,2,2,-1,3,-1,1,2,410434.0,436738.0,-1.842967,53.826806,13,1,2,1,16/12/2015,4,1899-12-30 07:15:00,200,E08000032,6,0,6,30,0,-1,-1,0,0,0,4,2,2,0,0,2,1,E01010587,,,,,,,,,,,,,,
453,201522F502213,1,9,0,16,0,0,1,0,1,4,1,1,6,1,85,11,2497,1,14,-1,3,-1,1,4,325030.0,322330.0,-3.113239,52.793307,22,1,4,1,21/06/2015,1,1899-12-30 16:40:00,286,E06000051,3,495,6,60,0,-1,-1,0,0,0,1,1,1,0,0,2,1,E01028914,1.0,1.0,1.0,85.0,11.0,1.0,0.0,0.0,0.0,0.0,0.0,9.0,3.0,4.0
454,201501TD00130,1,9,0,18,0,0,0,0,0,0,1,1,6,1,51,8,-1,-1,-1,-1,1,-1,1,1,540130.0,189530.0,0.021297,51.587207,1,1,1,1,23/10/2015,6,1899-12-30 19:44:00,14,E09000026,3,1199,6,30,0,-1,-1,0,0,8,4,1,1,0,0,1,1,E01003774,1.0,3.0,1.0,68.0,10.0,1.0,5.0,3.0,0.0,0.0,2.0,0.0,1.0,8.0
455,2015215000943,1,10,0,18,0,0,0,0,0,0,1,1,1,1,28,6,-1,-1,-1,-1,1,-1,1,1,415254.0,306650.0,-1.775926,52.657363,21,1,1,1,16/02/2015,2,1899-12-30 04:55:00,252,E10000028,3,51,6,60,0,-1,-1,0,0,0,6,2,2,0,0,2,1,E01029530,1.0,3.0,1.0,21.0,5.0,1.0,9.0,7.0,0.0,0.0,0.0,0.0,1.0,6.0
456,2015230034082,2,11,0,18,0,0,0,0,0,0,1,1,1,1,60,9,9186,2,3,-1,1,-1,1,2,423077.0,258922.0,-1.663557,52.22802,23,1,2,1,18/11/2015,4,1899-12-30 14:05:00,293,E10000031,3,439,6,50,0,-1,-1,0,0,0,1,2,2,0,0,2,1,E01031218,,,,,,,,,,,,,,