,accident_index,vehicle_reference,vehicle_type,towing_and_articulation,vehicle_manoeuvre,vehicle_location-restricted_lane,junction_location,skidding_and_overturning,hit_object_in_carriageway,vehicle_leaving_carriageway,hit_object_off_carriageway,1st_point_of_impact,was_vehicle_left_hand_drive?,journey_purpose_of_driver,sex_of_driver,age_of_driver,age_band_of_driver,engine_capacity_(cc),propulsion_code,age_of_vehicle,driver_imd_decile,driver_home_area_type,vehicle_imd_decile,NUmber_of_Casualities_unique_to_accident_index,No_of_Vehicles_involved_unique_to_accident_index,location_easting_osgr,location_northing_osgr,longitude,latitude,police_force,accident_severity,number_of_vehicles,number_of_casualties,date,day_of_week,time,local_authority_(district),local_authority_(highway),1st_road_class,1st_road_number,road_type,speed_limit,junction_detail,junction_control,2nd_road_class,2nd_road_number,pedestrian_crossing-human_control,pedestrian_crossing-physical_facilities,light_conditions,weather_conditions,road_surface_conditions,special_conditions_at_site,carriageway_hazards,urban_or_rural_area,did_police_officer_attend_scene_of_accident,lsoa_of_accident_location,casualty_reference,casualty_class,sex_of_casualty,age_of_casualty,age_band_of_casualty,casualty_severity,pedestrian_location,pedestrian_movement,car_passenger,bus_or_coach_passenger,pedestrian_road_maintenance_worker,casualty_type,casualty_home_area_type,casualty_imd_decile
652,2015555998940,1,9,0,18,0,0,0,0,0,0,1,1,6,1,62,9,1108,1,13,-1,3,-1,2,2,368510.0,91386.0,-2.447454,50.721239,55,1,2,2,42217,5,1899-12-30 18:42:00,645,E10000009,4,3147,6,60,0,-1,-1,0,0,0,6,4,1,0,0,2,1,E01020509,2.0,1.0,1.0,62.0,9.0,3.0,0.0,0.0,0.0,0.0,0.0,9.0,3.0,6.0
653,2015984125115,2,21,1,18,0,0,0,0,0,0,2,2,1,1,32,6,-1,-1,-1,-1,-1,-1,2,2,313203.0,581443.0,-3.362468,55.119744,98,1,2,2,42132,4,1899-12-30 16:50:00,917,S12000006,2,74,3,70,0,-1,-1,0,0,0,1,1,1,0,0,2,1,,,,,,,,,,,,,,,
654,201506E098340,1,9,0,16,0,8,1,10,1,10,3,1,6,1,30,6,1910,2,9,-1,-1,-1,1,1,385020.0,397270.0,-2.227144,53.471947,6,1,1,1,42311,4,1899-12-30 05:50:00,102,E08000003,3,6,3,30,3,4,6,0,0,0,4,1,1,0,0,1,1,E01005065,1.0,3.0,1.0,52.0,8.0,1.0,6.0,9.0,0.0,0.0,2.0,0.0,1.0,3.0
655,201506J003801,2,9,0,17,0,0,0,0,0,0,1,1,6,1,31,6,1968,2,4,-1,1,-1,4,2,391910.0,392090.0,-2.12321,53.425539,6,1,2,4,26/07/2015,1,1899-12-30 16:25:00,109,E08000007,3,560,9,50,0,-1,-1,0,0,0,1,2,2,0,0,2,1,E01005744,2.0,1.0,1.0,31.0,6.0,3.0,0.0,0.0,0.0,0.0,0.0,9.0,1.0,2.0
656,201543P012115,2,21,1,18,0,4,0,0,0,0,4,1,1,1,50,8,12740,2,-1,-1,1,-1,1,2,446738.0,241705.0,-1.319528,52.071747,43,1,2,1,42105,4,1899-12-30 12:43:00,481,E10000025,3,422,1,60,1,4,6,0,0,0,1,1,2,0,0,1,1,E01028439,,,,,,,,,,,,,,
657,201523S010516,1,5,0,13,0,8,0,0,0,0,1,1,6,1,24,5,599,1,8,-1,1,-1,2,2,415366.0,268062.0,-1.776037,52.310458,23,1,2,2,30/05/2015,7,1899-12-30 17:28:00,293,E10000031,3,3400,6,40,9,4,6,0,0,0,1,1,1,0,0,2,1,E01031203,1.0,1.0,1.0,24.0,5.0,1.0,0.0,0.0,0.0,0.0,0.0,5.0,1.0,7.0
658,201523N026470,1,1,0,18,0,6,0,0,0,0,3,1,2,1,55,8,-1,-1,-1,-1,1,-1,1,2,418673.0,291662.0,-1.726221,52.522519,23,1,2,1,42226,5,1899-12-30 22:12:00,290,E10000031,3,446,6,60,3,2,4,4118,0,0,4,1,1,0,0,2,1,E01031042,1.0,1.0,1.0,55.0,8.0,1.0,0.0,0.0,0.0,0.0,0.0,1.0,1.0,7.0
659,2015520508477,1,19,0,18,0,0,5,0,5,6,3,1,6,1,51,8,2461,2,10,-1,1,-1,3,2,324894.0,123561.0,-3.071855,51.006511,52,1,2,3,42318,1,1899-12-30 21:18:00,608,E10000027,1,5,3,70,0,-1,-1,0,0,0,7,1,1,0,0,2,1,E01029283,3.0,2.0,1.0,31.0,6.0,3.0,0.0,0.0,1.0,0.0,0.0,19.0,1.0,4.0
660,2015610059115,1,9,0,18,0,0,0,0,0,0,1,1,6,1,23,5,-1,-1,-1,-1,1,-1,1,2,332946.0,186689.0,-2.968986,51.575061,61,1,2,1,13/11/2015,6,1899-12-30 19:29:00,733,W06000022,3,455,6,30,0,-1,-1,0,0,0,1,8,2,0,0,2,1,W01001647,1.0,3.0,2.0,45.0,7.0,1.0,5.0,3.0,0.0,0.0,0.0,0.0,1.0,-1.0
661,2015350196215,2,21,0,4,0,0,0,0,0,0,2,1,1,1,44,7,12809,2,2,-1,3,-1,2,2,541660.0,260960.0,0.072709,52.228626,35,1,2,2,42016,3,1899-12-30 13:57:00,395,E10000003,1,11,3,70,0,-1,-1,0,0,0,1,1,1,0,0,2,1,E01018224,2.0,1.0,1.0,44.0,7.0,3.0,0.0,0.0,0.0,0.0,0.0,21.0,3.0,2.0
662,2015405DA0078,2,9,0,2,6,0,0,0,0,0,2,-1,6,1,59,9,1896,2,15,-1,1,-1,4,3,499935.0,234869.0,-0.545604,52.003275,40,1,3,4,14/02/2015,7,1899-12-30 06:46:00,424,E06000056,1,1,3,70,0,-1,-1,0,0,0,6,1,1,0,0,2,1,E01017451,1.0,1.0,1.0,59.0,9.0,1.0,0.0,0.0,0.0,0.0,0.0,9.0,1.0,1.0
663,201563DP17915,2,10,0,17,0,0,1,0,1,9,1,1,6,1,53,8,-1,-1,-1,-1,1,-1,4,2,318980.0,290660.0,-3.195151,52.50779,63,1,2,4,42043,1,1899-12-30 08:50:00,753,W06000023,3,489,6,60,0,-1,-1,0,0,0,1,1,1,0,2,2,1,W01000447,3.0,2.0,2.0,69.0,10.0,3.0,0.0,0.0,0.0,0.0,0.0,10.0,3.0,-1.0
664,2015440102000,3,9,0,18,0,0,0,0,0,0,2,1,2,1,39,7,1497,8,4,-1,2,-1,2,5,451974.0,108809.0,-1.262656,50.876448,44,1,5,2,26/03/2015,5,1899-12-30 09:00:00,492,E10000014,1,27,3,70,0,-1,-1,0,0,0,1,1,2,0,0,2,1,E01022774,,,,,,,,,,,,,,
665,2015350010515,1,9,0,18,0,2,0,7,0,0,1,1,6,2,28,6,1198,1,8,-1,-1,-1,1,2,531660.0,271330.0,-0.069569,52.324281,35,1,2,1,24/01/2015,7,1899-12-30 10:05:00,393,E10000003,5,303,6,30,3,4,6,0,0,8,1,1,2,0,0,1,1,E01018168,,,,,,,,,,,,,,
666,20151329R1210,2,9,0,18,0,0,0,0,0,0,0,1,6,2,18,4,1242,1,1,-1,3,-1,7,4,405820.0,406453.0,-1.913621,53.554673,13,1,4,7,27/09/2015,1,1899-12-30 16:44:00,203,E08000034,3,635,6,60,0,-1,-1,0,0,0,1,1,1,0,0,2,1,E01011182,,,,,,,,,,,,,,
667,2015220034155,3,9,0,18,0,0,0,0,0,0,1,1,2,2,31,6,1796,1,7,-1,-1,-1,3,4,405430.0,244433.0,-1.922147,52.098211,22,1,4,3,18/11/2015,4,1899-12-30 14:15:00,277,E10000034,4,4510,6,60,0,-1,-1,0,0,0,1,4,1,0,0,2,1,E01032340,,,,,,,,,,,,,,
668,2015300016427,2,19,0,18,0,8,2,0,1,0,1,1,1,1,24,5,2500,2,14,-1,1,-1,4,2,411160.0,365370.0,-1.834452,53.18531,30,1,2,4,26/10/2015,2,1899-12-30 11:30:00,329,E10000007,5,27,6,60,6,4,5,138,0,0,1,1,1,0,0,2,1,E01019613,3.0,1.0,1.0,24.0,5.0,3.0,0.0,0.0,0.0,0.0,0.0,19.0,1.0,7.0
669,2015030002820,2,9,0,18,0,0,0,0,0,0,2,1,6,2,45,7,1242,1,14,-1,1,-1,2,2,351740.0,492360.0,-2.743508,54.324521,3,1,2,2,42258,2,1899-12-30 15:50:00,65,E10000006,3,65,6,30,0,-1,-1,0,0,0,7,1,2,0,0,1,1,E01019365,2.0,1.0,2.0,45.0,7.0,3.0,0.0,0.0,0.0,0.0,0.0,9.0,1.0,9.0
670,2015160C06401,1,8,0,2,0,0,0,10,1,11,1,1,1,3,-1,-1,-1,-1,-1,-1,-1,-1,1,1,502559.0,425698.0,-0.447363,53.717625,16,1,1,1,42015,1,1899-12-30 01:15:00,231,E06000011,6,0,6,30,0,-1,-1,0,0,0,4,1,1,0,0,1,1,E01013005,1.0,3.0,1.0,54.0,8.0,1.0,6.0,5.0,0.0,0.0,0.0,0.0,1.0,10.0
671,2015100624415,1,9,0,16,0,0,1,0,2,9,4,1,6,1,46,8,1998,2,10,-1,3,-1,3,2,411345.0,605627.0,-1.822665,55.344548,10,1,2,3,42195,4,1899-12-30 12:18:00,139,E06000048,3,697,6,60,0,-1,-1,0,0,0,1,2,2,0,0,2,1,E01027365,1.0,1.0,1.0,46.0,8.0,1.0,0.0,0.0,0.0,0.0,0.0,9.0,3.0,-1.0
672,201543P064055,1,9,0,18,0,0,0,0,0,0,1,1,6,1,79,11,1248,2,9,-1,2,-1,2,2,442784.0,194524.0,-1.383038,51.647891,43,1,2,2,42221,6,1899-12-30 14:07:00,483,E10000025,3,338,6,50,0,-1,-1,0,0,0,1,1,1,0,0,2,1,E01028726,1.0,1.0,1.0,79.0,11.0,1.0,0.0,0.0,0.0,0.0,0.0,9.0,2.0,10.0
673,201543P296075,3,19,0,17,0,0,0,0,0,0,1,1,1,1,71,10,2198,2,5,-1,3,-1,2,4,431127.0,196651.0,-1.551322,51.667778,43,1,4,2,28/07/2015,3,1899-12-30 09:10:00,483,E10000025,3,420,6,50,0,-1,-1,0,0,0,1,1,1,0,0,2,1,E01028737,2.0,1.0,1.0,71.0,10.0,1.0,0.0,0.0,0.0,0.0,0.0,19.0,3.0,9.0
674,20151329R1210,3,90,0,18,0,0,0,0,0,0,1,1,6,1,56,9,2800,2,21,-1,3,-1,7,4,405820.0,406453.0,-1.913621,53.554673,13,1,4,7,27/09/2015,1,1899-12-30 16:44:00,203,E08000034,3,635,6,60,0,-1,-1,0,0,0,1,1,1,0,0,2,1,E01011182,6.0,2.0,2.0,57.0,9.0,3.0,0.0,0.0,1.0,0.0,0.0,90.0,3.0,9.0
675,201501TD00157,1,19,0,18,0,0,0,0,0,0,4,1,6,1,53,8,2402,2,4,-1,1,-1,1,1,534680.0,180780.0,-0.060668,51.509905,1,1,1,1,42289,5,1899-12-30 21:05:00,5,E09000030,4,108,6,30,0,-1,-1,0,0,5,7,2,2,0,0,1,1,E01004295,1.0,3.0,2.0,37.0,7.0,1.0,10.0,9.0,0.0,0.0,2.0,0.0,1.0,2.0
676,2015331501261,1,9,0,18,0,0,2,0,1,7,1,1,6,2,39,7,1896,2,12,-1,1,-1,3,1,450510.0,298010.0,-1.256063,52.577568,33,1,1,3,22/08/2015,7,1899-12-30 18:31:00,360,E10000018,1,69,3,70,0,-1,-1,0,0,0,1,1,1,0,0,2,1,E01025645,1.0,2.0,2.0,60.0,9.0,1.0,0.0,0.0,2.0,0.0,0.0,9.0,1.0,1.0
677,2015100785115,1,9,0,18,0,0,0,0,0,0,1,1,6,1,22,5,1968,2,-1,-1,-1,-1,1,1,386392.0,565397.0,-2.214166,54.982984,10,1,1,1,19/12/2015,7,1899-12-30 02:56:00,139,E06000048,3,69,6,60,0,-1,-1,0,0,0,6,1,1,0,0,2,1,E01027488,1.0,3.0,1.0,23.0,5.0,1.0,8.0,9.0,0.0,0.0,0.0,0.0,3.0,6.0
678,201520T056905,1,9,0,18,9,0,1,10,7,4,4,1,6,1,26,6,-1,-1,-1,-1,1,-1,2,2,413050.0,288330.0,-1.809224,52.492727,20,1,2,2,16/10/2015,6,1899-12-30 23:08:00,300,E08000025,4,4147,6,30,0,-1,-1,0,0,0,4,1,2,0,0,1,1,E01009089,2.0,1.0,1.0,26.0,6.0,3.0,0.0,0.0,0.0,0.0,0.0,9.0,1.0,1.0
679,2015440000804,1,19,0,18,0,0,0,0,0,0,1,1,1,1,33,6,-1,-1,-1,-1,1,-1,1,2,485683.0,133000.0,-0.777943,51.089923,44,1,2,1,42005,5,1899-12-30 07:30:00,497,E10000014,3,3,3,70,0,-1,-1,0,0,0,6,1,2,0,0,2,1,E01022585,,,,,,,,,,,,,,
680,201543P102075,2,9,0,18,0,1,0,0,0,0,1,1,3,2,37,7,1968,2,2,-1,1,-1,6,2,474126.0,178978.0,-0.933394,51.504884,43,1,2,6,42284,6,1899-12-30 15:30:00,484,E10000025,6,341,6,30,6,4,6,0,0,0,1,1,1,0,0,2,1,E01028660,2.0,1.0,2.0,37.0,7.0,3.0,0.0,0.0,0.0,0.0,0.0,9.0,1.0,10.0
681,201520M014705,2,11,0,2,0,1,0,0,0,0,2,1,1,1,-1,-1,4500,2,4,-1,-1,-1,3,2,433500.0,279260.0,-1.508945,52.410323,20,1,2,3,42073,7,1899-12-30 18:00:00,302,E08000026,6,0,2,30,3,4,6,0,0,1,1,1,1,0,0,1,1,E01009642,,,,,,,,,,,,,,
682,2015950003793,1,9,0,9,0,2,0,0,0,0,4,1,6,2,52,8,1398,1,1,-1,1,-1,3,3,302541.0,678406.0,-3.563797,55.988687,95,1,3,3,13/08/2015,5,1899-12-30 17:15:00,940,S12000040,3,803,6,60,5,4,1,9,0,0,1,1,1,0,0,2,1,,3.0,2.0,2.0,78.0,11.0,1.0,0.0,0.0,1.0,0.0,0.0,9.0,1.0,-1.0
683,201591NJ03984,3,9,0,18,0,0,0,0,0,0,3,1,6,1,62,9,1686,2,1,-1,1,-1,1,5,314617.0,927064.0,-3.455304,58.224024,91,1,5,1,20/06/2015,7,1899-12-30 14:00:00,927,S12000017,3,9,6,60,0,-1,-1,0,0,0,1,1,1,0,0,2,1,,,,,,,,,,,,,,,
684,2015921501176,2,9,0,18,0,0,0,0,1,11,1,1,6,2,39,7,2199,2,5,-1,1,-1,5,2,376291.0,824698.0,-2.395221,57.312232,92,1,2,5,17/10/2015,7,1899-12-30 18:48:00,911,S12000034,4,9001,6,60,0,-1,-1,0,0,0,6,1,1,0,0,2,1,,3.0,2.0,1.0,39.0,7.0,2.0,0.0,0.0,1.0,0.0,0.0,9.0,1.0,-1.0
685,201520K625375,1,9,0,18,0,0,1,0,7,0,4,1,6,1,44,7,1124,1,15,-1,1,-1,2,2,402840.0,291650.0,-1.959573,52.522721,20,1,2,2,14/05/2015,5,1899-12-30 16:30:00,305,E08000028,6,0,6,60,0,-1,-1,0,0,0,1,2,2,0,0,2,1,E01010101,2.0,2.0,2.0,39.0,7.0,1.0,0.0,0.0,1.0,0.0,0.0,9.0,1.0,2.0
686,2015471507526,1,3,0,18,0,1,1,0,0,0,4,1,6,1,67,10,125,1,1,-1,1,-1,2,1,510931.0,113638.0,-0.423476,50.911559,47,1,1,2,19/12/2015,7,1899-12-30 10:26:00,562,E10000032,3,283,6,50,3,4,6,0,0,8,1,1,2,0,0,2,1,E01031628,2.0,3.0,2.0,90.0,11.0,1.0,1.0,1.0,0.0,0.0,0.0,0.0,3.0,8.0
687,201597AE70105,1,9,0,18,0,0,0,0,0,0,1,1,6,1,26,6,1968,2,8,-1,1,-1,1,1,251782.0,671350.0,-4.372907,55.912347,97,1,1,1,42040,7,1899-12-30 22:56:00,926,S12000043,6,0,6,30,0,-1,-1,0,0,0,4,1,1,0,0,1,1,,1.0,3.0,1.0,65.0,9.0,1.0,9.0,9.0,0.0,0.0,0.0,0.0,1.0,-1.0
688,20154100C0420,1,9,0,18,0,0,0,0,0,0,1,1,6,2,76,11,1396,1,3,-1,1,-1,2,2,512819.0,193254.0,-0.371532,51.626802,41,1,2,2,28/05/2015,5,1899-12-30 16:50:00,436,E10000015,3,4008,6,40,0,-1,-1,0,0,0,1,1,1,0,0,1,1,E01023810,1.0,1.0,2.0,76.0,11.0,1.0,0.0,0.0,0.0,0.0,0.0,9.0,1.0,10.0
689,201520S013245,2,9,0,18,0,8,1,10,7,0,1,1,6,1,20,4,1229,1,3,-1,1,-1,3,2,401770.0,281530.0,-1.975394,52.431746,20,1,2,3,42219,1,1899-12-30 18:38:00,300,E08000025,4,4121,3,40,6,4,6,0,0,0,4,1,1,0,0,1,1,E01008929,,,,,,,,,,,,,,
690,201504EF15330,2,9,0,18,0,0,0,0,0,0,0,1,1,1,40,7,1560,2,1,-1,-1,-1,4,4,383310.0,431200.0,-2.254737,53.776862,4,1,4,4,42196,7,1899-12-30 01:00:00,72,E10000017,3,682,3,30,0,-1,-1,0,0,8,4,1,2,0,0,1,1,E01024871,,,,,,,,,,,,,,
691,201522F501557,1,21,0,18,0,6,0,0,1,0,3,1,1,1,42,7,-1,-1,-1,-1,-1,-1,3,2,368730.0,329350.0,-2.465887,52.860722,22,1,2,3,42129,3,1899-12-30 15:45:00,286,E06000051,3,529,6,60,6,4,6,0,0,0,1,4,1,0,0,2,1,E01028869,1.0,1.0,1.0,42.0,7.0,3.0,0.0,0.0,0.0,0.0,0.0,21.0,-1.0,-1.0
692,201523M400543,2,21,1,4,0,0,0,0,0,0,1,1,1,1,34,6,-1,-1,-1,-1,-1,-1,1,3,437786.0,254046.0,-1.44876,52.183375,23,1,3,1,42130,6,1899-12-30 11:16:00,293,E10000031,1,40,3,70,0,-1,-1,0,0,0,1,1,1,0,0,2,1,E01031205,,,,,,,,,,,,,,
693,2015200037501,1,97,0,7,-1,1,1,0,0,0,-1,1,6,1,39,7,998,1,2,-1,1,-1,1,4,397971.0,287123.0,-2.031305,52.482026,20,1,4,1,28/12/2015,2,1899-12-30 17:01:00,305,E08000028,3,4034,6,30,3,-1,4,5,0,0,4,1,1,0,0,1,2,E01009930,1.0,1.0,1.0,39.0,7.0,1.0,0.0,0.0,0.0,0.0,0.0,97.0,1.0,2.0
694,201514A199015,1,9,0,18,0,1,0,0,0,0,1,1,6,1,24,5,2401,2,13,-1,2,-1,4,1,455804.0,412827.0,-1.158047,53.609035,14,1,1,4,26/12/2015,7,1899-12-30 22:57:00,211,E08000017,6,0,6,20,3,4,6,0,0,0,4,1,2,0,0,2,1,E01007491,3.0,3.0,2.0,54.0,8.0,1.0,5.0,1.0,0.0,0.0,0.0,0.0,2.0,3.0
695,201501TD00035,2,1,0,15,0,8,0,0,0,0,3,1,6,2,36,7,-1,-1,-1,-1,1,-1,1,2,529080.0,179170.0,-0.141905,51.496743,1,1,2,1,19/02/2015,5,1899-12-30 07:55:00,1,E09000033,3,302,2,30,6,2,3,302,0,5,1,1,1,0,0,1,1,E01004731,1.0,1.0,2.0,36.0,7.0,1.0,0.0,0.0,0.0,0.0,0.0,1.0,1.0,4.0
696,201543P296025,15,9,0,18,0,0,0,0,0,0,2,1,6,1,50,8,1197,1,-1,-1,1,-1,36,37,455113.0,220016.0,-1.200828,51.875998,43,1,37,36,14/02/2015,7,1899-12-30 07:45:00,481,E10000025,1,40,3,70,0,-1,-1,0,0,0,1,7,2,0,3,2,1,E01028497,,,,,,,,,,,,,,
697,2015160A03251,2,1,0,18,0,0,0,0,1,0,1,1,6,2,11,3,-1,-1,-1,-1,1,-1,1,2,528686.0,409676.0,-0.058299,53.567918,16,1,2,1,25/09/2015,6,1899-12-30 16:52:00,233,E06000012,6,0,6,30,0,-1,-1,0,0,0,1,1,1,0,0,1,1,E01013141,1.0,1.0,2.0,11.0,3.0,1.0,0.0,0.0,0.0,0.0,0.0,1.0,1.0,1.0
698,201531B119715,2,1,0,18,9,0,0,0,0,0,1,1,2,1,44,7,-1,-1,-1,-1,2,-1,1,2,461775.0,391021.0,-1.072103,53.412392,31,1,2,1,24/06/2015,4,1899-12-30 14:05:00,341,E10000024,6,0,6,40,0,-1,-1,0,0,0,1,1,1,0,0,2,1,E01028024,1.0,1.0,1.0,44.0,7.0,1.0,0.0,0.0,0.0,0.0,0.0,1.0,2.0,3.0
699,201543N207055,1,9,0,18,0,1,0,0,0,0,1,1,6,2,50,8,1598,2,2,-1,1,-1,1,2,489808.0,211428.0,-0.699184,51.794303,43,1,2,1,30/05/2015,7,1899-12-30 10:30:00,476,E10000002,4,4009,6,50,3,4,4,4009,0,0,1,1,1,0,0,2,1,E01017629,,,,,,,,,,,,,,
700,2015450022255,1,9,0,18,0,0,0,0,0,0,1,1,6,3,-1,-1,-1,-1,-1,-1,-1,-1,2,1,535754.0,142031.0,-0.059958,51.16143,45,1,1,2,42007,1,1899-12-30 21:15:00,516,E10000030,4,2028,6,50,0,-1,-1,0,0,0,6,1,1,0,0,2,1,E01030816,1.0,3.0,1.0,49.0,8.0,1.0,9.0,7.0,0.0,0.0,0.0,0.0,3.0,9.0
701,2015200037501,2,9,-1,7,-1,1,1,0,0,0,2,1,6,1,60,9,1461,2,1,-1,-1,-1,1,4,397971.0,287123.0,-2.031305,52.482026,20,1,4,1,28/12/2015,2,1899-12-30 17:01:00,305,E08000028,3,4034,6,30,3,-1,4,5,0,0,4,1,1,0,0,1,2,E01009930,,,,,,,,,,,,,,
702,2015551500878,1,9,0,18,0,0,5,0,0,0,1,1,6,1,75,10,796,1,15,-1,-1,-1,1,2,346941.0,92389.0,-2.753125,50.728684,55,1,2,1,42102,3,1899-12-30 05:04:00,645,E10000009,3,35,6,40,0,-1,-1,0,0,0,4,1,1,0,0,1,1,E01020503,1.0,1.0,1.0,75.0,10.0,1.0,0.0,0.0,0.0,0.0,0.0,9.0,-1.0,-1.0
703,201504WB15238,1,9,0,16,0,0,1,0,1,10,3,1,6,1,27,6,1598,1,24,-1,1,-1,2,1,351910.0,465110.0,-2.736525,54.079652,4,1,1,2,42345,1,1899-12-30 23:20:00,76,E10000017,6,0,6,60,0,-1,-1,0,0,0,6,1,1,0,0,2,1,E01025109,2.0,2.0,1.0,27.0,6.0,2.0,0.0,0.0,1.0,0.0,0.0,9.0,2.0,9.0
704,201591NM04997,1,90,0,18,0,0,1,0,0,0,1,1,1,1,23,5,-1,-1,-1,-1,-1,-1,5,4,289114.0,812999.0,-3.836636,57.194327,91,1,4,5,22/06/2015,2,1899-12-30 15:04:00,927,S12000017,3,9,6,60,0,-1,-1,0,0,0,1,4,2,0,0,2,1,,2.0,2.0,1.0,19.0,4.0,3.0,0.0,0.0,0.0,0.0,0.0,90.0,3.0,7.0
705,2015930000272,1,9,0,1,0,1,0,0,0,0,2,1,6,1,51,8,1968,2,1,-1,1,-1,1,1,338498.0,730278.0,-2.999611,56.460616,93,1,1,1,42282,1,1899-12-30 10:10:00,918,S12000042,6,0,6,30,7,4,6,0,0,0,1,2,2,0,0,1,1,,1.0,3.0,2.0,89.0,11.0,1.0,5.0,3.0,0.0,0.0,0.0,0.0,1.0,-1.0
706,201591NJ01018,1,9,0,16,0,0,2,0,7,11,1,1,6,1,29,6,1997,1,13,-1,3,-1,2,1,333235.0,958787.0,-3.147635,58.512098,91,1,1,2,42340,5,1899-12-30 15:40:00,927,S12000017,3,99,6,60,0,-1,-1,0,0,0,1,1,2,0,0,2,1,,2.0,1.0,1.0,29.0,6.0,3.0,0.0,0.0,0.0,0.0,0.0,9.0,3.0,-1.0
707,2015950003371,1,19,0,18,0,0,5,0,1,0,1,1,6,1,28,6,2143,2,1,-1,-1,-1,3,4,305619.0,670424.0,-3.511681,55.917612,95,1,4,3,20/07/2015,2,1899-12-30 08:40:00,940,S12000040,1,8,3,70,0,-1,-1,0,0,0,1,1,1,0,0,1,1,,1.0,1.0,1.0,28.0,6.0,3.0,0.0,0.0,0.0,0.0,0.0,19.0,-1.0,-1.0
708,2015350106415,2,9,0,3,0,0,0,0,0,0,2,1,2,1,28,6,1896,2,14,-1,1,-1,2,4,520790.0,274350.0,-0.227894,52.353916,35,1,4,2,27/07/2015,2,1899-12-30 15:53:00,393,E10000003,3,14,3,70,0,-1,-1,0,0,0,1,1,1,0,0,2,1,E01033433,,,,,,,,,,,,,,
709,2015621501838,3,9,0,2,0,0,0,0,0,0,1,1,6,3,-1,-1,-1,-1,-1,-1,-1,-1,3,4,307711.0,199625.0,-3.33645,51.687769,62,1,4,3,24/10/2015,7,1899-12-30 02:45:00,742,W06000024,3,4054,6,30,0,-1,-1,0,0,0,4,2,2,0,0,2,1,W01001302,,,,,,,,,,,,,,
710,201531B172115,1,9,0,18,0,0,0,0,7,4,1,1,6,1,70,10,1395,1,2,-1,1,-1,3,1,471197.0,356714.0,-0.938044,53.102882,31,1,1,3,18/08/2015,3,1899-12-30 12:10:00,345,E10000024,3,617,6,50,0,-1,-1,0,0,0,1,8,5,0,0,2,2,E01028312,2.0,1.0,1.0,70.0,10.0,3.0,0.0,0.0,0.0,0.0,0.0,9.0,1.0,2.0
711,2015331500676,2,9,0,18,0,8,0,0,0,0,1,1,6,1,42,7,-1,-1,-1,-1,-1,-1,1,2,455480.0,287735.0,-1.184441,52.484723,33,1,2,1,15/05/2015,6,1899-12-30 17:49:00,363,E10000018,5,6607,6,60,3,4,6,6320,0,0,1,1,1,0,0,2,1,E01025808,,,,,,,,,,,,,,
712,201523N030758,1,9,0,18,0,0,1,10,1,4,4,1,6,1,23,5,2793,1,18,-1,-1,-1,1,1,442566.0,272908.0,-1.376478,52.352593,23,1,1,1,26/07/2015,1,1899-12-30 12:48:00,292,E10000031,3,45,3,60,0,-1,-1,0,0,0,1,1,2,0,0,2,1,E01031150,1.0,1.0,1.0,23.0,5.0,1.0,0.0,0.0,0.0,0.0,0.0,9.0,-1.0,-1.0
713,201563DP04115,2,9,0,18,0,0,0,0,1,10,1,1,6,1,69,10,-1,-1,-1,-1,1,-1,7,2,297170.0,222170.0,-3.495572,51.888569,63,1,2,7,42158,6,1899-12-30 22:10:00,753,W06000023,3,470,6,60,0,-1,-1,0,0,0,6,4,1,0,0,2,1,W01001897,2.0,2.0,2.0,66.0,10.0,1.0,0.0,0.0,1.0,0.0,0.0,9.0,1.0,-1.0
714,2015210025459,3,9,0,18,0,1,0,0,0,0,3,1,6,1,42,7,1598,1,3,-1,3,-1,3,4,414918.0,324778.0,-1.780075,52.820334,21,1,4,3,42344,6,1899-12-30 22:00:00,251,E10000028,3,515,6,60,6,3,4,5234,0,0,6,2,2,0,0,2,1,E01029440,2.0,1.0,1.0,42.0,7.0,2.0,0.0,0.0,0.0,0.0,0.0,9.0,3.0,10.0
715,2015075040191,2,11,0,18,0,1,1,0,0,0,1,1,1,1,56,9,9600,2,20,-1,1,-1,1,2,328530.0,380458.0,-3.074264,53.316209,7,1,2,1,42310,4,1899-12-30 16:50:00,130,E06000050,3,540,3,40,3,4,4,5135,0,0,4,1,1,0,0,1,1,E01018537,,,,,,,,,,,,,,
716,201534TW80115,3,9,0,18,0,0,0,0,0,0,4,1,6,2,-1,-1,1493,2,11,-1,-1,-1,1,3,482761.0,263910.0,-0.788661,52.267132,34,1,3,1,20/06/2015,7,1899-12-30 03:32:00,386,E10000021,3,4500,6,60,0,-1,-1,0,0,0,6,1,1,0,0,2,2,E01027353,,,,,,,,,,,,,,
717,201523M400543,1,19,0,18,0,0,0,0,0,0,1,1,1,1,25,5,2287,2,7,-1,3,-1,1,3,437786.0,254046.0,-1.44876,52.183375,23,1,3,1,42130,6,1899-12-30 11:16:00,293,E10000031,1,40,3,70,0,-1,-1,0,0,0,1,1,1,0,0,2,1,E01031205,1.0,1.0,1.0,25.0,5.0,1.0,0.0,0.0,0.0,0.0,0.0,19.0,3.0,9.0