,accident_index,vehicle_reference,vehicle_type,towing_and_articulation,vehicle_manoeuvre,vehicle_location-restricted_lane,junction_location,skidding_and_overturning,hit_object_in_carriageway,vehicle_leaving_carriageway,hit_object_off_carriageway,1st_point_of_impact,was_vehicle_left_hand_drive?,journey_purpose_of_driver,sex_of_driver,age_of_driver,age_band_of_driver,engine_capacity_(cc),propulsion_code,age_of_vehicle,driver_imd_decile,driver_home_area_type,vehicle_imd_decile,NUmber_of_Casualities_unique_to_accident_index,No_of_Vehicles_involved_unique_to_accident_index,location_easting_osgr,location_northing_osgr,longitude,latitude,police_force,accident_severity,number_of_vehicles,number_of_casualties,date,day_of_week,time,local_authority_(district),local_authority_(highway),1st_road_class,1st_road_number,road_type,speed_limit,junction_detail,junction_control,2nd_road_class,2nd_road_number,pedestrian_crossing-human_control,pedestrian_crossing-physical_facilities,light_conditions,weather_conditions,road_surface_conditions,special_conditions_at_site,carriageway_hazards,urban_or_rural_area,did_police_officer_attend_scene_of_accident,lsoa_of_accident_location,casualty_reference,casualty_class,sex_of_casualty,age_of_casualty,age_band_of_casualty,casualty_severity,pedestrian_location,pedestrian_movement,car_passenger,bus_or_coach_passenger,pedestrian_road_maintenance_worker,casualty_type,casualty_home_area_type,casualty_imd_decile
783,201543P296025,7,9,0,18,0,0,0,0,0,0,1,1,6,1,48,8,2435,1,19,-1,3,-1,36,37,455113.0,220016.0,-1.200828,51.875998,43,1,37,36,14/02/2015,7,1899-12-30 07:45:00,481,E10000025,1,40,3,70,0,-1,-1,0,0,0,1,7,2,0,3,2,1,E01028497,25.0,2.0,2.0,47.0,8.0,3.0,0.0,0.0,1.0,0.0,0.0,9.0,3.0,6.0
784,2015331502044,2,21,1,16,0,0,1,0,1,0,1,1,1,1,50,8,4580,2,8,-1,2,-1,5,2,487650.0,305405.0,-0.706155,52.639321,33,1,2,5,42259,4,1899-12-30 05:45:00,368,E06000017,3,6003,6,60,0,-1,-1,0,0,0,6,1,1,0,0,2,1,E01013795,,,,,,,,,,,,,,
785,201543S139075,4,9,0,4,0,1,0,0,0,0,2,1,2,1,68,10,1968,2,8,-1,1,-1,5,5,489702.0,240546.0,-0.693142,52.056047,43,1,5,5,29/07/2015,4,1899-12-30 07:55:00,479,E06000042,1,1,3,70,5,4,1,1,0,0,1,1,1,0,0,2,1,E01033503,4.0,1.0,1.0,68.0,10.0,3.0,0.0,0.0,0.0,0.0,0.0,9.0,1.0,6.0
786,2015210028138,3,9,0,18,0,0,0,0,0,0,3,1,1,1,45,7,1496,2,1,-1,1,-1,3,3,386518.0,346735.0,-2.202419,53.017742,21,1,3,3,22/08/2015,7,1899-12-30 04:44:00,257,E06000021,3,500,3,50,0,-1,-1,0,0,0,4,1,2,0,0,1,1,E01014291,,,,,,,,,,,,,,
787,2015520507463,1,9,0,18,0,0,5,4,7,0,4,1,6,1,88,11,1386,1,7,-1,1,-1,2,2,368471.0,134964.0,-2.451787,51.113094,52,1,2,2,27/09/2015,1,1899-12-30 15:00:00,610,E10000027,3,359,6,30,0,-1,-1,0,0,0,1,1,1,0,0,2,1,E01029157,1.0,1.0,1.0,88.0,11.0,2.0,0.0,0.0,0.0,0.0,0.0,9.0,1.0,9.0
788,2015350160015,1,19,0,9,0,5,0,0,0,0,3,1,2,1,35,6,2198,2,1,-1,2,-1,1,2,550770.0,274230.0,0.211921,52.345421,35,1,2,1,28/10/2015,4,1899-12-30 15:53:00,391,E10000003,3,10,6,40,3,4,6,0,0,0,1,1,1,0,0,2,1,E01018054,,,,,,,,,,,,,,
789,201550CB2F001,1,9,0,17,0,0,1,6,1,11,1,1,6,1,57,9,1994,1,12,-1,1,-1,1,4,250651.0,129192.0,-4.131768,51.042616,50,1,4,1,14/01/2015,4,1899-12-30 06:53:00,582,E10000008,3,39,6,60,0,-1,-1,0,0,0,5,1,2,0,0,2,1,E01020119,1.0,1.0,1.0,57.0,9.0,1.0,0.0,0.0,0.0,0.0,0.0,9.0,1.0,2.0
790,2015450027719,3,9,0,3,0,3,0,0,0,0,0,1,2,1,24,5,899,1,1,-1,3,-1,1,3,499294.0,149477.0,-0.579113,51.235846,45,1,3,1,13/08/2015,5,1899-12-30 11:33:00,511,E10000030,3,322,6,30,9,2,3,31,0,5,1,2,2,0,0,1,1,E01030452,,,,,,,,,,,,,,
791,201514A060415,1,5,0,18,0,0,1,0,0,0,0,1,6,1,30,6,592,1,26,-1,1,-1,2,1,457046.0,406519.0,-1.140428,53.55221,14,1,1,2,29/04/2015,4,1899-12-30 20:40:00,211,E08000017,6,0,6,20,0,-1,-1,0,0,0,4,1,1,0,0,1,1,E01007506,2.0,2.0,1.0,48.0,8.0,3.0,0.0,0.0,0.0,0.0,0.0,5.0,1.0,1.0
792,2015405DA0987,1,9,0,18,0,0,1,0,2,0,4,1,6,1,20,4,1229,1,10,-1,1,-1,5,2,502087.0,228914.0,-0.516035,51.949362,40,1,2,5,42016,3,1899-12-30 23:18:00,424,E06000056,4,579,6,60,0,-1,-1,0,0,0,6,1,1,0,1,2,1,E01017620,5.0,2.0,1.0,19.0,4.0,2.0,0.0,0.0,2.0,0.0,0.0,9.0,1.0,3.0
793,2015440202487,2,9,0,9,0,8,0,0,0,0,4,1,1,2,35,6,1368,1,3,-1,1,-1,3,2,455592.0,106063.0,-1.211655,50.851421,44,1,2,3,15/06/2015,2,1899-12-30 13:00:00,492,E10000014,3,27,3,30,3,2,6,0,0,0,1,1,1,0,0,1,1,E01022783,2.0,1.0,2.0,35.0,6.0,3.0,0.0,0.0,0.0,0.0,0.0,9.0,1.0,2.0
794,2015132370884,1,9,0,13,0,0,1,0,1,4,3,1,6,1,21,5,1360,1,8,-1,1,-1,5,1,424535.0,428612.0,-1.629389,53.7533,13,1,1,5,42188,7,1899-12-30 13:50:00,204,E08000035,3,62,6,40,0,-1,-1,0,0,0,1,1,1,0,0,1,1,E01011522,5.0,2.0,1.0,14.0,3.0,2.0,0.0,0.0,1.0,0.0,0.0,9.0,-1.0,-1.0
795,201511NF09565,1,9,0,18,0,0,2,0,1,11,1,1,6,1,18,4,2000,1,13,-1,1,-1,3,1,439399.0,544308.0,-1.38879,54.792122,11,1,1,3,17/05/2015,1,1899-12-30 00:20:00,169,E06000047,3,182,6,60,0,-1,-1,0,0,0,6,1,1,0,0,2,1,E01033205,2.0,2.0,1.0,18.0,4.0,2.0,0.0,0.0,1.0,0.0,0.0,9.0,1.0,1.0
796,2015320019682,2,19,0,18,0,8,0,0,0,0,0,1,1,1,32,6,1461,2,6,-1,1,-1,1,3,483632.0,338203.0,-0.757146,52.934722,32,1,3,1,13/04/2015,2,1899-12-30 17:27:00,355,E10000019,3,52,6,60,3,4,6,0,0,0,1,1,1,0,0,2,1,E01026365,,,,,,,,,,,,,,
797,201591NM04997,3,21,1,18,0,0,1,0,1,0,1,1,1,1,51,8,11705,2,8,-1,1,-1,5,4,289114.0,812999.0,-3.836636,57.194327,91,1,4,5,22/06/2015,2,1899-12-30 15:04:00,927,S12000017,3,9,6,60,0,-1,-1,0,0,0,1,4,2,0,0,2,1,,5.0,1.0,1.0,51.0,8.0,3.0,0.0,0.0,0.0,0.0,0.0,21.0,1.0,-1.0
798,201597AB70405,1,11,0,7,0,8,0,0,0,0,4,1,1,1,59,9,8900,2,6,-1,1,-1,2,1,259093.0,665043.0,-4.252759,55.857921,97,1,1,2,29/05/2015,6,1899-12-30 14:33:00,926,S12000043,6,0,2,30,9,2,6,0,0,4,1,1,1,0,0,1,1,,1.0,3.0,2.0,72.0,10.0,1.0,1.0,1.0,0.0,0.0,0.0,0.0,1.0,2.0
799,2015220034628,1,9,0,18,0,0,0,0,0,0,1,1,5,1,36,7,1396,1,5,-1,1,-1,1,2,382721.0,261459.0,-2.254526,52.251032,22,1,2,1,21/11/2015,7,1899-12-30 16:58:00,273,E10000034,3,443,6,60,0,-1,-1,0,0,0,6,1,1,0,0,2,1,E01032181,1.0,3.0,2.0,20.0,4.0,1.0,5.0,3.0,0.0,0.0,0.0,0.0,-1.0,-1.0
800,201504EF15002,1,9,0,18,0,0,0,0,0,0,1,1,6,1,27,6,-1,-1,-1,-1,-1,-1,4,2,386460.0,422060.0,-2.206535,53.694804,4,1,2,4,42005,5,1899-12-30 03:20:00,82,E10000017,3,681,6,30,0,-1,-1,0,0,0,4,5,2,0,0,1,1,E01025370,1.0,1.0,1.0,27.0,6.0,1.0,0.0,0.0,0.0,0.0,0.0,9.0,-1.0,-1.0
801,201522E501721,1,9,0,16,0,0,0,0,8,0,1,1,2,2,27,6,1390,1,10,-1,3,-1,1,1,340870.0,257800.0,-2.866877,52.215226,22,1,1,1,18/05/2015,2,1899-12-30 08:50:00,285,E06000019,3,44,6,60,0,-1,-1,0,0,0,1,2,2,0,0,2,1,E01014017,1.0,1.0,2.0,27.0,6.0,1.0,0.0,0.0,0.0,0.0,0.0,9.0,3.0,5.0
802,2015546621615,1,9,0,5,0,6,5,0,0,0,3,1,6,1,61,9,1998,2,8,-1,3,-1,2,2,396208.0,140046.0,-2.055605,51.159652,54,1,2,2,22/07/2015,4,1899-12-30 17:57:00,635,E06000054,3,36,6,60,3,4,5,22,0,0,1,1,1,0,0,2,1,E01032075,1.0,1.0,1.0,61.0,9.0,1.0,0.0,0.0,0.0,0.0,0.0,9.0,3.0,6.0
803,20154100G0338,2,5,0,18,0,1,1,0,1,11,1,1,6,1,38,7,999,1,4,-1,1,-1,2,2,528730.0,237108.0,-0.125506,52.017471,41,1,2,2,42345,1,1899-12-30 10:49:00,433,E10000015,3,505,3,70,8,4,-1,-1,0,0,1,1,1,0,0,2,1,E01023663,2.0,1.0,1.0,38.0,7.0,1.0,0.0,0.0,0.0,0.0,0.0,5.0,1.0,7.0
804,20154100T2104,3,9,0,18,0,0,0,0,0,0,1,1,6,2,20,4,1229,1,4,-1,1,-1,1,3,523243.0,215321.0,-0.213213,51.822928,41,1,3,1,42288,3,1899-12-30 19:30:00,438,E10000015,2,1,3,70,0,-1,-1,0,0,0,6,1,2,0,0,2,1,E01023970,,,,,,,,,,,,,,
805,201563DP32115,2,9,0,16,0,0,0,0,1,0,1,1,6,1,81,11,-1,-1,-1,-1,2,-1,3,2,325890.0,259380.0,-3.08644,52.227614,63,1,2,3,28/10/2015,4,1899-12-30 17:16:00,753,W06000023,3,44,6,60,0,-1,-1,0,0,0,6,1,1,0,0,2,1,W01000484,3.0,1.0,1.0,81.0,11.0,2.0,0.0,0.0,0.0,0.0,0.0,9.0,2.0,-1.0
806,201543P175015,2,9,0,16,0,0,0,0,0,0,1,1,3,2,50,8,2993,2,2,-1,2,-1,3,2,468417.0,179108.0,-1.015609,51.506771,43,1,2,3,22/01/2015,5,1899-12-30 08:06:00,484,E10000025,3,4074,6,50,0,-1,-1,0,0,0,1,1,4,0,0,2,1,E01028659,2.0,1.0,2.0,50.0,8.0,3.0,0.0,0.0,0.0,0.0,0.0,9.0,2.0,10.0
807,201511NI23775,1,9,0,18,0,1,2,10,2,2,4,1,6,1,25,5,1360,1,9,-1,1,-1,2,1,409213.0,549735.0,-1.858068,54.842347,11,1,1,2,28/11/2015,7,1899-12-30 05:43:00,169,E06000047,3,692,6,30,3,4,6,0,0,0,4,1,2,0,0,2,1,E01020644,1.0,1.0,1.0,25.0,5.0,3.0,0.0,0.0,0.0,0.0,0.0,9.0,1.0,7.0
808,2015051500765,1,8,0,9,0,6,0,0,0,0,1,1,1,2,61,9,1749,1,12,-1,1,-1,1,1,337827.0,388498.0,-2.936316,53.389643,5,1,1,1,13/03/2015,6,1899-12-30 12:00:00,91,E08000012,3,5089,6,30,3,4,6,0,0,0,1,2,2,0,0,1,1,E01006554,1.0,3.0,2.0,88.0,11.0,1.0,5.0,1.0,0.0,0.0,0.0,0.0,1.0,2.0
809,201514A161415,1,9,0,18,0,0,2,0,7,2,3,1,6,1,18,4,1395,1,-1,-1,1,-1,2,1,463640.0,407317.0,-1.040752,53.558625,14,1,1,2,42196,7,1899-12-30 18:38:00,211,E08000017,3,18,6,50,0,-1,-1,0,0,0,4,1,2,0,0,2,1,E01007561,1.0,1.0,1.0,18.0,4.0,1.0,0.0,0.0,0.0,0.0,0.0,9.0,1.0,5.0
810,2015210023963,1,19,0,13,0,0,0,0,0,0,1,1,1,1,22,5,2198,2,2,-1,1,-1,1,2,422670.0,302198.0,-1.666596,52.617084,21,1,2,1,42129,3,1899-12-30 16:40:00,258,E10000028,3,5,3,70,0,-1,-1,0,0,0,1,5,2,0,0,1,1,E01029829,,,,,,,,,,,,,,
811,2015331500859,3,9,0,18,0,0,0,0,0,0,0,1,1,1,35,6,2993,2,2,-1,1,-1,1,3,459425.0,307880.0,-1.122749,52.665387,33,1,3,1,22/05/2015,6,1899-12-30 10:49:00,364,E06000016,3,563,6,50,0,-1,-1,0,0,0,1,1,1,0,0,2,1,E01013734,,,,,,,,,,,,,,
812,201550CB2F001,4,20,0,16,0,0,0,0,0,0,1,1,1,1,41,7,-1,-1,-1,-1,1,-1,1,4,250651.0,129192.0,-4.131768,51.042616,50,1,4,1,14/01/2015,4,1899-12-30 06:53:00,582,E10000008,3,39,6,60,0,-1,-1,0,0,0,5,1,2,0,0,2,1,E01020119,,,,,,,,,,,,,,
813,2015210024922,1,21,1,18,0,0,0,0,0,0,1,1,1,1,54,8,12900,2,7,-1,1,-1,1,2,385169.0,341190.0,-2.222271,52.967861,21,1,2,1,42041,3,1899-12-30 16:40:00,255,E10000028,1,6,3,70,0,-1,-1,0,0,0,1,1,1,0,0,2,2,E01029748,,,,,,,,,,,,,,
814,201501TD00055,1,21,0,18,0,1,0,0,0,0,4,1,1,1,40,7,6374,2,2,-1,1,-1,1,2,530250.0,178970.0,-0.125134,51.494677,1,1,2,1,42251,5,1899-12-30 09:33:00,1,E09000033,3,3203,1,30,1,4,3,3212,0,1,1,1,1,0,0,1,1,E01004745,,,,,,,,,,,,,,
815,2015450029076,1,9,0,17,0,0,0,10,0,0,1,1,6,1,90,11,1997,2,12,-1,1,-1,3,2,536329.0,150125.0,-0.048669,51.234032,45,1,2,3,42225,3,1899-12-30 11:57:00,516,E10000030,3,22,6,50,0,-1,-1,0,0,0,1,1,1,0,0,2,1,E01030825,1.0,1.0,1.0,90.0,11.0,2.0,0.0,0.0,0.0,0.0,0.0,9.0,1.0,9.0
816,201514K071615,2,9,0,12,0,0,0,0,0,0,2,1,6,1,21,5,2400,2,25,-1,1,-1,1,3,435204.0,380577.0,-1.472979,53.320954,14,1,3,1,25/03/2015,4,1899-12-30 17:48:00,215,E08000019,3,61,3,40,0,-1,-1,0,0,0,1,1,1,0,0,1,1,E01008084,,,,,,,,,,,,,,
817,201511NI23775,1,9,0,18,0,1,2,10,2,2,4,1,6,1,25,5,1360,1,9,-1,1,-1,2,1,409213.0,549735.0,-1.858068,54.842347,11,1,1,2,28/11/2015,7,1899-12-30 05:43:00,169,E06000047,3,692,6,30,3,4,6,0,0,0,4,1,2,0,0,2,1,E01020644,2.0,2.0,1.0,27.0,6.0,1.0,0.0,0.0,1.0,0.0,0.0,9.0,3.0,3.0
818,2015545089415,1,1,0,14,0,1,0,4,0,0,3,1,6,1,11,3,-1,-1,-1,-1,2,-1,1,3,409379.0,188050.0,-1.86601,51.591224,54,1,3,1,42283,4,1899-12-30 19:18:00,635,E06000054,5,414,6,30,3,4,6,0,0,0,1,1,1,0,0,2,1,E01031954,1.0,1.0,1.0,11.0,3.0,1.0,0.0,0.0,0.0,0.0,0.0,1.0,2.0,10.0
819,201501TD00145,2,9,0,16,0,0,0,0,0,0,1,1,6,2,16,4,1794,1,11,-1,1,-1,3,2,537120.0,199590.0,-0.018186,51.678345,1,1,2,3,28/11/2015,7,1899-12-30 02:23:00,32,E09000010,3,1055,6,40,0,-1,-1,0,0,0,7,1,1,0,0,2,1,E01001445,3.0,2.0,2.0,16.0,4.0,2.0,0.0,0.0,1.0,0.0,0.0,9.0,1.0,2.0
820,2015300012813,1,9,0,18,0,0,0,0,0,0,1,1,6,1,38,7,2000,1,10,-1,1,-1,1,3,434100.0,352550.0,-1.492534,53.069105,30,1,3,1,18/03/2015,4,1899-12-30 16:39:00,320,E10000007,3,6,6,50,0,-1,-1,0,0,0,1,1,1,0,0,2,1,E01019424,1.0,1.0,1.0,38.0,7.0,1.0,0.0,0.0,0.0,0.0,0.0,9.0,1.0,10.0
821,2015160B01751,2,9,0,18,0,0,0,0,0,0,0,1,6,1,33,6,2000,2,10,-1,1,-1,1,2,499623.0,408081.0,-0.497472,53.559903,16,1,2,1,16/06/2015,3,1899-12-30 19:21:00,232,E06000013,1,180,3,70,0,-1,-1,0,0,0,1,4,1,0,0,2,1,E01013271,,,,,,,,,,,,,,
822,201520M000845,2,1,0,18,0,4,0,0,0,0,1,1,6,1,35,6,-1,-1,-1,-1,1,-1,1,2,436470.0,275670.0,-1.465675,52.377861,20,1,2,1,42156,3,1899-12-30 17:55:00,302,E08000026,3,45,1,40,1,4,6,0,0,0,4,1,1,0,0,1,1,E01032529,1.0,1.0,1.0,35.0,6.0,1.0,0.0,0.0,0.0,0.0,0.0,1.0,1.0,5.0
823,201522E504220,1,9,0,13,0,0,0,0,0,0,1,1,6,1,27,6,3222,2,10,-1,1,-1,3,2,349950.0,230940.0,-2.730036,51.974661,22,1,2,3,42166,6,1899-12-30 21:21:00,285,E06000019,3,49,6,60,0,-1,-1,0,0,0,6,1,2,0,0,2,1,E01014060,1.0,1.0,1.0,27.0,6.0,2.0,0.0,0.0,0.0,0.0,0.0,9.0,1.0,4.0
824,2015548110315,2,21,0,2,0,0,0,0,0,0,2,1,1,1,45,7,4461,2,3,-1,1,-1,1,2,387139.0,170268.0,-2.186389,51.431266,54,1,2,1,42194,2,1899-12-30 09:10:00,635,E06000054,4,3353,6,30,0,-1,-1,0,0,0,1,1,1,0,0,1,1,E01031931,,,,,,,,,,,,,,
825,201537EA95304,2,21,1,18,0,0,3,0,1,0,1,1,1,1,42,7,12900,2,7,-1,3,-1,3,2,612541.0,274921.0,1.117928,52.331188,37,1,2,3,15/11/2015,1,1899-12-30 20:20:00,413,E10000029,3,140,6,50,0,-1,-1,0,0,0,6,1,1,0,0,2,1,E01030052,3.0,1.0,1.0,42.0,7.0,3.0,0.0,0.0,0.0,0.0,0.0,21.0,3.0,6.0
826,201501TD00089,1,9,0,18,0,1,0,10,1,2,4,1,6,1,45,7,1796,1,25,-1,1,-1,1,2,525420.0,189100.0,-0.191066,51.586806,1,1,2,1,15/07/2015,4,1899-12-30 05:20:00,30,E09000003,3,1,6,30,3,4,6,0,0,7,1,2,2,0,0,1,1,E01000205,1.0,1.0,1.0,45.0,7.0,1.0,0.0,0.0,0.0,0.0,0.0,9.0,1.0,4.0
827,2015460251930,2,8,0,18,0,0,0,0,0,0,3,1,6,1,63,9,-1,-1,-1,-1,1,-1,2,3,558850.0,169850.0,0.282439,51.405434,46,1,3,2,14/01/2015,4,1899-12-30 13:38:00,532,E10000016,4,260,6,40,0,-1,-1,0,0,0,1,1,1,0,0,2,1,E01024135,,,,,,,,,,,,,,
828,201504EF15002,2,8,0,18,0,0,0,0,0,0,1,1,1,1,23,5,1896,2,10,-1,1,-1,4,2,386460.0,422060.0,-2.206535,53.694804,4,1,2,4,42005,5,1899-12-30 03:20:00,82,E10000017,3,681,6,30,0,-1,-1,0,0,0,4,5,2,0,0,1,1,E01025370,3.0,2.0,2.0,25.0,5.0,3.0,0.0,0.0,1.0,0.0,0.0,8.0,-1.0,-1.0
829,2015460264096,2,5,0,18,0,1,1,0,0,0,3,1,6,1,47,8,654,1,7,-1,2,-1,1,2,553350.0,167470.0,0.202401,51.385563,46,1,2,1,19/11/2015,5,1899-12-30 18:15:00,538,E10000016,3,20,3,60,3,4,6,0,0,0,6,2,2,0,0,2,1,E01024433,1.0,1.0,1.0,47.0,8.0,1.0,0.0,0.0,0.0,0.0,0.0,5.0,2.0,10.0
830,2015621501375,1,9,0,18,0,0,0,0,1,0,3,1,6,1,19,4,-1,-1,-1,-1,1,-1,5,2,250046.0,190334.0,-4.166127,51.591843,62,1,2,5,31/07/2015,6,1899-12-30 22:55:00,745,W06000011,6,0,6,60,0,-1,-1,0,0,0,6,1,1,0,0,2,1,W01000776,1.0,1.0,1.0,19.0,4.0,3.0,0.0,0.0,0.0,0.0,0.0,9.0,1.0,-1.0
831,201511ND23335,1,11,0,13,0,8,1,0,0,0,1,1,6,1,45,7,6370,2,7,-1,1,-1,1,2,425254.0,545485.0,-1.608664,54.803607,11,1,2,1,17/11/2015,3,1899-12-30 11:16:00,169,E06000047,4,6532,6,60,3,4,6,0,0,0,1,1,2,0,0,2,1,E01020680,,,,,,,,,,,,,,
832,2015300016252,1,1,0,18,0,0,0,0,0,0,1,1,6,1,60,9,-1,-1,-1,-1,-1,-1,1,2,437790.0,368880.0,-1.435546,53.21564,30,1,2,1,13/10/2015,3,1899-12-30 15:45:00,322,E10000007,5,277,6,30,0,-1,-1,0,0,0,1,1,1,0,0,1,1,E01019577,1.0,1.0,1.0,60.0,9.0,1.0,0.0,0.0,0.0,0.0,0.0,1.0,-1.0,-1.0
833,2015075314580,1,9,0,4,0,6,0,0,3,10,1,1,6,1,89,11,1590,1,12,-1,1,-1,2,1,386008.0,362877.0,-2.21073,53.162829,7,1,1,2,21/10/2015,4,1899-12-30 14:40:00,129,E06000049,6,0,6,30,3,3,6,0,0,0,1,1,1,0,0,1,1,E01018402,1.0,1.0,1.0,89.0,11.0,3.0,0.0,0.0,0.0,0.0,0.0,9.0,1.0,8.0
834,2015555997887,1,9,0,18,0,0,0,0,0,0,1,1,6,1,27,6,2987,2,6,-1,1,-1,2,1,405723.0,91915.0,-1.920283,50.726828,55,1,1,2,42157,6,1899-12-30 06:20:00,643,E06000029,3,35,6,30,0,-1,-1,0,0,4,4,1,1,4,0,1,1,E01015402,1.0,1.0,1.0,27.0,6.0,3.0,0.0,0.0,0.0,0.0,0.0,9.0,1.0,3.0
835,201520M014705,1,11,0,5,0,1,0,4,8,1,1,1,1,1,77,11,8268,2,11,-1,2,-1,3,2,433500.0,279260.0,-1.508945,52.410323,20,1,2,3,42073,7,1899-12-30 18:00:00,302,E08000026,6,0,2,30,3,4,6,0,0,1,1,1,1,0,0,1,1,E01009642,3.0,2.0,1.0,7.0,2.0,1.0,0.0,0.0,0.0,4.0,0.0,11.0,1.0,3.0
836,201523N035015,1,9,0,18,0,4,5,9,0,0,1,1,6,1,79,11,1905,2,22,-1,1,-1,2,1,452795.0,280789.0,-1.225072,52.42255,23,1,1,2,42095,1,1899-12-30 10:47:00,292,E10000031,3,5,1,70,1,4,3,426,0,0,1,7,2,0,0,2,1,E01032892,1.0,1.0,1.0,79.0,11.0,2.0,0.0,0.0,0.0,0.0,0.0,9.0,1.0,10.0
837,2015460264637,1,3,0,16,0,0,0,0,7,9,1,1,6,1,19,4,125,1,7,-1,3,-1,1,2,596260.0,139690.0,0.803127,51.122868,46,1,2,1,42167,1,1899-12-30 13:00:00,530,E10000016,3,28,6,50,0,-1,-1,0,0,0,1,5,2,0,0,2,1,E01032814,1.0,1.0,1.0,19.0,4.0,1.0,0.0,0.0,0.0,0.0,0.0,3.0,3.0,5.0
838,2015460261050,2,5,0,18,0,8,0,0,0,0,1,1,6,1,51,8,656,1,5,-1,-1,-1,1,2,593330.0,163030.0,0.773892,51.333489,46,1,2,1,42164,1,1899-12-30 10:10:00,540,E10000016,3,2,6,30,3,4,6,0,0,0,1,1,1,0,0,1,1,E01024624,1.0,1.0,1.0,51.0,8.0,1.0,0.0,0.0,0.0,0.0,0.0,5.0,-1.0,-1.0
839,2015230039215,1,9,0,17,0,0,1,6,7,11,3,1,6,1,32,6,2000,2,11,-1,-1,-1,2,1,427517.0,256519.0,-1.598749,52.206214,23,1,1,2,24/10/2015,7,1899-12-30 18:01:00,293,E10000031,3,429,6,50,0,-1,-1,0,0,0,1,1,2,0,0,2,1,E01031218,1.0,2.0,2.0,33.0,6.0,1.0,0.0,0.0,2.0,0.0,0.0,9.0,2.0,7.0
840,201534TW80115,2,9,0,18,0,0,0,0,0,0,1,1,6,1,23,5,1396,1,15,-1,1,-1,1,3,482761.0,263910.0,-0.788661,52.267132,34,1,3,1,20/06/2015,7,1899-12-30 03:32:00,386,E10000021,3,4500,6,60,0,-1,-1,0,0,0,6,1,1,0,0,2,2,E01027353,,,,,,,,,,,,,,
841,201520T049545,1,9,0,18,0,1,2,10,2,2,1,1,6,1,21,5,4511,1,12,-1,1,-1,4,1,410560.0,284790.0,-1.846008,52.460956,20,1,1,4,28/08/2015,6,1899-12-30 23:25:00,300,E08000025,3,45,3,40,3,4,6,0,0,0,4,1,1,0,0,1,1,E01009338,3.0,2.0,1.0,24.0,5.0,3.0,0.0,0.0,1.0,0.0,0.0,9.0,1.0,1.0
842,2015405BA0463,2,21,1,2,0,8,0,0,0,0,1,1,1,1,50,8,-1,2,-1,-1,1,-1,5,2,496858.0,239151.0,-0.589203,52.042306,40,1,2,5,29/05/2015,6,1899-12-30 00:01:00,424,E06000056,5,94,6,60,3,4,6,86,0,0,6,1,1,0,0,2,1,E01017416,,,,,,,,,,,,,,
843,201501TD00084,2,9,0,18,0,0,0,0,0,0,0,1,6,3,-1,-1,-1,-1,-1,-1,-1,-1,2,3,551660.0,181480.0,0.184133,51.511897,1,1,3,2,42011,4,1899-12-30 18:57:00,15,E09000016,3,13,3,70,0,-1,-1,0,0,0,1,1,1,0,0,2,1,E01002344,,,,,,,,,,,,,,
844,2015051500072,1,9,0,18,0,0,0,0,0,0,1,1,2,1,58,9,1753,2,12,-1,1,-1,2,1,339513.0,385167.0,-2.910329,53.359902,5,1,1,2,42248,6,1899-12-30 21:05:00,91,E08000012,3,561,3,30,0,-1,-1,0,0,4,4,1,2,0,0,1,1,E01006688,2.0,3.0,2.0,70.0,10.0,1.0,1.0,3.0,0.0,0.0,0.0,0.0,1.0,5.0
845,2015320109374,2,4,0,18,0,1,1,0,1,0,1,1,6,1,42,7,400,1,27,-1,1,-1,2,2,510692.0,314696.0,-0.362659,52.718604,32,1,2,2,19/10/2015,2,1899-12-30 13:16:00,355,E10000019,3,15,6,60,3,4,5,319,0,0,1,1,1,0,0,2,1,E01026364,2.0,1.0,1.0,42.0,7.0,1.0,0.0,0.0,0.0,0.0,0.0,4.0,1.0,5.0
846,2015360093869,1,9,0,17,0,0,1,0,1,4,3,1,6,2,22,5,1388,1,12,-1,3,-1,1,1,593737.0,312216.0,0.864036,52.673008,36,1,1,1,25/09/2015,6,1899-12-30 22:39:00,400,E10000020,5,470,6,60,0,-1,-1,0,0,0,6,1,1,0,0,2,1,E01026453,1.0,1.0,2.0,22.0,5.0,1.0,0.0,0.0,0.0,0.0,0.0,9.0,3.0,4.0
847,201543P296025,33,9,0,18,0,0,0,0,0,0,2,1,6,1,31,6,2706,1,1,-1,1,-1,36,37,455113.0,220016.0,-1.200828,51.875998,43,1,37,36,14/02/2015,7,1899-12-30 07:45:00,481,E10000025,1,40,3,70,0,-1,-1,0,0,0,1,7,2,0,3,2,1,E01028497,,,,,,,,,,,,,,
848,2015551501008,1,9,0,16,0,0,0,0,0,0,1,1,6,1,60,9,1242,1,-1,-1,-1,-1,4,2,385874.0,87489.0,-2.201327,50.686879,55,1,2,4,16/08/2015,1,1899-12-30 14:08:00,644,E10000009,3,352,6,60,0,-1,-1,0,0,0,1,1,1,0,0,2,1,E01020489,3.0,1.0,1.0,60.0,9.0,2.0,0.0,0.0,0.0,0.0,0.0,9.0,-1.0,-1.0