,accident_index,vehicle_reference,vehicle_type,towing_and_articulation,vehicle_manoeuvre,vehicle_location-restricted_lane,junction_location,skidding_and_overturning,hit_object_in_carriageway,vehicle_leaving_carriageway,hit_object_off_carriageway,1st_point_of_impact,was_vehicle_left_hand_drive?,journey_purpose_of_driver,sex_of_driver,age_of_driver,age_band_of_driver,engine_capacity_(cc),propulsion_code,age_of_vehicle,driver_imd_decile,driver_home_area_type,vehicle_imd_decile,NUmber_of_Casualities_unique_to_accident_index,No_of_Vehicles_involved_unique_to_accident_index,location_easting_osgr,location_northing_osgr,longitude,latitude,police_force,accident_severity,number_of_vehicles,number_of_casualties,date,day_of_week,time,local_authority_(district),local_authority_(highway),1st_road_class,1st_road_number,road_type,speed_limit,junction_detail,junction_control,2nd_road_class,2nd_road_number,pedestrian_crossing-human_control,pedestrian_crossing-physical_facilities,light_conditions,weather_conditions,road_surface_conditions,special_conditions_at_site,carriageway_hazards,urban_or_rural_area,did_police_officer_attend_scene_of_accident,lsoa_of_accident_location,casualty_reference,casualty_class,sex_of_casualty,age_of_casualty,age_band_of_casualty,casualty_severity,pedestrian_location,pedestrian_movement,car_passenger,bus_or_coach_passenger,pedestrian_road_maintenance_worker,casualty_type,casualty_home_area_type,casualty_imd_decile
1110,201560S185445,1,9,0,18,0,0,0,0,0,0,1,1,6,1,42,7,-1,-1,-1,-1,-1,-1,1,1,323344.0,341817.0,-3.142834,52.96821,60,1,1,1,42106,6,1899-12-30 23:05:00,723,W06000004,3,5,6,60,0,-1,-1,0,0,0,6,5,2,0,0,2,1,W01000210,1.0,3.0,2.0,18.0,4.0,1.0,10.0,9.0,0.0,0.0,0.0,0.0,-1.0,-1.0
1111,2015075292206,2,11,0,18,0,0,0,0,0,0,1,1,1,1,53,8,4250,2,16,-1,2,-1,2,3,388192.0,368943.0,-2.178291,53.217408,7,1,3,2,42014,5,1899-12-30 07:43:00,129,E06000049,3,536,6,60,0,-1,-1,0,0,0,1,1,1,0,0,2,1,E01018591,,,,,,,,,,,,,,
1112,201511NG05655,1,9,0,18,0,8,0,0,0,0,1,1,6,1,43,7,1796,1,4,-1,1,-1,7,2,423743.0,549002.0,-1.631882,54.835285,11,1,2,7,42067,6,1899-12-30 10:05:00,169,E06000047,4,6532,6,30,6,4,5,11,0,8,1,2,2,0,0,2,1,E01020604,5.0,2.0,2.0,2.0,1.0,3.0,0.0,0.0,2.0,0.0,0.0,9.0,1.0,1.0
1113,201531B117415,1,19,0,18,0,0,0,0,1,4,1,1,6,1,44,7,2461,2,4,-1,-1,-1,2,1,472564.0,385698.0,-0.911041,53.363183,31,1,1,2,21/06/2015,1,1899-12-30 13:44:00,341,E10000024,4,1403,6,60,0,-1,-1,0,0,0,1,1,1,0,0,2,1,E01028005,1.0,2.0,1.0,4.0,1.0,1.0,0.0,0.0,0.0,0.0,0.0,19.0,3.0,6.0
1114,2015100085915,2,19,0,18,0,0,5,0,0,0,1,1,1,1,31,6,-1,-1,-1,-1,1,-1,2,3,418422.0,618705.0,-1.710221,55.461847,10,1,3,2,42157,6,1899-12-30 08:25:00,139,E06000048,3,1,6,60,0,-1,-1,0,0,0,1,1,2,0,0,2,1,E01027366,2.0,1.0,1.0,31.0,6.0,2.0,0.0,0.0,0.0,0.0,0.0,19.0,1.0,6.0
1115,2015471503833,2,9,0,16,0,0,0,0,0,0,1,1,6,1,67,10,2179,2,12,-1,1,-1,2,2,479497.0,108110.0,-0.871687,50.867039,47,1,2,2,42162,2,1899-12-30 00:02:00,559,E10000032,6,0,6,60,0,-1,-1,0,0,0,6,1,1,0,0,2,1,E01031507,2.0,1.0,1.0,67.0,10.0,2.0,0.0,0.0,0.0,0.0,0.0,9.0,1.0,10.0
1116,201543R065095,2,9,0,2,0,2,0,0,0,0,3,1,6,3,-1,-1,2000,2,11,-1,1,-1,2,3,498684.0,180625.0,-0.579207,51.515939,43,1,3,2,42347,7,1899-12-30 00:48:00,473,E06000039,6,7302,1,30,1,4,6,7302,0,8,4,1,1,0,0,1,1,E01016460,,,,,,,,,,,,,,
1117,201523N035237,1,9,0,18,0,0,0,0,0,0,1,1,2,1,43,7,1598,1,9,-1,3,-1,1,1,440422.0,270770.0,-1.408211,52.333535,23,1,1,1,14/02/2015,7,1899-12-30 00:02:00,292,E10000031,4,4453,6,50,0,-1,-1,0,0,0,6,2,2,0,0,2,1,E01031149,1.0,3.0,1.0,45.0,7.0,1.0,9.0,9.0,0.0,0.0,0.0,0.0,3.0,8.0
1118,201501TD00008,1,5,0,18,0,1,1,10,1,2,4,1,2,1,25,5,998,1,6,-1,1,-1,1,1,531340.0,178400.0,-0.109653,51.489303,1,1,1,1,18/01/2015,1,1899-12-30 17:42:00,9,E09000022,3,3204,6,30,3,4,6,0,0,0,4,1,1,0,0,1,1,E01003107,1.0,1.0,1.0,25.0,5.0,1.0,0.0,0.0,0.0,0.0,0.0,5.0,1.0,2.0
1119,201520J006955,1,9,0,18,0,1,0,4,7,0,1,1,6,1,35,6,1197,1,1,-1,1,-1,4,2,395780.0,289490.0,-2.063598,52.503292,20,1,2,4,20/06/2015,7,1899-12-30 15:04:00,303,E08000027,6,0,6,30,3,4,6,0,0,0,1,1,2,0,0,1,1,E01009894,1.0,3.0,1.0,47.0,8.0,1.0,9.0,5.0,0.0,0.0,0.0,0.0,1.0,5.0
1120,201504SA15466,2,90,0,18,0,0,0,0,0,0,4,1,6,2,76,11,-1,-1,-1,-1,1,-1,1,2,356580.0,431380.0,-2.660347,53.776932,4,1,2,1,20/10/2015,3,1899-12-30 06:50:00,79,E10000017,4,6243,6,30,0,-1,-1,0,0,4,4,1,1,0,0,1,1,E01025287,1.0,1.0,2.0,76.0,11.0,1.0,0.0,0.0,0.0,0.0,0.0,90.0,1.0,1.0
1121,201501TD00136,1,8,0,18,0,1,0,0,0,0,1,1,2,1,54,8,2499,2,4,-1,1,-1,1,1,542170.0,175470.0,0.045054,51.460358,1,1,1,1,42227,1,1899-12-30 02:23:00,6,E09000011,5,0,6,30,3,4,6,0,0,8,4,1,1,0,0,1,1,E01001625,1.0,3.0,1.0,47.0,8.0,1.0,5.0,2.0,0.0,0.0,2.0,0.0,1.0,6.0
1122,201542I328910,2,9,0,18,0,1,0,0,0,0,3,1,1,1,38,7,1339,1,2,-1,1,-1,2,3,571562.0,214626.0,0.486915,51.803953,42,1,3,2,42348,2,1899-12-30 20:14:00,454,E10000012,3,131,6,60,3,4,6,0,0,0,6,1,1,0,0,2,1,E01021540,,,,,,,,,,,,,,
1123,201563DP15715,1,9,0,18,0,0,0,0,2,4,4,1,6,2,69,10,-1,-1,-1,-1,2,-1,2,1,270710.0,298920.0,-3.909214,52.572687,63,1,1,2,42315,7,1899-12-30 17:35:00,753,W06000023,3,487,6,60,0,-1,-1,0,0,0,1,2,2,0,0,2,1,W01000442,1.0,2.0,1.0,72.0,10.0,1.0,0.0,0.0,1.0,0.0,0.0,9.0,2.0,-1.0
1124,201501TD00060,1,5,0,18,0,2,0,10,1,5,1,1,6,1,20,4,-1,-1,-1,-1,1,-1,3,1,542480.0,189340.0,0.055117,51.584911,1,1,1,3,18/04/2015,7,1899-12-30 17:30:00,14,E09000026,3,1400,3,40,3,4,6,0,0,4,1,1,1,0,0,1,1,E01003681,1.0,1.0,1.0,20.0,4.0,1.0,0.0,0.0,0.0,0.0,0.0,5.0,1.0,3.0
1125,2015210031592,1,9,0,17,0,0,0,0,1,4,1,1,6,1,25,5,1388,1,13,-1,3,-1,2,1,409693.0,337387.0,-1.857237,52.933798,21,1,1,2,42015,1,1899-12-30 02:30:00,251,E10000028,4,5030,6,60,0,-1,-1,0,0,0,5,7,2,0,0,2,2,E01029422,1.0,1.0,1.0,25.0,5.0,1.0,0.0,0.0,0.0,0.0,0.0,9.0,3.0,7.0
1126,2015230034082,1,4,0,18,0,0,1,0,0,0,1,1,6,1,21,5,347,1,31,-1,2,-1,1,2,423077.0,258922.0,-1.663557,52.22802,23,1,2,1,18/11/2015,4,1899-12-30 14:05:00,293,E10000031,3,439,6,50,0,-1,-1,0,0,0,1,2,2,0,0,2,1,E01031218,1.0,1.0,1.0,21.0,5.0,1.0,0.0,0.0,0.0,0.0,0.0,4.0,2.0,6.0
1127,2015075113518,2,3,0,16,0,1,2,0,0,0,1,1,6,1,19,4,124,1,-1,-1,1,-1,1,2,379528.0,358269.0,-2.307352,53.121197,7,1,2,1,23/04/2015,5,1899-12-30 15:15:00,129,E06000049,3,533,6,60,3,4,4,5078,0,0,1,1,1,0,0,2,1,E01018418,1.0,1.0,1.0,19.0,4.0,1.0,0.0,0.0,0.0,0.0,0.0,3.0,1.0,10.0
1128,201501TD00081,1,9,0,18,0,8,0,0,0,0,1,1,6,1,31,6,1997,2,6,-1,-1,-1,1,2,515780.0,189400.0,-0.330046,51.591563,1,1,2,1,21/06/2015,1,1899-12-30 00:04:00,29,E09000015,5,0,1,30,1,4,5,0,0,0,4,1,1,0,0,1,1,E01002180,,,,,,,,,,,,,,
1129,2015521501170,7,9,0,2,0,0,0,0,0,0,3,-1,6,3,30,6,1997,2,5,-1,-1,-1,9,7,372568.0,166920.0,-2.395722,51.400642,52,1,7,9,42249,2,1899-12-30 16:06:00,611,E06000022,6,0,6,30,0,-1,-1,0,0,4,1,1,2,0,0,1,1,E01014477,,,,,,,,,,,,,,
1130,201542I065903,1,19,0,18,0,0,1,0,0,0,1,1,6,1,40,7,-1,-1,-1,-1,1,-1,4,3,550809.0,236520.0,0.195742,52.006633,42,1,3,4,20/03/2015,6,1899-12-30 13:40:00,463,E10000012,1,11,3,70,0,-1,-1,0,0,0,1,1,1,0,0,2,1,E01022071,3.0,1.0,1.0,40.0,7.0,3.0,0.0,0.0,0.0,0.0,0.0,19.0,1.0,4.0
1131,201563DP32115,2,9,0,16,0,0,0,0,1,0,1,1,6,1,81,11,-1,-1,-1,-1,2,-1,3,2,325890.0,259380.0,-3.08644,52.227614,63,1,2,3,28/10/2015,4,1899-12-30 17:16:00,753,W06000023,3,44,6,60,0,-1,-1,0,0,0,6,1,1,0,0,2,1,W01000484,2.0,2.0,2.0,80.0,11.0,1.0,0.0,0.0,1.0,0.0,0.0,9.0,2.0,-1.0
1132,2015331500303,1,21,1,18,0,0,0,0,0,0,1,1,1,1,59,9,11946,2,9,-1,1,-1,2,3,454170.0,278950.0,-1.205152,52.405885,33,1,3,2,17/03/2015,3,1899-12-30 23:31:00,363,E10000018,1,6,3,70,0,-1,-1,0,0,0,4,1,1,0,0,2,1,E01025808,1.0,1.0,1.0,59.0,9.0,1.0,0.0,0.0,0.0,0.0,0.0,21.0,1.0,6.0
1133,2015075263117,1,21,1,18,0,0,0,4,0,0,1,1,1,1,46,8,6693,2,2,-1,1,-1,3,3,337683.0,362647.0,-2.933404,53.157289,7,1,3,3,42103,6,1899-12-30 11:29:00,130,E06000050,3,55,3,70,0,-1,-1,0,0,0,1,1,1,0,0,2,1,E01018335,,,,,,,,,,,,,,
1134,2015930000265,2,21,1,18,0,0,0,0,0,0,1,1,1,1,54,8,12777,2,6,-1,1,-1,1,2,285444.0,765253.0,-3.875647,56.764742,93,1,2,1,42190,5,1899-12-30 02:25:00,934,S12000024,3,9,6,60,0,-1,-1,0,0,0,6,1,1,0,0,2,1,,,,,,,,,,,,,,,
1135,201520K010185,2,1,0,18,0,8,0,0,0,0,4,1,1,1,46,8,-1,-1,-1,-1,1,-1,1,2,401800.0,290320.0,-1.974908,52.510768,20,1,2,1,42283,4,1899-12-30 06:52:00,305,E08000028,3,41,1,30,1,4,3,4252,0,0,1,1,1,0,0,1,1,E01010047,1.0,1.0,1.0,46.0,8.0,1.0,0.0,0.0,0.0,0.0,0.0,1.0,1.0,1.0
1136,2015460261439,1,9,0,18,0,0,0,0,0,0,1,1,6,1,35,6,2776,2,11,-1,3,-1,2,2,554410.0,151250.0,0.210605,51.239538,46,1,2,2,16/09/2015,4,1899-12-30 07:23:00,538,E10000016,4,245,6,60,0,-1,-1,0,0,0,1,8,2,0,0,2,1,E01024459,1.0,1.0,1.0,35.0,6.0,3.0,0.0,0.0,0.0,0.0,0.0,9.0,3.0,8.0
1137,2015440344848,2,3,0,13,0,0,1,0,7,0,1,1,6,1,21,5,125,1,9,-1,2,-1,1,2,445127.0,79902.0,-1.3635,50.617088,44,1,2,1,42104,1,1899-12-30 14:42:00,505,E06000046,3,3055,6,60,0,-1,-1,0,0,0,1,1,1,0,0,2,1,E01017297,1.0,1.0,1.0,21.0,5.0,1.0,0.0,0.0,0.0,0.0,0.0,3.0,2.0,4.0
1138,2015460256166,1,9,0,9,0,5,0,0,7,0,4,1,6,1,36,7,1870,2,5,-1,1,-1,6,2,597230.0,123980.0,0.808417,50.981438,46,1,2,6,42282,1,1899-12-30 15:50:00,539,E10000016,3,259,6,60,8,4,6,0,0,0,1,1,1,0,0,2,1,E01024548,6.0,2.0,2.0,0.0,1.0,3.0,0.0,0.0,2.0,0.0,0.0,9.0,-1.0,-1.0
1139,2015331501957,2,9,0,16,0,0,0,0,0,0,1,1,6,1,19,4,973,1,13,-1,1,-1,4,2,449155.0,325425.0,-1.271969,52.824122,33,1,2,4,20/12/2015,1,1899-12-30 15:45:00,366,E10000018,3,6,6,60,0,-1,-1,0,0,0,1,8,2,0,0,2,1,E01025944,3.0,2.0,2.0,-1.0,-1.0,3.0,0.0,0.0,2.0,0.0,0.0,9.0,1.0,2.0
1140,2015210034308,2,1,0,18,0,0,0,0,0,0,2,1,2,1,20,4,-1,-1,-1,-1,1,-1,1,2,383421.0,351251.0,-2.248818,53.058249,21,1,2,1,25/11/2015,4,1899-12-30 02:25:00,253,E10000028,3,34,3,70,0,-1,-1,0,0,0,6,1,2,0,0,2,1,E01029545,1.0,1.0,1.0,20.0,4.0,1.0,0.0,0.0,0.0,0.0,0.0,1.0,1.0,1.0
1141,2015320040238,2,5,0,17,0,0,0,0,1,0,1,1,1,1,46,8,999,1,6,-1,2,-1,2,2,518992.0,370444.0,-0.219372,53.217736,32,1,2,2,42041,3,1899-12-30 10:10:00,351,E10000019,6,0,6,60,0,-1,-1,0,0,0,1,5,2,5,0,2,1,E01026082,1.0,1.0,1.0,46.0,8.0,1.0,0.0,0.0,0.0,0.0,0.0,5.0,2.0,8.0
1142,201597LB03810,1,9,0,17,0,0,0,0,0,0,1,1,6,1,26,6,2987,2,-1,-1,-1,-1,2,2,168660.0,739056.0,-5.759165,56.486593,97,1,2,2,28/10/2015,4,1899-12-30 20:10:00,913,S12000035,3,849,6,60,0,-1,-1,0,0,0,6,1,2,0,0,2,1,,2.0,1.0,1.0,26.0,6.0,3.0,0.0,0.0,0.0,0.0,0.0,9.0,-1.0,-1.0
1143,2015120215217,1,9,0,18,0,0,0,0,5,6,1,1,6,1,48,8,2993,2,6,-1,-1,-1,1,2,440005.0,462837.0,-1.390327,54.059936,12,1,2,1,42106,6,1899-12-30 20:04:00,182,E10000023,2,1,3,70,0,-1,-1,0,0,0,6,1,1,0,0,2,1,E01027647,1.0,1.0,1.0,48.0,8.0,1.0,0.0,0.0,0.0,0.0,0.0,9.0,-1.0,-1.0
1144,2015132421270,1,5,0,15,2,8,2,0,0,0,1,1,6,1,30,6,599,1,11,-1,1,-1,1,3,416998.0,419976.0,-1.744162,53.675979,13,1,3,1,42039,5,1899-12-30 17:39:00,203,E08000034,3,62,6,40,3,4,6,0,0,0,1,1,1,0,0,1,1,E01011103,1.0,1.0,1.0,30.0,6.0,1.0,0.0,0.0,0.0,0.0,0.0,5.0,1.0,1.0
1145,201501TD00031,1,21,1,4,0,0,0,0,0,0,1,1,1,1,30,6,-1,-1,-1,-1,1,-1,1,1,521610.0,178570.0,-0.249667,51.493005,1,1,1,1,42279,3,1899-12-30 00:41:00,25,E09000018,3,315,6,30,0,-1,-1,0,0,4,4,1,1,0,0,1,1,E01002575,1.0,3.0,2.0,78.0,11.0,1.0,4.0,1.0,0.0,0.0,2.0,0.0,-1.0,-1.0
1146,201534TD80085,2,1,0,18,0,0,0,0,0,0,3,1,2,1,28,6,-1,-1,-1,-1,1,-1,1,2,455889.0,263259.0,-1.182491,52.264662,34,1,2,1,42190,5,1899-12-30 15:55:00,381,E10000021,6,6018,6,30,0,-1,-1,0,0,0,1,1,1,0,0,1,1,E01027009,1.0,1.0,1.0,28.0,6.0,1.0,0.0,0.0,0.0,0.0,0.0,1.0,1.0,4.0
1147,201523S011020,1,8,0,18,0,0,0,0,0,0,1,1,1,1,63,9,-1,-1,-1,-1,1,-1,1,1,430122.0,262722.0,-1.56008,52.261843,23,1,1,1,30/09/2015,4,1899-12-30 03:45:00,294,E10000031,3,452,6,50,0,-1,-1,0,0,0,6,1,1,0,0,2,1,E01031260,1.0,3.0,1.0,18.0,4.0,1.0,9.0,8.0,0.0,0.0,0.0,0.0,3.0,8.0
1148,201550AH2S001,1,9,0,13,0,0,1,0,1,4,3,1,6,1,27,6,1995,1,6,-1,1,-1,1,1,177160.0,37431.0,-5.123549,50.194868,50,1,1,1,13/02/2015,6,1899-12-30 11:32:00,596,E06000052,3,39,6,60,0,-1,-1,0,0,0,1,2,2,5,0,2,1,E01018901,1.0,1.0,1.0,27.0,6.0,1.0,0.0,0.0,0.0,0.0,0.0,9.0,1.0,7.0
1149,201506A004752,1,5,0,18,0,1,1,10,0,10,3,1,6,1,28,6,600,1,1,-1,1,-1,1,1,384230.0,397780.0,-2.239071,53.476508,6,1,1,1,22/08/2015,7,1899-12-30 16:38:00,102,E08000003,3,34,2,30,6,4,6,0,0,0,1,1,1,0,0,1,1,E01033662,1.0,1.0,1.0,28.0,6.0,1.0,0.0,0.0,0.0,0.0,0.0,5.0,1.0,6.0
1150,201511NG10635,1,9,0,9,0,6,0,0,0,0,1,1,6,1,22,5,1149,1,11,-1,2,-1,1,1,423987.0,547209.0,-1.628231,54.819161,11,1,1,1,42283,4,1899-12-30 11:39:00,169,E06000047,4,6532,6,30,3,4,6,0,0,1,1,1,1,0,0,2,1,E01020620,1.0,3.0,2.0,77.0,11.0,1.0,5.0,3.0,0.0,0.0,0.0,0.0,2.0,3.0
1151,2015542512915,2,3,0,18,0,2,1,0,0,0,1,1,6,1,20,4,124,1,2,-1,2,-1,1,3,386682.0,141253.0,-2.19187,51.170361,54,1,3,1,21/03/2015,7,1899-12-30 16:12:00,635,E06000054,3,350,6,40,3,4,6,0,0,0,1,1,1,0,0,2,1,E01032081,1.0,1.0,1.0,20.0,4.0,1.0,0.0,0.0,0.0,0.0,0.0,3.0,2.0,6.0
1152,2015950005441,2,9,0,2,0,1,0,0,1,0,2,1,6,3,-1,-1,1870,2,12,-1,-1,-1,2,2,294610.0,665400.0,-3.685787,55.870204,95,1,2,2,25/11/2015,4,1899-12-30 07:00:00,940,S12000040,4,7066,6,40,3,4,3,706,0,0,6,1,2,0,0,1,1,,2.0,3.0,1.0,58.0,9.0,1.0,10.0,5.0,0.0,0.0,0.0,0.0,1.0,-1.0
1153,2015051502307,1,1,0,18,0,0,0,0,0,0,1,1,6,1,35,6,-1,-1,-1,-1,1,-1,1,2,333409.0,415385.0,-3.008457,53.630737,5,1,2,1,25/09/2015,6,1899-12-30 21:25:00,93,E08000014,6,0,6,30,0,-1,-1,0,0,0,4,1,1,0,0,1,1,E01007001,1.0,1.0,1.0,35.0,6.0,1.0,0.0,0.0,0.0,0.0,0.0,1.0,1.0,1.0
1154,2015555999676,2,9,0,18,0,0,0,0,0,0,1,1,6,1,65,9,1497,8,7,-1,3,-1,3,2,333534.0,95878.0,-2.943686,50.758673,55,1,2,3,15/03/2015,1,1899-12-30 14:30:00,645,E10000009,3,35,6,60,0,-1,-1,0,0,0,1,1,1,0,0,2,1,E01019961,3.0,1.0,1.0,65.0,9.0,2.0,0.0,0.0,0.0,0.0,0.0,9.0,3.0,4.0
1155,2015350031115,2,9,0,16,0,0,0,0,0,0,1,1,2,1,24,5,998,1,29,-1,2,-1,3,4,560600.0,291510.0,0.364392,52.497849,35,1,4,3,18/02/2015,4,1899-12-30 06:45:00,391,E10000003,3,10,6,60,0,-1,-1,0,0,0,1,1,2,0,0,2,1,E01018044,2.0,1.0,1.0,24.0,5.0,1.0,0.0,0.0,0.0,0.0,0.0,9.0,2.0,7.0
1156,2015440237257,1,9,0,18,0,0,5,0,7,4,1,1,6,1,46,8,1990,1,29,-1,3,-1,2,1,443242.0,134851.0,-1.383664,51.111329,44,1,1,2,42315,7,1899-12-30 03:45:00,502,E10000014,6,0,6,60,0,-1,-1,0,0,0,6,1,1,0,0,2,1,E01023274,2.0,2.0,1.0,21.0,5.0,3.0,0.0,0.0,1.0,0.0,0.0,9.0,1.0,5.0
1157,201506X002809,1,9,0,18,6,0,0,4,1,0,1,1,6,1,21,5,998,1,13,-1,2,-1,1,3,368900.0,393650.0,-2.469629,53.438701,6,1,3,1,27/06/2015,7,1899-12-30 02:11:00,107,E08000006,1,62,3,70,0,-1,-1,0,0,0,6,1,1,0,0,2,1,E01005621,1.0,1.0,1.0,21.0,5.0,1.0,0.0,0.0,0.0,0.0,0.0,9.0,2.0,6.0
1158,201543S036045,1,21,0,18,0,0,5,0,1,4,1,1,1,1,45,7,4500,2,-1,-1,1,-1,2,1,483882.0,245898.0,-0.776689,52.105064,43,1,1,2,14/04/2015,3,1899-12-30 07:42:00,479,E06000042,1,1,3,70,0,-1,-1,0,0,0,1,1,1,0,0,2,1,E01016802,2.0,2.0,1.0,51.0,8.0,2.0,0.0,0.0,0.0,0.0,0.0,21.0,-1.0,-1.0
1159,2015921500684,2,9,0,18,0,0,0,0,0,0,1,1,6,2,69,10,2987,2,-1,-1,3,-1,5,2,358340.0,799900.0,-2.689031,57.0882,92,1,2,5,14/06/2015,1,1899-12-30 01:10:00,911,S12000034,3,93,6,60,0,-1,-1,0,0,0,6,2,2,0,0,2,1,,4.0,2.0,1.0,45.0,7.0,2.0,0.0,0.0,2.0,0.0,0.0,9.0,3.0,-1.0
1160,201523S010640,1,1,0,9,0,6,0,0,0,0,3,1,6,1,81,11,-1,-1,-1,-1,1,-1,1,2,423868.0,272405.0,-1.651026,52.3492,23,1,2,1,27/06/2015,7,1899-12-30 10:38:00,294,E10000031,3,4177,6,50,3,4,6,0,0,0,1,1,1,0,0,2,1,E01031283,1.0,1.0,1.0,81.0,11.0,1.0,0.0,0.0,0.0,0.0,0.0,1.0,1.0,9.0
1161,2015440312702,1,9,0,4,0,8,0,0,0,0,0,1,6,2,45,7,1968,2,7,-1,1,-1,2,4,471950.0,105776.0,-0.979372,50.847041,44,1,4,2,42256,4,1899-12-30 09:50:00,495,E10000014,3,27,3,70,5,4,3,27,0,0,1,1,1,0,0,1,1,E01022954,,,,,,,,,,,,,,
1162,2015460264626,2,9,0,18,0,0,0,0,0,0,1,1,6,1,53,8,1798,1,6,-1,-1,-1,7,2,570320.0,172720.0,0.448568,51.427891,46,1,2,7,42136,7,1899-12-30 20:30:00,535,E10000016,5,2,6,50,0,-1,-1,0,0,0,6,1,2,0,0,2,1,E01024300,6.0,2.0,1.0,56.0,9.0,2.0,0.0,0.0,2.0,0.0,0.0,9.0,-1.0,-1.0
1163,2015543551015,1,1,0,18,0,0,0,4,0,0,1,1,6,1,54,8,-1,-1,-1,-1,2,-1,1,2,408427.0,196307.0,-1.879556,51.66548,54,1,2,1,23/04/2015,5,1899-12-30 15:57:00,635,E06000054,5,419,6,60,0,-1,-1,0,0,0,1,1,1,0,0,2,1,E01031935,1.0,1.0,1.0,54.0,8.0,1.0,0.0,0.0,0.0,0.0,0.0,1.0,2.0,8.0
1164,20154100K0650,1,19,0,18,0,1,0,0,1,0,1,1,6,1,51,8,1968,2,9,-1,1,-1,1,1,536590.0,204423.0,-0.023955,51.721902,41,1,1,1,26/06/2015,6,1899-12-30 11:30:00,430,E10000015,6,700,6,30,1,4,6,708,0,8,1,1,1,0,0,1,1,E01023342,1.0,3.0,1.0,52.0,8.0,1.0,5.0,1.0,0.0,0.0,0.0,0.0,1.0,3.0
1165,2015360091762,3,9,0,17,0,0,0,0,0,0,1,1,6,2,54,8,3200,2,8,-1,3,-1,5,3,563967.0,317430.0,0.426787,52.729655,36,1,3,5,42345,1,1899-12-30 15:40:00,407,E10000020,3,47,6,60,0,-1,-1,0,0,0,1,1,1,0,0,2,1,E01026724,4.0,2.0,2.0,53.0,8.0,3.0,0.0,0.0,1.0,0.0,0.0,9.0,1.0,1.0
1166,2015051501494,1,19,0,5,0,6,0,0,0,0,3,1,1,1,59,9,2402,2,7,-1,1,-1,1,2,338206.0,394531.0,-2.931803,53.443908,5,1,2,1,42344,6,1899-12-30 11:55:00,91,E08000012,3,580,3,30,6,4,4,5187,0,0,1,1,1,0,0,1,1,E01006730,,,,,,,,,,,,,,
1167,2015551501110,2,9,0,18,0,0,0,0,0,0,1,1,6,2,63,9,1560,2,2,-1,3,-1,6,3,388748.0,108245.0,-2.161285,50.873592,55,1,3,6,42258,2,1899-12-30 15:05:00,642,E10000009,3,350,6,60,0,-1,-1,0,0,0,1,1,1,0,0,2,1,E01020442,5.0,2.0,1.0,86.0,11.0,1.0,0.0,0.0,1.0,0.0,0.0,9.0,3.0,5.0
1168,2015921501352,2,9,0,18,0,0,0,0,0,0,3,1,6,1,58,9,1896,2,7,-1,3,-1,2,2,374090.0,809450.0,-2.430158,57.175145,92,1,2,2,42136,7,1899-12-30 14:42:00,911,S12000034,3,944,6,60,0,-1,-1,0,0,0,1,2,2,0,0,2,1,,2.0,2.0,2.0,59.0,9.0,2.0,0.0,0.0,1.0,0.0,0.0,9.0,3.0,-1.0
1169,2015450031282,2,9,0,17,0,0,0,0,1,10,1,1,6,2,57,9,1332,1,18,-1,3,-1,2,2,503924.0,134029.0,-0.517276,51.096161,45,1,2,2,28/10/2015,4,1899-12-30 07:20:00,517,E10000030,4,2133,6,30,0,-1,-1,0,0,0,1,2,2,0,0,2,1,E01030862,2.0,1.0,2.0,57.0,9.0,1.0,0.0,0.0,0.0,0.0,0.0,9.0,3.0,5.0
1170,201501TD00143,1,9,0,16,0,1,0,0,0,0,1,1,6,2,43,7,1796,1,10,-1,1,-1,4,2,546020.0,177620.0,0.10132,51.478697,1,1,2,4,42319,4,1899-12-30 12:21:00,6,E09000011,5,0,6,30,3,4,6,0,0,0,1,1,1,0,0,1,1,E01001669,1.0,1.0,2.0,43.0,7.0,2.0,0.0,0.0,0.0,0.0,0.0,9.0,1.0,4.0
1171,2015530209301,2,1,0,18,0,8,0,0,0,0,4,1,6,1,43,7,-1,-1,-1,-1,1,-1,1,2,389203.0,221062.0,-2.158285,51.888008,53,1,2,1,42339,2,1899-12-30 22:05:00,625,E10000013,3,40,3,70,5,4,3,40,0,0,6,5,2,0,0,1,1,E01022427,1.0,1.0,1.0,43.0,7.0,1.0,0.0,0.0,0.0,0.0,0.0,1.0,1.0,1.0
1172,201514A182115,1,9,0,18,0,0,0,0,0,0,1,1,2,2,47,8,998,1,1,-1,1,-1,2,2,453681.0,399891.0,-1.192347,53.492995,14,1,2,2,42136,7,1899-12-30 08:00:00,211,E08000017,3,630,6,60,0,-1,-1,0,0,0,1,4,2,0,0,2,1,E01007613,1.0,1.0,2.0,47.0,8.0,1.0,0.0,0.0,0.0,0.0,0.0,9.0,1.0,1.0
1173,20151322E1383,3,9,0,2,0,0,0,0,0,0,2,1,6,3,-1,-1,1984,1,12,-1,-1,-1,7,4,405153.0,422840.0,-1.923424,53.701969,13,1,4,7,14/02/2015,7,1899-12-30 20:30:00,202,E08000033,3,58,6,40,0,-1,-1,0,0,0,4,1,2,0,0,1,1,E01010959,,,,,,,,,,,,,,