,accident_index,vehicle_reference,vehicle_type,towing_and_articulation,vehicle_manoeuvre,vehicle_location-restricted_lane,junction_location,skidding_and_overturning,hit_object_in_carriageway,vehicle_leaving_carriageway,hit_object_off_carriageway,1st_point_of_impact,was_vehicle_left_hand_drive?,journey_purpose_of_driver,sex_of_driver,age_of_driver,age_band_of_driver,engine_capacity_(cc),propulsion_code,age_of_vehicle,driver_imd_decile,driver_home_area_type,vehicle_imd_decile,NUmber_of_Casualities_unique_to_accident_index,No_of_Vehicles_involved_unique_to_accident_index,location_easting_osgr,location_northing_osgr,longitude,latitude,police_force,accident_severity,number_of_vehicles,number_of_casualties,date,day_of_week,time,local_authority_(district),local_authority_(highway),1st_road_class,1st_road_number,road_type,speed_limit,junction_detail,junction_control,2nd_road_class,2nd_road_number,pedestrian_crossing-human_control,pedestrian_crossing-physical_facilities,light_conditions,weather_conditions,road_surface_conditions,special_conditions_at_site,carriageway_hazards,urban_or_rural_area,did_police_officer_attend_scene_of_accident,lsoa_of_accident_location,casualty_reference,casualty_class,sex_of_casualty,age_of_casualty,age_band_of_casualty,casualty_severity,pedestrian_location,pedestrian_movement,car_passenger,bus_or_coach_passenger,pedestrian_road_maintenance_worker,casualty_type,casualty_home_area_type,casualty_imd_decile
1174,2015471500824,1,9,0,18,0,0,1,0,1,9,1,1,6,1,86,11,2496,1,8,-1,2,-1,2,2,518370.0,120638.0,-0.315438,50.973002,47,1,2,2,42249,2,1899-12-30 12:12:00,562,E10000032,4,2135,6,50,0,-1,-1,0,0,0,1,1,2,0,0,2,1,E01031632,1.0,1.0,1.0,86.0,11.0,2.0,0.0,0.0,0.0,0.0,0.0,9.0,2.0,9.0
1175,201501TD00122,2,9,0,6,0,0,0,10,1,2,3,1,6,1,58,9,1998,1,17,-1,1,-1,3,2,509650.0,181810.0,-0.420863,51.52457,1,1,2,3,27/09/2015,1,1899-12-30 18:28:00,26,E09000017,5,0,6,30,0,-1,-1,0,0,0,7,9,1,0,0,1,1,E01002397,3.0,1.0,1.0,58.0,9.0,3.0,0.0,0.0,0.0,0.0,0.0,9.0,1.0,6.0
1176,20151323P0533,1,9,0,5,0,0,0,0,0,0,1,1,6,2,73,10,1591,1,3,-1,-1,-1,2,1,445430.0,422057.0,-1.313481,53.69299,13,1,1,2,25/03/2015,4,1899-12-30 12:00:00,206,E08000036,6,0,9,20,0,-1,-1,0,0,0,1,1,1,0,0,1,1,E01011841,1.0,3.0,2.0,75.0,10.0,1.0,10.0,9.0,0.0,0.0,0.0,0.0,1.0,4.0
1177,201550CB2W013,1,9,0,12,0,8,0,0,0,0,3,1,6,2,28,6,1596,1,13,-1,1,-1,1,2,255354.0,132734.0,-4.066147,51.07565,50,1,2,1,42043,1,1899-12-30 15:05:00,582,E10000008,3,3125,6,30,1,2,3,361,0,0,1,1,1,0,0,2,1,E01020124,,,,,,,,,,,,,,
1178,2015521503475,4,17,0,18,0,0,0,0,0,0,2,1,6,1,52,8,-1,2,9,-1,1,-1,1,4,366337.0,168398.0,-2.48543,51.413594,52,1,4,1,30/04/2015,5,1899-12-30 09:09:00,611,E06000022,3,4,3,70,0,-1,-1,0,0,0,1,1,1,0,0,1,1,E01014396,,,,,,,,,,,,,,
1179,201560S057584,4,9,0,18,0,1,0,0,0,0,0,1,1,1,33,6,-1,-1,-1,-1,-1,-1,4,6,336599.0,348524.0,-2.946822,53.030226,60,1,6,4,23/04/2015,5,1899-12-30 14:15:00,725,W06000006,6,0,6,60,8,4,6,0,0,0,1,1,1,0,0,2,1,W01000383,,,,,,,,,,,,,,
1180,2015460255713,2,9,0,18,0,0,0,0,0,0,3,1,2,2,19,4,1395,1,1,-1,-1,-1,2,3,577220.0,159550.0,0.541158,51.307474,46,1,3,2,25/04/2015,7,1899-12-30 20:29:00,536,E10000016,5,97,6,40,0,-1,-1,0,0,0,6,1,1,0,0,2,1,E01024335,2.0,1.0,2.0,19.0,4.0,3.0,0.0,0.0,0.0,0.0,0.0,9.0,-1.0,-1.0
1181,2015450022255,1,9,0,18,0,0,0,0,0,0,1,1,6,3,-1,-1,-1,-1,-1,-1,-1,-1,2,1,535754.0,142031.0,-0.059958,51.16143,45,1,1,2,42007,1,1899-12-30 21:15:00,516,E10000030,4,2028,6,50,0,-1,-1,0,0,0,6,1,1,0,0,2,1,E01030816,2.0,3.0,1.0,58.0,9.0,2.0,9.0,7.0,0.0,0.0,0.0,0.0,3.0,10.0
1182,2015530209921,3,9,0,4,0,0,0,0,0,0,4,1,6,2,53,8,1596,1,12,-1,2,-1,4,4,360748.0,204889.0,-2.569881,51.741321,53,1,4,4,15/07/2015,4,1899-12-30 11:26:00,622,E10000013,4,4231,6,60,0,-1,-1,0,0,0,1,1,2,0,0,2,1,E01022232,,,,,,,,,,,,,,
1183,201522C502654,1,5,0,16,0,0,0,10,7,4,1,1,6,1,42,7,599,1,8,-1,1,-1,1,1,384550.0,262670.0,-2.22779,52.261974,22,1,1,1,42132,4,1899-12-30 09:55:00,277,E10000034,3,449,3,70,0,-1,-1,0,0,0,1,1,1,0,0,2,1,E01032404,1.0,1.0,1.0,42.0,7.0,1.0,0.0,0.0,0.0,0.0,0.0,5.0,1.0,8.0
1184,2015215000643,1,9,0,13,0,0,0,0,0,0,1,1,5,1,31,6,-1,-1,-1,-1,1,-1,2,5,415243.0,315523.0,-1.775681,52.737127,21,1,5,2,30/01/2015,6,1899-12-30 05:45:00,252,E10000028,3,513,6,60,0,-1,-1,0,0,0,6,1,3,0,2,2,1,E01029477,1.0,1.0,1.0,31.0,6.0,3.0,0.0,0.0,0.0,0.0,0.0,9.0,1.0,8.0
1185,2015520504682,1,9,0,18,0,0,0,4,0,0,1,1,6,1,82,11,1984,1,8,-1,2,-1,2,3,351833.0,123624.0,-2.687942,51.00997,52,1,3,2,42162,2,1899-12-30 15:40:00,610,E10000027,3,303,3,70,0,-1,-1,0,0,0,1,1,1,0,0,2,1,E01029198,1.0,1.0,1.0,82.0,11.0,1.0,0.0,0.0,0.0,0.0,0.0,9.0,2.0,5.0
1186,201504SA15529,1,19,0,1,9,0,0,0,7,10,2,1,2,1,64,9,2198,2,4,-1,2,-1,1,1,355840.0,436510.0,-2.672313,53.822974,4,1,1,1,18/11/2015,4,1899-12-30 21:00:00,79,E10000017,6,0,6,20,0,-1,-1,0,0,0,4,2,2,0,0,2,1,E01025282,1.0,1.0,1.0,64.0,9.0,1.0,0.0,0.0,0.0,0.0,0.0,19.0,2.0,3.0
1187,2015300017286,1,3,0,18,0,8,1,0,0,0,1,1,6,1,19,4,-1,-1,-1,-1,1,-1,1,2,437940.0,333620.0,-1.437441,52.89869,30,1,2,1,24/12/2015,5,1899-12-30 08:45:00,323,E06000015,6,0,6,30,6,4,6,0,0,0,1,2,2,0,0,1,1,E01013471,1.0,1.0,1.0,19.0,4.0,1.0,0.0,0.0,0.0,0.0,0.0,3.0,1.0,2.0
1188,2015521501321,2,9,0,18,0,0,0,0,0,0,1,1,6,1,35,6,-1,-1,-1,-1,3,-1,1,2,375916.0,180934.0,-2.348555,51.526799,52,1,2,1,42037,2,1899-12-30 05:21:00,612,E06000025,3,432,6,40,0,-1,-1,0,0,0,7,9,1,0,0,2,1,E01014891,,,,,,,,,,,,,,
1189,201563DP08415,1,9,0,18,0,0,5,0,0,0,3,1,6,1,44,7,-1,-1,-1,-1,1,-1,4,1,304900.0,215280.0,-3.381389,51.828014,63,1,1,4,28/04/2015,3,1899-12-30 23:15:00,753,W06000023,6,0,6,60,0,-1,-1,0,0,0,6,2,2,0,0,2,1,W01001897,1.0,1.0,1.0,44.0,7.0,1.0,0.0,0.0,0.0,0.0,0.0,9.0,1.0,-1.0
1190,201537EA92369,2,21,1,17,0,0,1,0,1,0,1,1,1,1,-1,-1,12902,2,2,-1,3,-1,1,2,591266.0,274305.0,0.805764,52.33348,37,1,2,1,42071,2,1899-12-30 08:55:00,414,E10000029,3,1088,6,60,0,-1,-1,0,0,0,1,1,1,0,0,2,1,E01030094,,,,,,,,,,,,,,
1191,201563DP04115,1,9,0,16,0,0,2,0,0,0,1,1,6,1,17,4,-1,-1,-1,-1,1,-1,7,2,297170.0,222170.0,-3.495572,51.888569,63,1,2,7,42158,6,1899-12-30 22:10:00,753,W06000023,3,470,6,60,0,-1,-1,0,0,0,6,4,1,0,0,2,1,W01001897,6.0,2.0,1.0,17.0,4.0,2.0,0.0,0.0,2.0,0.0,0.0,9.0,1.0,-1.0
1192,2015551501607,1,9,0,18,0,2,0,11,0,0,1,1,6,1,25,5,1870,2,13,-1,2,-1,4,1,412710.0,93960.0,-1.821223,50.745109,55,1,1,4,13/12/2015,1,1899-12-30 19:27:00,640,E06000028,3,3060,6,40,6,2,6,0,0,5,4,1,1,0,2,1,1,E01015319,3.0,3.0,1.0,49.0,8.0,1.0,1.0,3.0,0.0,0.0,0.0,0.0,-1.0,-1.0
1193,2015331500832,3,9,0,2,0,0,0,0,0,0,4,1,6,3,-1,-1,1998,2,13,-1,-1,-1,1,3,461810.0,305675.0,-1.087901,52.645301,33,1,3,1,30/05/2015,7,1899-12-30 17:34:00,364,E06000016,6,2154,6,30,0,-1,-1,0,0,0,1,1,1,0,0,1,1,E01013653,,,,,,,,,,,,,,
1194,201520G008735,1,9,0,18,9,2,1,10,1,10,1,1,6,1,16,4,1560,2,9,-1,1,-1,2,1,393100.0,294510.0,-2.103185,52.548393,20,1,1,2,20/07/2015,2,1899-12-30 11:56:00,309,E08000031,6,0,6,30,3,4,6,0,0,0,1,1,2,0,0,1,1,E01010531,1.0,3.0,1.0,27.0,6.0,1.0,6.0,9.0,0.0,0.0,0.0,0.0,1.0,2.0
1195,2015360093091,1,9,0,18,0,0,0,0,0,0,1,1,6,1,18,4,1200,1,11,-1,-1,-1,1,2,608418.0,327627.0,1.090623,52.805904,36,1,2,1,30/08/2015,1,1899-12-30 16:21:00,401,E10000020,5,267,6,60,0,-1,-1,0,0,0,1,2,2,0,0,2,1,E01026522,,,,,,,,,,,,,,
1196,2015120174927,1,9,0,18,0,1,0,0,7,11,1,1,6,1,48,8,1461,2,6,-1,1,-1,1,2,381447.0,461393.0,-2.284849,54.048164,12,1,2,1,42073,7,1899-12-30 12:00:00,180,E10000023,3,65,6,60,3,4,6,0,0,0,1,1,1,0,0,2,1,E01027573,,,,,,,,,,,,,,
1197,201511SC05615,2,9,0,18,0,8,0,0,0,0,1,1,1,1,61,9,1997,12,2,-1,3,-1,3,2,401540.0,513661.0,-1.977722,54.518244,11,1,2,3,42008,4,1899-12-30 15:52:00,169,E06000047,3,66,3,70,9,4,3,66,0,0,1,1,1,0,0,2,1,E01020863,2.0,1.0,1.0,61.0,9.0,3.0,0.0,0.0,0.0,0.0,0.0,9.0,3.0,7.0
1198,2015075361905,1,9,0,7,0,0,0,0,0,0,4,1,6,1,64,9,2231,2,2,-1,1,-1,1,2,389814.0,374527.0,-2.154181,53.267636,7,1,2,1,42106,6,1899-12-30 09:15:00,129,E06000049,6,0,6,30,0,-1,-1,0,0,0,1,1,1,0,0,1,2,E01018620,,,,,,,,,,,,,,
1199,2015621501467,1,9,0,16,0,0,0,0,0,0,1,1,6,1,26,6,-1,-1,-1,-1,1,-1,4,2,275724.0,189691.0,-3.795428,51.592319,62,1,2,4,16/08/2015,1,1899-12-30 21:55:00,743,W06000012,4,4286,3,30,0,-1,-1,0,0,0,4,1,1,0,0,2,1,W01000960,1.0,1.0,1.0,26.0,6.0,1.0,0.0,0.0,0.0,0.0,0.0,9.0,1.0,-1.0
1200,201501TD00005,1,3,0,18,0,8,0,0,0,0,3,1,6,1,35,6,124,1,1,-1,1,-1,1,2,532280.0,179600.0,-0.095673,51.499868,1,1,2,1,42339,2,1899-12-30 08:10:00,8,E09000028,3,3,6,30,6,2,5,0,0,0,1,1,1,0,0,1,1,E01003937,1.0,1.0,1.0,35.0,6.0,1.0,0.0,0.0,0.0,0.0,0.0,3.0,1.0,2.0
1201,201520S013245,1,9,0,18,0,6,1,10,1,0,3,1,6,2,36,7,1389,1,12,-1,1,-1,3,2,401770.0,281530.0,-1.975394,52.431746,20,1,2,3,42219,1,1899-12-30 18:38:00,300,E08000025,4,4121,3,40,6,4,6,0,0,0,4,1,1,0,0,1,1,E01008929,3.0,2.0,1.0,12.0,3.0,3.0,0.0,0.0,2.0,0.0,0.0,9.0,1.0,5.0
1202,2015961501820,2,20,0,18,0,0,0,0,1,11,1,1,1,1,28,6,-1,-1,-1,-1,3,-1,2,2,289799.0,683280.0,-3.769943,56.029699,96,1,2,2,42288,3,1899-12-30 14:40:00,924,S12000014,6,0,6,60,0,-1,-1,0,0,0,1,2,5,0,0,2,1,,2.0,1.0,1.0,28.0,6.0,2.0,0.0,0.0,0.0,0.0,0.0,20.0,3.0,-1.0
1203,2015621501574,1,9,0,12,0,0,0,0,0,0,1,1,6,1,22,5,-1,-1,-1,-1,1,-1,9,3,315064.0,177506.0,-3.224749,51.490098,62,1,3,9,13/09/2015,1,1899-12-30 11:49:00,741,W06000015,3,48,3,40,0,-1,-1,0,0,4,1,1,1,0,0,1,1,W01001782,7.0,2.0,2.0,51.0,8.0,2.0,0.0,0.0,2.0,0.0,0.0,9.0,1.0,-1.0
1204,201520S058035,2,19,0,18,0,0,0,0,0,0,1,1,6,1,54,8,1560,2,3,-1,3,-1,1,2,399830.0,284960.0,-2.00393,52.462585,20,1,2,1,28/10/2015,4,1899-12-30 20:23:00,300,E08000025,3,456,3,40,0,-1,-1,0,0,0,4,1,1,0,0,1,1,E01009253,,,,,,,,,,,,,,
1205,201591NN12506,2,9,0,18,0,0,0,0,0,0,1,1,6,1,41,7,1560,2,3,-1,3,-1,3,2,277505.0,853405.0,-4.048748,57.554095,91,1,2,3,42252,7,1899-12-30 08:14:00,927,S12000017,4,9039,6,60,0,-1,-1,0,0,0,1,1,1,0,0,2,1,,3.0,2.0,2.0,47.0,8.0,2.0,0.0,0.0,1.0,0.0,0.0,9.0,3.0,-1.0
1206,2015440265027,1,9,0,17,0,0,0,0,0,0,1,1,6,1,36,7,1686,2,4,-1,1,-1,4,2,463241.0,106740.0,-1.102893,50.856724,44,1,2,4,42012,7,1899-12-30 18:30:00,498,E06000044,6,0,6,40,0,-1,-1,0,0,0,1,1,1,0,0,2,1,E01017116,2.0,2.0,2.0,57.0,9.0,3.0,0.0,0.0,2.0,0.0,0.0,9.0,1.0,9.0
1207,201543P102075,2,9,0,18,0,1,0,0,0,0,1,1,3,2,37,7,1968,2,2,-1,1,-1,6,2,474126.0,178978.0,-0.933394,51.504884,43,1,2,6,42284,6,1899-12-30 15:30:00,484,E10000025,6,341,6,30,6,4,6,0,0,0,1,1,1,0,0,2,1,E01028660,4.0,2.0,1.0,9.0,2.0,3.0,0.0,0.0,2.0,0.0,0.0,9.0,1.0,10.0
1208,201550CH3A004,2,9,0,18,0,0,0,0,1,9,1,1,6,1,43,7,2494,8,1,-1,1,-1,2,2,242228.0,100914.0,-4.239586,50.786273,50,1,2,2,42344,6,1899-12-30 16:27:00,588,E10000008,3,3079,6,60,0,-1,-1,0,0,0,1,2,2,0,0,2,1,E01020290,2.0,1.0,1.0,43.0,7.0,2.0,0.0,0.0,0.0,0.0,0.0,9.0,1.0,9.0
1209,2015556000403,1,9,0,9,0,8,0,0,1,1,4,1,6,1,83,11,1870,2,12,-1,-1,-1,3,2,359441.0,104310.0,-2.57735,50.836889,55,1,2,3,13/05/2015,4,1899-12-30 12:06:00,645,E10000009,3,37,6,60,3,4,5,29,0,0,1,1,1,0,0,2,1,E01020530,1.0,1.0,1.0,83.0,11.0,3.0,0.0,0.0,0.0,0.0,0.0,9.0,3.0,5.0
1210,201504SC15208,2,5,0,18,0,8,2,0,0,0,1,1,6,1,21,5,998,1,6,-1,2,-1,1,2,363590.0,423620.0,-2.553065,53.707727,4,1,2,1,16/08/2015,1,1899-12-30 12:40:00,73,E10000017,3,675,6,40,8,4,6,0,0,0,1,1,1,0,0,2,1,E01024921,1.0,1.0,1.0,21.0,5.0,1.0,0.0,0.0,0.0,0.0,0.0,5.0,2.0,8.0
1211,2015440005671,1,9,0,16,0,0,0,0,7,4,1,1,6,1,65,9,-1,-1,-1,-1,-1,-1,1,1,439865.0,100070.0,-1.435701,50.798827,44,1,1,1,42156,3,1899-12-30 09:55:00,496,E10000014,6,0,6,40,0,-1,-1,0,0,0,1,2,2,0,0,2,1,E01022999,1.0,1.0,1.0,65.0,9.0,1.0,0.0,0.0,0.0,0.0,0.0,9.0,-1.0,-1.0
1212,2015551600632,4,9,0,18,0,1,0,0,1,0,1,1,6,1,35,6,1490,1,7,-1,-1,-1,2,4,367418.0,84978.0,-2.462356,50.663555,55,1,4,2,42136,7,1899-12-30 12:11:00,645,E10000009,3,354,6,60,5,4,6,0,0,0,1,4,1,0,0,2,1,E01020549,,,,,,,,,,,,,,
1213,201563AC12315,2,9,0,18,0,0,0,0,0,0,3,1,6,2,41,7,-1,-1,-1,-1,1,-1,3,4,243780.0,225120.0,-4.272143,51.902659,63,1,4,3,25/05/2015,2,1899-12-30 00:51:00,751,W06000010,3,485,6,50,0,-1,-1,0,0,0,6,1,2,0,0,2,1,W01000624,1.0,1.0,2.0,41.0,7.0,3.0,0.0,0.0,0.0,0.0,0.0,9.0,1.0,-1.0
1214,2015210032105,1,3,0,18,0,0,0,0,7,2,1,1,5,1,25,5,-1,-1,-1,-1,1,-1,1,1,405382.0,309020.0,-1.921832,52.678854,21,1,1,1,42227,1,1899-12-30 08:45:00,252,E10000028,6,214,6,30,0,-1,-1,0,0,0,1,2,2,0,0,1,2,E01029528,1.0,1.0,1.0,25.0,5.0,1.0,0.0,0.0,0.0,0.0,0.0,3.0,1.0,6.0
1215,2015320142240,1,9,0,18,0,0,1,0,0,0,1,1,6,1,29,6,2457,1,8,-1,3,-1,3,2,501482.0,359690.0,-0.48491,53.124731,32,1,2,3,26/12/2015,7,1899-12-30 09:39:00,353,E10000019,3,15,6,60,0,-1,-1,0,0,0,1,4,2,0,0,2,1,E01026211,2.0,1.0,1.0,29.0,6.0,2.0,0.0,0.0,0.0,0.0,0.0,9.0,3.0,7.0
1216,201542I138105,2,9,0,18,0,0,0,0,1,10,1,1,6,1,65,9,998,1,2,-1,2,-1,4,2,615847.0,219028.0,1.131032,51.828148,42,1,2,4,42343,3,1899-12-30 15:25:00,461,E10000012,3,133,6,60,0,-1,-1,0,0,0,1,1,1,0,0,2,1,E01022016,2.0,1.0,1.0,65.0,9.0,1.0,0.0,0.0,0.0,0.0,0.0,9.0,2.0,9.0
1217,201534TS80065,1,9,0,18,0,0,2,0,1,4,1,1,1,1,40,7,1229,1,9,-1,1,-1,1,1,465365.0,242491.0,-1.047654,52.076932,34,1,1,1,23/04/2015,5,1899-12-30 05:47:00,385,E10000021,3,43,3,70,0,-1,-1,0,0,0,6,1,1,0,0,2,1,E01027261,1.0,1.0,1.0,40.0,7.0,1.0,0.0,0.0,0.0,0.0,0.0,9.0,1.0,8.0
1218,201543P295075,1,9,0,17,0,0,1,0,7,4,4,1,6,1,27,6,-1,-1,-1,-1,1,-1,2,1,449204.0,194046.0,-1.290324,51.643069,43,1,1,2,27/07/2015,2,1899-12-30 15:14:00,483,E10000025,4,4016,6,40,0,-1,-1,0,0,0,1,1,1,0,0,2,1,E01028754,2.0,2.0,2.0,44.0,7.0,1.0,0.0,0.0,1.0,0.0,0.0,9.0,3.0,8.0
1219,2015075072816,2,5,0,18,0,1,1,0,1,10,1,1,6,1,57,9,599,1,10,-1,1,-1,1,2,373941.0,380431.0,-2.392652,53.320158,7,1,2,1,15/03/2015,1,1899-12-30 16:17:00,129,E06000049,3,50,6,60,8,4,6,0,0,0,1,1,1,0,0,2,1,E01018648,1.0,1.0,1.0,57.0,9.0,1.0,0.0,0.0,0.0,0.0,0.0,5.0,1.0,1.0
1220,2015460252961,2,9,0,4,0,0,0,0,1,4,2,1,6,2,62,9,1108,1,13,-1,3,-1,1,2,601010.0,126590.0,0.86364,51.003573,46,1,2,1,42218,1,1899-12-30 10:05:00,539,E10000016,3,259,6,60,0,-1,-1,0,0,0,1,1,1,0,0,2,1,E01024548,1.0,1.0,2.0,62.0,9.0,1.0,0.0,0.0,0.0,0.0,0.0,9.0,3.0,3.0
1221,201501TD00067,3,11,0,18,0,0,0,0,0,0,1,1,1,1,52,8,4461,2,2,-1,1,-1,3,3,523210.0,187460.0,-0.223524,51.572554,1,1,3,3,29/04/2015,4,1899-12-30 19:18:00,30,E09000003,6,0,6,30,0,-1,-1,0,0,0,1,1,1,0,0,1,1,E01000221,2.0,2.0,2.0,25.0,5.0,3.0,0.0,0.0,0.0,4.0,0.0,11.0,-1.0,-1.0
1222,2015548110315,1,1,0,18,0,0,0,4,0,0,1,1,6,1,71,10,-1,-1,-1,-1,1,-1,1,2,387139.0,170268.0,-2.186389,51.431266,54,1,2,1,42194,2,1899-12-30 09:10:00,635,E06000054,4,3353,6,30,0,-1,-1,0,0,0,1,1,1,0,0,1,1,E01031931,1.0,1.0,1.0,71.0,10.0,1.0,0.0,0.0,0.0,0.0,0.0,1.0,1.0,8.0
1223,201520J006955,2,9,0,2,0,2,0,0,0,0,1,1,6,1,47,8,1587,1,13,-1,1,-1,4,2,395780.0,289490.0,-2.063598,52.503292,20,1,2,4,20/06/2015,7,1899-12-30 15:04:00,303,E08000027,6,0,6,30,3,4,6,0,0,0,1,1,2,0,0,1,1,E01009894,3.0,2.0,1.0,-1.0,-1.0,3.0,0.0,0.0,2.0,0.0,0.0,9.0,1.0,5.0
1224,20154100F0650,2,90,0,2,0,0,0,0,1,10,2,1,6,3,-1,-1,2800,2,11,-1,1,-1,1,2,516626.0,208597.0,-0.311434,51.763918,41,1,2,1,20/10/2015,3,1899-12-30 02:01:00,434,E10000015,6,383,6,30,0,-1,-1,0,0,0,5,1,1,0,0,1,1,E01023714,,,,,,,,,,,,,,
1225,2015460264626,1,9,0,16,0,0,1,0,0,0,1,1,6,1,23,5,998,1,1,-1,-1,-1,7,2,570320.0,172720.0,0.448568,51.427891,46,1,2,7,42136,7,1899-12-30 20:30:00,535,E10000016,5,2,6,50,0,-1,-1,0,0,0,6,1,2,0,0,2,1,E01024300,4.0,2.0,1.0,16.0,4.0,2.0,0.0,0.0,2.0,0.0,0.0,9.0,1.0,4.0
1226,201523S031109,2,9,0,16,0,0,0,0,0,0,1,1,6,1,36,7,1783,1,15,-1,2,-1,2,4,417447.0,265419.0,-1.745649,52.286635,23,1,4,2,19/10/2015,2,1899-12-30 19:10:00,293,E10000031,3,4189,6,50,0,-1,-1,0,0,0,6,1,1,0,0,2,1,E01031195,2.0,1.0,1.0,36.0,7.0,1.0,0.0,0.0,0.0,0.0,0.0,9.0,2.0,5.0
1227,2015471502427,1,9,0,18,0,0,0,0,0,0,1,1,6,2,75,10,1598,1,6,-1,1,-1,3,2,496557.0,101269.0,-0.631125,50.802944,47,1,2,3,42068,1,1899-12-30 16:37:00,558,E10000032,3,259,6,60,0,-1,-1,0,0,0,1,1,1,0,0,2,1,E01031417,2.0,2.0,1.0,80.0,11.0,2.0,0.0,0.0,1.0,0.0,0.0,9.0,1.0,9.0
1228,2015300014283,2,9,0,18,0,0,0,0,0,0,1,1,6,1,86,11,1229,1,9,-1,1,-1,1,2,443950.0,362790.0,-1.34414,53.160429,30,1,2,1,42191,1,1899-12-30 17:44:00,321,E10000007,4,6039,6,50,0,-1,-1,0,0,0,1,1,1,0,0,2,1,E01019520,,,,,,,,,,,,,,
1229,2015331501470,2,9,0,17,0,0,0,0,0,0,1,1,6,1,54,8,2720,2,9,-1,3,-1,3,2,473545.0,326490.0,-0.909835,52.830924,33,1,2,3,21/09/2015,2,1899-12-30 12:50:00,365,E10000018,5,7301,6,60,0,-1,-1,0,0,0,1,2,2,0,0,2,1,E01025891,2.0,2.0,2.0,53.0,8.0,3.0,0.0,0.0,1.0,0.0,0.0,9.0,3.0,7.0
1230,2015556000356,1,19,0,13,0,0,0,0,0,0,1,1,6,1,45,7,2459,2,13,-1,1,-1,6,3,361748.0,98868.0,-2.544021,50.788111,55,1,3,6,42221,6,1899-12-30 22:15:00,645,E10000009,3,37,6,60,0,-1,-1,0,0,0,6,7,1,0,0,2,1,E01020529,5.0,2.0,2.0,37.0,7.0,2.0,0.0,0.0,1.0,0.0,0.0,19.0,1.0,6.0
1231,2015120002277,2,9,0,18,0,0,0,0,0,0,1,1,6,2,29,6,1598,1,11,-1,1,-1,4,3,440835.0,486873.0,-1.374398,54.275879,12,1,3,4,42125,2,1899-12-30 09:35:00,181,E10000023,3,168,6,60,0,-1,-1,0,0,0,1,1,2,0,0,2,1,E01027633,2.0,2.0,1.0,8.0,2.0,3.0,0.0,0.0,2.0,0.0,0.0,9.0,1.0,5.0
1232,2015460253283,1,9,0,17,0,0,0,0,1,4,3,1,6,1,18,4,1396,1,12,-1,2,-1,4,2,563880.0,161730.0,0.350952,51.331054,46,1,2,4,42340,5,1899-12-30 19:10:00,535,E10000016,6,1793,6,60,0,-1,-1,0,0,0,6,1,2,0,0,2,1,E01024274,1.0,1.0,1.0,18.0,4.0,1.0,0.0,0.0,0.0,0.0,0.0,9.0,2.0,9.0
1233,201501TD00074,1,9,0,18,0,0,0,4,1,0,2,1,6,1,19,4,1596,1,10,-1,1,-1,5,4,519040.0,188610.0,-0.283276,51.583785,1,1,4,5,31/05/2015,1,1899-12-30 03:05:00,28,E09000005,5,0,6,30,0,-1,-1,0,0,0,5,2,2,0,0,1,1,E01033463,5.0,2.0,1.0,32.0,6.0,3.0,0.0,0.0,1.0,0.0,0.0,9.0,1.0,7.0
1234,201501TD00051,1,9,0,18,0,0,0,0,7,10,1,1,6,1,34,6,3999,1,4,-1,1,-1,2,2,518030.0,168400.0,-0.304599,51.402359,1,1,2,2,31/03/2015,3,1899-12-30 21:00:00,23,E09000021,3,240,6,30,0,-1,-1,0,0,4,4,1,1,0,0,1,1,E01002965,1.0,3.0,2.0,21.0,5.0,1.0,4.0,3.0,0.0,0.0,2.0,0.0,1.0,7.0
1235,201506A098841,1,9,0,9,0,5,0,0,0,0,1,1,6,1,29,6,1598,1,12,-1,1,-1,1,2,388160.0,402470.0,-2.180038,53.518767,6,1,2,1,25/03/2015,4,1899-12-30 17:48:00,102,E08000003,4,6393,3,30,6,2,5,0,0,0,1,1,1,0,0,1,1,E01005252,,,,,,,,,,,,,,
1236,201504WD15039,2,9,0,9,0,5,2,0,0,0,3,1,6,2,43,7,1242,1,11,-1,2,-1,1,2,338320.0,447140.0,-2.940565,53.916715,4,1,2,1,42280,3,1899-12-30 12:20:00,85,E10000017,3,588,6,60,8,4,6,0,0,0,1,1,1,0,0,2,1,E01025585,,,,,,,,,,,,,,
1237,2015440175195,3,9,0,18,0,0,0,0,0,0,1,1,6,2,57,9,1596,1,11,-1,2,-1,7,4,446044.0,84605.0,-1.349956,50.659307,44,1,4,7,24/05/2015,1,1899-12-30 13:09:00,505,E06000046,4,3323,6,60,0,-1,-1,0,0,0,1,1,1,0,0,2,1,E01017294,5.0,2.0,2.0,22.0,5.0,3.0,0.0,0.0,1.0,0.0,0.0,9.0,2.0,4.0
1238,2015460258945,2,9,0,16,0,0,0,0,0,0,0,1,6,1,33,6,1896,2,15,-1,1,-1,1,2,634840.0,164670.0,1.369846,51.332598,46,1,2,1,14/07/2015,3,1899-12-30 00:17:00,541,E10000016,3,299,3,50,0,-1,-1,0,0,0,6,1,1,0,0,2,1,E01024652,,,,,,,,,,,,,,
1239,2015460253283,1,9,0,17,0,0,0,0,1,4,3,1,6,1,18,4,1396,1,12,-1,2,-1,4,2,563880.0,161730.0,0.350952,51.331054,46,1,2,4,42340,5,1899-12-30 19:10:00,535,E10000016,6,1793,6,60,0,-1,-1,0,0,0,6,1,2,0,0,2,1,E01024274,3.0,2.0,1.0,18.0,4.0,1.0,0.0,0.0,2.0,0.0,0.0,9.0,-1.0,-1.0