,accident_index,vehicle_reference,vehicle_type,towing_and_articulation,vehicle_manoeuvre,vehicle_location-restricted_lane,junction_location,skidding_and_overturning,hit_object_in_carriageway,vehicle_leaving_carriageway,hit_object_off_carriageway,1st_point_of_impact,was_vehicle_left_hand_drive?,journey_purpose_of_driver,sex_of_driver,age_of_driver,age_band_of_driver,engine_capacity_(cc),propulsion_code,age_of_vehicle,driver_imd_decile,driver_home_area_type,vehicle_imd_decile,NUmber_of_Casualities_unique_to_accident_index,No_of_Vehicles_involved_unique_to_accident_index,location_easting_osgr,location_northing_osgr,longitude,latitude,police_force,accident_severity,number_of_vehicles,number_of_casualties,date,day_of_week,time,local_authority_(district),local_authority_(highway),1st_road_class,1st_road_number,road_type,speed_limit,junction_detail,junction_control,2nd_road_class,2nd_road_number,pedestrian_crossing-human_control,pedestrian_crossing-physical_facilities,light_conditions,weather_conditions,road_surface_conditions,special_conditions_at_site,carriageway_hazards,urban_or_rural_area,did_police_officer_attend_scene_of_accident,lsoa_of_accident_location,casualty_reference,casualty_class,sex_of_casualty,age_of_casualty,age_band_of_casualty,casualty_severity,pedestrian_location,pedestrian_movement,car_passenger,bus_or_coach_passenger,pedestrian_road_maintenance_worker,casualty_type,casualty_home_area_type,casualty_imd_decile
1240,2015471500009,1,9,0,18,0,8,0,0,0,0,1,1,6,1,23,5,2521,1,8,-1,1,-1,1,2,580352.0,108911.0,0.560794,50.851599,47,1,2,1,42005,5,1899-12-30 03:59:00,552,E10000011,3,259,6,30,3,2,3,2102,0,5,4,4,1,0,0,1,1,E01020984,,,,,,,,,,,,,,
1241,2015471505284,1,3,0,18,0,0,0,0,1,4,1,1,6,1,20,4,124,1,4,-1,1,-1,1,1,525317.0,135078.0,-0.211552,51.101318,47,1,1,1,13/09/2015,1,1899-12-30 12:30:00,560,E10000032,3,2220,3,40,0,-1,-1,0,0,0,1,1,1,0,0,1,1,E01031546,1.0,1.0,1.0,20.0,4.0,1.0,0.0,0.0,0.0,0.0,0.0,3.0,1.0,5.0
1242,201543P296025,6,9,0,18,0,0,0,0,0,0,1,1,6,2,44,7,1341,1,11,-1,1,-1,36,37,455113.0,220016.0,-1.200828,51.875998,43,1,37,36,14/02/2015,7,1899-12-30 07:45:00,481,E10000025,1,40,3,70,0,-1,-1,0,0,0,1,7,2,0,3,2,1,E01028497,3.0,1.0,2.0,44.0,7.0,2.0,0.0,0.0,0.0,0.0,0.0,9.0,1.0,6.0
1243,2015471501897,1,9,0,9,0,6,0,0,0,0,3,1,6,1,83,11,1840,1,12,-1,1,-1,2,2,538334.0,132513.0,-0.026732,51.075277,47,1,2,2,42159,2,1899-12-30 15:11:00,556,E10000011,6,0,6,60,3,4,6,0,0,0,1,1,1,0,0,2,1,E01021168,1.0,1.0,1.0,83.0,11.0,1.0,0.0,0.0,0.0,0.0,0.0,9.0,1.0,9.0
1244,201542I180206,1,21,1,18,0,0,0,0,0,0,1,1,1,1,59,9,12777,2,5,-1,1,-1,1,1,544307.0,195543.0,0.084021,51.640183,42,1,1,1,15/06/2015,2,1899-12-30 22:53:00,456,E10000012,1,11,3,70,0,-1,-1,0,0,0,6,1,1,0,0,2,1,E01021750,1.0,3.0,1.0,36.0,7.0,1.0,5.0,1.0,0.0,0.0,0.0,0.0,1.0,1.0
1245,2015300015496,2,5,0,9,0,8,5,0,0,0,3,1,6,1,54,8,1584,1,4,-1,1,-1,2,2,419510.0,382790.0,-1.708437,53.341654,30,1,2,2,23/08/2015,1,1899-12-30 08:59:00,325,E10000007,3,6187,6,50,8,4,6,0,0,0,1,1,1,0,0,2,1,E01019735,2.0,1.0,1.0,54.0,8.0,2.0,0.0,0.0,0.0,0.0,0.0,5.0,1.0,8.0
1246,201514B027115,1,8,0,18,0,1,5,10,2,11,1,1,1,1,67,10,1753,2,7,-1,2,-1,4,1,435330.0,400344.0,-1.46888,53.498615,14,1,1,4,25/03/2015,4,1899-12-30 23:00:00,210,E08000016,3,6135,6,30,3,4,6,0,0,0,4,1,1,0,0,2,1,E01007424,3.0,2.0,2.0,82.0,11.0,3.0,0.0,0.0,2.0,0.0,0.0,8.0,2.0,7.0
1247,2015300016252,2,19,0,4,0,0,0,0,0,0,2,1,1,1,30,6,1598,2,1,-1,1,-1,1,2,437790.0,368880.0,-1.435546,53.21564,30,1,2,1,13/10/2015,3,1899-12-30 15:45:00,322,E10000007,5,277,6,30,0,-1,-1,0,0,0,1,1,1,0,0,1,1,E01019577,,,,,,,,,,,,,,
1248,201531B172115,1,9,0,18,0,0,0,0,7,4,1,1,6,1,70,10,1395,1,2,-1,1,-1,3,1,471197.0,356714.0,-0.938044,53.102882,31,1,1,3,18/08/2015,3,1899-12-30 12:10:00,345,E10000024,3,617,6,50,0,-1,-1,0,0,0,1,8,5,0,0,2,2,E01028312,1.0,2.0,2.0,68.0,10.0,1.0,0.0,0.0,2.0,0.0,0.0,9.0,1.0,2.0
1249,201560S129152,2,9,0,18,0,1,0,0,0,0,4,1,6,1,29,6,-1,-1,-1,-1,-1,-1,1,4,253698.0,372119.0,-4.193021,53.225909,60,1,4,1,24/08/2015,2,1899-12-30 17:30:00,720,W06000001,3,55,3,70,5,4,3,55,0,0,1,1,1,0,0,2,1,W01000008,,,,,,,,,,,,,,
1250,201511SB15885,1,5,0,18,0,0,0,0,7,11,1,1,6,1,22,5,690,1,1,-1,3,-1,1,1,390546.0,540464.0,-2.14843,54.759025,11,1,1,1,42132,4,1899-12-30 11:25:00,169,E06000047,6,0,6,60,0,-1,-1,0,0,0,1,1,2,0,0,2,1,E01020889,1.0,1.0,1.0,22.0,5.0,1.0,0.0,0.0,0.0,0.0,0.0,5.0,3.0,7.0
1251,2015331500169,1,20,0,16,0,8,0,0,0,0,1,1,1,1,43,7,5861,2,14,-1,1,-1,2,2,501854.0,310818.0,-0.494653,52.685488,33,1,2,2,16/02/2015,2,1899-12-30 15:42:00,368,E06000017,5,9304,6,60,3,4,6,9219,0,0,1,2,2,0,0,2,1,E01013805,1.0,1.0,1.0,43.0,7.0,1.0,0.0,0.0,0.0,0.0,0.0,20.0,1.0,5.0
1252,201501TD00076,1,9,0,18,0,0,0,0,0,0,4,1,6,1,22,5,1364,1,9,-1,1,-1,4,1,540700.0,171490.0,0.022328,51.424961,1,1,1,4,42191,1,1899-12-30 18:20:00,19,E09000006,3,2212,6,30,0,-1,-1,0,0,8,1,1,1,0,0,1,1,E01000818,4.0,2.0,1.0,20.0,4.0,2.0,0.0,0.0,1.0,0.0,0.0,9.0,1.0,2.0
1253,201523S010609,1,9,0,17,0,0,1,0,7,10,3,1,6,1,20,4,1124,1,11,-1,1,-1,5,1,432870.0,265324.0,-1.519565,52.285079,23,1,1,5,20/06/2015,7,1899-12-30 02:45:00,294,E10000031,3,425,6,30,0,-1,-1,0,0,0,4,1,2,0,0,1,1,E01031337,3.0,2.0,1.0,25.0,5.0,1.0,0.0,0.0,2.0,0.0,0.0,9.0,3.0,8.0
1254,2015471506971,1,9,0,9,0,8,0,0,0,0,1,1,6,1,78,11,-1,-1,-1,-1,2,-1,2,2,515051.0,122892.0,-0.361976,50.993935,47,1,2,2,25/11/2015,4,1899-12-30 16:49:00,562,E10000032,3,272,6,60,3,4,6,0,0,0,6,1,1,0,0,2,1,E01031611,2.0,2.0,2.0,77.0,11.0,1.0,0.0,0.0,1.0,0.0,0.0,9.0,2.0,9.0
1255,201520W036885,1,9,0,14,0,0,0,0,0,0,1,1,6,1,35,6,1781,1,11,-1,1,-1,5,1,404730.0,290390.0,-1.931735,52.511381,20,1,1,5,21/06/2015,1,1899-12-30 12:03:00,300,E08000025,6,0,6,30,0,-1,-1,0,0,8,1,1,1,0,0,1,1,E01009270,1.0,3.0,2.0,7.0,2.0,1.0,4.0,2.0,0.0,0.0,0.0,0.0,1.0,1.0
1256,201543R116105,1,9,0,18,0,0,5,0,1,4,4,1,6,1,60,9,1560,2,-1,-1,1,-1,7,1,485531.0,175464.0,-0.76996,51.471686,43,1,1,7,42348,2,1899-12-30 21:50:00,474,E06000040,1,4,3,70,0,-1,-1,0,0,0,6,1,1,0,0,2,1,E01016578,5.0,2.0,1.0,16.0,4.0,2.0,0.0,0.0,2.0,0.0,0.0,9.0,1.0,1.0
1257,2015440175317,2,9,0,17,0,0,1,0,0,0,1,1,6,1,44,7,1598,1,5,-1,3,-1,5,2,457532.0,79382.0,-1.188254,50.611323,44,1,2,5,24/05/2015,1,1899-12-30 16:55:00,505,E06000046,3,3055,6,60,0,-1,-1,0,0,0,1,1,1,0,0,2,1,E01017359,4.0,2.0,2.0,10.0,2.0,3.0,0.0,0.0,2.0,0.0,0.0,9.0,3.0,8.0
1258,2015120002277,3,21,1,18,0,0,0,0,0,0,3,1,1,1,55,8,12419,2,3,-1,1,-1,4,3,440835.0,486873.0,-1.374398,54.275879,12,1,3,4,42125,2,1899-12-30 09:35:00,181,E10000023,3,168,6,60,0,-1,-1,0,0,0,1,1,2,0,0,2,1,E01027633,,,,,,,,,,,,,,
1259,2015360088149,2,21,0,18,0,0,0,0,1,0,3,1,1,1,65,9,12130,2,16,-1,3,-1,2,3,639921.0,320314.0,1.551733,52.727212,36,1,3,2,25/02/2015,4,1899-12-30 15:50:00,405,E10000020,3,149,6,60,0,-1,-1,0,0,0,1,1,1,0,0,2,1,E01026783,,,,,,,,,,,,,,
1260,2015120002277,2,9,0,18,0,0,0,0,0,0,1,1,6,2,29,6,1598,1,11,-1,1,-1,4,3,440835.0,486873.0,-1.374398,54.275879,12,1,3,4,42125,2,1899-12-30 09:35:00,181,E10000023,3,168,6,60,0,-1,-1,0,0,0,1,1,2,0,0,2,1,E01027633,4.0,1.0,2.0,29.0,6.0,3.0,0.0,0.0,0.0,0.0,0.0,9.0,1.0,5.0
1261,201501TD00107,1,21,0,18,0,0,0,4,0,0,3,1,6,1,35,6,5880,2,9,-1,1,-1,1,2,524460.0,168650.0,-0.212121,51.403233,1,1,2,1,21/08/2015,6,1899-12-30 06:00:00,22,E09000024,4,286,6,30,0,-1,-1,0,0,8,1,1,1,0,0,1,1,E01003361,1.0,3.0,2.0,59.0,9.0,1.0,5.0,2.0,0.0,0.0,2.0,0.0,1.0,8.0
1262,2015471505878,1,19,0,18,0,0,0,4,0,0,1,1,1,1,53,8,2402,2,9,-1,1,-1,1,2,528492.0,138102.0,-0.165154,51.127794,47,1,2,1,42195,4,1899-12-30 21:20:00,560,E10000032,3,2011,3,70,0,-1,-1,0,0,0,6,1,1,0,0,1,1,E01031603,,,,,,,,,,,,,,
1263,2015230033364,2,9,0,18,0,0,0,0,0,0,0,1,5,1,51,8,1796,1,9,-1,1,-1,1,3,434596.0,285409.0,-1.492198,52.465532,23,1,3,1,13/10/2015,3,1899-12-30 17:50:00,291,E10000031,6,0,6,30,0,-1,-1,0,0,0,6,1,1,0,0,2,1,E01031089,,,,,,,,,,,,,,
1264,2015941500150,2,9,0,18,0,0,0,0,0,0,1,1,2,1,56,9,2982,2,-1,-1,3,-1,3,2,322627.0,717976.0,-3.253454,56.34778,94,1,2,3,19/02/2015,5,1899-12-30 06:30:00,925,S12000015,3,913,6,60,0,-1,-1,0,0,0,6,1,2,0,0,2,1,,2.0,1.0,1.0,56.0,9.0,2.0,0.0,0.0,0.0,0.0,0.0,9.0,3.0,-1.0
1265,201520W055705,1,9,0,18,0,0,0,0,0,0,1,1,6,1,35,6,1497,1,10,-1,1,-1,1,1,407720.0,290240.0,-1.887682,52.509999,20,1,1,1,25/08/2015,3,1899-12-30 18:46:00,300,E08000025,6,0,6,30,0,-1,-1,0,0,0,1,1,1,0,0,1,1,E01008916,1.0,3.0,1.0,2.0,1.0,1.0,5.0,4.0,0.0,0.0,0.0,0.0,1.0,1.0
1266,2015210031468,1,9,0,18,0,0,0,0,0,0,1,1,6,2,22,5,1199,2,3,-1,1,-1,1,1,408579.0,334369.0,-1.87389,52.906687,21,1,1,1,31/10/2015,7,1899-12-30 17:30:00,251,E10000028,3,522,6,30,0,-1,-1,0,0,0,4,1,1,0,0,1,2,E01029433,1.0,3.0,1.0,39.0,7.0,1.0,5.0,3.0,0.0,0.0,0.0,0.0,1.0,5.0
1267,2015320111436,1,19,0,18,0,0,0,0,0,0,1,1,6,1,31,6,-1,-1,-1,-1,-1,-1,1,1,496762.0,368258.0,-0.552832,53.2026,32,1,1,1,23/10/2015,6,1899-12-30 19:01:00,352,E10000019,3,1434,6,30,0,-1,-1,0,0,0,4,1,1,0,0,1,1,E01026175,1.0,3.0,1.0,70.0,10.0,1.0,5.0,3.0,0.0,0.0,0.0,0.0,1.0,2.0
1268,2015120133243,1,1,0,18,0,0,0,6,0,0,1,1,6,1,41,7,-1,-1,-1,-1,1,-1,1,1,405166.0,463045.0,-1.922564,54.063324,12,1,1,1,42043,1,1899-12-30 08:30:00,180,E10000023,4,6265,6,60,0,-1,-1,0,0,0,1,1,1,0,0,2,1,E01027557,1.0,1.0,1.0,41.0,7.0,1.0,0.0,0.0,0.0,0.0,0.0,1.0,1.0,10.0
1269,201504SB15158,2,9,0,4,0,0,0,0,0,0,1,1,6,2,19,4,1299,1,12,-1,2,-1,5,2,345040.0,415060.0,-2.832539,53.629169,4,1,2,5,18/08/2015,3,1899-12-30 11:55:00,84,E10000017,6,0,6,60,0,-1,-1,0,0,0,1,1,1,0,0,2,1,E01025513,4.0,2.0,1.0,15.0,3.0,3.0,0.0,0.0,2.0,0.0,0.0,9.0,2.0,5.0
1270,201543S139075,5,9,0,4,0,1,0,0,0,0,2,1,2,1,52,8,-1,-1,-1,-1,3,-1,5,5,489702.0,240546.0,-0.693142,52.056047,43,1,5,5,29/07/2015,4,1899-12-30 07:55:00,479,E06000042,1,1,3,70,5,4,1,1,0,0,1,1,1,0,0,2,1,E01033503,5.0,1.0,1.0,52.0,8.0,3.0,0.0,0.0,0.0,0.0,0.0,9.0,3.0,8.0
1271,201534TD80155,1,19,0,18,0,0,0,0,0,0,1,1,6,1,40,7,-1,-1,-1,-1,1,-1,1,4,474600.0,277107.0,-0.905302,52.386919,34,1,4,1,17/07/2015,6,1899-12-30 12:57:00,381,E10000021,3,508,6,30,0,-1,-1,0,0,0,1,1,1,0,0,2,1,E01027002,1.0,3.0,1.0,35.0,6.0,1.0,5.0,1.0,0.0,0.0,0.0,0.0,-1.0,-1.0
1272,201543P021015,3,19,0,18,0,8,0,0,1,11,1,1,2,1,25,5,2198,2,2,-1,1,-1,2,3,432168.0,197263.0,-1.536214,51.673222,43,1,3,2,42217,5,1899-12-30 17:49:00,483,E10000025,3,420,6,50,6,4,6,0,0,0,6,1,1,0,0,2,1,E01028737,1.0,1.0,1.0,25.0,5.0,1.0,0.0,0.0,0.0,0.0,0.0,19.0,1.0,5.0
1273,201543P173075,2,1,0,18,0,8,0,0,1,0,2,1,6,1,23,5,-1,-1,-1,-1,-1,-1,1,2,464980.0,203440.0,-1.06062,51.725923,43,1,2,1,13/07/2015,2,1899-12-30 03:52:00,484,E10000025,1,40,3,70,5,4,1,40,0,0,6,1,1,0,0,2,1,E01028646,1.0,1.0,1.0,23.0,5.0,1.0,0.0,0.0,0.0,0.0,0.0,1.0,-1.0,-1.0
1274,20151329R0752,2,90,0,18,0,0,0,0,0,0,2,1,6,1,20,4,-1,-1,-1,-1,-1,-1,5,2,444544.0,412334.0,-1.328288,53.60568,13,1,2,5,27/09/2015,1,1899-12-30 00:33:00,206,E08000036,3,6201,6,60,0,-1,-1,0,0,0,6,1,1,0,0,2,1,E01011858,3.0,2.0,2.0,18.0,4.0,1.0,0.0,0.0,0.0,0.0,0.0,90.0,2.0,2.0
1275,2015621501838,1,9,0,18,0,0,0,0,0,0,1,1,6,1,33,6,-1,-1,-1,-1,1,-1,3,4,307711.0,199625.0,-3.33645,51.687769,62,1,4,3,24/10/2015,7,1899-12-30 02:45:00,742,W06000024,3,4054,6,30,0,-1,-1,0,0,0,4,2,2,0,0,2,1,W01001302,3.0,2.0,1.0,41.0,7.0,1.0,0.0,0.0,2.0,0.0,0.0,9.0,2.0,-1.0
1276,201543R082115,2,1,0,18,0,0,0,0,0,0,1,1,6,2,71,10,-1,-1,-1,-1,1,-1,1,2,487042.0,168487.0,-0.749924,51.408737,43,1,2,1,42288,3,1899-12-30 18:55:00,470,E06000036,3,322,3,50,0,-1,-1,0,0,4,4,1,2,0,0,1,1,E01016249,1.0,1.0,2.0,71.0,10.0,1.0,0.0,0.0,0.0,0.0,0.0,1.0,1.0,6.0
1277,201563AC23615,1,9,0,18,0,0,0,0,0,0,1,1,2,1,33,6,-1,-1,-1,-1,3,-1,1,1,262150.0,221220.0,-4.003754,51.872467,63,1,1,1,29/08/2015,7,1899-12-30 20:54:00,751,W06000010,3,476,6,50,0,-1,-1,0,0,0,6,1,1,0,0,2,1,W01000677,1.0,3.0,1.0,49.0,8.0,1.0,9.0,9.0,0.0,0.0,0.0,0.0,3.0,-1.0
1278,201550JH2D001,3,9,0,18,0,0,0,0,1,0,1,1,6,2,41,7,-1,-1,-1,-1,3,-1,3,3,281054.0,52499.0,-3.673582,50.360344,50,1,3,3,31/01/2015,7,1899-12-30 11:37:00,584,E10000008,3,3122,6,60,0,-1,-1,0,0,0,1,1,2,0,0,2,1,E01020188,3.0,2.0,1.0,12.0,3.0,3.0,0.0,0.0,1.0,0.0,0.0,9.0,3.0,6.0
1279,20154100F0607,1,9,0,18,0,0,0,0,1,4,1,1,6,2,28,6,1149,1,9,-1,1,-1,1,1,512339.0,205545.0,-0.374512,51.737364,41,1,1,1,42134,2,1899-12-30 01:20:00,434,E10000015,3,414,3,70,0,-1,-1,0,0,0,4,1,1,0,0,2,1,E01023722,1.0,1.0,2.0,28.0,6.0,1.0,0.0,0.0,0.0,0.0,0.0,9.0,1.0,6.0
1280,2015331500303,2,21,1,18,0,0,0,0,0,0,2,1,1,1,38,7,10837,2,5,-1,1,-1,2,3,454170.0,278950.0,-1.205152,52.405885,33,1,3,2,17/03/2015,3,1899-12-30 23:31:00,363,E10000018,1,6,3,70,0,-1,-1,0,0,0,4,1,1,0,0,2,1,E01025808,2.0,1.0,1.0,38.0,7.0,3.0,0.0,0.0,0.0,0.0,0.0,21.0,1.0,1.0
1281,20151329R0752,1,9,0,18,0,0,0,0,1,1,1,1,6,1,22,5,3498,1,12,-1,1,-1,5,2,444544.0,412334.0,-1.328288,53.60568,13,1,2,5,27/09/2015,1,1899-12-30 00:33:00,206,E08000036,3,6201,6,60,0,-1,-1,0,0,0,6,1,1,0,0,2,1,E01011858,1.0,2.0,1.0,21.0,5.0,3.0,0.0,0.0,1.0,0.0,0.0,9.0,1.0,8.0
1282,2015460259031,2,11,0,17,0,1,0,0,0,0,2,1,1,1,56,9,6700,2,7,-1,1,-1,1,2,576430.0,154810.0,0.527496,51.265139,46,1,2,1,16/07/2015,5,1899-12-30 17:05:00,536,E10000016,3,229,2,30,3,4,6,0,0,0,1,1,1,0,0,1,1,E01024372,,,,,,,,,,,,,,
1283,2015132AD1605,1,11,0,16,0,0,0,11,0,0,1,1,1,1,52,8,7300,2,10,-1,1,-1,1,1,419106.0,432776.0,-1.711466,53.790952,13,1,1,1,14/10/2015,4,1899-12-30 21:39:00,200,E08000032,6,0,6,30,0,-1,-1,0,0,0,4,1,1,0,2,1,1,E01010610,1.0,3.0,1.0,43.0,7.0,1.0,8.0,8.0,0.0,0.0,0.0,0.0,1.0,1.0
1284,201534TC80025,2,9,0,18,0,0,0,0,0,0,0,1,6,1,50,8,1598,1,13,-1,-1,-1,1,2,487514.0,288240.0,-0.712688,52.485071,34,1,2,1,24/01/2015,7,1899-12-30 12:00:00,380,E10000021,5,170,6,40,0,-1,-1,0,0,0,1,1,2,0,0,1,1,E01026961,,,,,,,,,,,,,,
1285,201520K004295,1,1,0,18,0,1,0,0,1,0,3,1,6,1,15,3,-1,-1,-1,-1,1,-1,1,3,401430.0,294700.0,-1.980342,52.550145,20,1,3,1,26/03/2015,5,1899-12-30 19:39:00,305,E08000028,3,4031,3,40,3,2,6,0,0,0,4,1,2,0,0,1,1,E01009994,1.0,1.0,1.0,15.0,3.0,1.0,0.0,0.0,0.0,0.0,0.0,1.0,1.0,1.0
1286,201543P060065,2,9,0,12,0,0,0,0,0,0,0,1,6,3,-1,-1,-1,-1,-1,-1,-1,-1,1,2,466180.0,202965.0,-1.043339,51.721513,43,1,2,1,42222,2,1899-12-30 19:35:00,484,E10000025,1,40,3,70,0,-1,-1,0,0,0,1,1,1,0,0,2,1,E01028647,,,,,,,,,,,,,,
1287,2015120137181,1,5,0,17,0,0,0,0,1,2,1,1,6,1,24,5,636,1,-1,-1,1,-1,1,1,417569.0,497608.0,-1.731059,54.373679,12,1,1,1,42193,6,1899-12-30 23:43:00,184,E10000023,5,34,6,40,0,-1,-1,0,0,0,6,1,1,0,0,2,1,E01027771,1.0,1.0,1.0,24.0,5.0,1.0,0.0,0.0,0.0,0.0,0.0,5.0,1.0,5.0
1288,201542I222107,1,9,0,18,0,0,0,0,0,0,1,1,1,2,37,7,999,1,-1,-1,-1,-1,4,2,597769.0,215557.0,0.86707,51.803667,42,1,2,4,25/07/2015,7,1899-12-30 13:00:00,455,E10000012,6,0,6,60,0,-1,-1,0,0,0,1,1,1,0,0,2,1,E01021644,2.0,2.0,2.0,-1.0,-1.0,2.0,0.0,0.0,2.0,0.0,0.0,9.0,-1.0,-1.0
1289,201531B178515,2,19,0,16,0,0,0,0,0,0,1,1,2,1,44,7,2143,2,3,-1,3,-1,2,2,460001.0,389186.0,-1.099136,53.396104,31,1,2,2,42044,4,1899-12-30 17:00:00,341,E10000024,4,6463,6,60,0,-1,-1,0,0,0,1,2,2,0,0,2,1,E01028000,2.0,1.0,1.0,44.0,7.0,3.0,0.0,0.0,0.0,0.0,0.0,19.0,3.0,4.0
1290,2015331500028,2,9,0,18,0,2,0,0,0,0,1,1,6,1,57,9,4394,1,9,-1,1,-1,6,2,460720.0,305725.0,-1.103999,52.645873,33,1,2,6,42278,7,1899-12-30 20:25:00,364,E06000016,6,2161,6,30,3,4,6,2111,0,0,4,1,1,0,0,1,1,E01013655,6.0,2.0,2.0,57.0,9.0,2.0,0.0,0.0,1.0,0.0,0.0,9.0,1.0,6.0
1291,201514K254615,1,9,0,18,0,0,0,0,0,0,1,1,6,1,30,6,-1,-1,-1,-1,1,-1,1,2,433898.0,387656.0,-1.491828,53.384667,14,1,2,1,19/10/2015,2,1899-12-30 21:20:00,215,E08000019,6,0,6,30,0,-1,-1,0,0,0,4,1,1,0,0,1,1,E01008067,,,,,,,,,,,,,,
1292,2015521504649,1,9,0,18,0,0,0,0,0,0,1,1,6,1,77,11,1997,2,-1,-1,1,-1,2,2,358579.0,154992.0,-2.595411,51.292543,52,1,2,2,20/03/2015,6,1899-12-30 11:55:00,611,E06000022,4,3114,6,60,0,-1,-1,0,0,0,1,1,1,0,0,2,1,E01014418,1.0,1.0,1.0,77.0,11.0,1.0,0.0,0.0,0.0,0.0,0.0,9.0,1.0,4.0
1293,2015210026549,2,9,0,18,0,0,2,0,0,0,1,1,6,1,17,4,1390,1,4,-1,3,-1,7,5,382611.0,310740.0,-2.258725,52.694059,21,1,5,7,42162,2,1899-12-30 14:20:00,254,E10000028,3,5,6,60,0,-1,-1,0,0,0,1,1,1,0,0,2,1,E01029670,7.0,1.0,1.0,17.0,4.0,2.0,0.0,0.0,0.0,0.0,0.0,9.0,3.0,5.0
1294,201506P004456,2,9,0,18,0,8,0,0,0,0,3,1,1,1,46,8,1598,1,17,-1,-1,-1,1,2,388960.0,414360.0,-2.168397,53.625655,6,1,2,1,20/08/2015,5,1899-12-30 07:59:00,106,E08000005,4,6377,6,30,6,4,6,0,0,0,1,1,2,4,0,1,1,E01005494,1.0,1.0,1.0,46.0,8.0,1.0,0.0,0.0,0.0,0.0,0.0,9.0,-1.0,-1.0
1295,201542I026901,2,9,0,18,0,0,0,0,0,0,0,1,6,1,45,7,1596,1,7,-1,1,-1,1,2,542547.0,195844.0,0.058727,51.643336,42,1,2,1,28/01/2015,4,1899-12-30 18:52:00,456,E10000012,6,0,6,30,0,-1,-1,0,0,0,4,1,1,0,0,1,1,E01021789,,,,,,,,,,,,,,
1296,201522F502808,2,20,0,17,0,0,2,0,1,0,1,1,6,2,32,6,3920,2,11,-1,3,-1,1,2,343860.0,285430.0,-2.827745,52.463912,22,1,2,1,14/08/2015,6,1899-12-30 18:55:00,286,E06000051,3,49,6,60,0,-1,-1,0,0,0,1,1,1,0,0,2,1,E01029016,,,,,,,,,,,,,,
1297,2015100624415,2,19,0,18,0,0,0,0,0,0,1,1,1,1,45,7,2198,2,2,-1,3,-1,3,2,411345.0,605627.0,-1.822665,55.344548,10,1,2,3,42195,4,1899-12-30 12:18:00,139,E06000048,3,697,6,60,0,-1,-1,0,0,0,1,2,2,0,0,2,1,E01027365,3.0,2.0,1.0,41.0,7.0,2.0,0.0,0.0,0.0,0.0,0.0,19.0,2.0,9.0
1298,2015460256644,1,19,0,18,0,0,0,0,0,0,1,1,6,1,38,7,2198,2,8,-1,1,-1,2,1,621610.0,150270.0,1.171326,51.208621,46,1,1,2,15/05/2015,6,1899-12-30 04:05:00,531,E10000016,3,2,3,70,0,-1,-1,0,0,0,6,1,2,0,0,2,1,E01024042,1.0,1.0,1.0,38.0,7.0,3.0,0.0,0.0,0.0,0.0,0.0,19.0,1.0,5.0
1299,2015941500447,1,19,0,9,0,6,0,0,0,0,3,1,1,1,36,7,1560,2,2,-1,1,-1,2,2,308434.0,684094.0,-3.471313,56.040937,94,1,2,2,42314,5,1899-12-30 11:37:00,925,S12000015,3,985,6,50,3,4,4,9156,0,0,1,1,1,0,0,2,1,,,,,,,,,,,,,,,
1300,2015120092405,1,5,0,17,0,0,0,0,1,1,0,1,6,1,28,6,675,1,9,-1,3,-1,1,1,378655.0,474753.0,-2.328438,54.168126,12,1,1,1,42069,4,1899-12-30 19:25:00,180,E10000023,4,6479,6,60,0,-1,-1,0,0,0,1,1,1,0,0,2,1,E01027571,1.0,1.0,1.0,28.0,6.0,1.0,0.0,0.0,0.0,0.0,0.0,5.0,3.0,10.0
1301,2015420031677,1,9,0,1,5,0,0,0,0,0,4,1,6,1,44,7,1998,2,12,-1,-1,-1,1,1,602042.0,224821.0,0.934367,51.885323,42,1,1,1,42166,6,1899-12-30 09:10:00,455,E10000012,6,0,6,30,0,-1,-1,0,0,0,1,9,1,0,0,1,1,E01033722,1.0,3.0,2.0,91.0,11.0,1.0,10.0,9.0,0.0,0.0,0.0,0.0,-1.0,-1.0
1302,20151322D1759,1,9,0,14,0,8,0,0,1,4,1,1,6,1,23,5,2521,1,9,-1,-1,-1,2,1,441173.0,420135.0,-1.3782,53.676068,13,1,1,2,13/02/2015,6,1899-12-30 23:46:00,206,E08000036,3,645,2,40,3,1,6,0,0,0,4,1,2,0,0,2,1,E01011776,2.0,2.0,1.0,25.0,5.0,1.0,0.0,0.0,1.0,0.0,0.0,9.0,-1.0,-1.0
1303,2015556000356,3,9,0,18,0,0,0,0,0,0,0,1,6,2,25,5,1461,2,4,-1,1,-1,6,3,361748.0,98868.0,-2.544021,50.788111,55,1,3,6,42221,6,1899-12-30 22:15:00,645,E10000009,3,37,6,60,0,-1,-1,0,0,0,6,7,1,0,0,2,1,E01020529,,,,,,,,,,,,,,
1304,2015544361115,1,5,0,16,0,1,1,7,0,0,3,1,2,1,25,5,599,1,8,-1,1,-1,1,1,399640.0,172571.0,-2.006571,51.452122,54,1,1,1,19/05/2015,3,1899-12-30 06:08:00,635,E06000054,3,3102,6,50,1,4,6,0,0,0,1,1,2,0,0,2,1,E01032690,1.0,1.0,1.0,25.0,5.0,1.0,0.0,0.0,0.0,0.0,0.0,5.0,1.0,8.0