,accident_index,vehicle_reference,vehicle_type,towing_and_articulation,vehicle_manoeuvre,vehicle_location-restricted_lane,junction_location,skidding_and_overturning,hit_object_in_carriageway,vehicle_leaving_carriageway,hit_object_off_carriageway,1st_point_of_impact,was_vehicle_left_hand_drive?,journey_purpose_of_driver,sex_of_driver,age_of_driver,age_band_of_driver,engine_capacity_(cc),propulsion_code,age_of_vehicle,driver_imd_decile,driver_home_area_type,vehicle_imd_decile,NUmber_of_Casualities_unique_to_accident_index,No_of_Vehicles_involved_unique_to_accident_index,location_easting_osgr,location_northing_osgr,longitude,latitude,police_force,accident_severity,number_of_vehicles,number_of_casualties,date,day_of_week,time,local_authority_(district),local_authority_(highway),1st_road_class,1st_road_number,road_type,speed_limit,junction_detail,junction_control,2nd_road_class,2nd_road_number,pedestrian_crossing-human_control,pedestrian_crossing-physical_facilities,light_conditions,weather_conditions,road_surface_conditions,special_conditions_at_site,carriageway_hazards,urban_or_rural_area,did_police_officer_attend_scene_of_accident,lsoa_of_accident_location,casualty_reference,casualty_class,sex_of_casualty,age_of_casualty,age_band_of_casualty,casualty_severity,pedestrian_location,pedestrian_movement,car_passenger,bus_or_coach_passenger,pedestrian_road_maintenance_worker,casualty_type,casualty_home_area_type,casualty_imd_decile
1305,201543P296025,11,9,0,18,0,0,0,0,0,0,1,1,6,1,60,9,1461,2,2,-1,1,-1,36,37,455113.0,220016.0,-1.200828,51.875998,43,1,37,36,14/02/2015,7,1899-12-30 07:45:00,481,E10000025,1,40,3,70,0,-1,-1,0,0,0,1,7,2,0,3,2,1,E01028497,,,,,,,,,,,,,,
1306,201514A123215,1,9,0,13,0,0,2,10,7,11,1,1,6,3,-1,-1,1998,1,10,-1,1,-1,3,2,463376.0,401630.0,-1.045886,53.507548,14,1,2,3,25/08/2015,3,1899-12-30 12:45:00,211,E08000017,4,1396,6,30,0,-1,-1,0,0,0,1,1,1,0,0,2,1,E01007603,2.0,2.0,1.0,26.0,6.0,1.0,0.0,0.0,2.0,0.0,0.0,9.0,-1.0,-1.0
1307,2015100104515,2,9,0,18,0,8,0,0,0,0,1,1,6,1,31,6,1896,2,15,-1,2,-1,2,2,416683.0,612212.0,-1.738108,55.403566,10,1,2,2,17/02/2015,3,1899-12-30 19:21:00,139,E06000048,4,6341,6,60,3,4,6,0,0,0,6,1,1,0,0,2,1,E01027358,2.0,1.0,1.0,31.0,6.0,3.0,0.0,0.0,0.0,0.0,0.0,9.0,2.0,5.0
1308,201506A004792,1,9,0,18,0,0,1,10,4,2,4,1,6,1,19,4,1396,1,14,-1,1,-1,3,2,387540.0,401600.0,-2.189354,53.510933,6,1,2,3,15/08/2015,7,1899-12-30 01:13:00,102,E08000003,4,6393,3,30,0,-1,-1,0,0,0,4,1,2,0,0,1,1,E01005225,2.0,2.0,1.0,21.0,5.0,1.0,0.0,0.0,1.0,0.0,0.0,9.0,1.0,1.0
1309,2015360091195,2,17,4,2,0,0,0,0,0,0,2,1,1,1,40,7,6788,2,4,-1,1,-1,1,2,625284.0,314803.0,1.331602,52.684044,36,1,2,1,16/06/2015,3,1899-12-30 17:35:00,401,E10000020,4,1150,6,50,0,-1,-1,0,0,0,1,1,1,0,0,2,1,E01026550,,,,,,,,,,,,,,
1310,2015471504509,1,5,0,18,0,1,0,0,0,0,1,1,6,1,31,6,806,1,1,-1,1,-1,1,2,538769.0,109297.0,-0.029378,50.866531,47,1,2,1,42163,5,1899-12-30 18:36:00,554,E10000011,3,27,3,50,3,4,6,0,0,0,1,1,1,0,0,2,1,E01021032,1.0,1.0,1.0,31.0,6.0,1.0,0.0,0.0,0.0,0.0,0.0,5.0,1.0,5.0
1311,2015621500441,1,9,0,18,0,1,0,0,0,0,1,1,6,1,25,5,-1,-1,-1,-1,3,-1,1,1,317286.0,176028.0,-3.192405,51.477141,62,1,1,1,27/02/2015,6,1899-12-30 17:08:00,741,W06000015,6,0,6,30,6,4,6,0,0,4,1,1,1,0,0,1,1,W01001855,1.0,3.0,1.0,12.0,3.0,1.0,4.0,1.0,0.0,0.0,0.0,0.0,1.0,-1.0
1312,2015556000403,1,9,0,9,0,8,0,0,1,1,4,1,6,1,83,11,1870,2,12,-1,-1,-1,3,2,359441.0,104310.0,-2.57735,50.836889,55,1,2,3,13/05/2015,4,1899-12-30 12:06:00,645,E10000009,3,37,6,60,3,4,5,29,0,0,1,1,1,0,0,2,1,E01020530,2.0,2.0,2.0,80.0,11.0,1.0,0.0,0.0,1.0,0.0,0.0,9.0,3.0,5.0
1313,201520M012685,1,9,0,18,0,1,0,0,0,0,1,1,6,1,32,6,2179,2,1,-1,1,-1,1,1,434400.0,279040.0,-1.495737,52.408289,20,1,1,1,17/08/2015,2,1899-12-30 21:18:00,302,E08000026,3,4600,3,30,3,2,6,0,0,5,4,1,1,0,0,1,1,E01009635,1.0,3.0,2.0,24.0,5.0,1.0,1.0,3.0,0.0,0.0,0.0,0.0,-1.0,-1.0
1314,2015530209630,1,9,0,17,0,0,1,0,7,4,4,1,6,1,20,4,1339,1,7,-1,-1,-1,3,2,365500.0,216526.0,-2.502223,51.846259,53,1,2,3,14/07/2015,3,1899-12-30 20:08:00,622,E10000013,3,4136,6,60,0,-1,-1,0,0,0,1,2,2,0,0,2,1,E01022240,1.0,1.0,1.0,20.0,4.0,1.0,0.0,0.0,0.0,0.0,0.0,9.0,1.0,6.0
1315,2015521501816,3,2,0,18,0,0,0,0,0,0,2,1,6,2,21,5,48,1,2,-1,3,-1,1,3,367283.0,175979.0,-2.472531,51.481812,52,1,3,1,29/01/2015,5,1899-12-30 15:17:00,612,E06000025,3,4174,3,70,0,-1,-1,0,0,0,1,1,1,0,0,2,1,E01033334,1.0,1.0,2.0,21.0,5.0,1.0,0.0,0.0,0.0,0.0,0.0,2.0,3.0,8.0
1316,201514C095715,1,21,0,18,0,0,0,0,0,0,4,1,6,1,40,7,12900,2,4,-1,1,-1,1,1,453404.0,392155.0,-1.197833,53.423495,14,1,1,1,16/09/2015,4,1899-12-30 12:08:00,213,E08000018,3,631,6,30,0,-1,-1,0,0,5,1,1,1,0,0,1,1,E01007763,1.0,3.0,2.0,84.0,11.0,1.0,4.0,3.0,0.0,0.0,0.0,0.0,1.0,5.0
1317,2015051503155,1,9,0,18,0,1,1,0,2,2,1,1,6,1,21,5,3000,1,22,-1,1,-1,2,1,331566.0,385805.0,-3.029858,53.364665,5,1,1,2,42047,4,1899-12-30 21:42:00,95,E08000015,6,0,6,30,3,4,6,0,0,0,4,1,2,0,0,1,1,E01007111,2.0,2.0,2.0,19.0,4.0,1.0,0.0,0.0,1.0,0.0,0.0,9.0,2.0,9.0
1318,2015440292365,3,9,0,18,0,0,0,0,0,0,1,1,6,2,24,5,1248,1,4,-1,1,-1,3,4,430210.0,104003.0,-1.572374,50.834775,44,1,4,3,22/08/2015,7,1899-12-30 22:54:00,496,E10000014,3,337,6,60,0,-1,-1,0,0,0,5,2,2,0,0,2,1,E01022998,,,,,,,,,,,,,,
1319,2015360096298,1,9,0,9,0,6,0,0,0,0,3,1,6,2,21,5,1598,1,13,-1,1,-1,3,2,555076.0,319023.0,0.295989,52.746584,36,1,2,3,21/12/2015,2,1899-12-30 13:58:00,407,E10000020,3,17,6,60,3,4,5,12,0,0,1,2,2,0,0,2,1,E01026713,1.0,1.0,2.0,21.0,5.0,1.0,0.0,0.0,0.0,0.0,0.0,9.0,1.0,7.0
1320,2015521501395,5,9,0,2,0,0,0,0,0,0,2,1,6,3,-1,-1,1240,1,5,-1,-1,-1,1,5,360248.0,177504.0,-2.574006,51.495071,52,1,5,1,42065,3,1899-12-30 11:46:00,601,E06000023,6,0,6,30,0,-1,-1,0,0,5,1,1,1,0,0,1,1,E01014659,,,,,,,,,,,,,,
1321,2015320047955,1,9,0,9,0,6,0,0,0,0,2,1,6,2,34,6,1968,2,4,-1,1,-1,1,2,526464.0,347819.0,-0.116438,53.012747,32,1,2,1,17/06/2015,4,1899-12-30 16:19:00,351,E10000019,4,1192,6,40,9,4,6,0,0,0,1,1,1,0,0,2,1,E01026057,,,,,,,,,,,,,,
1322,2015460256644,1,19,0,18,0,0,0,0,0,0,1,1,6,1,38,7,2198,2,8,-1,1,-1,2,1,621610.0,150270.0,1.171326,51.208621,46,1,1,2,15/05/2015,6,1899-12-30 04:05:00,531,E10000016,3,2,3,70,0,-1,-1,0,0,0,6,1,2,0,0,2,1,E01024042,2.0,3.0,1.0,27.0,6.0,1.0,8.0,5.0,0.0,0.0,0.0,0.0,1.0,9.0
1323,2015921500730,2,5,0,18,0,8,0,0,0,0,1,1,6,1,38,7,-1,-1,-1,-1,3,-1,2,2,375918.0,765760.0,-2.395738,56.782776,92,1,2,2,28/06/2015,1,1899-12-30 19:05:00,911,S12000034,3,92,6,60,3,4,6,0,0,0,1,1,1,0,0,2,1,,2.0,1.0,1.0,38.0,7.0,1.0,0.0,0.0,0.0,0.0,0.0,5.0,3.0,-1.0
1324,2015981107115,1,9,0,18,0,0,5,0,1,10,1,1,6,1,25,5,1796,1,10,-1,3,-1,2,2,231895.0,546155.0,-4.615534,54.782059,98,1,2,2,18/05/2015,2,1899-12-30 21:27:00,917,S12000006,3,747,6,60,0,-1,-1,0,0,0,6,1,1,0,0,2,1,,2.0,2.0,1.0,18.0,4.0,1.0,0.0,0.0,1.0,0.0,0.0,9.0,3.0,-1.0
1325,201501TD00018,1,9,0,18,0,1,0,0,0,0,3,1,6,1,22,5,1560,2,4,-1,1,-1,1,1,544730.0,184670.0,0.085649,51.542376,1,1,1,1,42006,1,1899-12-30 20:05:00,16,E09000002,3,124,6,30,3,4,6,0,0,8,4,1,1,0,0,1,1,E01000068,1.0,3.0,2.0,54.0,8.0,1.0,5.0,3.0,0.0,0.0,2.0,0.0,1.0,5.0
1326,2015405DA1068,1,22,0,18,9,1,0,0,0,0,0,1,6,2,89,11,-1,-1,-1,-1,1,-1,1,1,503501.0,238120.0,-0.492693,52.031841,40,1,1,1,31/10/2015,7,1899-12-30 13:52:00,424,E06000056,5,100,6,20,2,4,4,530,0,1,1,1,1,0,0,1,1,E01017375,1.0,1.0,2.0,89.0,11.0,1.0,0.0,0.0,0.0,0.0,0.0,22.0,1.0,9.0
1327,2015331500028,1,9,0,18,0,1,0,0,0,0,1,1,6,1,21,5,1797,1,16,-1,-1,-1,6,2,460720.0,305725.0,-1.103999,52.645873,33,1,2,6,42278,7,1899-12-30 20:25:00,364,E06000016,6,2161,6,30,3,4,6,2111,0,0,4,1,1,0,0,1,1,E01013655,3.0,2.0,1.0,21.0,5.0,2.0,0.0,0.0,2.0,0.0,0.0,9.0,1.0,4.0
1328,201543P296075,1,19,0,16,0,0,5,0,0,0,1,1,1,1,25,5,2198,2,1,-1,1,-1,2,4,431127.0,196651.0,-1.551322,51.667778,43,1,4,2,28/07/2015,3,1899-12-30 09:10:00,483,E10000025,3,420,6,50,0,-1,-1,0,0,0,1,1,1,0,0,2,1,E01028737,1.0,1.0,1.0,25.0,5.0,2.0,0.0,0.0,0.0,0.0,0.0,19.0,1.0,1.0
1329,2015621501375,1,9,0,18,0,0,0,0,1,0,3,1,6,1,19,4,-1,-1,-1,-1,1,-1,5,2,250046.0,190334.0,-4.166127,51.591843,62,1,2,5,31/07/2015,6,1899-12-30 22:55:00,745,W06000011,6,0,6,60,0,-1,-1,0,0,0,6,1,1,0,0,2,1,W01000776,4.0,2.0,1.0,20.0,4.0,3.0,0.0,0.0,2.0,0.0,0.0,9.0,3.0,-1.0
1330,201522C503007,1,1,0,17,0,0,0,0,0,0,3,1,6,1,76,11,-1,-1,-1,-1,1,-1,1,1,377080.0,244150.0,-2.33598,52.095212,22,1,1,1,28/08/2015,6,1899-12-30 13:20:00,273,E10000034,4,4218,6,60,0,-1,-1,0,0,0,1,1,1,0,0,1,1,E01032219,1.0,1.0,1.0,76.0,11.0,1.0,0.0,0.0,0.0,0.0,0.0,1.0,1.0,9.0
1331,2015100104515,1,9,0,9,0,5,0,0,0,0,1,1,6,1,82,11,1994,2,17,-1,2,-1,2,2,416683.0,612212.0,-1.738108,55.403566,10,1,2,2,17/02/2015,3,1899-12-30 19:21:00,139,E06000048,4,6341,6,60,3,4,6,0,0,0,6,1,1,0,0,2,1,E01027358,1.0,1.0,1.0,82.0,11.0,1.0,0.0,0.0,0.0,0.0,0.0,9.0,2.0,6.0
1332,201514A174915,1,9,0,16,0,0,2,0,7,9,1,1,2,1,25,5,1910,2,10,-1,1,-1,1,1,466698.0,417773.0,-0.992362,53.652213,14,1,1,1,24/11/2015,3,1899-12-30 18:17:00,211,E08000017,6,0,6,60,0,-1,-1,0,0,0,6,1,2,0,0,2,1,E01007625,1.0,1.0,1.0,25.0,5.0,1.0,0.0,0.0,0.0,0.0,0.0,9.0,1.0,3.0
1333,201563CP04415,2,9,0,18,0,1,1,0,0,0,1,1,6,1,62,9,-1,-1,-1,-1,3,-1,3,4,202510.0,202770.0,-4.858567,51.688859,63,1,4,3,16/04/2015,5,1899-12-30 16:21:00,752,W06000009,3,477,6,60,8,4,6,0,0,0,1,1,1,0,0,2,1,W01000557,1.0,1.0,1.0,62.0,9.0,3.0,0.0,0.0,0.0,0.0,0.0,9.0,3.0,-1.0
1334,201543N220015,1,9,0,18,0,0,0,0,0,0,1,1,6,1,26,6,1364,1,10,-1,1,-1,1,3,504583.0,185436.0,-0.492796,51.558121,43,1,3,1,20/01/2015,3,1899-12-30 12:44:00,477,E10000002,3,4020,6,40,0,-1,-1,0,0,0,1,1,1,0,0,2,1,E01017812,,,,,,,,,,,,,,
1335,201597GE70201,1,19,0,9,0,8,0,0,0,0,1,1,1,1,41,7,1560,2,4,-1,1,-1,1,1,258188.0,662372.0,-4.265809,55.833675,97,1,1,1,22/01/2015,5,1899-12-30 14:45:00,926,S12000043,6,0,6,30,3,2,6,0,0,5,1,1,2,0,0,1,1,,1.0,3.0,1.0,79.0,11.0,1.0,1.0,3.0,0.0,0.0,0.0,0.0,1.0,-1.0
1336,2015551600088,1,9,0,18,0,0,0,0,4,6,1,1,2,1,32,6,1997,2,14,-1,1,-1,2,1,361491.0,116426.0,-2.549521,50.945976,55,1,1,2,21/10/2015,4,1899-12-30 01:03:00,645,E10000009,3,30,3,70,0,-1,-1,0,1,0,6,1,1,0,0,2,1,E01020541,2.0,1.0,1.0,32.0,6.0,2.0,0.0,0.0,0.0,0.0,0.0,9.0,1.0,4.0
1337,201563DP27115,1,3,0,16,0,0,1,0,7,10,1,1,6,1,16,4,-1,-1,-1,-1,3,-1,1,2,326850.0,320410.0,-3.085824,52.7763,63,1,2,1,42165,3,1899-12-30 08:10:00,753,W06000023,3,483,6,60,0,-1,-1,0,0,0,1,1,2,0,2,2,1,W01000458,1.0,1.0,1.0,16.0,4.0,1.0,0.0,0.0,0.0,0.0,0.0,3.0,3.0,-1.0
1338,2015921500701,2,9,0,17,0,0,0,0,1,0,1,1,6,1,59,9,2982,2,5,-1,3,-1,1,2,364939.0,789796.0,-2.57874,56.99799,92,1,2,1,20/06/2015,7,1899-12-30 14:00:00,911,S12000034,6,0,6,60,0,-1,-1,0,0,0,1,1,1,0,0,2,1,,,,,,,,,,,,,,,
1339,201543P336115,2,9,0,4,0,1,0,0,0,0,2,1,6,1,57,9,1360,1,8,-1,3,-1,4,5,422830.0,219365.0,-1.669803,51.872394,43,1,5,4,27/11/2015,6,1899-12-30 12:34:00,485,E10000025,3,424,6,60,3,4,6,0,0,0,1,1,2,0,0,2,1,E01028798,2.0,1.0,1.0,57.0,9.0,1.0,0.0,0.0,0.0,0.0,0.0,9.0,3.0,7.0
1340,2015320040238,1,9,0,16,0,0,0,0,0,0,4,1,1,2,19,4,1149,1,13,-1,1,-1,2,2,518992.0,370444.0,-0.219372,53.217736,32,1,2,2,42041,3,1899-12-30 10:10:00,351,E10000019,6,0,6,60,0,-1,-1,0,0,0,1,5,2,5,0,2,1,E01026082,2.0,1.0,2.0,19.0,4.0,3.0,0.0,0.0,0.0,0.0,0.0,9.0,1.0,5.0
1341,2015460252961,1,9,0,18,0,0,1,0,1,0,1,1,6,1,22,5,1360,1,7,-1,2,-1,1,2,601010.0,126590.0,0.86364,51.003573,46,1,2,1,42218,1,1899-12-30 10:05:00,539,E10000016,3,259,6,60,0,-1,-1,0,0,0,1,1,1,0,0,2,1,E01024548,,,,,,,,,,,,,,
1342,2015460255250,2,2,0,18,0,1,0,0,7,0,1,1,6,1,52,8,999,1,1,-1,1,-1,1,2,554170.0,167260.0,0.214085,51.383454,46,1,2,1,42281,6,1899-12-30 11:35:00,538,E10000016,3,20,6,60,3,4,6,0,0,0,1,1,1,0,0,2,1,E01024433,2.0,1.0,1.0,52.0,8.0,1.0,0.0,0.0,0.0,0.0,0.0,2.0,1.0,10.0
1343,201563BC02815,2,9,0,17,0,0,0,0,1,0,1,1,6,1,67,10,-1,-1,-1,-1,3,-1,3,3,263070.0,281460.0,-4.014689,52.413949,63,1,3,3,19/03/2015,5,1899-12-30 14:30:00,750,W06000008,3,4159,6,60,0,-1,-1,0,0,0,1,1,1,0,0,2,1,W01000543,2.0,1.0,1.0,67.0,10.0,1.0,0.0,0.0,0.0,0.0,0.0,9.0,3.0,-1.0
1344,201537EA91313,1,9,0,13,0,0,0,0,7,4,3,1,6,2,89,11,1242,1,6,-1,2,-1,1,4,592298.0,269220.0,0.817988,52.28746,37,1,4,1,24/06/2015,4,1899-12-30 15:57:00,414,E10000029,3,143,6,60,0,-1,-1,0,0,0,1,1,1,0,0,2,1,E01030133,1.0,1.0,2.0,89.0,11.0,1.0,0.0,0.0,0.0,0.0,0.0,9.0,2.0,8.0
1345,2015075147042,1,9,0,17,0,0,0,0,1,10,1,1,6,1,64,9,3724,1,12,-1,1,-1,1,1,350181.0,365481.0,-2.746959,53.18408,7,1,1,1,24/05/2015,1,1899-12-30 21:28:00,130,E06000050,3,51,6,60,0,-1,-1,0,0,0,6,1,1,0,0,2,1,E01018370,1.0,1.0,1.0,64.0,9.0,1.0,0.0,0.0,0.0,0.0,0.0,9.0,1.0,4.0
1346,201504SB15140,2,11,0,16,0,8,0,0,0,0,1,1,1,1,46,8,5900,2,8,-1,1,-1,1,2,340530.0,406290.0,-2.899052,53.549858,4,1,2,1,16/07/2015,5,1899-12-30 05:43:00,84,E10000017,4,5197,6,30,3,4,6,0,0,0,1,1,1,0,0,1,1,E01025478,,,,,,,,,,,,,,
1347,2015551500828,1,9,0,16,0,0,2,0,8,11,3,1,6,1,28,6,1796,1,12,-1,1,-1,5,1,400954.0,107411.0,-1.987813,50.866203,55,1,1,5,31/05/2015,1,1899-12-30 21:20:00,647,E10000009,4,3078,6,60,0,-1,-1,0,0,0,1,1,1,0,0,2,1,E01020398,2.0,2.0,2.0,28.0,6.0,3.0,0.0,0.0,1.0,0.0,0.0,9.0,1.0,8.0
1348,201522E500039,2,1,0,14,0,0,0,8,0,0,1,1,6,1,72,10,-1,-1,-1,-1,1,-1,1,2,375510.0,242480.0,-2.358776,52.080131,22,1,2,1,42064,7,1899-12-30 10:40:00,285,E06000019,4,4218,6,30,0,-1,-1,0,0,0,1,2,2,0,0,1,1,E01014029,1.0,1.0,1.0,72.0,10.0,1.0,0.0,0.0,0.0,0.0,0.0,1.0,1.0,7.0
1349,2015331500618,1,19,0,18,0,0,0,0,0,0,1,1,6,1,32,6,2151,2,12,-1,1,-1,2,2,448375.0,287285.0,-1.289124,52.481352,33,1,2,2,16/04/2015,5,1899-12-30 23:21:00,363,E10000018,3,5,6,60,0,-1,-1,0,0,0,6,1,1,0,0,2,1,E01025816,1.0,1.0,1.0,32.0,6.0,1.0,0.0,0.0,0.0,0.0,0.0,19.0,1.0,6.0
1350,201501TD00024,1,19,0,1,0,0,0,0,0,0,2,1,6,2,47,8,1968,2,1,-1,1,-1,1,1,532390.0,164420.0,-0.099758,51.363425,1,1,1,1,26/01/2015,2,1899-12-30 13:26:00,20,E09000008,4,275,6,30,0,-1,-1,0,0,0,1,1,1,0,0,1,1,E01001170,1.0,3.0,2.0,95.0,11.0,1.0,5.0,3.0,0.0,0.0,2.0,0.0,1.0,3.0
1351,2015941500447,2,5,0,18,0,8,1,0,0,0,1,1,6,1,66,10,1098,1,14,-1,1,-1,2,2,308434.0,684094.0,-3.471313,56.040937,94,1,2,2,42314,5,1899-12-30 11:37:00,925,S12000015,3,985,6,50,3,4,4,9156,0,0,1,1,1,0,0,2,1,,1.0,1.0,1.0,66.0,10.0,1.0,0.0,0.0,0.0,0.0,0.0,5.0,1.0,-1.0
1352,201504SC15208,1,9,0,9,0,5,0,0,7,0,4,1,6,1,62,9,2400,2,6,-1,3,-1,1,2,363590.0,423620.0,-2.553065,53.707727,4,1,2,1,16/08/2015,1,1899-12-30 12:40:00,73,E10000017,3,675,6,40,8,4,6,0,0,0,1,1,1,0,0,2,1,E01024921,,,,,,,,,,,,,,
1353,20151322E1383,4,9,0,18,0,0,0,0,0,0,1,1,6,1,46,8,1498,1,6,-1,3,-1,7,4,405153.0,422840.0,-1.923424,53.701969,13,1,4,7,14/02/2015,7,1899-12-30 20:30:00,202,E08000033,3,58,6,40,0,-1,-1,0,0,0,4,1,2,0,0,1,1,E01010959,5.0,2.0,2.0,14.0,3.0,3.0,0.0,0.0,2.0,0.0,0.0,9.0,3.0,10.0
1354,2015530209567,4,9,0,18,0,1,0,0,0,0,1,1,6,1,28,6,1749,1,12,-1,1,-1,2,5,417726.0,212971.0,-1.744263,51.815091,53,1,5,2,42159,2,1899-12-30 11:55:00,621,E10000013,3,40,6,60,8,-1,-1,-1,0,0,1,1,1,0,0,2,1,E01022215,,,,,,,,,,,,,,
1355,2015051600004,1,9,0,18,0,0,0,0,0,0,1,1,6,1,51,8,1360,1,13,-1,1,-1,1,1,335499.0,396657.0,-2.972988,53.46269,5,1,1,1,31/12/2015,5,1899-12-30 16:45:00,91,E08000012,3,566,6,30,0,-1,-1,0,0,0,4,1,2,0,0,1,1,E01006786,1.0,3.0,2.0,44.0,7.0,1.0,8.0,1.0,0.0,0.0,0.0,0.0,1.0,3.0
1356,201523S010609,1,9,0,17,0,0,1,0,7,10,3,1,6,1,20,4,1124,1,11,-1,1,-1,5,1,432870.0,265324.0,-1.519565,52.285079,23,1,1,5,20/06/2015,7,1899-12-30 02:45:00,294,E10000031,3,425,6,30,0,-1,-1,0,0,0,4,1,2,0,0,1,1,E01031337,1.0,1.0,1.0,20.0,4.0,3.0,0.0,0.0,0.0,0.0,0.0,9.0,1.0,6.0
1357,2015320019729,1,9,0,18,0,0,0,0,0,0,1,1,2,1,94,11,1086,1,5,-1,1,-1,1,2,510121.0,318656.0,-0.369782,52.754305,32,1,2,1,13/04/2015,2,1899-12-30 12:15:00,355,E10000019,3,15,6,60,0,-1,-1,0,0,0,1,1,1,0,0,2,1,E01026360,1.0,1.0,1.0,94.0,11.0,1.0,0.0,0.0,0.0,0.0,0.0,9.0,1.0,9.0
1358,201520N016585,1,9,0,18,0,1,0,0,0,0,1,1,1,1,-1,-1,-1,-1,-1,-1,-1,-1,1,1,411060.0,292010.0,-1.838412,52.525854,20,1,1,1,18/03/2015,4,1899-12-30 21:12:00,300,E08000025,3,5127,3,30,3,4,6,0,0,4,4,1,1,0,0,1,1,E01009007,1.0,3.0,1.0,15.0,3.0,1.0,4.0,1.0,0.0,0.0,0.0,0.0,-1.0,-1.0
1359,2015100085915,3,9,0,18,0,0,0,0,0,0,0,1,6,2,40,7,1910,2,7,-1,2,-1,2,3,418422.0,618705.0,-1.710221,55.461847,10,1,3,2,42157,6,1899-12-30 08:25:00,139,E06000048,3,1,6,60,0,-1,-1,0,0,0,1,1,2,0,0,2,1,E01027366,,,,,,,,,,,,,,
1360,2015120131024,1,9,0,18,0,0,0,0,7,0,2,1,6,1,35,6,1968,2,4,-1,1,-1,1,2,455217.0,481853.0,-1.15448,54.229421,12,1,2,1,30/07/2015,5,1899-12-30 10:46:00,185,E10000023,3,170,6,60,0,-1,-1,0,0,0,1,1,1,0,0,2,1,E01027780,,,,,,,,,,,,,,
1361,201520N009895,2,9,0,16,0,1,0,0,0,0,1,1,6,1,26,6,1390,1,18,-1,1,-1,4,2,415810.0,295140.0,-1.768253,52.553876,20,1,2,4,21/02/2015,7,1899-12-30 18:08:00,300,E08000025,6,0,6,60,3,4,6,0,0,0,6,1,1,0,0,2,1,E01009450,3.0,1.0,1.0,26.0,6.0,2.0,0.0,0.0,0.0,0.0,0.0,9.0,1.0,1.0
1362,201543P175015,2,9,0,16,0,0,0,0,0,0,1,1,3,2,50,8,2993,2,2,-1,2,-1,3,2,468417.0,179108.0,-1.015609,51.506771,43,1,2,3,22/01/2015,5,1899-12-30 08:06:00,484,E10000025,3,4074,6,50,0,-1,-1,0,0,0,1,1,4,0,0,2,1,E01028659,3.0,2.0,1.0,16.0,4.0,2.0,0.0,0.0,1.0,0.0,0.0,9.0,2.0,10.0
1363,201522F501557,2,9,0,18,0,8,0,0,0,0,1,1,6,1,81,11,1598,1,9,-1,3,-1,3,2,368730.0,329350.0,-2.465887,52.860722,22,1,2,3,42129,3,1899-12-30 15:45:00,286,E06000051,3,529,6,60,6,4,6,0,0,0,1,4,1,0,0,2,1,E01028869,2.0,2.0,2.0,80.0,11.0,1.0,0.0,0.0,1.0,0.0,0.0,9.0,3.0,10.0
1364,20151325K1283,1,9,0,18,0,8,0,0,0,0,1,1,6,1,25,5,2000,1,9,-1,1,-1,2,3,431511.0,435138.0,-1.522932,53.81158,13,1,3,2,20/05/2015,4,1899-12-30 19:02:00,204,E08000035,6,0,6,30,3,4,6,0,0,0,1,1,1,0,0,1,1,E01011429,1.0,1.0,1.0,25.0,5.0,1.0,0.0,0.0,0.0,0.0,0.0,9.0,1.0,1.0
1365,2015350033515,1,9,0,7,0,6,0,0,0,0,4,1,6,2,93,11,1299,1,19,-1,2,-1,4,2,548710.0,278870.0,0.183759,52.387667,35,1,2,4,42128,1,1899-12-30 12:40:00,391,E10000003,3,142,6,60,3,4,5,335,0,0,1,1,1,0,0,2,1,E01018038,1.0,1.0,2.0,93.0,11.0,1.0,0.0,0.0,0.0,0.0,0.0,9.0,2.0,6.0
1366,201504WB15238,1,9,0,16,0,0,1,0,1,10,3,1,6,1,27,6,1598,1,24,-1,1,-1,2,1,351910.0,465110.0,-2.736525,54.079652,4,1,1,2,42345,1,1899-12-30 23:20:00,76,E10000017,6,0,6,60,0,-1,-1,0,0,0,6,1,1,0,0,2,1,E01025109,1.0,1.0,1.0,27.0,6.0,1.0,0.0,0.0,0.0,0.0,0.0,9.0,1.0,8.0
1367,201597LB05012,2,9,0,18,0,0,0,0,0,0,1,1,2,2,56,9,998,1,4,-1,3,-1,2,2,182983.0,721499.0,-5.512482,56.335975,97,1,2,2,30/12/2015,4,1899-12-30 17:30:00,913,S12000035,3,816,6,60,0,-1,-1,0,0,0,6,2,2,0,0,2,1,,1.0,1.0,2.0,56.0,9.0,1.0,0.0,0.0,0.0,0.0,0.0,9.0,-1.0,-1.0
1368,2015921501095,3,9,0,16,0,0,0,0,0,0,1,1,6,2,40,7,1598,1,-1,-1,-1,-1,3,3,396933.0,821100.0,-2.052512,57.280522,92,1,3,3,28/09/2015,2,,911,S12000034,3,90,6,60,0,-1,-1,0,0,0,1,1,1,0,0,2,1,,3.0,1.0,2.0,40.0,7.0,3.0,0.0,0.0,0.0,0.0,0.0,9.0,-1.0,-1.0