,accident_index,vehicle_reference,vehicle_type,towing_and_articulation,vehicle_manoeuvre,vehicle_location-restricted_lane,junction_location,skidding_and_overturning,hit_object_in_carriageway,vehicle_leaving_carriageway,hit_object_off_carriageway,1st_point_of_impact,was_vehicle_left_hand_drive?,journey_purpose_of_driver,sex_of_driver,age_of_driver,age_band_of_driver,engine_capacity_(cc),propulsion_code,age_of_vehicle,driver_imd_decile,driver_home_area_type,vehicle_imd_decile,NUmber_of_Casualities_unique_to_accident_index,No_of_Vehicles_involved_unique_to_accident_index,location_easting_osgr,location_northing_osgr,longitude,latitude,police_force,accident_severity,number_of_vehicles,number_of_casualties,date,day_of_week,time,local_authority_(district),local_authority_(highway),1st_road_class,1st_road_number,road_type,speed_limit,junction_detail,junction_control,2nd_road_class,2nd_road_number,pedestrian_crossing-human_control,pedestrian_crossing-physical_facilities,light_conditions,weather_conditions,road_surface_conditions,special_conditions_at_site,carriageway_hazards,urban_or_rural_area,did_police_officer_attend_scene_of_accident,lsoa_of_accident_location,casualty_reference,casualty_class,sex_of_casualty,age_of_casualty,age_band_of_casualty,casualty_severity,pedestrian_location,pedestrian_movement,car_passenger,bus_or_coach_passenger,pedestrian_road_maintenance_worker,casualty_type,casualty_home_area_type,casualty_imd_decile
1435,201501TD00119,1,5,0,17,0,0,0,10,1,7,4,1,6,1,28,6,999,1,7,-1,1,-1,1,1,520450.0,184700.0,-0.264274,51.548345,1,1,1,1,25/09/2015,6,1899-12-30 20:09:00,28,E09000005,3,406,3,40,0,-1,-1,0,0,0,7,1,1,0,0,1,1,E01000604,1.0,1.0,1.0,28.0,6.0,1.0,0.0,0.0,0.0,0.0,0.0,5.0,1.0,5.0
1436,2015200037217,1,9,0,18,0,0,0,0,0,0,1,1,6,1,75,10,1596,1,5,-1,1,-1,1,1,412769.0,282824.0,-1.813572,52.443235,20,1,1,1,29/12/2015,3,1899-12-30 07:23:00,300,E08000025,6,0,6,30,0,-1,-1,0,0,0,6,1,2,0,0,1,1,E01009015,1.0,3.0,2.0,41.0,7.0,1.0,5.0,9.0,0.0,0.0,2.0,0.0,-1.0,-1.0
1437,2015360096298,1,9,0,9,0,6,0,0,0,0,3,1,6,2,21,5,1598,1,13,-1,1,-1,3,2,555076.0,319023.0,0.295989,52.746584,36,1,2,3,21/12/2015,2,1899-12-30 13:58:00,407,E10000020,3,17,6,60,3,4,5,12,0,0,1,2,2,0,0,2,1,E01026713,2.0,2.0,1.0,7.0,2.0,2.0,0.0,0.0,2.0,0.0,0.0,9.0,1.0,6.0
1438,2015405DA1089,1,9,0,18,0,0,2,0,5,9,1,1,6,1,32,6,2499,1,10,-1,1,-1,3,3,500889.0,243482.0,-0.529172,52.080513,40,1,3,3,25/12/2015,6,1899-12-30 23:10:00,420,E06000055,3,421,3,70,0,-1,-1,0,0,0,6,1,2,0,0,2,1,E01017551,3.0,2.0,2.0,30.0,6.0,2.0,0.0,0.0,1.0,0.0,0.0,9.0,1.0,4.0
1439,2015450020944,1,9,0,18,0,6,0,0,0,0,1,1,6,1,37,7,1598,2,1,-1,1,-1,1,1,501904.0,171915.0,-0.535328,51.437077,45,1,1,1,42309,1,1899-12-30 02:51:00,514,E10000030,1,25,3,70,5,4,3,30,0,0,4,1,1,0,0,2,1,E01030668,1.0,3.0,2.0,36.0,7.0,1.0,10.0,9.0,0.0,0.0,0.0,0.0,1.0,5.0
1440,201543R116105,1,9,0,18,0,0,5,0,1,4,4,1,6,1,60,9,1560,2,-1,-1,1,-1,7,1,485531.0,175464.0,-0.76996,51.471686,43,1,1,7,42348,2,1899-12-30 21:50:00,474,E06000040,1,4,3,70,0,-1,-1,0,0,0,6,1,1,0,0,2,1,E01016578,1.0,2.0,1.0,27.0,6.0,1.0,0.0,0.0,1.0,0.0,0.0,9.0,1.0,5.0
1441,2015621500704,2,9,0,9,0,8,0,0,0,0,3,1,6,1,25,5,-1,-1,-1,-1,1,-1,3,2,299413.0,204028.0,-3.45772,51.725917,62,1,2,3,17/04/2015,6,1899-12-30 16:11:00,744,W06000016,3,4059,1,60,1,4,4,4276,0,8,1,1,1,0,0,1,1,W01001153,2.0,1.0,1.0,25.0,5.0,3.0,0.0,0.0,0.0,0.0,0.0,9.0,1.0,-1.0
1442,201506K006916,1,5,0,14,0,0,0,0,0,0,1,1,2,1,48,8,893,1,20,-1,1,-1,1,2,370400.0,407650.0,-2.448376,53.564621,6,1,2,1,42318,1,1899-12-30 15:17:00,100,E08000001,3,579,6,30,0,-1,-1,0,0,0,1,1,1,0,0,1,1,E01004829,1.0,1.0,1.0,48.0,8.0,1.0,0.0,0.0,0.0,0.0,0.0,5.0,1.0,3.0
1443,201597AB70108,1,11,0,5,0,8,0,0,0,0,4,1,1,1,35,6,7300,2,10,-1,1,-1,1,1,258825.0,665100.0,-4.257067,55.858354,97,1,1,1,42012,7,1899-12-30 19:08:00,926,S12000043,3,814,6,30,9,2,6,0,0,5,1,1,1,0,0,1,1,,1.0,3.0,1.0,80.0,11.0,1.0,1.0,1.0,0.0,0.0,0.0,0.0,1.0,-1.0
1444,201543P281125,3,9,0,16,0,0,0,0,1,4,1,1,6,1,18,4,1242,1,13,-1,3,-1,2,3,446481.0,227293.0,-1.325228,51.942204,43,1,3,2,30/12/2015,4,1899-12-30 08:06:00,481,E10000025,3,4260,3,70,0,-1,-1,0,0,0,1,4,1,0,0,2,1,E01028507,1.0,1.0,1.0,18.0,4.0,3.0,0.0,0.0,0.0,0.0,0.0,9.0,3.0,7.0
1445,2015210026549,2,9,0,18,0,0,2,0,0,0,1,1,6,1,17,4,1390,1,4,-1,3,-1,7,5,382611.0,310740.0,-2.258725,52.694059,21,1,5,7,42162,2,1899-12-30 14:20:00,254,E10000028,3,5,6,60,0,-1,-1,0,0,0,1,1,1,0,0,2,1,E01029670,4.0,2.0,2.0,14.0,3.0,1.0,0.0,0.0,2.0,0.0,0.0,9.0,3.0,5.0
1446,2015471504683,1,9,0,13,0,0,1,0,7,0,3,1,6,2,22,5,1400,2,8,-1,1,-1,3,2,480957.0,108228.0,-0.850918,50.867897,47,1,2,3,14/08/2015,6,1899-12-30 14:14:00,559,E10000032,4,2146,6,60,0,-1,-1,0,0,0,1,2,2,0,0,2,1,E01031507,3.0,2.0,1.0,24.0,5.0,2.0,0.0,0.0,1.0,0.0,0.0,9.0,1.0,6.0
1447,201501TD00163,2,21,0,1,0,0,0,0,0,0,1,1,1,1,45,7,6692,2,6,-1,1,-1,1,2,527520.0,173330.0,-0.166471,51.444613,1,1,2,1,42320,6,1899-12-30 11:15:00,10,E09000032,6,0,6,30,0,-1,-1,0,0,0,1,9,1,0,0,1,1,E01004543,,,,,,,,,,,,,,
1448,2015210057277,1,9,0,18,0,0,0,0,0,0,1,1,1,1,36,7,3200,2,11,-1,1,-1,2,1,384936.0,346011.0,-2.225967,53.011191,21,1,1,2,42161,7,1899-12-30 22:15:00,253,E10000028,6,77,6,30,0,-1,-1,0,0,0,4,1,1,0,0,1,1,E01029604,1.0,3.0,1.0,30.0,6.0,1.0,9.0,8.0,0.0,0.0,2.0,0.0,1.0,3.0
1449,201531A235115,2,9,0,18,0,0,0,0,0,0,1,1,6,2,58,9,1299,1,14,-1,1,-1,5,2,451502.0,361561.0,-1.2314,53.148708,31,1,2,5,42227,1,1899-12-30 10:13:00,344,E10000024,3,6075,6,40,0,-1,-1,0,0,0,1,1,2,0,0,1,1,E01033392,4.0,2.0,1.0,26.0,6.0,2.0,0.0,0.0,1.0,0.0,0.0,9.0,1.0,1.0
1450,2015331501290,1,5,0,13,0,1,0,10,1,1,1,1,6,1,49,8,-1,-1,-1,-1,1,-1,1,1,451575.0,294700.0,-1.240862,52.547714,33,1,1,1,25/07/2015,7,1899-12-30 19:22:00,360,E10000018,4,4114,3,60,3,4,5,5702,0,0,1,1,1,0,0,2,1,E01025620,1.0,1.0,1.0,49.0,8.0,1.0,0.0,0.0,0.0,0.0,0.0,5.0,1.0,5.0
1451,201543P187125,2,21,0,18,0,1,0,0,7,0,1,1,1,1,41,7,12740,2,-1,-1,-1,-1,2,4,446683.0,233724.0,-1.321417,52.000003,43,1,4,2,18/12/2015,6,1899-12-30 07:28:00,481,E10000025,3,4260,6,60,8,4,6,0,0,0,6,1,1,0,0,2,1,E01028423,2.0,1.0,1.0,41.0,7.0,3.0,0.0,0.0,0.0,0.0,0.0,21.0,-1.0,-1.0
1452,2015051500058,1,9,0,14,0,0,0,0,0,0,1,1,6,2,30,6,1242,1,7,-1,1,-1,1,1,333928.0,397414.0,-2.996807,53.469298,5,1,1,1,42217,5,1899-12-30 18:45:00,93,E08000014,3,5090,6,30,0,-1,-1,0,0,0,4,1,1,0,0,1,1,E01007016,1.0,3.0,2.0,63.0,9.0,1.0,5.0,3.0,0.0,0.0,0.0,0.0,1.0,1.0
1453,2015460262193,1,9,0,18,0,1,0,0,0,0,1,1,2,1,25,5,847,1,14,-1,2,-1,1,1,554100.0,159240.0,0.20961,51.311413,46,1,1,1,42045,6,1899-12-30 07:35:00,538,E10000016,6,1482,6,30,3,4,6,0,0,0,1,1,1,0,0,2,1,E01024449,1.0,3.0,2.0,60.0,9.0,1.0,9.0,7.0,0.0,0.0,0.0,0.0,2.0,10.0
1454,201514K145615,1,9,0,16,0,1,1,0,7,4,1,1,6,1,22,5,1896,2,11,-1,1,-1,2,2,440497.0,390376.0,-1.392274,53.408652,14,1,2,2,19/06/2015,6,1899-12-30 01:38:00,215,E08000019,3,631,6,30,3,4,6,0,0,0,4,1,1,0,0,1,1,E01007903,2.0,2.0,1.0,22.0,5.0,2.0,0.0,0.0,1.0,0.0,0.0,9.0,1.0,1.0
1455,2015300012813,2,21,1,18,0,0,1,0,0,0,1,1,1,1,63,9,15928,2,5,-1,3,-1,1,3,434100.0,352550.0,-1.492534,53.069105,30,1,3,1,18/03/2015,4,1899-12-30 16:39:00,320,E10000007,3,6,6,50,0,-1,-1,0,0,0,1,1,1,0,0,2,1,E01019424,,,,,,,,,,,,,,
1456,2015460262429,1,9,0,18,0,0,0,0,0,0,4,1,6,1,24,5,1198,1,13,-1,1,-1,3,2,629830.0,139670.0,1.282039,51.110217,46,1,2,3,13/08/2015,5,1899-12-30 20:20:00,533,E10000016,3,20,3,40,0,-1,-1,0,0,0,1,1,1,0,0,2,1,E01024249,3.0,2.0,1.0,5.0,1.0,3.0,0.0,0.0,2.0,0.0,0.0,9.0,1.0,1.0
1457,201504SB15158,1,17,4,17,0,0,0,0,1,0,3,1,1,1,70,10,-1,2,4,-1,3,-1,5,2,345040.0,415060.0,-2.832539,53.629169,4,1,2,5,18/08/2015,3,1899-12-30 11:55:00,84,E10000017,6,0,6,60,0,-1,-1,0,0,0,1,1,1,0,0,2,1,E01025513,1.0,1.0,1.0,70.0,10.0,1.0,0.0,0.0,0.0,0.0,0.0,17.0,3.0,9.0
1458,201560S129152,3,5,0,18,0,1,0,0,0,0,0,1,6,1,63,9,-1,-1,-1,-1,-1,-1,1,4,253698.0,372119.0,-4.193021,53.225909,60,1,4,1,24/08/2015,2,1899-12-30 17:30:00,720,W06000001,3,55,3,70,5,4,3,55,0,0,1,1,1,0,0,2,1,W01000008,,,,,,,,,,,,,,
1459,20151322D1759,1,9,0,14,0,8,0,0,1,4,1,1,6,1,23,5,2521,1,9,-1,-1,-1,2,1,441173.0,420135.0,-1.3782,53.676068,13,1,1,2,13/02/2015,6,1899-12-30 23:46:00,206,E08000036,3,645,2,40,3,1,6,0,0,0,4,1,2,0,0,2,1,E01011776,1.0,1.0,1.0,23.0,5.0,1.0,0.0,0.0,0.0,0.0,0.0,9.0,-1.0,-1.0
1460,201514K145615,1,9,0,16,0,1,1,0,7,4,1,1,6,1,22,5,1896,2,11,-1,1,-1,2,2,440497.0,390376.0,-1.392274,53.408652,14,1,2,2,19/06/2015,6,1899-12-30 01:38:00,215,E08000019,3,631,6,30,3,4,6,0,0,0,4,1,1,0,0,1,1,E01007903,1.0,1.0,1.0,22.0,5.0,1.0,0.0,0.0,0.0,0.0,0.0,9.0,1.0,1.0
1461,201522D500093,1,9,0,16,0,0,0,0,7,4,1,1,6,1,28,6,3993,1,1,-1,1,-1,3,1,399500.0,275760.0,-2.00877,52.379876,22,1,1,3,42186,4,1899-12-30 23:55:00,270,E10000034,4,4096,6,40,0,-1,-1,0,0,0,4,1,2,0,0,2,1,E01032143,1.0,1.0,1.0,28.0,6.0,2.0,0.0,0.0,0.0,0.0,0.0,9.0,1.0,5.0
1462,20154100A0462,2,8,0,9,0,5,0,0,0,0,4,1,6,1,71,10,1968,2,9,-1,3,-1,2,2,533026.0,215909.0,-0.071124,51.825971,41,1,2,2,21/08/2015,6,1899-12-30 15:44:00,432,E10000015,4,158,6,60,8,4,-1,-1,0,0,1,1,1,0,0,2,1,E01023485,2.0,1.0,1.0,71.0,10.0,3.0,0.0,0.0,0.0,0.0,0.0,8.0,3.0,8.0
1463,2015100089015,1,9,0,9,0,5,0,0,0,0,1,1,2,1,43,7,1796,1,7,-1,3,-1,1,2,399331.0,654313.0,-2.012235,55.782135,10,1,2,1,30/01/2015,6,1899-12-30 22:06:00,139,E06000048,3,1167,6,30,3,4,6,103,0,8,4,2,2,0,0,1,1,E01027376,,,,,,,,,,,,,,
1464,2015621501574,2,9,0,18,0,0,0,0,0,0,1,1,6,1,38,7,-1,-1,-1,-1,1,-1,9,3,315064.0,177506.0,-3.224749,51.490098,62,1,3,9,13/09/2015,1,1899-12-30 11:49:00,741,W06000015,3,48,3,40,0,-1,-1,0,0,4,1,1,1,0,0,1,1,W01001782,8.0,2.0,2.0,43.0,7.0,2.0,0.0,0.0,1.0,0.0,0.0,9.0,1.0,-1.0
1465,2015460265256,2,9,0,18,0,1,0,0,0,0,3,1,6,1,73,10,1368,1,1,-1,1,-1,6,5,544630.0,154030.0,0.071726,51.26708,46,1,5,6,24/12/2015,5,1899-12-30 10:30:00,538,E10000016,3,25,6,30,3,4,6,0,0,0,1,2,2,0,0,2,1,E01024483,3.0,3.0,2.0,70.0,10.0,2.0,10.0,9.0,0.0,0.0,0.0,0.0,3.0,10.0
1466,2015460259777,1,9,0,17,0,0,0,0,7,4,1,1,6,1,18,4,1229,1,5,-1,3,-1,1,1,589910.0,133130.0,0.70905,51.066084,46,1,1,1,42102,3,1899-12-30 18:26:00,530,E10000016,4,2080,6,60,0,-1,-1,0,0,0,1,1,1,0,0,2,1,E01024026,1.0,1.0,1.0,18.0,4.0,1.0,0.0,0.0,0.0,0.0,0.0,9.0,3.0,5.0
1467,201520L006345,2,9,0,18,0,0,0,0,2,7,2,1,6,2,30,6,1870,2,8,-1,1,-1,5,2,425670.0,282510.0,-1.623801,52.439962,20,1,2,5,25/10/2015,1,1899-12-30 11:16:00,306,E08000029,3,45,3,60,0,-1,-1,0,0,0,1,1,1,0,0,2,1,E01010164,4.0,2.0,2.0,71.0,10.0,2.0,0.0,0.0,2.0,0.0,0.0,9.0,1.0,-1.0
1468,201543N234035,1,21,0,2,0,0,0,0,1,7,1,1,6,1,33,6,12900,2,6,-1,1,-1,5,2,489508.0,225210.0,-0.699968,51.918232,43,1,2,5,20/03/2015,6,1899-12-30 14:17:00,476,E10000002,3,4146,3,70,0,-1,-1,0,0,0,1,1,1,0,0,2,1,E01017670,5.0,1.0,1.0,33.0,6.0,3.0,0.0,0.0,0.0,0.0,0.0,21.0,1.0,6.0
1469,2015440312702,3,21,0,18,0,8,1,0,0,0,1,1,1,1,51,8,9200,2,8,-1,1,-1,2,4,471950.0,105776.0,-0.979372,50.847041,44,1,4,2,42256,4,1899-12-30 09:50:00,495,E10000014,3,27,3,70,5,4,3,27,0,0,1,1,1,0,0,1,1,E01022954,,,,,,,,,,,,,,
1470,2015440417941,2,21,1,4,0,8,0,0,1,0,2,1,1,1,32,6,12809,2,3,-1,1,-1,4,4,437116.0,114699.0,-1.473227,50.930554,44,1,4,4,42016,3,1899-12-30 17:15:00,501,E10000014,1,271,3,70,5,4,1,271,0,0,6,1,1,0,0,1,1,E01023170,1.0,1.0,1.0,32.0,6.0,2.0,0.0,0.0,0.0,0.0,0.0,21.0,1.0,5.0
1471,2015450024849,2,9,0,18,0,0,0,0,0,0,2,1,2,1,50,8,1686,2,5,-1,1,-1,4,4,512301.0,166006.0,-0.387679,51.382004,45,1,4,4,28/05/2015,5,1899-12-30 06:40:00,510,E10000030,5,153,6,40,0,-1,-1,0,0,0,1,1,1,0,0,2,1,E01030355,3.0,1.0,1.0,50.0,8.0,3.0,0.0,0.0,0.0,0.0,0.0,9.0,1.0,7.0
1472,2015030003139,2,9,0,17,0,0,0,0,1,0,1,1,6,1,23,5,1598,1,10,-1,3,-1,3,2,310710.0,536050.0,-3.38744,54.711507,3,1,2,3,24/12/2015,5,1899-12-30 17:10:00,60,E10000006,6,0,6,60,0,-1,-1,0,0,0,6,1,1,0,0,2,1,E01019086,2.0,1.0,1.0,23.0,5.0,2.0,0.0,0.0,0.0,0.0,0.0,9.0,3.0,6.0
1473,201543P296025,22,9,0,18,0,0,0,0,0,0,2,1,6,1,40,7,-1,-1,-1,-1,1,-1,36,37,455113.0,220016.0,-1.200828,51.875998,43,1,37,36,14/02/2015,7,1899-12-30 07:45:00,481,E10000025,1,40,3,70,0,-1,-1,0,0,0,1,7,2,0,3,2,1,E01028497,30.0,2.0,2.0,6.0,2.0,3.0,0.0,0.0,2.0,0.0,0.0,9.0,1.0,9.0
1474,20154100K0332,1,9,0,3,0,1,0,0,7,10,1,1,2,2,62,9,1390,1,4,-1,1,-1,2,1,536618.0,202335.0,-0.024368,51.703133,41,1,1,2,13/07/2015,2,1899-12-30 15:54:00,430,E10000015,6,311,6,30,8,4,-1,-1,0,7,1,1,1,0,0,1,1,E01023299,1.0,3.0,1.0,72.0,10.0,1.0,9.0,5.0,0.0,0.0,0.0,0.0,1.0,9.0
1475,2015100713215,1,9,0,17,0,0,1,0,7,4,4,1,6,1,23,5,1242,1,11,-1,-1,-1,2,1,423757.0,585352.0,-1.628661,55.161925,10,1,1,2,19/11/2015,5,1899-12-30 06:19:00,139,E06000048,3,196,6,60,0,-1,-1,0,0,0,6,5,2,0,0,2,1,E01027531,1.0,1.0,1.0,23.0,5.0,1.0,0.0,0.0,0.0,0.0,0.0,9.0,-1.0,-1.0
1476,201563DP11415,1,9,0,17,0,0,2,0,1,4,4,1,6,2,19,4,-1,-1,-1,-1,3,-1,1,1,308730.0,275360.0,-3.341943,52.368659,63,1,1,1,42069,4,1899-12-30 21:59:00,753,W06000023,3,483,6,60,0,-1,-1,0,0,0,6,1,1,0,0,2,1,W01000427,1.0,1.0,2.0,19.0,4.0,1.0,0.0,0.0,0.0,0.0,0.0,9.0,3.0,-1.0
1477,2015984125315,1,9,0,16,0,1,1,0,7,7,1,1,6,2,48,8,1598,2,1,-1,1,-1,5,1,330469.0,568884.0,-3.08874,55.009635,98,1,1,5,42043,1,1899-12-30 19:05:00,917,S12000006,2,74,3,70,5,4,6,0,0,0,1,1,1,0,0,2,1,,1.0,1.0,2.0,48.0,8.0,1.0,0.0,0.0,0.0,0.0,0.0,9.0,1.0,-1.0
1478,2015520505229,1,9,0,18,0,0,0,0,0,0,1,1,6,1,37,7,-1,-1,-1,-1,2,-1,1,2,342781.0,125279.0,-2.817217,51.024019,52,1,2,1,14/06/2015,1,1899-12-30 16:41:00,610,E10000027,6,0,6,60,0,-1,-1,0,0,0,1,1,1,0,0,2,1,E01029163,,,,,,,,,,,,,,
1479,201506G098508,1,21,0,7,0,5,0,0,0,0,4,1,1,1,55,8,6370,2,8,-1,1,-1,1,2,394490.0,399340.0,-2.084514,53.490739,6,1,2,1,17/03/2015,3,1899-12-30 16:40:00,110,E08000008,6,0,6,30,3,4,3,670,0,0,1,1,1,0,0,1,1,E01005941,,,,,,,,,,,,,,
1480,201522C500649,1,90,0,18,0,0,0,0,4,6,1,1,1,1,53,8,1560,2,5,-1,3,-1,8,3,391240.0,263410.0,-2.12979,52.268776,22,1,3,8,17/02/2015,3,1899-12-30 16:49:00,277,E10000034,1,5,3,70,0,-1,-1,0,0,0,1,1,1,0,0,2,1,E01032395,1.0,2.0,1.0,83.0,11.0,1.0,0.0,0.0,0.0,0.0,0.0,90.0,1.0,4.0
1481,2015460262584,1,19,0,18,0,0,0,0,0,0,1,1,1,1,54,8,1598,2,2,-1,1,-1,1,3,582630.0,154720.0,0.616221,51.26238,46,1,3,1,14/10/2015,4,1899-12-30 06:45:00,536,E10000016,1,20,3,70,0,-1,-1,0,0,0,6,1,1,0,0,2,1,E01024387,1.0,3.0,1.0,22.0,5.0,1.0,5.0,3.0,0.0,0.0,0.0,0.0,-1.0,-1.0
1482,201543W139055,3,5,0,18,0,0,1,0,0,0,4,1,6,1,52,8,892,1,16,-1,1,-1,1,3,471060.0,168916.0,-0.979579,51.414819,43,1,3,1,22/05/2015,6,1899-12-30 16:55:00,472,E06000038,1,4,3,70,0,-1,-1,0,0,0,1,1,1,0,0,2,1,E01016439,1.0,1.0,1.0,52.0,8.0,1.0,0.0,0.0,0.0,0.0,0.0,5.0,1.0,5.0
1483,2015075203301,1,9,4,9,0,8,0,0,0,0,3,1,2,1,46,8,2902,2,13,-1,1,-1,1,1,360609.0,388784.0,-2.593821,53.394409,7,1,1,1,13/07/2015,2,1899-12-30 18:40:00,128,E06000007,4,5210,1,30,1,4,4,5210,0,0,1,2,2,0,0,1,1,E01033300,1.0,3.0,1.0,83.0,11.0,1.0,5.0,4.0,0.0,0.0,0.0,0.0,1.0,8.0
1484,2015100381015,1,9,0,1,0,1,0,0,0,0,2,1,6,1,46,8,-1,-1,-1,-1,3,-1,1,1,421233.0,579448.0,-1.668715,55.108987,10,1,1,1,42011,4,1899-12-30 15:20:00,139,E06000048,6,9139,6,30,8,4,6,0,0,0,1,1,1,0,0,2,1,E01027473,1.0,3.0,2.0,91.0,11.0,1.0,6.0,9.0,0.0,0.0,0.0,0.0,-1.0,-1.0
1485,2015548717715,2,9,0,18,0,0,0,0,1,0,1,1,6,1,76,11,1560,2,10,-1,2,-1,3,2,420482.0,197480.0,-1.705191,51.675719,54,1,2,3,25/09/2015,6,1899-12-30 21:36:00,633,E06000030,3,361,6,60,0,-1,-1,0,0,0,6,1,1,0,0,2,1,E01015523,2.0,1.0,1.0,76.0,11.0,1.0,0.0,0.0,0.0,0.0,0.0,9.0,2.0,9.0
1486,201543N220015,3,9,0,3,0,0,0,0,0,0,2,1,6,1,40,7,1242,1,1,-1,1,-1,1,3,504583.0,185436.0,-0.492796,51.558121,43,1,3,1,20/01/2015,3,1899-12-30 12:44:00,477,E10000002,3,4020,6,40,0,-1,-1,0,0,0,1,1,1,0,0,2,1,E01017812,,,,,,,,,,,,,,
1487,201523S010202,2,21,1,2,6,0,0,0,0,0,2,1,6,3,-1,-1,10837,2,1,-1,-1,-1,1,2,429403.0,269166.0,-1.570054,52.319814,23,1,2,1,27/02/2015,6,1899-12-30 17:20:00,294,E10000031,3,46,3,70,0,-1,-1,0,0,0,1,1,1,0,0,2,1,E01031284,,,,,,,,,,,,,,
1488,2015950005441,1,19,0,18,0,1,0,0,0,0,1,1,6,1,61,9,2287,2,4,-1,1,-1,2,2,294610.0,665400.0,-3.685787,55.870204,95,1,2,2,25/11/2015,4,1899-12-30 07:00:00,940,S12000040,4,7066,6,40,3,4,3,706,0,0,6,1,2,0,0,1,1,,1.0,1.0,1.0,61.0,9.0,3.0,0.0,0.0,0.0,0.0,0.0,19.0,1.0,-1.0
1489,2015921501414,2,9,0,16,0,0,0,0,0,0,1,1,2,1,64,9,1995,2,1,-1,3,-1,2,2,393064.0,800468.0,-2.116099,57.095143,92,1,2,2,24/12/2015,5,1899-12-30 12:00:00,910,S12000033,3,956,6,40,0,-1,-1,0,0,0,1,1,2,0,0,2,1,,2.0,1.0,1.0,64.0,9.0,2.0,0.0,0.0,0.0,0.0,0.0,9.0,3.0,-1.0
1490,201501TD00154,1,21,1,18,0,0,0,0,0,0,4,1,1,1,62,9,11946,2,4,-1,1,-1,1,1,521740.0,183440.0,-0.246115,51.536745,1,1,1,1,42320,6,1899-12-30 12:34:00,28,E09000005,3,404,6,30,0,-1,-1,0,0,0,1,1,1,0,0,1,1,E01000524,1.0,3.0,2.0,56.0,9.0,1.0,5.0,2.0,0.0,0.0,2.0,0.0,1.0,2.0
1491,2015460257338,1,9,0,11,0,5,5,0,2,1,3,1,6,1,44,7,3199,1,16,-1,1,-1,2,1,552450.0,167880.0,0.189653,51.389489,46,1,1,2,42161,7,1899-12-30 03:15:00,538,E10000016,3,20,3,70,5,4,6,0,0,0,6,1,1,0,0,1,1,E01024473,2.0,2.0,1.0,26.0,6.0,2.0,0.0,0.0,1.0,0.0,0.0,9.0,1.0,3.0
1492,2015030003227,1,3,0,17,0,0,0,0,1,0,1,1,2,1,19,4,125,1,-1,-1,-1,-1,1,1,313050.0,500420.0,-3.340589,54.391805,3,1,1,1,19/12/2015,7,1899-12-30 13:16:00,63,E10000006,6,0,6,60,0,-1,-1,0,0,0,6,9,2,0,0,2,1,E01019304,1.0,1.0,1.0,19.0,4.0,1.0,0.0,0.0,0.0,0.0,0.0,3.0,-1.0,-1.0
1493,2015120058806,2,11,0,18,0,0,0,0,1,0,1,1,1,1,59,9,9360,2,7,-1,1,-1,8,3,469170.0,461349.0,-0.945171,54.043483,12,1,3,8,42281,6,1899-12-30 20:34:00,185,E10000023,3,64,6,60,0,-1,-1,0,0,0,6,1,1,0,0,2,1,E01027797,7.0,2.0,2.0,19.0,4.0,3.0,0.0,0.0,0.0,4.0,0.0,11.0,-1.0,-1.0
1494,201550JT2M003,2,9,0,17,0,0,0,0,0,0,1,1,6,2,45,7,1598,1,15,-1,1,-1,6,2,252007.0,84676.0,-4.094443,50.642928,50,1,2,6,23/08/2015,1,1899-12-30 19:52:00,589,E10000008,3,386,6,60,0,-1,-1,0,0,0,1,1,2,0,0,2,1,E01020323,2.0,1.0,2.0,45.0,7.0,2.0,0.0,0.0,0.0,0.0,0.0,9.0,1.0,5.0
1495,2015941500425,1,9,0,16,0,0,2,0,1,4,4,1,6,1,18,4,1896,1,17,-1,1,-1,2,1,331197.0,694920.0,-3.108823,56.142001,94,1,1,2,42130,6,1899-12-30 00:50:00,925,S12000015,3,955,6,40,0,-1,-1,0,0,0,6,1,1,0,0,2,1,,1.0,2.0,1.0,16.0,4.0,1.0,0.0,0.0,1.0,0.0,0.0,9.0,1.0,-1.0
1496,201597NE70609,1,9,0,17,9,0,0,0,1,11,1,1,6,1,24,5,1998,2,9,-1,1,-1,1,1,276819.0,654827.0,-3.965132,55.771042,97,1,1,1,27/09/2015,1,1899-12-30 20:15:00,932,S12000044,6,0,6,30,0,-1,-1,0,0,0,4,1,1,0,0,1,1,,1.0,3.0,2.0,44.0,7.0,1.0,6.0,9.0,0.0,0.0,0.0,0.0,1.0,-1.0
1497,2015331500302,3,3,0,18,0,8,0,0,0,0,1,1,2,1,50,8,249,1,-1,-1,-1,-1,1,3,458265.0,305985.0,-1.140234,52.648479,33,1,3,1,42250,2,1899-12-30 21:15:00,364,E06000016,3,6,6,30,3,2,6,1191,0,5,4,1,1,0,0,2,1,E01013680,1.0,1.0,1.0,50.0,8.0,1.0,0.0,0.0,0.0,0.0,0.0,3.0,-1.0,-1.0
1498,2015030002820,1,9,0,18,0,0,0,0,7,10,1,1,6,1,86,11,1328,1,13,-1,3,-1,2,2,351740.0,492360.0,-2.743508,54.324521,3,1,2,2,42258,2,1899-12-30 15:50:00,65,E10000006,3,65,6,30,0,-1,-1,0,0,0,7,1,2,0,0,1,1,E01019365,1.0,1.0,1.0,86.0,11.0,1.0,0.0,0.0,0.0,0.0,0.0,9.0,3.0,5.0