,accident_index,vehicle_reference,vehicle_type,towing_and_articulation,vehicle_manoeuvre,vehicle_location-restricted_lane,junction_location,skidding_and_overturning,hit_object_in_carriageway,vehicle_leaving_carriageway,hit_object_off_carriageway,1st_point_of_impact,was_vehicle_left_hand_drive?,journey_purpose_of_driver,sex_of_driver,age_of_driver,age_band_of_driver,engine_capacity_(cc),propulsion_code,age_of_vehicle,driver_imd_decile,driver_home_area_type,vehicle_imd_decile,NUmber_of_Casualities_unique_to_accident_index,No_of_Vehicles_involved_unique_to_accident_index,location_easting_osgr,location_northing_osgr,longitude,latitude,police_force,accident_severity,number_of_vehicles,number_of_casualties,date,day_of_week,time,local_authority_(district),local_authority_(highway),1st_road_class,1st_road_number,road_type,speed_limit,junction_detail,junction_control,2nd_road_class,2nd_road_number,pedestrian_crossing-human_control,pedestrian_crossing-physical_facilities,light_conditions,weather_conditions,road_surface_conditions,special_conditions_at_site,carriageway_hazards,urban_or_rural_area,did_police_officer_attend_scene_of_accident,lsoa_of_accident_location,casualty_reference,casualty_class,sex_of_casualty,age_of_casualty,age_band_of_casualty,casualty_severity,pedestrian_location,pedestrian_movement,car_passenger,bus_or_coach_passenger,pedestrian_road_maintenance_worker,casualty_type,casualty_home_area_type,casualty_imd_decile
1629,2015440387527,2,9,0,2,0,8,0,0,0,0,1,1,6,3,-1,-1,1995,2,2,-1,-1,-1,1,2,482397.0,160466.0,-0.81855,51.337323,44,1,2,1,42196,7,1899-12-30 02:00:00,494,E10000014,6,0,6,30,3,4,6,0,0,0,7,9,2,0,0,1,1,E01022890,,,,,,,,,,,,,,
1630,201597LA01408,2,9,0,9,0,0,0,0,0,0,2,1,6,1,24,5,-1,-1,-1,-1,1,-1,2,2,234822.0,697072.0,-4.659774,56.137679,97,1,2,2,42224,7,1899-12-30 10:40:00,913,S12000035,3,82,6,60,0,-1,-1,0,0,0,1,1,1,0,0,2,1,,2.0,1.0,1.0,24.0,5.0,3.0,0.0,0.0,0.0,0.0,0.0,9.0,1.0,-1.0
1631,2015544111015,2,9,0,18,0,0,0,0,0,0,1,1,6,1,61,9,1968,2,7,-1,3,-1,3,3,387808.0,133864.0,-2.175513,51.103944,54,1,3,3,42313,2,1899-12-30 13:56:00,635,E06000054,3,303,6,60,0,-1,-1,0,0,0,1,1,1,0,0,2,1,E01032010,2.0,1.0,1.0,61.0,9.0,2.0,0.0,0.0,0.0,0.0,0.0,9.0,3.0,10.0
1632,2015051501539,1,5,0,16,0,3,1,0,7,0,1,1,6,1,57,9,1199,1,10,-1,1,-1,1,3,336087.0,379145.0,-2.960583,53.305376,5,1,3,1,16/06/2015,3,1899-12-30 19:10:00,95,E08000015,3,41,6,40,1,4,1,53,0,0,1,1,1,0,0,2,1,E01007169,1.0,1.0,1.0,57.0,9.0,1.0,0.0,0.0,0.0,0.0,0.0,5.0,1.0,1.0
1633,2015320019381,2,1,-1,18,0,0,0,0,0,0,1,1,6,1,32,6,-1,-1,-1,-1,-1,-1,1,2,495716.0,336522.0,-0.577909,52.917601,32,1,2,1,42342,1,1899-12-30 09:18:00,355,E10000019,4,6403,6,60,0,-1,-1,0,0,0,4,4,1,0,0,2,1,E01026293,1.0,1.0,1.0,32.0,6.0,1.0,0.0,0.0,0.0,0.0,0.0,1.0,-1.0,-1.0
1634,2015621501288,2,9,0,9,0,0,0,0,0,0,3,1,6,2,29,6,-1,-1,-1,-1,1,-1,2,2,300737.0,212875.0,-3.441088,51.805672,62,1,2,2,42043,1,1899-12-30 12:10:00,742,W06000024,3,470,6,60,0,-1,-1,0,0,0,1,1,1,0,0,2,1,W01001898,2.0,1.0,2.0,29.0,6.0,3.0,0.0,0.0,0.0,0.0,0.0,9.0,1.0,-1.0
1635,2015120057753,3,21,0,2,0,1,0,0,0,0,0,1,1,1,48,8,6374,2,2,-1,1,-1,3,3,468818.0,455059.0,-0.951967,53.987007,12,1,3,3,42251,5,1899-12-30 11:14:00,185,E10000023,3,166,6,40,8,4,6,0,0,0,1,1,1,0,0,2,1,E01027797,,,,,,,,,,,,,,
1636,201501TD00087,1,5,0,17,0,0,1,10,1,1,4,1,6,1,34,6,599,1,5,-1,1,-1,1,1,549870.0,179850.0,0.157665,51.497728,1,1,1,1,42223,4,1899-12-30 19:35:00,18,E09000004,3,2016,3,50,0,-1,-1,0,0,0,1,1,1,0,0,2,1,E01000335,1.0,1.0,1.0,34.0,6.0,1.0,0.0,0.0,0.0,0.0,0.0,5.0,1.0,1.0
1637,201563CP10415,3,9,0,18,0,0,0,0,0,0,0,1,6,1,45,7,-1,-1,-1,-1,1,-1,3,3,209660.0,238710.0,-4.775055,52.014086,63,1,3,3,26/07/2015,1,1899-12-30 15:40:00,752,W06000009,3,487,6,60,0,-1,-1,0,0,0,1,2,2,0,0,2,1,W01000613,,,,,,,,,,,,,,
1638,201597UC02601,2,9,0,4,0,0,0,0,0,0,1,1,6,2,30,6,1339,8,5,-1,2,-1,2,2,241598.0,649944.0,-4.523196,55.716957,97,1,2,2,16/01/2015,6,1899-12-30 11:15:00,919,S12000008,6,0,6,60,0,-1,-1,0,0,0,1,1,3,0,0,2,1,,2.0,1.0,2.0,30.0,6.0,3.0,0.0,0.0,0.0,0.0,0.0,9.0,2.0,-1.0
1639,201542I296609,1,21,5,18,0,0,0,0,0,0,1,1,1,1,62,9,12900,2,3,-1,1,-1,3,3,573739.0,187882.0,0.505157,51.563053,42,1,3,3,21/09/2015,2,1899-12-30 13:30:00,450,E10000012,3,13,3,70,0,-1,-1,0,0,0,1,1,1,0,0,2,1,E01021310,3.0,1.0,1.0,62.0,9.0,3.0,0.0,0.0,0.0,0.0,0.0,21.0,1.0,-1.0
1640,2015460258149,1,9,0,16,0,1,0,0,1,0,1,1,6,2,74,10,1598,1,10,-1,3,-1,2,4,600810.0,131250.0,0.863372,51.045494,46,1,4,2,24/06/2015,4,1899-12-30 16:10:00,530,E10000016,3,2070,6,60,3,4,6,0,0,0,1,1,1,0,0,2,1,E01024037,1.0,1.0,2.0,74.0,10.0,1.0,0.0,0.0,0.0,0.0,0.0,9.0,3.0,4.0
1641,2015460264386,2,9,0,18,0,8,5,0,7,10,4,1,6,1,56,9,1299,1,10,-1,1,-1,1,2,560330.0,165390.0,0.301687,51.364948,46,1,2,1,28/11/2015,7,1899-12-30 00:01:00,538,E10000016,5,252,6,30,6,4,6,0,0,0,4,1,2,0,0,1,1,E01032619,1.0,1.0,1.0,56.0,9.0,1.0,0.0,0.0,0.0,0.0,0.0,9.0,1.0,7.0
1642,2015460259562,2,9,0,18,0,8,0,0,0,0,1,1,6,2,29,6,659,1,7,-1,1,-1,1,3,574200.0,167724.0,0.501872,51.381834,46,1,3,1,25/07/2015,7,1899-12-30 18:55:00,544,E06000035,4,2097,6,30,3,4,6,0,0,0,1,1,1,0,0,1,1,E01016131,,,,,,,,,,,,,,
1643,2015471504064,2,5,0,18,0,0,0,0,1,0,1,1,6,1,66,10,865,1,1,-1,1,-1,3,2,577825.0,113918.0,0.527365,50.897362,47,1,2,3,15/07/2015,4,1899-12-30 21:40:00,555,E10000011,3,2100,6,60,0,-1,-1,0,0,0,1,1,1,0,0,2,1,E01021097,1.0,1.0,1.0,66.0,10.0,1.0,0.0,0.0,0.0,0.0,0.0,5.0,1.0,1.0
1644,2015981107115,1,9,0,18,0,0,5,0,1,10,1,1,6,1,25,5,1796,1,10,-1,3,-1,2,2,231895.0,546155.0,-4.615534,54.782059,98,1,2,2,18/05/2015,2,1899-12-30 21:27:00,917,S12000006,3,747,6,60,0,-1,-1,0,0,0,6,1,1,0,0,2,1,,1.0,1.0,1.0,25.0,5.0,1.0,0.0,0.0,0.0,0.0,0.0,9.0,3.0,-1.0
1645,2015556000110,1,9,0,17,0,0,2,0,7,10,1,1,6,2,23,5,1998,1,16,-1,3,-1,1,1,367380.0,104420.0,-2.464622,50.838382,55,1,1,1,18/04/2015,7,1899-12-30 21:42:00,645,E10000009,5,12,6,60,0,-1,-1,0,0,0,6,1,1,0,0,2,1,E01020539,1.0,1.0,2.0,23.0,5.0,1.0,0.0,0.0,0.0,0.0,0.0,9.0,3.0,7.0
1646,2015471507031,1,9,0,18,0,0,0,0,2,4,1,1,6,1,26,6,1800,1,16,-1,1,-1,1,1,547712.0,122878.0,0.103116,50.986361,47,1,1,1,28/11/2015,7,1899-12-30 00:48:00,556,E10000011,6,0,6,60,0,-1,-1,0,0,0,6,1,2,0,0,1,2,E01021144,1.0,3.0,1.0,35.0,6.0,1.0,10.0,9.0,0.0,0.0,0.0,0.0,2.0,6.0
1647,201543P018015,1,21,0,9,8,6,0,0,0,0,3,1,1,1,49,8,9200,2,6,-1,3,-1,1,2,462983.0,204819.0,-1.089279,51.738548,43,1,2,1,42125,2,1899-12-30 18:09:00,484,E10000025,3,418,6,50,9,4,6,0,0,0,6,1,1,0,0,2,1,E01028647,,,,,,,,,,,,,,
1648,2015610003415,1,9,0,18,0,0,2,0,1,0,4,1,6,1,22,5,-1,-1,-1,-1,1,-1,4,1,331776.0,187565.0,-2.986037,51.582796,61,1,1,4,42248,6,1899-12-30 07:07:00,733,W06000022,3,4042,3,30,0,-1,-1,0,0,0,4,1,1,0,0,1,1,W01001661,3.0,2.0,2.0,19.0,4.0,1.0,0.0,0.0,2.0,0.0,0.0,9.0,1.0,-1.0
1649,2015941500388,1,5,0,16,0,0,1,0,7,11,1,1,6,1,47,8,998,1,16,-1,1,-1,1,1,351484.0,707941.0,-2.784775,56.261475,94,1,1,1,23/05/2015,7,1899-12-30 19:25:00,925,S12000015,4,940,6,60,0,-1,-1,0,0,0,1,1,1,0,0,2,1,,1.0,1.0,1.0,47.0,8.0,1.0,0.0,0.0,0.0,0.0,0.0,5.0,1.0,-1.0
1650,2015350017215,2,9,0,18,0,0,0,0,0,0,1,1,2,1,32,6,1124,1,11,-1,1,-1,2,2,543970.0,244550.0,0.099557,52.080593,35,1,2,2,24/01/2015,7,1899-12-30 01:03:00,395,E10000003,3,505,6,60,0,-1,-1,0,0,0,6,1,2,0,0,2,1,E01018302,2.0,1.0,1.0,32.0,6.0,1.0,0.0,0.0,0.0,0.0,0.0,9.0,1.0,9.0
1651,201543N155075,1,5,0,13,0,0,1,0,0,0,4,1,6,1,49,8,-1,-1,-1,-1,-1,-1,2,3,471711.0,233387.0,-0.956979,51.99431,43,1,3,2,19/07/2015,1,1899-12-30 14:19:00,476,E10000002,3,421,6,60,0,-1,-1,0,0,0,1,1,1,0,0,2,1,E01017650,1.0,1.0,1.0,49.0,8.0,1.0,0.0,0.0,0.0,0.0,0.0,5.0,-1.0,-1.0
1652,201501TD00106,1,9,0,18,0,0,0,0,0,0,4,1,6,1,45,7,1995,2,3,-1,1,-1,1,2,506040.0,183500.0,-0.47237,51.540448,1,1,2,1,21/08/2015,6,1899-12-30 12:23:00,26,E09000017,3,4020,3,40,0,-1,-1,0,0,0,1,9,1,0,0,1,1,E01033725,1.0,3.0,1.0,91.0,11.0,1.0,5.0,2.0,0.0,0.0,2.0,0.0,1.0,8.0
1653,201504ED15046,2,9,0,18,0,0,0,0,1,10,1,1,6,1,68,10,-1,-1,-1,-1,1,-1,2,2,367060.0,431220.0,-2.501312,53.776264,4,1,2,2,42037,2,1899-12-30 16:35:00,80,E10000017,5,541,6,60,0,-1,-1,0,0,0,6,1,4,0,0,2,1,E01025324,2.0,1.0,1.0,68.0,10.0,3.0,0.0,0.0,0.0,0.0,0.0,9.0,1.0,4.0
1654,2015460258149,1,9,0,16,0,1,0,0,1,0,1,1,6,2,74,10,1598,1,10,-1,3,-1,2,4,600810.0,131250.0,0.863372,51.045494,46,1,4,2,24/06/2015,4,1899-12-30 16:10:00,530,E10000016,3,2070,6,60,3,4,6,0,0,0,1,1,1,0,0,2,1,E01024037,2.0,2.0,2.0,65.0,9.0,2.0,0.0,0.0,1.0,0.0,0.0,9.0,1.0,3.0
1655,2015075017216,1,9,0,15,0,0,5,0,1,4,3,1,1,1,52,8,1248,2,6,-1,1,-1,1,2,373259.0,383840.0,-2.403178,53.350765,7,1,2,1,19/01/2015,2,1899-12-30 16:00:00,129,E06000049,3,556,3,50,0,-1,-1,0,0,0,1,1,1,0,0,2,1,E01018648,1.0,1.0,1.0,52.0,8.0,1.0,0.0,0.0,0.0,0.0,0.0,9.0,1.0,2.0
1656,2015405BA0842,2,9,0,18,0,0,0,0,0,0,1,1,2,2,56,9,1248,1,4,-1,-1,-1,2,2,500808.0,250320.0,-0.528332,52.141985,40,1,2,2,22/09/2015,3,1899-12-30 17:40:00,420,E06000055,3,428,6,60,0,-1,-1,0,0,0,1,2,2,0,0,2,1,E01017547,1.0,1.0,2.0,56.0,9.0,1.0,0.0,0.0,0.0,0.0,0.0,9.0,-1.0,-1.0
1657,2015450030663,2,9,0,5,0,3,0,0,0,0,4,1,6,2,25,5,1995,2,-1,-1,2,-1,1,4,503334.0,167140.0,-0.516152,51.393898,45,1,4,1,42318,1,1899-12-30 12:30:00,514,E10000030,3,320,6,30,1,4,6,0,0,8,1,1,1,0,0,2,1,E01030656,,,,,,,,,,,,,,
1658,2015230037674,3,98,1,18,0,0,1,0,1,4,1,1,1,1,31,6,16400,2,-1,-1,2,-1,3,3,420719.0,251471.0,-1.698532,52.161127,23,1,3,3,42016,3,1899-12-30 13:55:00,293,E10000031,3,3400,6,50,0,-1,-1,0,0,0,1,1,1,0,0,2,1,E01031212,3.0,1.0,1.0,31.0,6.0,3.0,0.0,0.0,0.0,0.0,0.0,98.0,2.0,7.0
1659,2015520500438,2,9,0,18,0,0,0,0,0,0,1,-1,6,1,25,5,1998,1,16,-1,3,-1,3,2,339444.0,115030.0,-2.86308,50.931526,52,1,2,3,13/01/2015,3,1899-12-30 14:40:00,610,E10000027,6,0,6,60,0,-1,-1,0,0,0,1,1,2,0,0,2,1,E01029217,3.0,2.0,1.0,62.0,9.0,2.0,0.0,0.0,1.0,0.0,0.0,9.0,3.0,5.0
1660,2015530209327,1,9,0,17,0,0,5,0,1,4,1,1,6,1,72,10,1598,1,9,-1,3,-1,2,1,413456.0,235720.0,-1.805323,52.019741,53,1,1,2,42095,1,1899-12-30 15:30:00,621,E10000013,3,44,6,60,0,-1,-1,0,0,0,1,7,4,0,0,2,1,E01022182,2.0,1.0,1.0,72.0,10.0,3.0,0.0,0.0,0.0,0.0,0.0,9.0,3.0,10.0
1661,201597LB05012,1,9,0,13,0,0,0,0,0,0,1,1,6,1,28,6,2088,2,18,-1,3,-1,2,2,182983.0,721499.0,-5.512482,56.335975,97,1,2,2,30/12/2015,4,1899-12-30 17:30:00,913,S12000035,3,816,6,60,0,-1,-1,0,0,0,6,2,2,0,0,2,1,,2.0,2.0,2.0,24.0,5.0,3.0,0.0,0.0,2.0,0.0,0.0,9.0,3.0,-1.0
1662,2015200034320,1,9,-1,-1,-1,-1,-1,-1,-1,0,-1,1,6,1,25,5,1229,1,3,-1,1,-1,1,1,389581.0,285866.0,-2.154806,52.470628,20,1,1,1,29/11/2015,1,1899-12-30 18:53:00,303,E08000027,3,491,9,30,9,-1,3,461,-1,-1,4,1,2,-1,-1,1,2,E01009745,1.0,3.0,1.0,66.0,10.0,1.0,9.0,9.0,0.0,0.0,-1.0,0.0,1.0,5.0
1663,2015100113015,1,9,0,18,0,0,0,0,7,9,1,1,6,1,50,8,1396,1,13,-1,1,-1,2,2,412949.0,630959.0,-1.796205,55.572127,10,1,2,2,20/02/2015,6,1899-12-30 16:20:00,139,E06000048,3,1,6,60,0,-1,-1,0,0,0,1,1,1,0,0,2,1,E01027374,1.0,1.0,1.0,50.0,8.0,1.0,0.0,0.0,0.0,0.0,0.0,9.0,1.0,-1.0
1664,2015350042415,1,19,0,16,0,0,0,0,7,4,0,1,6,1,42,7,1248,2,9,-1,-1,-1,1,2,523070.0,269100.0,-0.196355,52.306235,35,1,2,1,26/03/2015,5,1899-12-30 20:50:00,393,E10000003,4,1043,6,60,0,-1,-1,0,0,0,6,1,1,0,0,2,1,E01018132,1.0,1.0,1.0,42.0,7.0,1.0,0.0,0.0,0.0,0.0,0.0,19.0,-1.0,-1.0
1665,2015075042870,1,9,0,1,0,0,0,11,7,11,2,1,6,2,81,11,998,1,6,-1,1,-1,1,1,349973.0,375833.0,-2.7517,53.277104,7,1,1,1,14/02/2015,7,1899-12-30 08:09:00,130,E06000050,6,0,6,30,0,-1,-1,0,0,0,1,1,1,0,2,2,1,E01018696,1.0,1.0,2.0,81.0,11.0,1.0,0.0,0.0,0.0,0.0,0.0,9.0,1.0,10.0
1666,2015471503310,1,19,0,17,0,0,1,0,1,4,1,1,6,1,31,6,2463,2,10,-1,1,-1,5,1,513798.0,105023.0,-0.385391,50.833563,47,1,1,5,13/06/2015,7,1899-12-30 00:52:00,564,E10000032,5,277,6,30,0,-1,-1,0,0,0,4,2,2,0,0,1,1,E01031822,3.0,2.0,1.0,27.0,6.0,3.0,0.0,0.0,0.0,0.0,0.0,19.0,1.0,3.0
1667,2015051502187,1,3,0,18,0,8,0,0,1,0,1,1,6,1,17,4,124,1,1,-1,1,-1,3,2,335058.0,381244.0,-2.976453,53.324115,5,1,2,3,13/09/2015,1,1899-12-30 05:04:00,95,E08000015,6,0,6,30,7,2,6,0,0,0,4,1,1,0,0,1,1,E01007171,1.0,1.0,1.0,17.0,4.0,1.0,0.0,0.0,0.0,0.0,0.0,3.0,1.0,4.0
1668,201531D258715,1,19,0,18,0,0,2,0,1,7,1,1,1,1,29,6,1560,2,6,-1,2,-1,3,1,465223.0,328276.0,-1.032979,52.848046,31,1,1,3,42075,5,1899-12-30 22:35:00,347,E10000024,3,46,3,70,0,-1,-1,0,0,0,6,5,5,0,3,2,1,E01028402,2.0,1.0,1.0,29.0,6.0,3.0,0.0,0.0,0.0,0.0,0.0,19.0,2.0,3.0
1669,201542I278809,2,9,0,18,0,0,0,0,0,0,1,1,6,2,46,8,1968,2,3,-1,1,-1,2,2,553368.0,237302.0,0.233344,52.012958,42,1,2,2,42072,5,1899-12-30 22:03:00,463,E10000012,4,1052,6,60,0,-1,-1,0,0,0,6,1,1,0,0,1,1,E01022074,2.0,1.0,2.0,46.0,8.0,2.0,0.0,0.0,0.0,0.0,0.0,9.0,1.0,9.0
1670,201543S058125,2,9,0,18,0,0,0,0,0,0,1,1,6,1,32,6,1998,1,10,-1,1,-1,1,2,488553.0,235181.0,-0.711283,52.008009,43,1,2,1,42320,6,1899-12-30 22:40:00,479,E06000042,3,5,3,70,0,-1,-1,0,0,0,6,1,1,0,0,2,1,E01033497,,,,,,,,,,,,,,
1671,2015100664715,2,5,0,18,0,8,1,0,0,0,1,1,6,1,56,9,865,1,9,-1,2,-1,2,3,422825.0,629336.0,-1.63972,55.557184,10,1,3,2,25/10/2015,1,1899-12-30 13:44:00,139,E06000048,4,1340,6,60,3,4,6,2036,0,0,1,1,1,0,0,2,1,E01027384,1.0,1.0,1.0,56.0,9.0,1.0,0.0,0.0,0.0,0.0,0.0,5.0,2.0,10.0
1672,2015030003139,1,9,0,16,0,0,0,0,0,0,1,1,6,1,18,4,1248,2,6,-1,1,-1,3,2,310710.0,536050.0,-3.38744,54.711507,3,1,2,3,24/12/2015,5,1899-12-30 17:10:00,60,E10000006,6,0,6,60,0,-1,-1,0,0,0,6,1,1,0,0,2,1,E01019086,1.0,1.0,1.0,18.0,4.0,2.0,0.0,0.0,0.0,0.0,0.0,9.0,1.0,2.0
1673,201514K333215,1,9,0,16,0,0,0,0,7,4,1,1,6,1,51,8,1995,2,12,-1,1,-1,4,1,430348.0,387063.0,-1.545255,53.379552,14,1,1,4,27/12/2015,1,1899-12-30 01:10:00,215,E08000019,3,57,6,50,0,-1,-1,0,0,0,6,2,2,0,0,2,1,E01007953,1.0,1.0,1.0,51.0,8.0,1.0,0.0,0.0,0.0,0.0,0.0,9.0,1.0,1.0
1674,2015521504241,1,9,0,18,0,8,0,0,0,0,1,1,6,1,29,6,-1,-1,-1,-1,-1,-1,1,3,359892.0,171877.0,-2.578493,51.444454,52,1,3,1,17/06/2015,4,1899-12-30 05:15:00,601,E06000023,3,4,6,30,3,2,3,37,0,5,1,1,1,0,0,1,1,E01014730,,,,,,,,,,,,,,
1675,2015551501224,1,5,0,18,0,0,0,0,1,2,1,1,6,1,26,6,645,1,14,-1,1,-1,2,2,369227.0,81252.0,-2.436451,50.630148,55,1,2,2,42318,1,1899-12-30 17:07:00,646,E10000009,4,3155,6,50,0,-1,-1,0,0,0,1,1,1,0,0,2,1,E01020557,1.0,1.0,1.0,26.0,6.0,2.0,0.0,0.0,0.0,0.0,0.0,5.0,-1.0,-1.0
1676,2015551500503,2,9,0,17,0,0,0,0,1,11,1,1,6,2,49,8,1399,2,6,-1,-1,-1,5,2,400405.0,99207.0,-1.995621,50.792429,55,1,2,5,42283,4,1899-12-30 16:13:00,643,E06000029,3,31,6,60,0,-1,-1,0,0,0,5,1,1,0,0,2,1,E01015433,2.0,2.0,2.0,18.0,4.0,2.0,0.0,0.0,1.0,0.0,0.0,9.0,1.0,9.0
1677,2015460259904,1,-1,0,7,0,7,0,0,0,0,1,1,6,3,-1,-1,-1,-1,-1,-1,-1,-1,1,1,558200.0,144820.0,0.26202,51.180728,46,1,1,1,42224,7,1899-12-30 01:07:00,542,E10000016,3,26,7,40,5,4,3,21,0,0,7,1,1,0,0,2,1,E01024758,1.0,3.0,1.0,24.0,5.0,1.0,10.0,9.0,0.0,0.0,0.0,0.0,-1.0,-1.0
1678,201554B066415,1,9,0,18,0,1,0,0,1,0,1,1,6,2,78,11,1368,1,8,-1,3,-1,3,3,403595.0,180611.0,-1.949575,51.524403,54,1,3,3,42259,4,1899-12-30 11:25:00,635,E06000054,3,3102,6,60,3,4,5,76,0,0,1,1,1,0,0,2,1,E01031944,1.0,1.0,2.0,78.0,11.0,1.0,0.0,0.0,0.0,0.0,0.0,9.0,3.0,7.0
1679,2015621501838,1,9,0,18,0,0,0,0,0,0,1,1,6,1,33,6,-1,-1,-1,-1,1,-1,3,4,307711.0,199625.0,-3.33645,51.687769,62,1,4,3,24/10/2015,7,1899-12-30 02:45:00,742,W06000024,3,4054,6,30,0,-1,-1,0,0,0,4,2,2,0,0,2,1,W01001302,1.0,1.0,1.0,33.0,6.0,2.0,0.0,0.0,0.0,0.0,0.0,9.0,1.0,-1.0
1680,2015546288415,1,9,0,18,0,0,0,0,7,4,1,2,6,1,61,9,2495,2,13,-1,3,-1,4,3,390341.0,142937.0,-2.139581,51.185577,54,1,3,4,13/07/2015,2,1899-12-30 16:38:00,635,E06000054,3,36,6,60,0,-1,-1,0,0,0,1,1,2,0,0,2,1,E01032082,4.0,2.0,2.0,60.0,9.0,3.0,0.0,0.0,1.0,0.0,0.0,9.0,3.0,6.0
1681,201506A096616,1,21,0,18,0,0,0,0,0,0,1,1,1,1,42,7,4462,2,2,-1,1,-1,1,1,384480.0,398220.0,-2.235327,53.48047,6,1,1,1,28/01/2015,4,1899-12-30 08:40:00,102,E08000003,3,6,6,30,0,-1,-1,0,0,0,1,5,2,0,0,1,1,E01033653,1.0,3.0,1.0,18.0,4.0,1.0,5.0,4.0,0.0,0.0,0.0,0.0,1.0,3.0
1682,2015471504509,2,17,4,9,0,8,0,0,0,0,4,1,1,1,20,4,4400,2,2,-1,3,-1,1,2,538769.0,109297.0,-0.029378,50.866531,47,1,2,1,42163,5,1899-12-30 18:36:00,554,E10000011,3,27,3,50,3,4,6,0,0,0,1,1,1,0,0,2,1,E01021032,,,,,,,,,,,,,,
1683,2015546728215,2,9,0,18,0,0,0,0,5,6,1,1,6,1,60,9,1984,1,13,-1,1,-1,4,2,429390.0,176850.0,-1.578088,51.489839,54,1,2,4,26/07/2015,1,1899-12-30 02:05:00,635,E06000054,1,4,3,70,0,-1,-1,0,0,0,6,1,1,0,0,2,1,E01031873,1.0,3.0,1.0,26.0,6.0,2.0,9.0,5.0,0.0,0.0,0.0,0.0,1.0,1.0
1684,2015220037413,1,9,0,9,0,6,0,10,3,4,3,1,5,1,93,11,1339,1,10,-1,3,-1,2,2,349722.0,315760.0,-2.746091,52.737121,22,1,2,2,23/12/2015,4,1899-12-30 11:10:00,286,E06000051,3,528,6,40,3,4,6,0,0,0,1,1,2,0,0,1,1,E01028956,1.0,1.0,1.0,93.0,11.0,1.0,0.0,0.0,0.0,0.0,0.0,9.0,3.0,9.0
1685,2015051501532,1,9,0,18,0,0,0,0,0,0,1,1,1,2,43,7,1198,1,10,-1,1,-1,1,1,343023.0,392004.0,-2.858832,53.42174,5,1,1,1,16/06/2015,3,1899-12-30 08:45:00,90,E08000011,3,57,3,40,0,-1,-1,0,0,4,1,1,1,0,0,1,1,E01006470,1.0,3.0,2.0,36.0,7.0,1.0,1.0,1.0,0.0,0.0,0.0,0.0,1.0,1.0
1686,2015930000329,2,21,0,2,0,0,0,0,0,0,2,1,2,1,57,9,12419,2,3,-1,1,-1,1,2,315308.0,722044.0,-3.373148,56.383063,93,1,2,1,26/05/2015,3,1899-12-30 15:07:00,934,S12000024,3,90,3,60,0,-1,-1,0,0,0,1,1,1,0,0,2,1,,,,,,,,,,,,,,,
1687,2015551500828,1,9,0,16,0,0,2,0,8,11,3,1,6,1,28,6,1796,1,12,-1,1,-1,5,1,400954.0,107411.0,-1.987813,50.866203,55,1,1,5,31/05/2015,1,1899-12-30 21:20:00,647,E10000009,4,3078,6,60,0,-1,-1,0,0,0,1,1,1,0,0,2,1,E01020398,3.0,2.0,2.0,2.0,1.0,1.0,0.0,0.0,2.0,0.0,0.0,9.0,-1.0,-1.0
1688,201563BC07615,1,9,0,13,0,0,0,0,1,10,1,1,6,1,21,5,-1,-1,-1,-1,3,-1,2,5,254230.0,261780.0,-4.136031,52.23486,63,1,5,2,14/07/2015,3,1899-12-30 17:46:00,750,W06000008,4,4337,6,60,0,-1,-1,0,0,0,1,1,2,0,0,2,1,W01000524,1.0,1.0,1.0,21.0,5.0,2.0,0.0,0.0,0.0,0.0,0.0,9.0,3.0,-1.0
1689,201542I065102,1,9,0,18,0,0,0,0,0,0,1,1,6,1,64,9,1560,2,6,-1,1,-1,1,1,557241.0,198585.0,0.272148,51.664048,42,1,1,1,27/02/2015,6,1899-12-30 20:10:00,452,E10000012,3,128,6,40,0,-1,-1,0,0,0,6,1,1,0,0,2,1,E01021444,1.0,3.0,2.0,15.0,3.0,1.0,5.0,3.0,0.0,0.0,0.0,0.0,1.0,7.0
1690,201550KU2J004,1,1,0,18,0,0,0,0,7,1,1,1,6,2,44,7,-1,-1,-1,-1,-1,-1,1,1,302716.0,106530.0,-3.383319,50.85008,50,1,1,1,24/04/2015,6,1899-12-30 17:30:00,586,E10000008,6,0,6,60,0,-1,-1,0,0,0,1,1,1,0,0,2,1,E01020056,1.0,1.0,2.0,44.0,7.0,1.0,0.0,0.0,0.0,0.0,0.0,1.0,-1.0,-1.0
1691,2015350031115,4,9,0,18,0,0,0,0,0,0,1,1,2,1,37,7,2793,1,15,-1,1,-1,3,4,560600.0,291510.0,0.364392,52.497849,35,1,4,3,18/02/2015,4,1899-12-30 06:45:00,391,E10000003,3,10,6,60,0,-1,-1,0,0,0,1,1,2,0,0,2,1,E01018044,,,,,,,,,,,,,,
1692,201522D500187,2,9,0,18,0,0,0,0,0,0,1,1,6,1,57,9,2179,2,5,-1,1,-1,4,2,378850.0,272580.0,-2.31193,52.350875,22,1,2,4,15/01/2015,5,1899-12-30 17:50:00,278,E10000034,4,4194,6,60,0,-1,-1,0,0,0,6,5,2,0,0,2,1,E01032428,3.0,2.0,2.0,58.0,9.0,3.0,0.0,0.0,1.0,0.0,0.0,9.0,1.0,6.0