,accident_index,vehicle_reference,vehicle_type,towing_and_articulation,vehicle_manoeuvre,vehicle_location-restricted_lane,junction_location,skidding_and_overturning,hit_object_in_carriageway,vehicle_leaving_carriageway,hit_object_off_carriageway,1st_point_of_impact,was_vehicle_left_hand_drive?,journey_purpose_of_driver,sex_of_driver,age_of_driver,age_band_of_driver,engine_capacity_(cc),propulsion_code,age_of_vehicle,driver_imd_decile,driver_home_area_type,vehicle_imd_decile,NUmber_of_Casualities_unique_to_accident_index,No_of_Vehicles_involved_unique_to_accident_index,location_easting_osgr,location_northing_osgr,longitude,latitude,police_force,accident_severity,number_of_vehicles,number_of_casualties,date,day_of_week,time,local_authority_(district),local_authority_(highway),1st_road_class,1st_road_number,road_type,speed_limit,junction_detail,junction_control,2nd_road_class,2nd_road_number,pedestrian_crossing-human_control,pedestrian_crossing-physical_facilities,light_conditions,weather_conditions,road_surface_conditions,special_conditions_at_site,carriageway_hazards,urban_or_rural_area,did_police_officer_attend_scene_of_accident,lsoa_of_accident_location,casualty_reference,casualty_class,sex_of_casualty,age_of_casualty,age_band_of_casualty,casualty_severity,pedestrian_location,pedestrian_movement,car_passenger,bus_or_coach_passenger,pedestrian_road_maintenance_worker,casualty_type,casualty_home_area_type,casualty_imd_decile
1693,2015551501654,2,19,0,18,0,0,1,1,7,0,1,1,6,1,31,6,1248,2,10,-1,3,-1,2,2,402164.0,102776.0,-1.970645,50.82452,55,1,2,2,24/12/2015,5,1899-12-30 05:35:00,647,E10000009,5,24,6,60,0,-1,-1,0,0,0,6,9,1,0,3,2,1,E01020398,2.0,1.0,1.0,31.0,6.0,3.0,0.0,0.0,0.0,0.0,0.0,19.0,3.0,6.0
1694,201543P125075,3,9,0,18,0,0,0,0,0,0,2,1,6,2,53,8,1968,2,4,-1,1,-1,3,5,454032.0,217948.0,-1.216852,51.857512,43,1,5,3,42345,1,1899-12-30 15:27:00,481,E10000025,3,34,3,70,0,-1,-1,0,0,0,1,9,1,0,0,2,1,E01028497,2.0,1.0,2.0,53.0,8.0,3.0,0.0,0.0,0.0,0.0,0.0,9.0,1.0,3.0
1695,2015950004501,1,9,0,18,0,0,0,0,0,0,1,1,6,1,61,9,1796,1,7,-1,1,-1,1,1,324640.0,668560.0,-3.206908,55.904227,95,1,1,1,42226,5,1899-12-30 19:55:00,923,S12000036,6,0,6,40,0,-1,-1,0,0,5,1,1,1,0,0,1,1,,1.0,3.0,1.0,57.0,9.0,1.0,9.0,5.0,0.0,0.0,0.0,0.0,1.0,-1.0
1696,201501TD00054,1,3,0,18,0,0,0,10,2,10,1,1,6,1,25,5,125,1,6,-1,1,-1,1,1,534830.0,164260.0,-0.064792,51.361414,1,1,1,1,42128,1,1899-12-30 18:10:00,20,E09000008,3,212,6,30,0,-1,-1,0,0,0,1,1,1,0,0,1,1,E01001122,1.0,1.0,1.0,25.0,5.0,1.0,0.0,0.0,0.0,0.0,0.0,3.0,1.0,3.0
1697,2015984109715,2,19,0,18,0,0,0,0,0,0,1,1,1,1,27,6,1996,2,3,-1,1,-1,2,2,326594.0,566989.0,-3.148831,54.992052,98,1,2,2,21/03/2015,7,1899-12-30 11:04:00,917,S12000006,3,75,6,60,0,-1,-1,0,0,0,1,1,1,0,0,2,1,,,,,,,,,,,,,,,
1698,2015520506986,1,9,0,18,0,1,5,12,2,10,1,1,6,1,20,4,1598,1,13,-1,1,-1,3,1,363126.0,126266.0,-2.527251,51.034564,52,1,1,3,16/08/2015,1,1899-12-30 02:45:00,610,E10000027,3,303,6,30,9,4,6,0,0,0,6,1,1,0,7,2,1,E01029166,2.0,2.0,1.0,47.0,8.0,3.0,0.0,0.0,2.0,0.0,0.0,9.0,1.0,3.0
1699,201543R116105,1,9,0,18,0,0,5,0,1,4,4,1,6,1,60,9,1560,2,-1,-1,1,-1,7,1,485531.0,175464.0,-0.76996,51.471686,43,1,1,7,42348,2,1899-12-30 21:50:00,474,E06000040,1,4,3,70,0,-1,-1,0,0,0,6,1,1,0,0,2,1,E01016578,2.0,1.0,1.0,60.0,9.0,2.0,0.0,0.0,0.0,0.0,0.0,9.0,1.0,6.0
1700,201560S011731,2,9,0,18,0,0,0,0,0,0,1,1,6,2,38,7,-1,-1,-1,-1,-1,-1,2,2,246604.0,376680.0,-4.301394,53.264872,60,1,2,2,25/01/2015,1,1899-12-30 16:45:00,720,W06000001,4,5110,6,40,0,-1,-1,0,0,0,6,1,2,0,0,2,1,W01000014,2.0,1.0,2.0,38.0,7.0,3.0,0.0,0.0,0.0,0.0,0.0,9.0,-1.0,-1.0
1701,2015521505635,3,20,1,18,0,0,0,0,0,0,2,1,6,1,47,8,12777,2,7,-1,1,-1,1,3,371430.0,190740.0,-2.414018,51.614756,52,1,3,1,13/07/2015,2,1899-12-30 15:52:00,612,E06000025,4,4059,6,60,0,-1,-1,0,0,0,1,1,1,0,0,2,1,E01014884,,,,,,,,,,,,,,
1702,2015120178366,2,5,0,18,0,8,0,0,0,0,1,1,6,1,61,9,865,1,5,-1,2,-1,1,2,446232.0,442765.0,-1.298239,53.879029,12,1,2,1,42226,5,1899-12-30 17:20:00,187,E10000023,5,306,6,40,6,4,6,746,0,0,1,1,1,0,0,2,1,E01027922,1.0,1.0,1.0,61.0,9.0,1.0,0.0,0.0,0.0,0.0,0.0,5.0,2.0,9.0
1703,2015921501352,1,17,4,18,0,0,4,0,7,0,3,1,1,1,23,5,6728,2,4,-1,3,-1,2,2,374090.0,809450.0,-2.430158,57.175145,92,1,2,2,42136,7,1899-12-30 14:42:00,911,S12000034,3,944,6,60,0,-1,-1,0,0,0,1,2,2,0,0,2,1,,,,,,,,,,,,,,,
1704,2015420032878,1,9,0,18,0,3,0,0,1,0,1,1,5,1,18,4,1149,1,5,-1,1,-1,1,1,572887.0,188951.0,0.493403,51.572917,42,1,1,1,21/11/2015,7,1899-12-30 18:05:00,450,E10000012,3,132,3,50,1,4,6,0,0,8,4,8,2,0,0,1,2,E01021306,1.0,3.0,1.0,59.0,9.0,1.0,5.0,3.0,0.0,0.0,0.0,0.0,1.0,1.0
1705,2015621501574,1,9,0,12,0,0,0,0,0,0,1,1,6,1,22,5,-1,-1,-1,-1,1,-1,9,3,315064.0,177506.0,-3.224749,51.490098,62,1,3,9,13/09/2015,1,1899-12-30 11:49:00,741,W06000015,3,48,3,40,0,-1,-1,0,0,4,1,1,1,0,0,1,1,W01001782,4.0,2.0,2.0,22.0,5.0,2.0,0.0,0.0,1.0,0.0,0.0,9.0,1.0,-1.0
1706,201514A055815,1,9,0,2,0,0,0,0,0,0,2,1,6,1,20,4,-1,-1,-1,-1,1,-1,3,2,458189.0,399364.0,-1.124505,53.487781,14,1,2,3,20/04/2015,2,1899-12-30 22:22:00,211,E08000017,1,18,3,70,0,-1,-1,0,0,0,6,1,1,0,0,2,1,E01007611,1.0,1.0,1.0,20.0,4.0,1.0,0.0,0.0,0.0,0.0,0.0,9.0,1.0,1.0
1707,201504SA15285,1,9,0,17,0,2,2,0,1,4,4,1,6,1,25,5,1989,1,16,-1,1,-1,3,1,348160.0,432070.0,-2.788219,53.782361,4,1,1,3,29/06/2015,2,1899-12-30 15:53:00,79,E10000017,6,0,6,60,3,4,6,0,0,0,1,1,1,0,0,2,1,E01025272,2.0,2.0,1.0,24.0,5.0,1.0,0.0,0.0,1.0,0.0,0.0,9.0,1.0,1.0
1708,2015530209813,3,21,1,17,0,0,0,0,0,0,1,1,1,1,33,6,12777,2,2,-1,2,-1,3,3,408046.0,211315.0,-1.884722,51.800424,53,1,3,3,23/07/2015,5,1899-12-30 01:15:00,621,E10000013,3,429,6,40,0,-1,-1,0,0,0,4,1,1,0,0,2,1,E01022186,,,,,,,,,,,,,,
1709,201543P087045,2,9,0,10,0,1,0,0,0,0,2,1,1,1,37,7,1995,2,1,-1,1,-1,1,3,442195.0,197605.0,-1.39118,51.675636,43,1,3,1,13/04/2015,2,1899-12-30 16:28:00,483,E10000025,3,415,6,60,8,4,6,0,0,0,1,1,1,0,0,2,1,E01028726,,,,,,,,,,,,,,
1710,201597UD01101,2,21,0,18,0,0,0,0,0,0,1,1,1,1,50,8,-1,-1,-1,-1,1,-1,2,2,220359.0,605436.0,-4.832011,55.310123,97,1,2,2,42278,7,1899-12-30 16:45:00,937,S12000028,3,77,6,40,0,-1,-1,0,0,0,4,5,2,0,0,2,1,,,,,,,,,,,,,,,
1711,2015471505617,5,9,0,4,0,1,0,0,0,0,0,1,6,1,39,7,2993,2,6,-1,1,-1,4,5,589457.0,116920.0,0.694144,50.920631,47,1,5,4,27/09/2015,1,1899-12-30 11:45:00,555,E10000011,3,259,6,60,8,4,6,0,0,0,1,1,1,0,0,2,1,E01021101,,,,,,,,,,,,,,
1712,2015551500799,1,19,0,9,0,2,0,0,0,0,1,1,1,1,44,7,1870,2,9,-1,1,-1,1,2,367937.0,83333.0,-2.45487,50.648791,55,1,2,1,23/06/2015,3,1899-12-30 07:55:00,646,E10000009,3,353,6,40,3,4,5,0,0,0,1,1,1,0,0,1,1,E01020552,,,,,,,,,,,,,,
1713,2015450026724,2,9,0,18,0,1,5,0,0,0,1,1,6,2,25,5,1229,1,5,-1,1,-1,1,2,521700.0,163882.0,-0.253411,51.360979,45,1,2,1,42345,1,1899-12-30 00:15:00,38,E10000030,3,240,6,40,3,4,6,0,0,0,4,1,1,0,0,1,1,E01030378,,,,,,,,,,,,,,
1714,201543S114055,1,21,1,18,0,0,3,0,0,0,1,1,1,1,33,6,10837,2,1,-1,1,-1,2,2,491104.0,239861.0,-0.672883,52.049662,43,1,2,2,29/05/2015,6,1899-12-30 07:00:00,479,E06000042,1,1,3,70,0,-1,-1,0,0,0,1,1,1,0,0,2,1,E01033509,2.0,1.0,1.0,33.0,6.0,3.0,0.0,0.0,0.0,0.0,0.0,21.0,1.0,5.0
1715,2015100212415,2,9,0,18,0,0,0,0,0,0,0,1,6,1,31,6,3200,1,7,-1,1,-1,2,3,427176.0,557309.0,-1.577657,54.909759,10,1,3,2,19/04/2015,1,1899-12-30 04:57:00,146,E08000020,3,1,3,70,0,-1,-1,0,0,0,4,1,1,0,0,2,1,E01008224,,,,,,,,,,,,,,
1716,201542I140705,1,5,0,18,0,0,1,0,0,0,1,1,6,1,52,8,647,1,12,-1,1,-1,1,3,572589.0,191118.0,0.490172,51.592474,42,1,3,1,13/05/2015,4,1899-12-30 17:00:00,450,E10000012,3,127,3,70,0,-1,-1,0,0,0,1,1,1,0,0,2,1,E01021330,1.0,1.0,1.0,52.0,8.0,1.0,0.0,0.0,0.0,0.0,0.0,5.0,1.0,5.0
1717,201501TD00142,1,21,0,7,0,8,0,0,0,0,4,1,6,1,38,7,6693,2,2,-1,1,-1,1,1,521270.0,168930.0,-0.257862,51.40644,1,1,1,1,17/11/2015,3,1899-12-30 08:29:00,23,E09000021,6,0,6,30,3,4,4,283,0,1,1,1,1,0,0,1,1,E01002963,1.0,3.0,2.0,14.0,3.0,1.0,4.0,1.0,0.0,0.0,2.0,0.0,1.0,5.0
1718,2015215002064,1,4,0,18,0,0,0,0,0,0,1,1,6,1,55,8,244,1,9,-1,1,-1,1,1,391185.0,331292.0,-2.132425,52.87902,21,1,1,1,21/04/2015,3,1899-12-30 16:00:00,255,E10000028,3,34,3,60,0,-1,-1,0,0,0,1,1,1,0,0,2,1,E01029733,1.0,1.0,1.0,55.0,8.0,1.0,0.0,0.0,0.0,0.0,0.0,4.0,1.0,4.0
1719,201563AC28215,4,9,0,18,0,0,0,0,0,0,0,1,6,3,-1,-1,-1,-1,-1,-1,-1,-1,3,4,245100.0,233600.0,-4.256794,51.979211,63,1,4,3,25/08/2015,3,1899-12-30 14:35:00,751,W06000010,4,4459,6,50,0,-1,-1,0,0,0,1,2,2,0,0,2,1,W01000685,,,,,,,,,,,,,,
1720,201506L004801,2,5,0,18,0,8,1,0,0,0,1,1,6,1,25,5,998,1,10,-1,2,-1,1,2,355830.0,404670.0,-2.66792,53.536811,6,1,2,1,27/08/2015,5,1899-12-30 21:15:00,114,E08000010,6,0,6,30,6,4,6,0,0,0,4,1,1,0,0,1,1,E01006354,1.0,1.0,1.0,25.0,5.0,1.0,0.0,0.0,0.0,0.0,0.0,5.0,2.0,10.0
1721,201550CB2F001,2,21,1,16,0,0,2,0,7,10,1,1,1,1,50,8,16120,2,3,-1,1,-1,1,4,250651.0,129192.0,-4.131768,51.042616,50,1,4,1,14/01/2015,4,1899-12-30 06:53:00,582,E10000008,3,39,6,60,0,-1,-1,0,0,0,5,1,2,0,0,2,1,E01020119,,,,,,,,,,,,,,
1722,2015331501183,1,9,0,18,0,2,0,0,0,0,3,1,6,1,33,6,1998,1,11,-1,1,-1,1,1,458715.0,307120.0,-1.133381,52.658633,33,1,1,1,19/07/2015,1,1899-12-30 22:55:00,364,E06000016,3,6,3,40,3,4,6,1341,0,4,4,1,1,0,0,1,1,E01013605,1.0,3.0,1.0,31.0,6.0,1.0,2.0,3.0,0.0,0.0,0.0,0.0,1.0,2.0
1723,201514C051315,2,9,0,18,0,0,0,0,1,0,1,1,6,1,74,10,1796,1,10,-1,2,-1,4,2,454829.0,392020.0,-1.176415,53.422136,14,1,2,4,17/05/2015,1,1899-12-30 13:14:00,213,E08000018,3,631,6,60,0,-1,-1,0,0,0,1,1,1,0,0,2,1,E01007764,2.0,1.0,1.0,74.0,10.0,2.0,0.0,0.0,0.0,0.0,0.0,9.0,2.0,7.0
1724,201514K071615,1,5,0,18,0,0,1,0,0,0,1,1,6,1,33,6,998,1,9,-1,1,-1,1,3,435204.0,380577.0,-1.472979,53.320954,14,1,3,1,25/03/2015,4,1899-12-30 17:48:00,215,E08000019,3,61,3,40,0,-1,-1,0,0,0,1,1,1,0,0,1,1,E01008084,1.0,1.0,1.0,33.0,6.0,1.0,0.0,0.0,0.0,0.0,0.0,5.0,1.0,1.0
1725,201514K337015,1,9,0,18,0,0,1,0,1,4,4,1,6,1,20,4,1390,1,15,-1,1,-1,1,1,437955.0,393058.0,-1.430188,53.432946,14,1,1,1,30/12/2015,4,1899-12-30 22:29:00,215,E08000019,4,6082,6,60,0,-1,-1,0,0,0,6,2,5,0,0,1,1,E01007856,1.0,1.0,1.0,20.0,4.0,1.0,0.0,0.0,0.0,0.0,0.0,9.0,1.0,5.0
1726,2015350017215,1,9,0,18,0,0,0,0,0,0,1,1,6,1,40,7,1686,2,4,-1,1,-1,2,2,543970.0,244550.0,0.099557,52.080593,35,1,2,2,24/01/2015,7,1899-12-30 01:03:00,395,E10000003,3,505,6,60,0,-1,-1,0,0,0,6,1,2,0,0,2,1,E01018302,1.0,1.0,1.0,40.0,7.0,1.0,0.0,0.0,0.0,0.0,0.0,9.0,1.0,7.0
1727,2015520500472,2,1,0,9,0,6,0,0,0,0,1,1,6,1,79,11,-1,-1,-1,-1,3,-1,1,2,336741.0,139113.0,-2.905752,51.147767,52,1,2,1,18/01/2015,1,1899-12-30 14:36:00,607,E10000027,3,39,6,50,3,4,6,0,0,0,1,1,2,0,0,2,1,E01029151,1.0,1.0,1.0,79.0,11.0,1.0,0.0,0.0,0.0,0.0,0.0,1.0,3.0,5.0
1728,2015350150815,1,9,0,18,0,0,0,0,0,0,3,1,6,2,79,11,1796,1,13,-1,2,-1,1,2,547060.0,275050.0,0.157858,52.353794,35,1,2,1,13/10/2015,3,1899-12-30 11:07:00,391,E10000003,3,1123,6,40,0,-1,-1,0,0,0,1,1,1,0,0,2,1,E01018037,1.0,1.0,2.0,79.0,11.0,1.0,0.0,0.0,0.0,0.0,0.0,9.0,2.0,6.0
1729,201501TD00088,1,9,0,5,0,1,0,0,0,0,1,1,6,1,23,5,1896,2,13,-1,1,-1,1,1,538940.0,184360.0,0.002089,51.541044,1,1,1,1,42162,2,1899-12-30 20:58:00,17,E09000025,3,11,2,30,3,2,3,112,0,5,7,1,1,0,0,1,1,E01003619,1.0,3.0,2.0,17.0,4.0,1.0,1.0,2.0,0.0,0.0,2.0,0.0,1.0,4.0
1730,2015215001010,1,9,0,18,0,0,5,7,0,0,1,1,5,2,30,6,1299,1,17,-1,1,-1,1,1,393291.0,310142.0,-2.100691,52.688923,21,1,1,1,21/02/2015,7,1899-12-30 02:39:00,254,E10000028,3,5,6,50,0,-1,-1,0,0,0,6,2,2,0,0,2,1,E01029658,1.0,1.0,2.0,30.0,6.0,1.0,0.0,0.0,0.0,0.0,0.0,9.0,1.0,2.0
1731,2015621600066,1,9,0,18,0,1,0,0,0,0,1,1,6,1,20,4,-1,-1,-1,-1,1,-1,1,2,288239.0,179036.0,-3.611457,51.499178,62,1,2,1,13/12/2015,1,1899-12-30 12:58:00,740,W06000013,3,48,6,60,3,4,6,0,0,0,1,1,1,0,0,2,1,W01000989,,,,,,,,,,,,,,
1732,2015621501297,1,19,0,17,0,0,1,4,0,0,4,1,6,1,25,5,-1,-1,-1,-1,1,-1,5,4,298354.0,203540.0,-3.472904,51.72134,62,1,4,5,42071,2,1899-12-30 03:28:00,744,W06000016,6,0,6,30,0,-1,-1,0,0,0,4,1,2,0,0,1,1,W01001154,6.0,2.0,2.0,16.0,4.0,3.0,0.0,0.0,0.0,0.0,0.0,19.0,3.0,-1.0
1733,2015551501243,1,9,0,18,0,0,0,0,0,0,1,1,6,1,21,5,1598,1,9,-1,3,-1,2,1,406787.0,92076.0,-1.905205,50.728265,55,1,1,2,17/11/2015,3,1899-12-30 22:20:00,643,E06000029,3,37,3,40,0,-1,-1,0,0,4,6,1,2,0,0,1,1,E01015389,1.0,3.0,1.0,60.0,9.0,1.0,1.0,3.0,0.0,0.0,0.0,0.0,-1.0,-1.0
1734,201506M099785,1,9,0,18,0,0,0,0,1,4,1,1,6,1,22,5,1796,1,15,-1,1,-1,4,1,379520.0,387160.0,-2.309341,53.380888,6,1,1,4,18/04/2015,7,1899-12-30 01:10:00,112,E08000009,5,0,6,30,0,-1,-1,0,0,0,7,9,1,0,0,1,1,E01006138,1.0,1.0,1.0,22.0,5.0,1.0,0.0,0.0,0.0,0.0,0.0,9.0,1.0,1.0
1735,2015950003303,2,9,0,18,0,0,0,0,1,0,1,1,6,1,65,9,-1,-1,-1,-1,2,-1,4,2,344283.0,645789.0,-2.888111,55.702334,95,1,2,4,14/07/2015,3,1899-12-30 16:30:00,914,S12000026,3,7,6,60,0,-1,-1,0,0,0,1,1,1,0,0,2,1,,4.0,2.0,2.0,95.0,11.0,1.0,0.0,0.0,1.0,0.0,0.0,9.0,1.0,-1.0
1736,201501TD00100,2,9,0,18,0,1,0,4,0,0,1,1,6,1,31,6,5998,1,8,-1,1,-1,1,3,525170.0,180830.0,-0.197612,51.512539,1,1,3,1,42163,5,1899-12-30 23:51:00,12,E09000020,3,4206,6,30,3,4,6,0,0,0,4,1,1,0,0,1,1,E01002886,1.0,3.0,1.0,23.0,5.0,1.0,9.0,6.0,0.0,0.0,2.0,0.0,1.0,6.0
1737,2015215000944,1,10,0,16,0,0,0,0,1,10,3,2,2,1,27,6,-1,-1,-1,-1,3,-1,9,2,423318.0,326519.0,-1.655307,52.835688,21,1,2,9,15/02/2015,1,1899-12-30 06:56:00,251,E10000028,3,511,6,40,0,-1,-1,0,0,0,4,2,2,0,0,1,1,E01029466,9.0,1.0,1.0,27.0,6.0,3.0,0.0,0.0,0.0,0.0,0.0,10.0,3.0,9.0
1738,2015471501897,2,9,0,18,0,8,0,0,0,0,1,1,6,1,22,5,3500,1,39,-1,2,-1,2,2,538334.0,132513.0,-0.026732,51.075277,47,1,2,2,42159,2,1899-12-30 15:11:00,556,E10000011,6,0,6,60,3,4,6,0,0,0,1,1,1,0,0,2,1,E01021168,2.0,2.0,2.0,30.0,6.0,3.0,0.0,0.0,1.0,0.0,0.0,9.0,1.0,10.0
1739,201560S033679,1,21,0,18,0,0,1,4,0,0,1,1,1,1,35,6,-1,-1,-1,-1,-1,-1,5,4,297702.0,376216.0,-3.535486,53.273028,60,1,4,5,42280,3,1899-12-30 08:30:00,721,W06000003,3,55,3,70,0,-1,-1,0,0,0,1,1,1,4,1,2,1,W01000140,1.0,1.0,1.0,35.0,6.0,3.0,0.0,0.0,0.0,0.0,0.0,21.0,-1.0,-1.0
1740,2015075072816,1,9,0,9,0,6,0,0,0,0,3,1,6,1,70,10,1997,2,1,-1,1,-1,1,2,373941.0,380431.0,-2.392652,53.320158,7,1,2,1,15/03/2015,1,1899-12-30 16:17:00,129,E06000049,3,50,6,60,8,4,6,0,0,0,1,1,1,0,0,2,1,E01018648,,,,,,,,,,,,,,
1741,2015471507711,1,9,0,18,0,0,0,0,0,0,1,1,6,1,47,8,2497,2,10,-1,1,-1,1,2,559104.0,101132.0,0.255831,50.787931,47,1,2,1,29/12/2015,3,1899-12-30 14:55:00,551,E10000011,6,0,6,30,0,-1,-1,0,0,0,1,1,1,0,0,1,1,E01020947,,,,,,,,,,,,,,
1742,2015350106315,1,9,0,18,0,0,0,0,0,0,1,1,6,1,29,6,1149,1,12,-1,2,-1,2,2,522500.0,302980.0,-0.192284,52.610792,35,1,2,2,23/06/2015,3,1899-12-30 12:07:00,394,E06000031,3,47,6,60,0,-1,-1,0,0,0,1,1,1,0,0,2,1,E01015619,1.0,1.0,1.0,29.0,6.0,1.0,0.0,0.0,0.0,0.0,0.0,9.0,2.0,3.0
1743,2015100212415,3,9,0,11,0,0,0,0,0,0,0,1,6,1,40,7,2993,2,11,-1,1,-1,2,3,427176.0,557309.0,-1.577657,54.909759,10,1,3,2,19/04/2015,1,1899-12-30 04:57:00,146,E08000020,3,1,3,70,0,-1,-1,0,0,0,4,1,1,0,0,2,1,E01008224,,,,,,,,,,,,,,
1744,20154100K0365,1,1,0,18,9,2,0,0,0,11,1,1,6,1,54,8,-1,-1,-1,-1,1,-1,1,1,536462.0,204518.0,-0.02577,51.722787,41,1,1,1,20/07/2015,2,1899-12-30 17:24:00,430,E10000015,4,176,6,30,3,4,6,204,0,0,1,1,1,0,0,1,2,E01023342,1.0,1.0,1.0,54.0,8.0,1.0,0.0,0.0,0.0,0.0,0.0,1.0,1.0,3.0
1745,201514C034315,2,5,0,16,0,0,0,0,0,0,3,1,6,1,48,8,1043,1,-1,-1,1,-1,4,4,456966.0,392463.0,-1.144182,53.425892,14,1,4,4,42159,2,1899-12-30 16:02:00,213,E08000018,3,631,6,60,0,-1,-1,0,0,0,1,1,1,0,0,2,1,E01007764,,,,,,,,,,,,,,
1746,2015120002277,1,9,0,13,0,0,0,0,0,0,1,1,6,1,90,11,1360,1,18,-1,3,-1,4,3,440835.0,486873.0,-1.374398,54.275879,12,1,3,4,42125,2,1899-12-30 09:35:00,181,E10000023,3,168,6,60,0,-1,-1,0,0,0,1,1,2,0,0,2,1,E01027633,1.0,1.0,1.0,90.0,11.0,1.0,0.0,0.0,0.0,0.0,0.0,9.0,3.0,5.0
1747,201591NM02212,1,21,1,18,0,0,0,0,0,0,1,1,1,1,50,8,12809,2,1,-1,3,-1,2,3,277513.0,801770.0,-4.022974,57.090566,91,1,3,2,19/03/2015,5,1899-12-30 06:08:00,927,S12000017,3,9,6,60,0,-1,-1,0,0,0,1,1,1,0,0,2,1,,1.0,1.0,1.0,50.0,8.0,1.0,0.0,0.0,0.0,0.0,0.0,21.0,3.0,-1.0
1748,201543S058125,1,9,0,18,0,0,0,0,0,0,1,1,6,2,33,6,1998,1,12,-1,1,-1,1,2,488553.0,235181.0,-0.711283,52.008009,43,1,2,1,42320,6,1899-12-30 22:40:00,479,E06000042,3,5,3,70,0,-1,-1,0,0,0,6,1,1,0,0,2,1,E01033497,1.0,3.0,1.0,30.0,6.0,1.0,9.0,5.0,0.0,0.0,0.0,0.0,2.0,7.0
1749,201560S057584,3,19,0,18,0,1,0,0,0,0,0,1,1,1,28,6,-1,-1,-1,-1,-1,-1,4,6,336599.0,348524.0,-2.946822,53.030226,60,1,6,4,23/04/2015,5,1899-12-30 14:15:00,725,W06000006,6,0,6,60,8,4,6,0,0,0,1,1,1,0,0,2,1,W01000383,,,,,,,,,,,,,,
1750,2015405DA0092,1,9,0,17,0,0,1,0,0,0,4,-1,2,1,40,7,-1,-1,-1,-1,1,-1,2,2,500879.0,219507.0,-0.536356,51.865033,40,1,2,2,17/02/2015,3,1899-12-30 08:30:00,424,E06000056,4,4541,6,60,0,-1,-1,0,0,0,1,1,4,0,0,2,1,E01017587,1.0,1.0,1.0,40.0,7.0,1.0,0.0,0.0,0.0,0.0,0.0,9.0,1.0,2.0
1751,201520K012725,1,3,0,18,0,1,0,10,1,1,1,1,6,1,18,4,124,1,4,-1,1,-1,1,1,403120.0,288610.0,-1.955474,52.49539,20,1,1,1,18/07/2015,7,1899-12-30 13:44:00,305,E08000028,4,4136,6,30,3,4,3,457,0,0,1,1,1,0,0,1,1,E01010063,1.0,1.0,1.0,18.0,4.0,1.0,0.0,0.0,0.0,0.0,0.0,3.0,1.0,2.0
1752,201560S033679,2,19,0,3,0,0,1,4,0,0,2,1,1,1,52,8,-1,-1,-1,-1,-1,-1,5,4,297702.0,376216.0,-3.535486,53.273028,60,1,4,5,42280,3,1899-12-30 08:30:00,721,W06000003,3,55,3,70,0,-1,-1,0,0,0,1,1,1,4,1,2,1,W01000140,5.0,2.0,1.0,37.0,7.0,1.0,0.0,0.0,1.0,0.0,0.0,19.0,-1.0,-1.0
1753,201560S195872,1,9,0,18,0,1,2,0,1,4,1,1,6,2,31,6,-1,-1,-1,-1,-1,-1,1,1,294232.0,378496.0,-3.588259,53.292833,60,1,1,1,24/12/2015,5,1899-12-30 07:30:00,721,W06000003,3,55,3,70,5,4,3,548,0,0,6,5,2,0,0,2,1,W01001928,1.0,1.0,2.0,31.0,6.0,1.0,0.0,0.0,0.0,0.0,0.0,9.0,-1.0,-1.0
1754,201534TS80195,1,9,0,18,0,0,5,0,8,4,1,1,6,1,30,6,1396,1,22,-1,3,-1,2,1,467572.0,245227.0,-1.014915,52.101262,34,1,1,2,42044,4,1899-12-30 19:28:00,385,E10000021,3,413,6,60,0,-1,-1,0,0,0,6,1,1,0,0,2,1,E01027295,2.0,2.0,1.0,22.0,5.0,3.0,0.0,0.0,1.0,0.0,0.0,9.0,-1.0,-1.0
1755,201514K254615,2,1,0,18,0,0,1,0,1,2,2,1,6,1,24,5,-1,-1,-1,-1,1,-1,1,2,433898.0,387656.0,-1.491828,53.384667,14,1,2,1,19/10/2015,2,1899-12-30 21:20:00,215,E08000019,6,0,6,30,0,-1,-1,0,0,0,4,1,1,0,0,1,1,E01008067,1.0,1.0,1.0,24.0,5.0,1.0,0.0,0.0,0.0,0.0,0.0,1.0,1.0,8.0
1756,2015350150615,1,9,0,18,0,0,2,0,1,7,4,1,2,1,36,7,1364,1,10,-1,2,-1,1,1,529930.0,268980.0,-0.095844,52.303578,35,1,1,1,42104,1,1899-12-30 05:10:00,393,E10000003,3,14,3,70,0,-1,-1,0,0,0,6,1,1,0,0,2,1,E01018204,1.0,1.0,1.0,36.0,7.0,1.0,0.0,0.0,0.0,0.0,0.0,9.0,2.0,3.0
1757,201514K071615,3,9,0,18,0,0,0,0,0,0,2,1,6,2,33,6,1753,2,11,-1,1,-1,1,3,435204.0,380577.0,-1.472979,53.320954,14,1,3,1,25/03/2015,4,1899-12-30 17:48:00,215,E08000019,3,61,3,40,0,-1,-1,0,0,0,1,1,1,0,0,1,1,E01008084,,,,,,,,,,,,,,
1758,2015215001762,2,9,0,17,0,0,0,0,0,0,1,1,5,1,52,8,2982,2,12,-1,1,-1,1,2,393331.0,315159.0,-2.100203,52.734024,21,1,2,1,42159,2,1899-12-30 17:40:00,254,E10000028,5,26,6,60,0,-1,-1,0,0,0,1,1,1,0,0,2,1,E01029655,,,,,,,,,,,,,,