,accident_index,vehicle_reference,vehicle_type,towing_and_articulation,vehicle_manoeuvre,vehicle_location-restricted_lane,junction_location,skidding_and_overturning,hit_object_in_carriageway,vehicle_leaving_carriageway,hit_object_off_carriageway,1st_point_of_impact,was_vehicle_left_hand_drive?,journey_purpose_of_driver,sex_of_driver,age_of_driver,age_band_of_driver,engine_capacity_(cc),propulsion_code,age_of_vehicle,driver_imd_decile,driver_home_area_type,vehicle_imd_decile,NUmber_of_Casualities_unique_to_accident_index,No_of_Vehicles_involved_unique_to_accident_index,location_easting_osgr,location_northing_osgr,longitude,latitude,police_force,accident_severity,number_of_vehicles,number_of_casualties,date,day_of_week,time,local_authority_(district),local_authority_(highway),1st_road_class,1st_road_number,road_type,speed_limit,junction_detail,junction_control,2nd_road_class,2nd_road_number,pedestrian_crossing-human_control,pedestrian_crossing-physical_facilities,light_conditions,weather_conditions,road_surface_conditions,special_conditions_at_site,carriageway_hazards,urban_or_rural_area,did_police_officer_attend_scene_of_accident,lsoa_of_accident_location,casualty_reference,casualty_class,sex_of_casualty,age_of_casualty,age_band_of_casualty,casualty_severity,pedestrian_location,pedestrian_movement,car_passenger,bus_or_coach_passenger,pedestrian_road_maintenance_worker,casualty_type,casualty_home_area_type,casualty_imd_decile
1759,201531A235115,1,9,0,16,0,0,1,0,7,0,1,1,6,1,23,5,1796,1,14,-1,1,-1,5,2,451502.0,361561.0,-1.2314,53.148708,31,1,2,5,42227,1,1899-12-30 10:13:00,344,E10000024,3,6075,6,40,0,-1,-1,0,0,0,1,1,2,0,0,1,1,E01033392,1.0,1.0,1.0,23.0,5.0,1.0,0.0,0.0,0.0,0.0,0.0,9.0,1.0,2.0
1760,2015331501852,2,9,0,9,0,5,0,0,0,0,1,1,6,1,52,8,1797,8,4,-1,2,-1,1,2,473585.0,286830.0,-0.918075,52.474451,33,1,2,1,42015,1,1899-12-30 12:50:00,363,E10000018,5,9410,6,30,3,2,3,508,0,5,1,1,1,0,0,1,1,E01025806,,,,,,,,,,,,,,
1761,2015331501801,1,9,0,18,0,0,5,0,1,4,3,1,1,1,26,6,1794,1,13,-1,-1,-1,2,1,499685.0,309030.0,-0.527269,52.669823,33,1,1,2,29/11/2015,1,1899-12-30 22:13:00,368,E06000017,3,1,3,70,0,-1,-1,0,0,0,6,1,1,0,0,2,1,E01013791,2.0,2.0,1.0,26.0,6.0,2.0,0.0,0.0,1.0,0.0,0.0,9.0,-1.0,-1.0
1762,2015051503155,1,9,0,18,0,1,1,0,2,2,1,1,6,1,21,5,3000,1,22,-1,1,-1,2,1,331566.0,385805.0,-3.029858,53.364665,5,1,1,2,42047,4,1899-12-30 21:42:00,95,E08000015,6,0,6,30,3,4,6,0,0,0,4,1,2,0,0,1,1,E01007111,1.0,1.0,1.0,21.0,5.0,2.0,0.0,0.0,0.0,0.0,0.0,9.0,1.0,6.0
1763,2015983109315,2,21,1,18,0,0,1,0,1,0,1,1,1,1,34,6,-1,2,11,-1,-1,-1,2,2,295389.0,576501.0,-3.639847,55.07191,98,1,2,2,26/03/2015,5,1899-12-30 19:48:00,917,S12000006,3,75,6,60,0,-1,-1,0,0,0,6,1,1,0,0,1,1,,2.0,1.0,1.0,34.0,6.0,3.0,0.0,0.0,0.0,0.0,0.0,21.0,-1.0,-1.0
1764,2015331501957,2,9,0,16,0,0,0,0,0,0,1,1,6,1,19,4,973,1,13,-1,1,-1,4,2,449155.0,325425.0,-1.271969,52.824122,33,1,2,4,20/12/2015,1,1899-12-30 15:45:00,366,E10000018,3,6,6,60,0,-1,-1,0,0,0,1,8,2,0,0,2,1,E01025944,2.0,1.0,1.0,19.0,4.0,3.0,0.0,0.0,0.0,0.0,0.0,9.0,1.0,2.0
1765,2015551500878,2,21,0,18,0,0,1,0,0,0,1,1,1,1,46,8,6871,2,2,-1,1,-1,1,2,346941.0,92389.0,-2.753125,50.728684,55,1,2,1,42102,3,1899-12-30 05:04:00,645,E10000009,3,35,6,40,0,-1,-1,0,0,0,4,1,1,0,0,1,1,E01020503,,,,,,,,,,,,,,
1766,2015621501297,3,19,0,2,0,0,0,0,0,0,2,1,6,3,-1,-1,-1,-1,-1,-1,-1,-1,5,4,298354.0,203540.0,-3.472904,51.72134,62,1,4,5,42071,2,1899-12-30 03:28:00,744,W06000016,6,0,6,30,0,-1,-1,0,0,0,4,1,2,0,0,1,1,W01001154,,,,,,,,,,,,,,
1767,201560S129152,1,3,0,12,0,1,0,0,0,0,3,1,6,1,28,6,-1,-1,-1,-1,-1,-1,1,4,253698.0,372119.0,-4.193021,53.225909,60,1,4,1,24/08/2015,2,1899-12-30 17:30:00,720,W06000001,3,55,3,70,5,4,3,55,0,0,1,1,1,0,0,2,1,W01000008,1.0,1.0,1.0,28.0,6.0,1.0,0.0,0.0,0.0,0.0,0.0,3.0,-1.0,-1.0
1768,2015551501607,1,9,0,18,0,2,0,11,0,0,1,1,6,1,25,5,1870,2,13,-1,2,-1,4,1,412710.0,93960.0,-1.821223,50.745109,55,1,1,4,13/12/2015,1,1899-12-30 19:27:00,640,E06000028,3,3060,6,40,6,2,6,0,0,5,4,1,1,0,2,1,1,E01015319,4.0,3.0,2.0,48.0,8.0,2.0,1.0,3.0,0.0,0.0,0.0,0.0,-1.0,-1.0
1769,201543N156015,1,9,0,16,0,0,0,0,7,11,1,1,6,1,45,7,1796,1,8,-1,-1,-1,1,1,495390.0,187444.0,-0.624817,51.577798,43,1,1,1,23/01/2015,6,1899-12-30 02:00:00,477,E10000002,3,355,6,50,0,-1,-1,0,0,0,6,1,2,0,0,2,1,E01017803,1.0,1.0,1.0,45.0,7.0,1.0,0.0,0.0,0.0,0.0,0.0,9.0,-1.0,-1.0
1770,2015621501375,2,9,0,18,0,0,0,0,1,0,1,1,6,1,73,10,-1,-1,-1,-1,1,-1,5,2,250046.0,190334.0,-4.166127,51.591843,62,1,2,5,31/07/2015,6,1899-12-30 22:55:00,745,W06000011,6,0,6,60,0,-1,-1,0,0,0,6,1,1,0,0,2,1,W01000776,5.0,2.0,2.0,58.0,9.0,2.0,0.0,0.0,1.0,0.0,0.0,9.0,1.0,9.0
1771,2015075270523,2,19,0,9,0,8,0,0,7,1,3,1,1,1,30,6,1598,2,1,-1,1,-1,1,2,361453.0,369236.0,-2.578748,53.218769,7,1,2,1,42317,6,1899-12-30 10:44:00,130,E06000050,5,614,6,40,8,4,6,0,0,0,1,1,1,0,0,2,1,E01018692,,,,,,,,,,,,,,
1772,2015544111015,1,9,0,18,0,0,0,0,0,0,1,1,6,2,59,9,1596,1,6,-1,1,-1,3,3,387808.0,133864.0,-2.175513,51.103944,54,1,3,3,42313,2,1899-12-30 13:56:00,635,E06000054,3,303,6,60,0,-1,-1,0,0,0,1,1,1,0,0,2,1,E01032010,1.0,1.0,2.0,59.0,9.0,1.0,0.0,0.0,0.0,0.0,0.0,9.0,1.0,10.0
1773,201542I260808,1,9,0,18,0,4,5,9,3,7,1,1,6,1,21,5,1600,1,16,-1,-1,-1,1,1,573686.0,187928.0,0.504416,51.563482,42,1,1,1,22/08/2015,7,1899-12-30 02:55:00,450,E10000012,3,132,1,30,1,4,4,1464,0,7,4,1,1,0,0,2,1,E01021310,1.0,1.0,1.0,21.0,5.0,1.0,0.0,0.0,0.0,0.0,0.0,9.0,-1.0,-1.0
1774,201511ND09885,1,21,1,18,0,0,1,0,0,0,1,1,1,1,29,6,-1,-1,-1,-1,-1,-1,1,1,431065.0,544878.0,-1.518334,54.797828,11,1,1,1,42252,7,1899-12-30 02:33:00,169,E06000047,3,690,3,50,0,-1,-1,0,0,0,6,7,2,0,0,2,1,E01020690,1.0,3.0,2.0,36.0,7.0,1.0,9.0,8.0,0.0,0.0,0.0,0.0,1.0,2.0
1775,201563BC07615,4,9,0,18,0,0,0,0,0,0,0,1,6,1,67,10,-1,-1,-1,-1,3,-1,2,5,254230.0,261780.0,-4.136031,52.23486,63,1,5,2,14/07/2015,3,1899-12-30 17:46:00,750,W06000008,4,4337,6,60,0,-1,-1,0,0,0,1,1,2,0,0,2,1,W01000524,,,,,,,,,,,,,,
1776,2015120041241,1,90,4,18,0,0,4,0,0,0,3,1,1,1,61,9,-1,2,18,-1,3,-1,1,1,446851.0,486953.0,-1.282006,54.276084,12,1,1,1,13/03/2015,6,1899-12-30 10:14:00,181,E10000023,5,156,6,60,0,-1,-1,0,0,0,1,1,2,0,0,2,1,E01027637,1.0,1.0,1.0,61.0,9.0,1.0,0.0,0.0,0.0,0.0,0.0,90.0,3.0,6.0
1777,2015075127369,2,21,1,18,0,0,1,0,1,9,1,1,1,1,24,5,-1,-1,-1,-1,-1,-1,1,2,351912.0,343692.0,-2.717791,52.988393,7,1,2,1,42160,4,1899-12-30 15:30:00,130,E06000050,3,41,6,60,0,-1,-1,0,0,0,1,1,1,0,0,2,1,E01018356,,,,,,,,,,,,,,
1778,201506L008682,1,9,0,18,0,2,0,0,0,0,1,1,6,1,32,6,2179,2,3,-1,-1,-1,1,1,360940.0,397600.0,-2.58994,53.473672,6,1,1,1,14/11/2015,7,1899-12-30 21:00:00,114,E08000010,5,0,6,30,3,4,6,0,0,0,4,2,2,0,0,1,1,E01006342,1.0,3.0,1.0,16.0,4.0,1.0,5.0,3.0,0.0,0.0,0.0,0.0,1.0,7.0
1779,201534TD80305,7,21,0,18,0,0,0,0,0,0,0,1,1,1,47,8,10677,2,-1,-1,1,-1,1,11,464470.0,261123.0,-1.057179,52.244524,34,1,11,1,42047,4,1899-12-30 03:26:00,381,E10000021,1,1,3,50,0,-1,-1,0,0,0,6,1,1,4,0,2,1,E01027011,,,,,,,,,,,,,,
1780,201511SA26425,1,19,0,18,0,0,0,0,0,0,1,1,1,1,52,8,2143,2,-1,-1,1,-1,2,1,421711.0,528074.0,-1.66507,54.64731,11,1,1,2,21/12/2015,2,1899-12-30 07:28:00,169,E06000047,6,0,6,30,0,-1,-1,0,0,0,4,1,2,0,0,1,1,E01020881,1.0,1.0,1.0,52.0,8.0,3.0,0.0,0.0,0.0,0.0,0.0,19.0,1.0,10.0
1781,201520K625375,1,9,0,18,0,0,1,0,7,0,4,1,6,1,44,7,1124,1,15,-1,1,-1,2,2,402840.0,291650.0,-1.959573,52.522721,20,1,2,2,14/05/2015,5,1899-12-30 16:30:00,305,E08000028,6,0,6,60,0,-1,-1,0,0,0,1,2,2,0,0,2,1,E01010101,1.0,1.0,1.0,44.0,7.0,3.0,0.0,0.0,0.0,0.0,0.0,9.0,1.0,2.0
1782,201520K004295,2,9,0,18,0,1,0,0,0,0,1,1,6,3,-1,-1,1984,1,13,-1,-1,-1,1,3,401430.0,294700.0,-1.980342,52.550145,20,1,3,1,26/03/2015,5,1899-12-30 19:39:00,305,E08000028,3,4031,3,40,3,2,6,0,0,0,4,1,2,0,0,1,1,E01009994,,,,,,,,,,,,,,
1783,2015051500598,1,4,0,18,0,8,0,0,0,0,1,1,6,1,18,4,-1,-1,-1,-1,1,-1,4,2,330629.0,388139.0,-3.044449,53.385519,5,1,2,4,25/02/2015,4,1899-12-30 09:29:00,95,E08000015,6,0,6,30,6,4,6,0,0,0,4,1,2,0,0,1,1,E01007240,2.0,2.0,1.0,17.0,4.0,2.0,0.0,0.0,0.0,0.0,0.0,4.0,1.0,1.0
1784,2015320069249,2,9,0,17,0,0,0,0,1,10,1,1,6,1,64,9,1591,1,2,-1,3,-1,5,2,521757.0,395060.0,-0.168537,53.438263,32,1,2,5,28/07/2015,3,1899-12-30 12:16:00,351,E10000019,4,1203,6,60,0,-1,-1,0,0,0,1,1,2,0,0,2,1,E01026045,5.0,2.0,2.0,79.0,11.0,1.0,0.0,0.0,1.0,0.0,0.0,9.0,3.0,4.0
1785,2015405BA0842,1,9,4,18,0,0,0,0,0,0,1,1,1,1,19,4,-1,-1,-1,-1,3,-1,2,2,500808.0,250320.0,-0.528332,52.141985,40,1,2,2,22/09/2015,3,1899-12-30 17:40:00,420,E06000055,3,428,6,60,0,-1,-1,0,0,0,1,2,2,0,0,2,1,E01017547,2.0,1.0,1.0,19.0,4.0,3.0,0.0,0.0,0.0,0.0,0.0,9.0,3.0,5.0
1786,2015521506061,1,9,0,18,0,0,0,0,0,0,1,1,6,3,-1,-1,-1,-1,-1,-1,-1,-1,1,1,357550.0,173193.0,-2.612348,51.456115,52,1,1,1,29/08/2015,7,1899-12-30 05:50:00,601,E06000023,6,0,6,20,0,-1,-1,0,0,0,4,1,1,0,0,1,1,E01014555,1.0,3.0,1.0,25.0,5.0,1.0,10.0,9.0,0.0,0.0,0.0,0.0,1.0,6.0
1787,20154100T2017,1,9,0,18,0,0,0,0,1,7,1,1,2,1,38,7,1998,1,8,-1,1,-1,1,1,524190.0,218100.0,-0.198483,51.847692,41,1,1,1,17/02/2015,3,1899-12-30 05:54:00,433,E10000015,2,1,3,70,0,-1,-1,0,0,0,1,1,1,0,0,2,1,E01023627,1.0,1.0,1.0,38.0,7.0,1.0,0.0,0.0,0.0,0.0,0.0,9.0,1.0,3.0
1788,201543P336115,4,9,0,3,0,1,0,0,0,0,2,1,6,1,51,8,-1,-1,-1,-1,3,-1,4,5,422830.0,219365.0,-1.669803,51.872394,43,1,5,4,27/11/2015,6,1899-12-30 12:34:00,485,E10000025,3,424,6,60,3,4,6,0,0,0,1,1,2,0,0,2,1,E01028798,3.0,1.0,1.0,51.0,8.0,2.0,0.0,0.0,0.0,0.0,0.0,9.0,3.0,7.0
1789,201537EA91313,3,9,0,4,0,0,0,0,0,0,0,1,6,1,69,10,1968,2,6,-1,2,-1,1,4,592298.0,269220.0,0.817988,52.28746,37,1,4,1,24/06/2015,4,1899-12-30 15:57:00,414,E10000029,3,143,6,60,0,-1,-1,0,0,0,1,1,1,0,0,2,1,E01030133,,,,,,,,,,,,,,
1790,201534TN80045,2,3,0,18,0,0,0,10,1,0,3,1,6,1,45,7,124,1,2,-1,1,-1,1,2,474287.0,258191.0,-0.914067,52.216933,34,1,2,1,18/03/2015,4,1899-12-30 14:15:00,384,E10000021,3,5076,3,50,0,-1,-1,0,0,0,1,1,1,0,0,1,1,E01027253,1.0,1.0,1.0,45.0,7.0,1.0,0.0,0.0,0.0,0.0,0.0,3.0,1.0,4.0
1791,201531D169615,1,9,0,17,0,0,0,10,1,2,1,1,6,1,25,5,2143,2,2,-1,1,-1,3,1,458350.0,343587.0,-1.132274,52.986452,31,1,1,3,21/08/2015,6,1899-12-30 12:34:00,343,E10000024,6,0,6,30,0,-1,-1,0,0,0,1,1,1,0,0,1,1,E01028217,2.0,3.0,1.0,19.0,4.0,2.0,6.0,9.0,0.0,0.0,0.0,0.0,1.0,7.0
1792,20151322E1383,2,9,0,2,0,0,0,4,0,0,1,1,6,3,-1,-1,1896,2,13,-1,-1,-1,7,4,405153.0,422840.0,-1.923424,53.701969,13,1,4,7,14/02/2015,7,1899-12-30 20:30:00,202,E08000033,3,58,6,40,0,-1,-1,0,0,0,4,1,2,0,0,1,1,E01010959,,,,,,,,,,,,,,
1793,2015460257686,1,9,0,18,0,1,0,0,7,10,1,1,6,1,26,6,1598,1,15,-1,2,-1,3,2,555800.0,169290.0,0.238379,51.401248,46,1,2,3,14/06/2015,1,1899-12-30 22:06:00,532,E10000016,3,225,6,30,6,3,6,0,0,0,4,1,1,0,0,2,1,E01024175,1.0,1.0,1.0,26.0,6.0,1.0,0.0,0.0,0.0,0.0,0.0,9.0,2.0,4.0
1794,2015331500013,1,9,0,5,0,2,0,0,0,0,1,1,6,2,56,9,1998,1,20,-1,2,-1,1,1,462540.0,311805.0,-1.075952,52.700317,33,1,1,1,42217,5,1899-12-30 12:34:00,362,E10000018,6,4144,6,30,3,4,6,4125,0,0,1,1,2,0,0,1,2,E01025759,1.0,3.0,2.0,86.0,11.0,1.0,9.0,5.0,0.0,0.0,0.0,0.0,1.0,6.0
1795,201550JN2J006,1,9,0,18,0,0,0,0,0,0,1,1,6,1,51,8,1598,2,3,-1,2,-1,1,2,286732.0,70869.0,-3.599348,50.526604,50,1,2,1,26/07/2015,1,1899-12-30 01:28:00,585,E10000008,3,380,6,30,0,-1,-1,0,0,0,6,1,1,4,0,1,1,E01020227,1.0,3.0,1.0,30.0,6.0,1.0,10.0,9.0,0.0,0.0,0.0,0.0,-1.0,-1.0
1796,2015471505617,4,9,0,18,0,1,0,0,0,0,1,1,6,1,65,9,998,1,4,-1,2,-1,4,5,589457.0,116920.0,0.694144,50.920631,47,1,5,4,27/09/2015,1,1899-12-30 11:45:00,555,E10000011,3,259,6,60,8,4,6,0,0,0,1,1,1,0,0,2,1,E01021101,,,,,,,,,,,,,,
1797,2015440301341,1,9,0,18,0,0,0,0,0,0,1,1,6,1,65,9,1590,1,14,-1,1,-1,5,2,421264.0,95873.0,-1.699877,50.762063,44,1,2,5,30/08/2015,1,1899-12-30 14:28:00,496,E10000014,3,35,6,40,0,-1,-1,0,0,0,1,1,1,0,0,2,1,E01022996,1.0,1.0,1.0,65.0,9.0,3.0,0.0,0.0,0.0,0.0,0.0,9.0,1.0,10.0
1798,201506Q008760,1,9,0,18,0,8,1,0,0,0,1,1,6,1,25,5,1339,1,13,-1,1,-1,1,1,390440.0,402450.0,-2.145651,53.518634,6,1,1,1,42106,6,1899-12-30 22:19:00,104,E08000004,3,62,3,30,3,2,3,6104,0,5,4,1,1,0,0,1,1,E01005376,1.0,3.0,1.0,59.0,9.0,1.0,1.0,1.0,0.0,0.0,0.0,0.0,1.0,5.0
1799,2015544868615,1,5,0,16,0,0,0,0,7,9,1,1,6,1,29,6,599,1,6,-1,3,-1,1,1,397479.0,134055.0,-2.037386,51.105788,54,1,1,1,42100,5,1899-12-30 01:00:00,635,E06000054,5,276,6,60,0,-1,-1,0,0,0,6,1,1,0,0,2,1,E01032004,1.0,1.0,1.0,29.0,6.0,1.0,0.0,0.0,0.0,0.0,0.0,5.0,3.0,9.0
1800,20154100D0283,4,9,0,2,0,0,0,0,0,0,2,1,6,3,-1,-1,1296,1,9,-1,-1,-1,1,4,498642.0,207392.0,-0.572277,51.75654,41,1,4,1,26/06/2015,6,1899-12-30 11:12:00,431,E10000015,3,416,6,30,0,-1,-1,0,0,0,1,1,1,0,0,1,1,E01023372,,,,,,,,,,,,,,
1801,2015610001815,1,9,0,18,0,1,5,0,0,0,0,1,6,2,72,10,-1,-1,-1,-1,3,-1,2,1,330194.0,182741.0,-3.007906,51.539234,61,1,1,2,42125,2,1899-12-30 17:23:00,733,W06000022,4,4239,6,40,3,4,6,0,0,0,6,1,2,0,0,2,1,W01001912,2.0,2.0,1.0,84.0,11.0,2.0,0.0,0.0,1.0,0.0,0.0,9.0,-1.0,-1.0
1802,2015460264650,1,21,4,2,6,2,0,0,0,0,2,2,1,1,39,7,-1,-1,-1,-1,-1,-1,1,2,577610.0,157430.0,0.545693,51.288309,46,1,2,1,42167,1,1899-12-30 05:00:00,536,E10000016,1,20,7,70,5,4,6,0,0,0,4,1,1,0,0,2,1,E01024336,,,,,,,,,,,,,,
1803,201520L005475,1,9,0,18,0,0,0,0,0,0,1,1,6,1,33,6,1242,1,7,-1,1,-1,1,1,414980.0,279870.0,-1.781175,52.416623,20,1,1,1,22/08/2015,7,1899-12-30 12:10:00,306,E08000029,4,425,6,30,0,-1,-1,0,0,0,1,1,1,0,0,1,1,E01010192,1.0,3.0,1.0,74.0,10.0,1.0,5.0,1.0,0.0,0.0,0.0,0.0,-1.0,-1.0
1804,201591NJ03984,1,9,0,18,0,0,0,0,0,0,3,2,6,2,62,9,-1,-1,-1,-1,-1,-1,1,5,314617.0,927064.0,-3.455304,58.224024,91,1,5,1,20/06/2015,7,1899-12-30 14:00:00,927,S12000017,3,9,6,60,0,-1,-1,0,0,0,1,1,1,0,0,2,1,,,,,,,,,,,,,,,
1805,2015320026629,2,5,0,18,0,1,0,0,0,0,1,1,6,1,54,8,1098,1,7,-1,-1,-1,1,2,518947.0,388352.0,-0.213343,53.378638,32,1,2,1,42099,2,1899-12-30 11:19:00,356,E10000019,4,1225,6,60,6,4,5,272,0,0,1,1,1,0,0,2,1,E01026391,1.0,1.0,1.0,54.0,8.0,1.0,0.0,0.0,0.0,0.0,0.0,5.0,-1.0,-1.0
1806,2015360087833,3,9,0,18,0,0,0,0,0,0,1,1,6,1,21,5,1596,1,14,-1,1,-1,6,3,606754.0,296926.0,1.046729,52.530945,36,1,3,6,14/02/2015,7,1899-12-30 23:27:00,400,E10000020,3,11,3,70,0,-1,-1,0,0,0,6,1,2,0,0,2,1,E01026448,6.0,2.0,2.0,22.0,5.0,3.0,0.0,0.0,2.0,0.0,0.0,9.0,3.0,5.0
1807,201563AC25415,2,9,0,16,0,0,0,0,0,0,1,1,6,1,58,9,-1,-1,-1,-1,1,-1,3,2,237600.0,215220.0,-4.357236,51.811957,63,1,2,3,27/09/2015,1,1899-12-30 18:25:00,751,W06000010,4,4312,6,60,0,-1,-1,0,0,0,1,1,1,0,0,2,1,W01000700,3.0,2.0,2.0,56.0,9.0,3.0,0.0,0.0,1.0,0.0,0.0,9.0,1.0,-1.0
1808,2015440386099,1,9,0,18,0,8,0,0,1,4,4,2,1,1,29,6,-1,-1,-1,-1,1,-1,2,1,481871.0,133816.0,-0.832176,51.097815,44,1,1,2,42166,6,1899-12-30 07:30:00,497,E10000014,6,0,6,40,3,4,6,0,0,0,1,2,2,0,0,2,1,E01022586,2.0,2.0,1.0,22.0,5.0,1.0,0.0,0.0,1.0,0.0,0.0,9.0,1.0,8.0
1809,2015170H10955,2,9,0,18,0,0,0,0,0,0,1,1,6,2,61,9,2179,2,2,-1,3,-1,2,3,445239.0,527977.0,-1.300503,54.644882,17,1,3,2,19/09/2015,7,1899-12-30 12:15:00,240,E06000001,3,19,3,70,0,-1,-1,0,0,0,1,1,1,0,0,2,1,E01011959,,,,,,,,,,,,,,
1810,201563AC28215,2,9,0,18,0,0,0,0,0,0,1,1,6,1,62,9,-1,-1,-1,-1,3,-1,3,4,245100.0,233600.0,-4.256794,51.979211,63,1,4,3,25/08/2015,3,1899-12-30 14:35:00,751,W06000010,4,4459,6,50,0,-1,-1,0,0,0,1,2,2,0,0,2,1,W01000685,2.0,2.0,1.0,7.0,2.0,3.0,0.0,0.0,2.0,0.0,0.0,9.0,3.0,-1.0
1811,201522E502376,1,9,0,7,0,6,0,0,0,0,3,1,6,2,64,9,1197,1,1,-1,2,-1,3,2,369120.0,236170.0,-2.451445,52.023081,22,1,2,3,42284,6,1899-12-30 15:19:00,285,E06000019,3,449,6,60,9,4,6,0,0,0,1,1,1,0,0,2,1,E01014036,3.0,2.0,2.0,68.0,10.0,2.0,0.0,0.0,1.0,0.0,0.0,9.0,-1.0,-1.0
1812,201543R116105,1,9,0,18,0,0,5,0,1,4,4,1,6,1,60,9,1560,2,-1,-1,1,-1,7,1,485531.0,175464.0,-0.76996,51.471686,43,1,1,7,42348,2,1899-12-30 21:50:00,474,E06000040,1,4,3,70,0,-1,-1,0,0,0,6,1,1,0,0,2,1,E01016578,7.0,2.0,1.0,24.0,5.0,2.0,0.0,0.0,2.0,0.0,0.0,9.0,-1.0,-1.0
1813,201501TD00166,1,9,0,5,0,1,0,7,1,10,1,1,6,1,74,10,2290,1,15,-1,1,-1,1,2,528120.0,175200.0,-0.157166,51.461283,1,1,2,1,18/12/2015,6,1899-12-30 13:00:00,10,E09000032,3,3,6,30,3,4,6,0,0,5,1,1,1,0,0,1,1,E01004554,1.0,1.0,1.0,74.0,10.0,1.0,0.0,0.0,0.0,0.0,0.0,9.0,1.0,4.0
1814,2015921501192,2,9,0,18,4,4,0,0,1,0,1,1,6,1,60,9,1995,2,1,-1,1,-1,2,2,394655.0,812319.0,-2.090101,57.201622,92,1,2,2,24/10/2015,7,1899-12-30 09:18:00,910,S12000033,3,90,3,70,1,4,4,999,0,0,1,2,2,0,0,1,1,,2.0,1.0,1.0,60.0,9.0,2.0,0.0,0.0,0.0,0.0,0.0,9.0,1.0,-1.0
1815,2015521503055,2,9,0,18,0,8,0,0,0,0,1,1,6,2,-1,-1,1299,1,12,-1,1,-1,3,2,352421.0,179746.0,-2.687046,51.514623,52,1,2,3,28/04/2015,3,1899-12-30 09:14:00,601,E06000023,6,0,6,40,8,4,6,0,0,0,1,1,1,0,0,2,1,E01014496,1.0,2.0,2.0,2.0,1.0,1.0,0.0,0.0,2.0,0.0,0.0,9.0,1.0,10.0
1816,201563AC12315,4,9,0,18,0,0,0,0,0,0,2,1,6,1,30,6,-1,-1,-1,-1,3,-1,3,4,243780.0,225120.0,-4.272143,51.902659,63,1,4,3,25/05/2015,2,1899-12-30 00:51:00,751,W06000010,3,485,6,50,0,-1,-1,0,0,0,6,1,2,0,0,2,1,W01000624,,,,,,,,,,,,,,
1817,2015471503631,2,9,0,9,7,1,0,0,0,0,3,1,6,1,53,8,1596,1,12,-1,1,-1,3,2,586387.0,116175.0,0.650135,50.914938,47,1,2,3,28/06/2015,1,1899-12-30 10:15:00,555,E10000011,3,259,6,60,8,4,6,0,0,0,1,1,1,0,0,2,1,E01021101,2.0,1.0,1.0,53.0,8.0,3.0,0.0,0.0,0.0,0.0,0.0,9.0,1.0,9.0
1818,2015331501683,1,9,0,17,0,0,0,0,1,4,3,1,6,1,69,10,-1,-1,-1,-1,3,-1,1,1,490250.0,305075.0,-0.667834,52.635929,33,1,1,1,42288,3,1899-12-30 11:34:00,368,E06000017,5,8326,6,60,0,-1,-1,0,0,0,1,1,2,0,0,2,1,E01013797,1.0,1.0,1.0,69.0,10.0,1.0,0.0,0.0,0.0,0.0,0.0,9.0,3.0,7.0
1819,2015450023708,4,5,0,18,0,0,0,0,0,0,0,1,6,1,-1,-1,599,1,16,-1,-1,-1,2,4,523263.0,159818.0,-0.232379,51.324117,45,1,4,2,27/04/2015,2,1899-12-30 16:47:00,513,E10000030,3,240,6,30,0,-1,-1,0,0,0,1,1,1,0,0,1,1,E01030605,,,,,,,,,,,,,,
1820,201511NG05655,1,9,0,18,0,8,0,0,0,0,1,1,6,1,43,7,1796,1,4,-1,1,-1,7,2,423743.0,549002.0,-1.631882,54.835285,11,1,2,7,42067,6,1899-12-30 10:05:00,169,E06000047,4,6532,6,30,6,4,5,11,0,8,1,2,2,0,0,2,1,E01020604,4.0,2.0,2.0,6.0,2.0,3.0,0.0,0.0,2.0,0.0,0.0,9.0,1.0,1.0
1821,2015350150915,2,9,0,18,0,8,0,0,0,0,1,1,6,2,65,9,1339,1,8,-1,1,-1,2,2,516560.0,300050.0,-0.280996,52.58577,35,1,2,2,13/10/2015,3,1899-12-30 11:12:00,394,E06000031,3,47,3,70,5,4,3,47,0,0,1,1,1,0,0,1,1,E01015691,2.0,1.0,2.0,65.0,9.0,2.0,0.0,0.0,0.0,0.0,0.0,9.0,1.0,7.0
1822,201591NN12506,1,9,0,16,0,0,2,0,0,0,3,1,2,1,24,5,1997,1,5,-1,1,-1,3,2,277505.0,853405.0,-4.048748,57.554095,91,1,2,3,42252,7,1899-12-30 08:14:00,927,S12000017,4,9039,6,60,0,-1,-1,0,0,0,1,1,1,0,0,2,1,,1.0,1.0,1.0,24.0,5.0,1.0,0.0,0.0,0.0,0.0,0.0,9.0,1.0,-1.0
1823,2015300015067,2,9,0,17,0,0,0,0,1,0,1,1,1,1,58,9,1997,2,12,-1,1,-1,6,2,439430.0,331090.0,-1.415598,52.875842,30,1,2,6,26/07/2015,1,1899-12-30 17:12:00,328,E10000007,5,292,6,60,0,-1,-1,0,0,0,1,2,2,0,0,2,1,E01019835,5.0,2.0,1.0,34.0,6.0,2.0,0.0,0.0,2.0,0.0,0.0,9.0,1.0,10.0