,accident_index,vehicle_reference,vehicle_type,towing_and_articulation,vehicle_manoeuvre,vehicle_location-restricted_lane,junction_location,skidding_and_overturning,hit_object_in_carriageway,vehicle_leaving_carriageway,hit_object_off_carriageway,1st_point_of_impact,was_vehicle_left_hand_drive?,journey_purpose_of_driver,sex_of_driver,age_of_driver,age_band_of_driver,engine_capacity_(cc),propulsion_code,age_of_vehicle,driver_imd_decile,driver_home_area_type,vehicle_imd_decile,NUmber_of_Casualities_unique_to_accident_index,No_of_Vehicles_involved_unique_to_accident_index,location_easting_osgr,location_northing_osgr,longitude,latitude,police_force,accident_severity,number_of_vehicles,number_of_casualties,date,day_of_week,time,local_authority_(district),local_authority_(highway),1st_road_class,1st_road_number,road_type,speed_limit,junction_detail,junction_control,2nd_road_class,2nd_road_number,pedestrian_crossing-human_control,pedestrian_crossing-physical_facilities,light_conditions,weather_conditions,road_surface_conditions,special_conditions_at_site,carriageway_hazards,urban_or_rural_area,did_police_officer_attend_scene_of_accident,lsoa_of_accident_location,casualty_reference,casualty_class,sex_of_casualty,age_of_casualty,age_band_of_casualty,casualty_severity,pedestrian_location,pedestrian_movement,car_passenger,bus_or_coach_passenger,pedestrian_road_maintenance_worker,casualty_type,casualty_home_area_type,casualty_imd_decile
1824,2015100102615,2,9,0,18,0,8,0,0,2,7,1,1,6,1,42,7,2268,2,3,-1,3,-1,7,2,417379.0,606508.0,-1.727469,55.352289,10,1,2,7,15/02/2015,1,1899-12-30 12:14:00,139,E06000048,3,1,3,70,3,4,5,106,0,0,1,1,1,0,0,2,1,E01027370,2.0,1.0,1.0,42.0,7.0,3.0,0.0,0.0,0.0,0.0,0.0,9.0,3.0,-1.0
1825,2015132541576,1,9,0,9,0,1,0,0,0,0,4,1,6,1,28,6,4163,2,6,-1,1,-1,2,2,434451.0,433699.0,-1.478446,53.798462,13,1,2,2,42099,2,1899-12-30 20:35:00,204,E08000035,4,6159,3,40,6,4,6,0,0,4,4,1,1,0,0,1,1,E01011616,,,,,,,,,,,,,,
1826,201560S178591,1,9,0,17,0,0,2,0,0,0,3,1,6,1,22,5,-1,-1,-1,-1,-1,-1,5,2,303861.0,343548.0,-3.433356,52.980623,60,1,2,5,21/11/2015,7,1899-12-30 11:39:00,723,W06000004,3,5,6,60,0,-1,-1,0,0,0,1,1,2,0,0,2,1,W01000193,1.0,1.0,1.0,22.0,5.0,1.0,0.0,0.0,0.0,0.0,0.0,9.0,-1.0,-1.0
1827,2015405BA0463,1,9,0,18,0,1,0,0,0,0,1,1,6,2,32,6,-1,-1,-1,-1,3,-1,5,2,496858.0,239151.0,-0.589203,52.042306,40,1,2,5,29/05/2015,6,1899-12-30 00:01:00,424,E06000056,5,94,6,60,3,4,6,86,0,0,6,1,1,0,0,2,1,E01017416,5.0,2.0,1.0,16.0,4.0,3.0,0.0,0.0,2.0,0.0,0.0,9.0,2.0,9.0
1828,201501TD00085,2,5,0,18,0,8,0,0,0,0,3,1,6,1,71,10,487,1,7,-1,1,-1,1,2,544640.0,183760.0,0.083978,51.534223,1,1,2,1,42101,7,1899-12-30 21:48:00,16,E09000002,3,123,1,30,2,4,6,0,0,4,7,1,1,0,0,1,1,E01000050,1.0,1.0,1.0,71.0,10.0,1.0,0.0,0.0,0.0,0.0,0.0,5.0,1.0,-1.0
1829,2015520601046,1,9,0,18,0,8,1,0,0,4,4,1,6,3,-1,-1,1796,1,22,-1,-1,-1,2,1,330948.0,141106.0,-2.988942,51.165014,52,1,1,2,20/12/2015,1,1899-12-30 01:10:00,607,E10000027,3,38,9,50,1,4,6,0,0,0,7,1,1,0,0,2,1,E01029145,1.0,2.0,1.0,24.0,5.0,1.0,0.0,0.0,2.0,0.0,0.0,9.0,1.0,3.0
1830,2015030001496,1,9,0,16,0,0,0,0,0,0,3,1,6,2,72,10,-1,-1,-1,-1,2,-1,2,3,374490.0,516630.0,-2.395835,54.544279,3,1,3,2,16/06/2015,3,1899-12-30 16:50:00,64,E10000006,3,66,6,60,0,-1,-1,0,0,0,1,1,1,0,0,2,1,E01019340,1.0,1.0,2.0,72.0,10.0,1.0,0.0,0.0,0.0,0.0,0.0,9.0,2.0,9.0
1831,201520G000955,2,9,0,18,0,1,0,10,1,0,2,1,6,1,72,10,1527,2,19,-1,1,-1,2,2,391520.0,303350.0,-2.126715,52.62784,20,1,2,2,16/01/2015,6,1899-12-30 12:10:00,309,E08000031,3,449,3,40,1,4,6,0,0,4,1,1,2,4,0,1,1,E01010438,,,,,,,,,,,,,,
1832,201506XP98373,1,9,0,18,0,0,1,0,1,2,1,1,6,1,74,10,1896,2,14,-1,1,-1,3,2,384230.0,404930.0,-2.239434,53.540774,6,1,2,3,13/03/2015,6,1899-12-30 06:25:00,101,E08000002,1,60,3,70,0,-1,-1,0,0,0,7,9,2,0,0,2,1,E01004969,2.0,2.0,2.0,50.0,8.0,2.0,0.0,0.0,1.0,0.0,0.0,9.0,1.0,4.0
1833,20154100D0283,1,9,0,18,0,0,5,4,0,0,1,1,6,1,83,11,2171,1,11,-1,1,-1,1,4,498642.0,207392.0,-0.572277,51.75654,41,1,4,1,26/06/2015,6,1899-12-30 11:12:00,431,E10000015,3,416,6,30,0,-1,-1,0,0,0,1,1,1,0,0,1,1,E01023372,1.0,1.0,1.0,83.0,11.0,1.0,0.0,0.0,0.0,0.0,0.0,9.0,1.0,10.0
1834,2015051500943,1,8,0,18,0,0,1,0,0,0,1,1,1,1,33,6,2402,2,11,-1,1,-1,1,1,335084.0,391243.0,-2.97812,53.413982,5,1,1,1,42251,5,1899-12-30 04:45:00,91,E08000012,4,5173,3,30,0,-1,-1,0,0,0,4,1,1,0,0,1,1,E01006648,1.0,3.0,1.0,49.0,8.0,1.0,5.0,3.0,0.0,0.0,0.0,0.0,1.0,1.0
1835,201511SC10205,1,9,0,16,0,1,2,10,1,4,1,1,6,1,17,4,1994,1,13,-1,2,-1,2,1,409525.0,518732.0,-1.854211,54.563731,11,1,1,2,29/05/2015,6,1899-12-30 22:17:00,169,E06000047,3,688,6,60,3,4,6,0,0,0,6,1,2,0,0,2,1,E01020867,1.0,1.0,1.0,17.0,4.0,1.0,0.0,0.0,0.0,0.0,0.0,9.0,2.0,3.0
1836,2015405BA0814,3,9,0,10,0,8,0,0,0,0,0,1,6,2,29,6,1242,1,10,-1,3,-1,2,3,518800.0,242819.0,-0.268153,52.071006,40,1,3,2,15/09/2015,3,1899-12-30 07:58:00,424,E06000056,4,659,6,60,3,4,5,209,0,0,1,1,1,0,0,2,1,E01017386,,,,,,,,,,,,,,
1837,201522G501324,1,9,0,5,0,6,0,0,0,0,3,1,6,1,51,8,1560,2,6,-1,2,-1,1,2,383320.0,303120.0,-2.247846,52.625581,22,1,2,1,14/04/2015,3,1899-12-30 19:30:00,286,E06000051,3,41,6,60,6,4,6,0,0,0,1,1,1,0,0,2,1,E01028826,,,,,,,,,,,,,,
1838,201501TD00065,2,19,0,18,0,8,0,0,0,0,3,1,1,1,28,6,1968,2,1,-1,1,-1,1,2,525160.0,162120.0,-0.204361,51.344392,1,1,2,1,23/04/2015,5,1899-12-30 18:48:00,21,E09000029,3,217,3,40,6,4,6,0,0,4,1,1,1,0,0,1,1,E01032623,,,,,,,,,,,,,,
1839,2015210031451,2,1,0,17,0,0,0,0,0,0,2,1,6,1,46,8,-1,-1,-1,-1,1,-1,1,2,411335.0,307160.0,-1.833845,52.662043,21,1,2,1,17/10/2015,7,1899-12-30 20:56:00,252,E10000028,3,5127,3,50,0,-1,-1,0,0,0,6,1,1,0,0,2,1,E01029518,1.0,1.0,1.0,46.0,8.0,1.0,0.0,0.0,0.0,0.0,0.0,1.0,1.0,9.0
1840,201597KA04512,1,9,0,18,0,1,0,0,0,0,1,1,6,1,34,6,1968,2,-1,-1,1,-1,1,1,248205.0,664689.0,-4.426343,55.851437,97,1,1,1,23/12/2015,4,1899-12-30 19:55:00,935,S12000038,6,0,6,30,3,4,6,0,0,4,4,1,1,0,0,1,1,,1.0,3.0,2.0,30.0,6.0,1.0,4.0,3.0,0.0,0.0,0.0,0.0,-1.0,-1.0
1841,2015450030048,2,9,0,18,0,0,2,0,2,0,1,1,2,1,58,9,1998,2,8,-1,1,-1,1,2,487728.0,156935.0,-0.742909,51.304785,45,1,2,1,42073,7,1899-12-30 21:37:00,515,E10000030,3,331,3,70,0,-1,-1,0,0,0,6,1,1,0,0,1,1,E01023103,,,,,,,,,,,,,,
1842,2015030001305,2,9,0,17,0,0,0,0,0,0,1,1,6,1,81,11,1242,1,10,-1,3,-1,3,2,324070.0,466910.0,-3.162419,54.092469,3,1,2,3,17/05/2015,1,1899-12-30 12:01:00,61,E10000006,3,5087,6,60,0,-1,-1,0,0,0,1,1,1,0,0,2,1,E01019178,2.0,1.0,1.0,81.0,11.0,1.0,0.0,0.0,0.0,0.0,0.0,9.0,3.0,6.0
1843,201597NE70307,2,9,0,18,0,0,0,0,0,0,1,1,6,1,54,8,2993,2,6,-1,1,-1,4,2,280238.0,660067.0,-3.912972,55.818956,97,1,2,4,27/07/2015,2,1899-12-30 09:00:00,932,S12000044,3,73,6,60,0,-1,-1,0,0,0,1,1,2,2,0,2,1,,3.0,1.0,1.0,54.0,8.0,3.0,0.0,0.0,0.0,0.0,0.0,9.0,1.0,10.0
1844,2015030000034,2,9,0,2,6,0,0,0,8,7,2,1,6,2,67,10,1461,2,9,-1,1,-1,2,2,349360.0,532140.0,-2.786939,54.681755,3,1,2,2,42186,4,1899-12-30 12:50:00,64,E10000006,1,6,3,70,0,-1,-1,0,0,0,1,2,2,0,0,2,1,E01019329,2.0,1.0,2.0,67.0,10.0,1.0,0.0,0.0,0.0,0.0,0.0,9.0,1.0,-1.0
1845,2015132370884,1,9,0,13,0,0,1,0,1,4,3,1,6,1,21,5,1360,1,8,-1,1,-1,5,1,424535.0,428612.0,-1.629389,53.7533,13,1,1,5,42188,7,1899-12-30 13:50:00,204,E08000035,3,62,6,40,0,-1,-1,0,0,0,1,1,1,0,0,1,1,E01011522,4.0,2.0,1.0,15.0,3.0,2.0,0.0,0.0,2.0,0.0,0.0,9.0,1.0,6.0
1846,2015921500852,1,9,0,17,0,0,1,0,7,4,4,1,1,1,30,6,3600,1,8,-1,1,-1,1,2,369433.0,797408.0,-2.505699,57.066688,92,1,2,1,42012,7,1899-12-30 19:10:00,911,S12000034,4,976,6,60,0,-1,-1,0,0,0,1,1,1,0,0,2,1,,1.0,1.0,1.0,30.0,6.0,1.0,0.0,0.0,0.0,0.0,0.0,9.0,1.0,-1.0
1847,2015530209811,2,9,0,18,0,2,0,0,0,0,1,1,6,1,50,8,1596,1,5,-1,1,-1,1,2,392292.0,221991.0,-2.113424,51.896412,53,1,2,1,23/08/2015,1,1899-12-30 14:48:00,620,E10000013,3,40,6,40,3,4,6,820,0,0,1,1,2,0,0,1,1,E01022106,,,,,,,,,,,,,,
1848,201501TD00139,2,1,0,18,0,1,0,0,0,0,1,1,6,1,25,5,-1,-1,-1,-1,1,-1,2,2,524600.0,176170.0,-0.207466,51.470786,1,1,2,2,42258,2,1899-12-30 18:49:00,11,E09000013,3,308,6,30,6,4,6,0,0,1,4,1,1,0,0,1,1,E01001952,2.0,1.0,1.0,25.0,5.0,3.0,0.0,0.0,0.0,0.0,0.0,1.0,1.0,3.0
1849,201514C131815,1,5,0,16,0,0,1,10,4,2,1,1,6,1,22,5,600,1,14,-1,1,-1,1,1,437270.0,395696.0,-1.440187,53.456705,14,1,1,1,42228,3,1899-12-30 08:29:00,213,E08000018,3,629,3,40,0,-1,-1,0,0,0,1,1,2,0,0,2,1,E01007803,1.0,1.0,1.0,22.0,5.0,1.0,0.0,0.0,0.0,0.0,0.0,5.0,1.0,3.0
1850,201522C500649,3,9,0,4,0,0,0,0,0,0,2,1,6,1,35,6,1798,8,2,-1,1,-1,8,3,391240.0,263410.0,-2.12979,52.268776,22,1,3,8,17/02/2015,3,1899-12-30 16:49:00,277,E10000034,1,5,3,70,0,-1,-1,0,0,0,1,1,1,0,0,2,1,E01032395,8.0,1.0,1.0,35.0,6.0,3.0,0.0,0.0,0.0,0.0,0.0,9.0,1.0,10.0
1851,201531B211215,1,5,0,13,0,8,0,0,7,10,1,1,6,1,57,9,1293,1,3,-1,2,-1,2,2,459530.0,371251.0,-1.109579,53.234965,31,1,2,2,42257,6,1899-12-30 16:05:00,341,E10000024,3,616,6,60,8,4,6,0,0,0,1,1,1,0,0,2,1,E01028041,1.0,2.0,2.0,27.0,6.0,2.0,0.0,0.0,0.0,0.0,0.0,5.0,2.0,10.0
1852,2015471506959,1,9,0,17,0,0,1,0,0,0,4,1,2,1,24,5,1399,2,7,-1,3,-1,4,2,544543.0,106947.0,0.051692,50.843999,47,1,2,4,25/11/2015,4,1899-12-30 11:05:00,554,E10000011,3,26,6,60,0,-1,-1,0,0,0,1,1,2,0,0,2,1,E01021057,1.0,1.0,1.0,24.0,5.0,1.0,0.0,0.0,0.0,0.0,0.0,9.0,3.0,7.0
1853,2015132370884,1,9,0,13,0,0,1,0,1,4,3,1,6,1,21,5,1360,1,8,-1,1,-1,5,1,424535.0,428612.0,-1.629389,53.7533,13,1,1,5,42188,7,1899-12-30 13:50:00,204,E08000035,3,62,6,40,0,-1,-1,0,0,0,1,1,1,0,0,1,1,E01011522,2.0,2.0,1.0,14.0,3.0,1.0,0.0,0.0,2.0,0.0,0.0,9.0,1.0,7.0
1854,201501TD00165,1,9,0,18,0,8,0,0,0,0,1,1,1,1,39,7,4172,1,12,-1,1,-1,1,1,510700.0,178890.0,-0.40665,51.49812,1,1,1,1,19/12/2015,7,1899-12-30 06:26:00,25,E09000018,5,0,3,30,8,2,6,0,0,5,7,1,1,0,0,1,1,E01002637,1.0,3.0,1.0,75.0,10.0,1.0,4.0,1.0,0.0,0.0,2.0,0.0,1.0,4.0
1855,2015546621615,2,5,0,18,0,8,0,0,0,0,1,1,6,1,49,8,1157,1,14,-1,3,-1,2,2,396208.0,140046.0,-2.055605,51.159652,54,1,2,2,22/07/2015,4,1899-12-30 17:57:00,635,E06000054,3,36,6,60,3,4,5,22,0,0,1,1,1,0,0,2,1,E01032075,2.0,1.0,1.0,49.0,8.0,1.0,0.0,0.0,0.0,0.0,0.0,5.0,3.0,6.0
1856,201543N134075,1,9,0,18,0,0,0,0,0,0,1,1,6,1,81,11,1149,1,10,-1,1,-1,4,2,479492.0,215252.0,-0.847856,51.830237,43,1,2,4,17/07/2015,6,1899-12-30 16:25:00,476,E10000002,3,41,6,40,0,-1,-1,0,0,0,1,1,1,0,0,2,1,E01017705,1.0,1.0,1.0,81.0,11.0,1.0,0.0,0.0,0.0,0.0,0.0,9.0,1.0,5.0
1857,201520J009475,1,9,0,16,0,0,0,0,1,2,1,1,6,1,26,6,1796,1,12,-1,1,-1,2,1,394440.0,291920.0,-2.08338,52.525125,20,1,1,2,29/09/2015,3,1899-12-30 22:22:00,303,E08000027,3,4123,3,40,0,-1,-1,0,0,0,4,1,1,0,0,1,1,E01009759,1.0,1.0,1.0,26.0,6.0,1.0,0.0,0.0,0.0,0.0,0.0,9.0,1.0,2.0
1858,2015120025569,5,1,0,18,0,0,0,0,0,0,0,1,6,1,-1,-1,-1,-1,-1,-1,-1,-1,2,5,407396.0,454418.0,-1.8887,53.985762,12,1,5,2,15/02/2015,1,1899-12-30 11:34:00,180,E10000023,4,6160,6,60,0,-1,-1,0,0,0,1,1,2,0,0,2,1,E01027557,,,,,,,,,,,,,,
1859,201514A123215,1,9,0,13,0,0,2,10,7,11,1,1,6,3,-1,-1,1998,1,10,-1,1,-1,3,2,463376.0,401630.0,-1.045886,53.507548,14,1,2,3,25/08/2015,3,1899-12-30 12:45:00,211,E08000017,4,1396,6,30,0,-1,-1,0,0,0,1,1,1,0,0,2,1,E01007603,1.0,2.0,1.0,21.0,5.0,2.0,0.0,0.0,1.0,0.0,0.0,9.0,1.0,1.0
1860,201560S011731,1,9,0,18,0,0,0,0,0,0,1,1,6,1,89,11,-1,-1,-1,-1,-1,-1,2,2,246604.0,376680.0,-4.301394,53.264872,60,1,2,2,25/01/2015,1,1899-12-30 16:45:00,720,W06000001,4,5110,6,40,0,-1,-1,0,0,0,6,1,2,0,0,2,1,W01000014,1.0,1.0,1.0,89.0,11.0,1.0,0.0,0.0,0.0,0.0,0.0,9.0,-1.0,-1.0
1861,2015471506744,1,9,0,16,0,0,1,0,2,0,4,1,6,2,20,4,1796,1,16,-1,2,-1,3,2,521520.0,123860.0,-0.269518,51.001307,47,1,2,3,14/11/2015,7,1899-12-30 12:44:00,562,E10000032,3,281,6,60,0,-1,-1,0,0,0,1,2,2,0,0,2,1,E01031634,2.0,2.0,1.0,21.0,5.0,1.0,0.0,0.0,1.0,0.0,0.0,9.0,2.0,8.0
1862,2015556000356,2,9,0,18,0,0,0,0,0,0,1,1,6,1,28,6,1984,1,1,-1,3,-1,6,3,361748.0,98868.0,-2.544021,50.788111,55,1,3,6,42221,6,1899-12-30 22:15:00,645,E10000009,3,37,6,60,0,-1,-1,0,0,0,6,7,1,0,0,2,1,E01020529,3.0,1.0,1.0,28.0,6.0,2.0,0.0,0.0,0.0,0.0,0.0,9.0,3.0,8.0
1863,2015350033515,2,9,0,18,0,8,0,0,0,0,1,1,6,2,34,6,1560,2,5,-1,2,-1,4,2,548710.0,278870.0,0.183759,52.387667,35,1,2,4,42128,1,1899-12-30 12:40:00,391,E10000003,3,142,6,60,3,4,5,335,0,0,1,1,1,0,0,2,1,E01018038,4.0,2.0,1.0,38.0,7.0,3.0,0.0,0.0,1.0,0.0,0.0,9.0,2.0,5.0
1864,2015548445215,2,19,0,18,0,1,0,0,0,0,1,1,2,1,66,10,1998,2,11,-1,2,-1,1,2,412614.0,182063.0,-1.819525,51.537331,54,1,2,1,17/09/2015,5,1899-12-30 14:20:00,633,E06000030,4,4005,6,50,3,4,6,0,0,0,1,1,1,0,0,2,1,E01015585,,,,,,,,,,,,,,
1865,2015051502681,1,9,0,6,0,2,0,0,0,0,3,1,6,1,83,11,1796,1,13,-1,1,-1,1,2,329141.0,390093.0,-3.067257,53.402881,5,1,2,1,42015,1,1899-12-30 15:00:00,95,E08000015,3,553,6,30,3,4,6,0,0,0,1,1,1,0,0,1,1,E01007121,1.0,1.0,1.0,83.0,11.0,1.0,0.0,0.0,0.0,0.0,0.0,9.0,1.0,5.0
1866,2015961500685,1,5,0,16,0,0,0,0,1,11,1,1,6,1,59,9,998,1,8,-1,1,-1,2,3,242351.0,726603.0,-4.556378,56.405279,96,1,3,2,22/04/2015,4,1899-12-30 16:20:00,939,S12000030,3,85,6,60,0,-1,-1,0,0,0,1,1,1,0,0,2,1,,2.0,2.0,2.0,55.0,8.0,1.0,0.0,0.0,0.0,0.0,0.0,5.0,1.0,-1.0
1867,2015950001713,1,9,0,13,0,0,2,0,1,1,1,1,6,1,18,4,1781,1,13,-1,1,-1,3,2,363268.0,623243.0,-2.583038,55.501576,95,1,2,3,42159,2,1899-12-30 14:08:00,914,S12000026,3,698,6,60,0,-1,-1,0,0,0,1,1,1,0,0,2,1,,1.0,1.0,1.0,18.0,4.0,3.0,0.0,0.0,0.0,0.0,0.0,9.0,1.0,-1.0
1868,20151328F0769,1,9,0,2,0,0,0,0,0,0,3,1,6,1,46,8,2720,2,10,-1,1,-1,1,1,414681.0,422250.0,-1.77913,53.696487,13,1,1,1,15/08/2015,7,1899-12-30 12:43:00,202,E08000033,6,0,9,30,0,-1,-1,0,0,0,1,1,1,0,0,1,1,E01010949,1.0,3.0,1.0,46.0,8.0,1.0,10.0,9.0,0.0,0.0,0.0,0.0,3.0,6.0
1869,201543P018015,2,9,0,18,0,1,0,0,0,0,1,1,6,1,81,11,1596,1,11,-1,1,-1,1,2,462983.0,204819.0,-1.089279,51.738548,43,1,2,1,42125,2,1899-12-30 18:09:00,484,E10000025,3,418,6,50,9,4,6,0,0,0,6,1,1,0,0,2,1,E01028647,1.0,1.0,1.0,81.0,11.0,1.0,0.0,0.0,0.0,0.0,0.0,9.0,1.0,10.0
1870,201501TD00074,3,9,0,2,0,0,0,4,0,0,2,1,6,1,-1,-1,2143,2,2,-1,1,-1,5,4,519040.0,188610.0,-0.283276,51.583785,1,1,4,5,31/05/2015,1,1899-12-30 03:05:00,28,E09000005,5,0,6,30,0,-1,-1,0,0,0,5,2,2,0,0,1,1,E01033463,,,,,,,,,,,,,,
1871,201550JO3C010,2,17,4,17,0,0,0,0,0,0,4,1,1,1,52,8,6788,2,3,-1,3,-1,1,2,255326.0,94383.0,-4.051337,50.730999,50,1,2,1,30/06/2015,3,1899-12-30 15:10:00,589,E10000008,3,3079,6,60,0,-1,-1,0,0,0,1,1,1,0,0,2,1,E01020322,,,,,,,,,,,,,,
1872,201542I029301,1,9,0,17,0,0,5,0,1,3,1,1,6,1,32,6,2494,1,15,-1,1,-1,4,1,581423.0,191658.0,0.617842,51.594551,42,1,1,4,25/01/2015,1,1899-12-30 03:15:00,459,E10000012,4,1013,6,30,0,-1,-1,0,0,0,5,1,1,0,0,1,1,E01021960,4.0,2.0,2.0,19.0,4.0,3.0,0.0,0.0,2.0,0.0,0.0,9.0,1.0,10.0
1873,201523N025715,2,3,0,18,0,0,1,0,0,0,1,1,6,1,29,6,-1,-1,-1,-1,1,-1,2,3,434432.0,285731.0,-1.494579,52.468437,23,1,3,2,21/05/2015,5,1899-12-30 15:54:00,291,E10000031,6,0,6,60,0,-1,-1,0,0,0,1,1,1,0,0,2,1,E01031089,1.0,1.0,1.0,29.0,6.0,1.0,0.0,0.0,0.0,0.0,0.0,3.0,1.0,5.0
1874,201501TD00145,2,9,0,16,0,0,0,0,0,0,1,1,6,2,16,4,1794,1,11,-1,1,-1,3,2,537120.0,199590.0,-0.018186,51.678345,1,1,2,3,28/11/2015,7,1899-12-30 02:23:00,32,E09000010,3,1055,6,40,0,-1,-1,0,0,0,7,1,1,0,0,2,1,E01001445,2.0,1.0,2.0,16.0,4.0,2.0,0.0,0.0,0.0,0.0,0.0,9.0,1.0,2.0
1875,201542I138105,1,9,0,18,0,0,0,0,0,0,1,1,6,1,78,11,1995,1,3,-1,1,-1,4,2,615847.0,219028.0,1.131032,51.828148,42,1,2,4,42343,3,1899-12-30 15:25:00,461,E10000012,3,133,6,60,0,-1,-1,0,0,0,1,1,1,0,0,2,1,E01022016,1.0,1.0,1.0,78.0,11.0,1.0,0.0,0.0,0.0,0.0,0.0,9.0,1.0,4.0
1876,2015921500684,2,9,0,18,0,0,0,0,0,0,1,1,6,2,69,10,2987,2,-1,-1,3,-1,5,2,358340.0,799900.0,-2.689031,57.0882,92,1,2,5,14/06/2015,1,1899-12-30 01:10:00,911,S12000034,3,93,6,60,0,-1,-1,0,0,0,6,2,2,0,0,2,1,,5.0,2.0,2.0,58.0,9.0,2.0,0.0,0.0,2.0,0.0,0.0,9.0,3.0,-1.0
1877,201563DP15715,1,9,0,18,0,0,0,0,2,4,4,1,6,2,69,10,-1,-1,-1,-1,2,-1,2,1,270710.0,298920.0,-3.909214,52.572687,63,1,1,2,42315,7,1899-12-30 17:35:00,753,W06000023,3,487,6,60,0,-1,-1,0,0,0,1,2,2,0,0,2,1,W01000442,2.0,1.0,2.0,69.0,10.0,2.0,0.0,0.0,0.0,0.0,0.0,9.0,2.0,-1.0
1878,201537EA90275,2,21,1,2,6,0,0,0,0,0,2,1,1,2,58,9,-1,-1,-1,-1,1,-1,1,2,625064.0,240025.0,1.278275,52.012987,37,1,2,1,13/05/2015,4,1899-12-30 23:35:00,415,E10000029,3,14,3,70,0,-1,-1,0,0,0,6,1,1,0,0,2,1,E01030197,,,,,,,,,,,,,,
1879,201543N134075,1,9,0,18,0,0,0,0,0,0,1,1,6,1,81,11,1149,1,10,-1,1,-1,4,2,479492.0,215252.0,-0.847856,51.830237,43,1,2,4,17/07/2015,6,1899-12-30 16:25:00,476,E10000002,3,41,6,40,0,-1,-1,0,0,0,1,1,1,0,0,2,1,E01017705,3.0,2.0,1.0,85.0,11.0,2.0,0.0,0.0,1.0,0.0,0.0,9.0,1.0,2.0
1880,201537EA91313,4,21,0,4,0,0,0,0,0,0,0,1,1,1,50,8,12809,2,-1,-1,2,-1,1,4,592298.0,269220.0,0.817988,52.28746,37,1,4,1,24/06/2015,4,1899-12-30 15:57:00,414,E10000029,3,143,6,60,0,-1,-1,0,0,0,1,1,1,0,0,2,1,E01030133,,,,,,,,,,,,,,
1881,2015610030015,1,9,0,18,0,0,0,0,1,4,1,1,6,1,80,11,-1,-1,-1,-1,-1,-1,3,1,339959.0,201196.0,-2.870295,51.706274,61,1,1,3,25/06/2015,5,1899-12-30 15:36:00,733,W06000022,3,449,3,70,0,-1,-1,0,0,0,1,1,1,0,0,2,1,W01001565,2.0,2.0,1.0,79.0,11.0,2.0,0.0,0.0,1.0,0.0,0.0,9.0,1.0,-1.0
1882,2015961502052,5,9,0,18,0,0,0,0,0,0,1,1,6,2,40,7,1999,1,6,-1,1,-1,3,5,277996.0,699718.0,-3.966737,56.174438,96,1,5,3,16/12/2015,4,1899-12-30 16:20:00,939,S12000030,4,8033,3,50,0,-1,-1,0,0,0,4,1,2,0,0,2,1,,,,,,,,,,,,,,,
1883,201543P173075,1,21,0,18,0,8,0,0,0,0,1,1,1,1,49,8,11946,2,7,-1,1,-1,1,2,464980.0,203440.0,-1.06062,51.725923,43,1,2,1,13/07/2015,2,1899-12-30 03:52:00,484,E10000025,1,40,3,70,5,4,1,40,0,0,6,1,1,0,0,2,1,E01028646,,,,,,,,,,,,,,
1884,201522G501324,2,5,0,18,0,8,1,0,0,0,1,1,6,1,33,6,998,1,5,-1,1,-1,1,2,383320.0,303120.0,-2.247846,52.625581,22,1,2,1,14/04/2015,3,1899-12-30 19:30:00,286,E06000051,3,41,6,60,6,4,6,0,0,0,1,1,1,0,0,2,1,E01028826,1.0,1.0,1.0,33.0,6.0,1.0,0.0,0.0,0.0,0.0,0.0,5.0,1.0,1.0
1885,2015440312702,2,9,0,12,0,8,0,0,0,0,2,1,6,2,28,6,998,1,4,-1,1,-1,2,4,471950.0,105776.0,-0.979372,50.847041,44,1,4,2,42256,4,1899-12-30 09:50:00,495,E10000014,3,27,3,70,5,4,3,27,0,0,1,1,1,0,0,1,1,E01022954,1.0,1.0,2.0,28.0,6.0,3.0,0.0,0.0,0.0,0.0,0.0,9.0,1.0,8.0
1886,2015405BA0467,2,9,0,17,0,0,0,0,0,0,1,1,6,1,64,9,1990,1,11,-1,-1,-1,2,2,521198.0,246750.0,-0.231789,52.105812,40,1,2,2,42041,3,1899-12-30 13:23:00,424,E06000056,4,1040,6,60,0,-1,-1,0,0,0,1,1,1,0,0,2,1,E01017425,2.0,1.0,1.0,64.0,9.0,3.0,0.0,0.0,0.0,0.0,0.0,9.0,-1.0,-1.0
1887,201523N026515,2,9,0,18,0,0,0,0,0,0,1,1,6,2,67,10,1388,1,9,-1,1,-1,1,2,421237.0,290082.0,-1.688533,52.508222,23,1,2,1,27/09/2015,1,1899-12-30 04:20:00,290,E10000031,4,4114,6,60,0,-1,-1,0,0,0,6,1,1,0,0,2,1,E01031028,,,,,,,,,,,,,,
1888,2015360087995,1,11,0,18,0,2,0,0,0,0,1,1,1,1,60,9,8268,2,12,-1,1,-1,1,1,621583.0,311971.0,1.275042,52.660151,36,1,1,1,20/02/2015,6,1899-12-30 09:26:00,401,E10000020,3,140,6,30,3,4,6,0,0,4,1,1,2,0,0,1,1,E01026530,1.0,3.0,2.0,65.0,9.0,1.0,4.0,3.0,0.0,0.0,0.0,0.0,-1.0,-1.0
1889,2015300015067,1,9,0,16,0,0,0,0,0,0,3,1,6,1,17,4,1390,1,9,-1,1,-1,6,2,439430.0,331090.0,-1.415598,52.875842,30,1,2,6,26/07/2015,1,1899-12-30 17:12:00,328,E10000007,5,292,6,60,0,-1,-1,0,0,0,1,2,2,0,0,2,1,E01019835,3.0,2.0,1.0,17.0,4.0,3.0,0.0,0.0,2.0,0.0,0.0,9.0,1.0,9.0