,accident_index,vehicle_reference,vehicle_type,towing_and_articulation,vehicle_manoeuvre,vehicle_location-restricted_lane,junction_location,skidding_and_overturning,hit_object_in_carriageway,vehicle_leaving_carriageway,hit_object_off_carriageway,1st_point_of_impact,was_vehicle_left_hand_drive?,journey_purpose_of_driver,sex_of_driver,age_of_driver,age_band_of_driver,engine_capacity_(cc),propulsion_code,age_of_vehicle,driver_imd_decile,driver_home_area_type,vehicle_imd_decile,NUmber_of_Casualities_unique_to_accident_index,No_of_Vehicles_involved_unique_to_accident_index,location_easting_osgr,location_northing_osgr,longitude,latitude,police_force,accident_severity,number_of_vehicles,number_of_casualties,date,day_of_week,time,local_authority_(district),local_authority_(highway),1st_road_class,1st_road_number,road_type,speed_limit,junction_detail,junction_control,2nd_road_class,2nd_road_number,pedestrian_crossing-human_control,pedestrian_crossing-physical_facilities,light_conditions,weather_conditions,road_surface_conditions,special_conditions_at_site,carriageway_hazards,urban_or_rural_area,did_police_officer_attend_scene_of_accident,lsoa_of_accident_location,casualty_reference,casualty_class,sex_of_casualty,age_of_casualty,age_band_of_casualty,casualty_severity,pedestrian_location,pedestrian_movement,car_passenger,bus_or_coach_passenger,pedestrian_road_maintenance_worker,casualty_type,casualty_home_area_type,casualty_imd_decile
1955,2015300014018,1,5,0,17,0,0,0,0,1,4,1,1,6,1,28,6,599,1,13,-1,1,-1,1,1,407610.0,398950.0,-1.886781,53.487211,30,1,1,1,23/05/2015,7,1899-12-30 19:00:00,325,E10000007,4,6105,6,50,0,-1,-1,0,0,0,1,1,1,0,0,2,1,E01019754,1.0,1.0,1.0,28.0,6.0,1.0,0.0,0.0,0.0,0.0,0.0,5.0,1.0,1.0
1956,201501TD00067,2,19,0,18,0,0,0,0,0,0,1,1,1,1,50,8,2198,2,5,-1,1,-1,3,3,523210.0,187460.0,-0.223524,51.572554,1,1,3,3,29/04/2015,4,1899-12-30 19:18:00,30,E09000003,6,0,6,30,0,-1,-1,0,0,0,1,1,1,0,0,1,1,E01000221,,,,,,,,,,,,,,
1957,201514K186915,1,9,0,13,0,0,0,0,0,0,1,1,6,1,19,4,2967,2,6,-1,1,-1,3,3,444098.0,384284.0,-1.338956,53.353609,14,1,3,3,42193,6,1899-12-30 11:20:00,215,E08000019,3,57,6,60,0,-1,-1,0,0,0,1,1,1,0,0,2,1,E01008028,3.0,2.0,2.0,19.0,4.0,2.0,0.0,0.0,1.0,0.0,0.0,9.0,2.0,3.0
1958,2015530209921,4,19,0,2,0,0,0,0,0,0,4,1,6,1,-1,-1,2459,2,18,-1,2,-1,4,4,360748.0,204889.0,-2.569881,51.741321,53,1,4,4,15/07/2015,4,1899-12-30 11:26:00,622,E10000013,4,4231,6,60,0,-1,-1,0,0,0,1,1,2,0,0,2,1,E01022232,,,,,,,,,,,,,,
1959,2015460262773,1,9,0,18,9,3,0,0,3,10,1,1,6,1,58,9,2143,2,2,-1,1,-1,2,1,560230.0,169120.0,0.301933,51.398488,46,1,1,2,18/10/2015,1,1899-12-30 17:10:00,532,E10000016,4,260,1,30,1,4,6,0,0,4,1,1,1,0,0,1,1,E01024158,2.0,2.0,1.0,63.0,9.0,2.0,0.0,0.0,1.0,0.0,0.0,9.0,1.0,9.0
1960,2015075310832,1,9,0,18,0,8,0,0,0,0,1,1,6,2,28,6,1598,1,10,-1,1,-1,1,2,370749.0,354727.0,-2.438203,53.088948,7,1,2,1,18/10/2015,1,1899-12-30 02:13:00,129,E06000049,3,534,6,30,6,2,3,5019,0,4,4,1,1,0,0,1,1,E01018447,,,,,,,,,,,,,,
1961,2015930000531,2,20,0,18,0,0,0,0,0,0,1,1,1,1,40,7,-1,-1,-1,-1,-1,-1,4,3,293704.0,723459.0,-3.723429,56.391403,93,1,3,4,24/10/2015,7,1899-12-30 18:20:00,934,S12000024,3,85,6,60,0,-1,-1,0,0,0,6,1,1,0,0,2,1,,4.0,2.0,1.0,46.0,8.0,3.0,0.0,0.0,0.0,0.0,0.0,20.0,1.0,-1.0
1962,2015521503475,2,5,0,18,0,0,0,0,0,0,0,1,6,1,25,5,649,1,7,-1,1,-1,1,4,366337.0,168398.0,-2.48543,51.413594,52,1,4,1,30/04/2015,5,1899-12-30 09:09:00,611,E06000022,3,4,3,70,0,-1,-1,0,0,0,1,1,1,0,0,1,1,E01014396,,,,,,,,,,,,,,
1963,201501TD00100,1,19,0,2,0,2,0,0,0,0,4,1,6,1,23,5,2461,2,7,-1,1,-1,1,3,525170.0,180830.0,-0.197612,51.512539,1,1,3,1,42163,5,1899-12-30 23:51:00,12,E09000020,3,4206,6,30,3,4,6,0,0,0,4,1,1,0,0,1,1,E01002886,,,,,,,,,,,,,,
1964,201550JO3C010,1,5,0,16,0,0,0,0,7,10,1,1,6,1,45,7,999,1,-1,-1,1,-1,1,2,255326.0,94383.0,-4.051337,50.730999,50,1,2,1,30/06/2015,3,1899-12-30 15:10:00,589,E10000008,3,3079,6,60,0,-1,-1,0,0,0,1,1,1,0,0,2,1,E01020322,1.0,1.0,1.0,45.0,7.0,1.0,0.0,0.0,0.0,0.0,0.0,5.0,1.0,2.0
1965,201591NJ03984,5,9,0,18,0,0,0,0,0,0,2,1,6,1,46,8,1896,2,8,-1,1,-1,1,5,314617.0,927064.0,-3.455304,58.224024,91,1,5,1,20/06/2015,7,1899-12-30 14:00:00,927,S12000017,3,9,6,60,0,-1,-1,0,0,0,1,1,1,0,0,2,1,,,,,,,,,,,,,,,
1966,201514C039515,1,9,0,13,0,0,0,0,0,0,1,1,6,1,19,4,1360,1,11,-1,1,-1,2,3,445528.0,385081.0,-1.31736,53.360652,14,1,3,2,17/04/2015,6,1899-12-30 22:20:00,213,E08000018,3,618,6,40,0,-1,-1,0,0,0,4,1,1,0,0,1,1,E01007674,1.0,1.0,1.0,19.0,4.0,3.0,0.0,0.0,0.0,0.0,0.0,9.0,1.0,6.0
1967,2015320015561,1,9,0,9,0,8,1,0,4,10,4,1,6,2,60,9,-1,-1,-1,-1,1,-1,2,2,487811.0,341529.0,-0.694087,52.963947,32,1,2,2,21/03/2015,7,1899-12-30 12:56:00,355,E10000019,3,1,3,70,9,4,5,1,0,0,1,1,1,0,0,2,1,E01026340,1.0,1.0,2.0,60.0,9.0,2.0,0.0,0.0,0.0,0.0,0.0,9.0,1.0,8.0
1968,201543N045055,1,9,0,16,0,0,1,0,0,0,1,1,6,1,31,6,2000,1,8,-1,1,-1,3,3,484972.0,194727.0,-0.773357,51.644932,43,1,3,3,42099,2,1899-12-30 02:45:00,480,E10000002,6,2085,6,30,0,-1,-1,0,0,0,4,1,1,0,0,1,1,E01017862,2.0,1.0,1.0,31.0,6.0,2.0,0.0,0.0,0.0,0.0,0.0,9.0,1.0,7.0
1969,201506P008976,1,9,0,18,0,0,1,0,7,4,4,1,2,1,50,8,1493,2,6,-1,1,-1,1,3,384560.0,406790.0,-2.234547,53.557502,6,1,3,1,29/11/2015,1,1899-12-30 06:50:00,106,E08000005,3,6045,6,40,0,-1,-1,0,0,0,4,2,5,5,0,2,1,E01005554,1.0,1.0,1.0,50.0,8.0,1.0,0.0,0.0,0.0,0.0,0.0,9.0,1.0,4.0
1970,2015220037413,2,19,0,18,0,8,0,10,7,4,1,1,5,1,31,6,1686,2,14,-1,1,-1,2,2,349722.0,315760.0,-2.746091,52.737121,22,1,2,2,23/12/2015,4,1899-12-30 11:10:00,286,E06000051,3,528,6,40,3,4,6,0,0,0,1,1,2,0,0,1,1,E01028956,2.0,1.0,1.0,31.0,6.0,3.0,0.0,0.0,0.0,0.0,0.0,19.0,1.0,7.0
1971,201501TD00009,1,20,0,7,0,8,0,0,0,0,4,1,1,1,47,8,7284,2,15,-1,1,-1,1,2,532710.0,187900.0,-0.086356,51.574354,1,1,2,1,20/01/2015,3,1899-12-30 08:00:00,4,E09000012,3,503,6,30,3,4,3,107,0,4,1,1,1,0,0,1,1,E01001811,,,,,,,,,,,,,,
1972,2015551501654,1,9,0,18,0,0,2,0,1,4,1,1,6,1,25,5,1988,1,15,-1,3,-1,2,2,402164.0,102776.0,-1.970645,50.82452,55,1,2,2,24/12/2015,5,1899-12-30 05:35:00,647,E10000009,5,24,6,60,0,-1,-1,0,0,0,6,9,1,0,3,2,1,E01020398,1.0,1.0,1.0,25.0,5.0,1.0,0.0,0.0,0.0,0.0,0.0,9.0,3.0,6.0
1973,2015460256240,1,9,0,18,0,0,5,0,2,4,1,1,6,1,43,7,1910,2,7,-1,-1,-1,1,1,551400.0,154140.0,0.168741,51.266312,46,1,1,1,42252,7,1899-12-30 02:42:00,538,E10000016,3,21,3,70,0,-1,-1,0,0,0,6,1,2,0,0,2,1,E01024424,1.0,1.0,1.0,43.0,7.0,1.0,0.0,0.0,0.0,0.0,0.0,9.0,-1.0,-1.0
1974,2015331500928,1,19,0,9,7,0,0,0,0,0,3,1,1,1,61,9,2198,2,3,-1,3,-1,1,2,477580.0,319280.0,-0.851665,52.765558,33,1,2,1,29/06/2015,2,1899-12-30 13:37:00,365,E10000018,4,676,6,60,0,-1,-1,0,0,0,1,1,1,0,0,2,1,E01025903,,,,,,,,,,,,,,
1975,201514A060415,1,5,0,18,0,0,1,0,0,0,0,1,6,1,30,6,592,1,26,-1,1,-1,2,1,457046.0,406519.0,-1.140428,53.55221,14,1,1,2,29/04/2015,4,1899-12-30 20:40:00,211,E08000017,6,0,6,20,0,-1,-1,0,0,0,4,1,1,0,0,1,1,E01007506,1.0,1.0,1.0,30.0,6.0,1.0,0.0,0.0,0.0,0.0,0.0,5.0,1.0,1.0
1976,201504EF15314,1,9,0,2,6,0,0,0,0,0,0,1,6,1,70,10,1995,2,-1,-1,1,-1,1,1,381210.0,425490.0,-2.286253,53.725469,4,1,1,1,27/10/2015,3,1899-12-30 10:15:00,82,E10000017,3,682,6,30,0,-1,-1,0,0,0,1,1,1,0,0,1,1,E01025361,1.0,3.0,2.0,75.0,10.0,1.0,10.0,9.0,0.0,0.0,0.0,0.0,1.0,7.0
1977,201501TD00053,2,9,0,9,0,8,0,0,0,0,4,1,6,1,38,7,1796,1,13,-1,1,-1,4,2,550170.0,184330.0,0.163891,51.537901,1,1,2,4,42067,6,1899-12-30 15:50:00,16,E09000002,4,178,6,30,6,4,6,0,0,4,1,1,1,0,0,1,1,E01000104,2.0,2.0,1.0,5.0,1.0,2.0,0.0,0.0,2.0,0.0,0.0,9.0,1.0,3.0
1978,201537EA90632,1,9,0,18,0,0,1,0,1,11,3,1,6,1,18,4,1229,1,10,-1,3,-1,2,1,591094.0,263421.0,0.797078,52.235807,37,1,1,2,26/05/2015,3,1899-12-30 12:37:00,414,E10000029,3,14,3,70,0,-1,-1,0,0,0,1,1,1,0,0,2,1,E01030138,2.0,2.0,2.0,18.0,4.0,3.0,0.0,0.0,1.0,0.0,0.0,9.0,1.0,5.0
1979,201550JC4O001,2,9,0,18,0,0,1,0,0,4,1,1,6,2,68,10,1598,1,1,-1,3,-1,4,2,287344.0,92779.0,-3.597379,50.723679,50,1,2,4,42343,3,1899-12-30 12:39:00,585,E10000008,6,0,6,60,0,-1,-1,0,0,0,1,1,1,0,0,2,1,E01020262,2.0,1.0,2.0,68.0,10.0,3.0,0.0,0.0,0.0,0.0,0.0,9.0,3.0,6.0
1980,2015621500704,2,9,0,9,0,8,0,0,0,0,3,1,6,1,25,5,-1,-1,-1,-1,1,-1,3,2,299413.0,204028.0,-3.45772,51.725917,62,1,2,3,17/04/2015,6,1899-12-30 16:11:00,744,W06000016,3,4059,1,60,1,4,4,4276,0,8,1,1,1,0,0,1,1,W01001153,3.0,2.0,2.0,24.0,5.0,3.0,0.0,0.0,1.0,0.0,0.0,9.0,1.0,-1.0
1981,2015440330034,1,9,0,18,0,8,0,0,0,0,3,1,6,1,21,5,2967,2,4,-1,1,-1,1,2,442935.0,113606.0,-1.390558,50.920323,44,1,2,1,23/09/2015,4,1899-12-30 10:10:00,500,E06000045,3,335,6,40,6,2,6,0,0,0,1,1,1,0,0,2,1,E01017228,,,,,,,,,,,,,,
1982,201597LA04008,1,5,0,13,0,0,0,0,1,0,1,1,6,1,86,11,500,1,30,-1,1,-1,1,3,234458.0,700277.0,-4.667619,56.166316,97,1,3,1,23/08/2015,1,1899-12-30 11:00:00,913,S12000035,3,82,6,60,0,-1,-1,0,0,0,1,1,1,0,0,2,1,,1.0,1.0,1.0,86.0,11.0,1.0,0.0,0.0,0.0,0.0,0.0,5.0,1.0,-1.0
1983,201506L098084,1,9,0,18,0,0,0,0,8,10,3,1,6,1,17,4,2494,1,16,-1,1,-1,3,2,359300.0,404000.0,-2.61548,53.53107,6,1,2,3,42188,7,1899-12-30 03:32:00,114,E08000010,3,573,6,30,0,-1,-1,0,0,0,4,1,1,0,0,1,1,E01006217,2.0,2.0,2.0,16.0,4.0,3.0,0.0,0.0,2.0,0.0,0.0,9.0,-1.0,-1.0
1984,201520Z000765,1,9,0,18,0,0,0,0,0,0,1,1,6,1,43,7,1396,1,13,-1,1,-1,3,3,408810.0,290120.0,-1.871625,52.508903,20,1,3,3,23/03/2015,2,1899-12-30 12:30:00,300,E08000025,2,38,3,50,0,-1,-1,0,0,0,1,1,1,0,0,1,1,E01008899,1.0,1.0,1.0,43.0,7.0,1.0,0.0,0.0,0.0,0.0,0.0,9.0,1.0,1.0
1985,201506M099785,1,9,0,18,0,0,0,0,1,4,1,1,6,1,22,5,1796,1,15,-1,1,-1,4,1,379520.0,387160.0,-2.309341,53.380888,6,1,1,4,18/04/2015,7,1899-12-30 01:10:00,112,E08000009,5,0,6,30,0,-1,-1,0,0,0,7,9,1,0,0,1,1,E01006138,3.0,2.0,1.0,21.0,5.0,2.0,0.0,0.0,1.0,0.0,0.0,9.0,1.0,5.0
1986,2015320027755,1,9,0,9,0,8,0,0,0,0,3,1,6,1,79,11,1086,1,8,-1,-1,-1,1,3,527373.0,335094.0,-0.107895,52.898206,32,1,3,1,42160,4,1899-12-30 17:10:00,350,E10000019,3,17,3,60,3,4,4,1397,0,0,1,1,2,0,0,2,1,E01026017,1.0,1.0,1.0,79.0,11.0,1.0,0.0,0.0,0.0,0.0,0.0,9.0,-1.0,-1.0
1987,201554A309515,1,9,0,13,0,0,0,0,0,0,4,1,6,1,20,4,1598,1,10,-1,2,-1,4,3,420227.0,174723.0,-1.710181,51.471114,54,1,3,4,15/11/2015,1,1899-12-30 23:43:00,635,E06000054,3,346,6,60,0,-1,-1,0,0,0,6,1,1,0,0,2,1,E01031868,1.0,1.0,1.0,20.0,4.0,1.0,0.0,0.0,0.0,0.0,0.0,9.0,2.0,9.0
1988,2015440175195,1,9,0,17,0,0,0,0,0,0,3,1,6,1,88,11,1587,1,6,-1,1,-1,7,4,446044.0,84605.0,-1.349956,50.659307,44,1,4,7,24/05/2015,1,1899-12-30 13:09:00,505,E06000046,4,3323,6,60,0,-1,-1,0,0,0,1,1,1,0,0,2,1,E01017294,2.0,2.0,2.0,86.0,11.0,1.0,0.0,0.0,1.0,0.0,0.0,9.0,1.0,2.0
1989,2015520503468,1,9,0,18,0,8,0,0,0,0,1,1,6,1,72,10,2685,2,12,-1,2,-1,1,2,324929.0,139156.0,-3.074601,51.146723,52,1,2,1,15/05/2015,6,1899-12-30 14:32:00,607,E10000027,3,39,1,30,1,4,6,0,0,0,1,1,1,0,0,2,1,E01029122,1.0,1.0,1.0,72.0,10.0,1.0,0.0,0.0,0.0,0.0,0.0,9.0,2.0,8.0
1990,201531P128015,2,19,0,18,0,8,2,0,1,0,2,1,1,1,46,8,1870,2,12,-1,1,-1,2,2,451030.0,343288.0,-1.241347,52.98451,31,1,2,2,30/06/2015,3,1899-12-30 09:59:00,342,E10000024,1,1,3,70,5,4,1,1,0,0,1,1,1,0,0,2,1,E01028119,2.0,1.0,1.0,46.0,8.0,1.0,0.0,0.0,0.0,0.0,0.0,19.0,1.0,5.0
1991,2015350154115,1,4,0,18,0,0,0,0,0,0,1,1,6,1,21,5,745,1,7,-1,-1,-1,2,3,546750.0,246260.0,0.140831,52.095227,35,1,3,2,19/09/2015,7,1899-12-30 14:30:00,395,E10000003,1,11,3,70,0,-1,-1,0,0,0,1,1,1,0,0,2,1,E01018238,1.0,1.0,1.0,21.0,5.0,1.0,0.0,0.0,0.0,0.0,0.0,4.0,-1.0,-1.0
1992,201597UA01501,1,9,0,18,0,0,0,0,7,11,4,1,2,1,30,6,2000,1,8,-1,1,-1,3,2,233855.0,652294.0,-4.647742,55.735457,97,1,2,3,42217,5,1899-12-30 16:30:00,931,S12000021,3,737,6,60,0,-1,-1,0,0,0,6,1,2,0,0,2,1,,1.0,1.0,1.0,30.0,6.0,1.0,0.0,0.0,0.0,0.0,0.0,9.0,1.0,-1.0
1993,201511SB07155,1,9,0,18,0,0,0,0,0,0,1,1,6,1,21,5,1199,2,4,-1,2,-1,1,1,418221.0,531231.0,-1.718957,54.675818,11,1,1,1,25/04/2015,7,1899-12-30 15:45:00,169,E06000047,3,689,6,60,0,-1,-1,0,0,0,1,1,1,0,0,2,1,E01020888,1.0,3.0,1.0,14.0,3.0,1.0,5.0,1.0,0.0,0.0,0.0,0.0,1.0,4.0
1994,2015621501297,4,9,0,2,0,0,0,0,0,0,2,1,6,3,-1,-1,-1,-1,-1,-1,-1,-1,5,4,298354.0,203540.0,-3.472904,51.72134,62,1,4,5,42071,2,1899-12-30 03:28:00,744,W06000016,6,0,6,30,0,-1,-1,0,0,0,4,1,2,0,0,1,1,W01001154,,,,,,,,,,,,,,
1995,2015961501295,1,9,0,18,0,0,0,0,0,0,1,1,6,1,58,9,3600,1,7,-1,1,-1,1,1,288644.0,685002.0,-3.789182,56.044895,96,1,1,1,13/08/2015,5,1899-12-30 23:30:00,924,S12000014,1,9,3,70,0,-1,-1,0,0,0,6,1,1,0,0,2,1,,1.0,3.0,1.0,54.0,8.0,1.0,8.0,1.0,0.0,0.0,0.0,0.0,1.0,-1.0
1996,2015521500619,1,9,0,18,0,0,5,0,1,4,1,1,6,1,31,6,1840,1,17,-1,1,-1,1,1,361770.0,165571.0,-2.55079,51.387885,52,1,1,1,18/01/2015,1,1899-12-30 09:00:00,611,E06000022,3,37,6,60,0,-1,-1,0,0,0,1,9,1,0,0,2,1,E01014446,1.0,1.0,1.0,31.0,6.0,1.0,0.0,0.0,0.0,0.0,0.0,9.0,1.0,7.0
1997,2015405DA0078,2,9,0,2,6,0,0,0,0,0,2,-1,6,1,59,9,1896,2,15,-1,1,-1,4,3,499935.0,234869.0,-0.545604,52.003275,40,1,3,4,14/02/2015,7,1899-12-30 06:46:00,424,E06000056,1,1,3,70,0,-1,-1,0,0,0,6,1,1,0,0,2,1,E01017451,3.0,2.0,1.0,20.0,4.0,1.0,0.0,0.0,2.0,0.0,0.0,9.0,1.0,9.0
1998,201543N001055,1,9,0,18,0,0,0,0,0,0,1,1,2,1,26,6,2143,2,1,-1,2,-1,1,2,501099.0,185799.0,-0.542931,51.562019,43,1,2,1,42009,6,1899-12-30 03:34:00,477,E10000002,1,40,3,70,0,-1,-1,0,0,0,4,1,1,0,0,2,1,E01017823,1.0,1.0,1.0,26.0,6.0,1.0,0.0,0.0,0.0,0.0,0.0,9.0,2.0,10.0
1999,201560S047437,2,9,0,9,0,8,0,0,7,0,3,1,6,1,27,6,-1,-1,-1,-1,-1,-1,4,3,280858.0,359739.0,-3.781796,53.121471,60,1,3,4,42128,1,1899-12-30 13:25:00,721,W06000003,3,470,6,60,3,4,6,0,0,0,1,1,1,0,0,2,1,W01000134,2.0,1.0,1.0,27.0,6.0,3.0,0.0,0.0,0.0,0.0,0.0,9.0,-1.0,-1.0
2000,2015331500965,2,19,0,18,0,8,1,0,1,0,1,1,1,1,56,9,-1,-1,-1,-1,2,-1,1,2,447325.0,288590.0,-1.304398,52.493175,33,1,2,1,42223,4,1899-12-30 08:08:00,363,E10000018,3,5,3,70,3,4,5,7612,0,0,1,1,1,0,0,2,1,E01025816,,,,,,,,,,,,,,
2001,2015440248544,1,9,0,18,0,0,0,0,1,0,1,1,6,2,64,9,4196,1,11,-1,3,-1,3,2,445180.0,142178.0,-1.355065,51.17706,44,1,2,3,19/07/2015,1,1899-12-30 16:55:00,501,E10000014,3,303,3,70,0,-1,-1,0,0,0,1,1,1,0,0,2,1,E01023178,2.0,2.0,1.0,63.0,9.0,1.0,0.0,0.0,1.0,0.0,0.0,9.0,3.0,6.0
2002,201501TD00096,1,9,0,18,0,0,0,0,0,0,1,1,6,2,72,10,1339,1,9,-1,1,-1,2,2,515000.0,191960.0,-0.340462,51.614731,1,1,2,2,28/07/2015,3,1899-12-30 14:10:00,29,E09000015,3,409,6,30,0,-1,-1,0,0,0,1,1,1,0,0,1,1,E01002144,1.0,1.0,2.0,72.0,10.0,1.0,0.0,0.0,0.0,0.0,0.0,9.0,1.0,10.0
2003,201537EA90814,2,9,0,17,0,0,0,0,0,0,1,1,6,2,50,8,2179,2,2,-1,3,-1,2,2,587755.0,265754.0,0.749537,52.257905,37,1,2,2,42191,1,1899-12-30 11:45:00,414,E10000029,3,143,6,60,0,-1,-1,0,0,0,1,1,1,0,0,2,1,E01030104,2.0,1.0,2.0,50.0,8.0,3.0,0.0,0.0,0.0,0.0,0.0,9.0,3.0,5.0
2004,201520T049545,1,9,0,18,0,1,2,10,2,2,1,1,6,1,21,5,4511,1,12,-1,1,-1,4,1,410560.0,284790.0,-1.846008,52.460956,20,1,1,4,28/08/2015,6,1899-12-30 23:25:00,300,E08000025,3,45,3,40,3,4,6,0,0,0,4,1,1,0,0,1,1,E01009338,1.0,1.0,1.0,21.0,5.0,1.0,0.0,0.0,0.0,0.0,0.0,9.0,1.0,2.0
2005,201514A025915,1,9,0,18,0,2,0,0,0,0,1,1,6,2,43,7,1686,2,10,-1,1,-1,1,1,464441.0,410834.0,-1.027937,53.590135,14,1,1,1,21/02/2015,7,1899-12-30 12:29:00,211,E08000017,5,69,6,30,3,4,6,0,0,1,1,1,1,0,0,1,1,E01007626,1.0,3.0,1.0,90.0,11.0,1.0,4.0,3.0,0.0,0.0,0.0,0.0,1.0,5.0
2006,2015350147715,2,9,0,18,0,8,0,0,1,0,1,1,6,2,26,6,1598,1,4,-1,1,-1,5,2,526490.0,278470.0,-0.142696,52.389652,35,1,2,5,19/09/2015,7,1899-12-30 19:40:00,393,E10000003,5,112,6,60,6,4,5,111,0,0,6,1,1,0,0,2,1,E01018196,4.0,1.0,2.0,26.0,6.0,3.0,0.0,0.0,0.0,0.0,0.0,9.0,1.0,10.0
2007,201591NE08555,1,5,0,13,0,0,1,0,0,0,1,1,6,1,36,7,599,1,12,-1,3,-1,1,4,187410.0,886468.0,-5.580912,57.817136,91,1,4,1,15/05/2015,6,1899-12-30 12:55:00,927,S12000017,3,832,6,60,0,-1,-1,0,0,0,1,2,2,0,0,2,1,,1.0,1.0,1.0,36.0,7.0,1.0,0.0,0.0,0.0,0.0,0.0,5.0,-1.0,-1.0
2008,2015471505878,2,9,0,2,0,0,0,0,0,0,2,1,6,1,77,11,2776,2,9,-1,1,-1,1,2,528492.0,138102.0,-0.165154,51.127794,47,1,2,1,42195,4,1899-12-30 21:20:00,560,E10000032,3,2011,3,70,0,-1,-1,0,0,0,6,1,1,0,0,1,1,E01031603,1.0,1.0,1.0,77.0,11.0,1.0,0.0,0.0,0.0,0.0,0.0,9.0,1.0,7.0
2009,201523S031109,4,9,0,16,0,0,0,0,0,0,3,1,6,2,62,9,1349,1,5,-1,3,-1,2,4,417447.0,265419.0,-1.745649,52.286635,23,1,4,2,19/10/2015,2,1899-12-30 19:10:00,293,E10000031,3,4189,6,50,0,-1,-1,0,0,0,6,1,1,0,0,2,1,E01031195,,,,,,,,,,,,,,
2010,201591NN12506,2,9,0,18,0,0,0,0,0,0,1,1,6,1,41,7,1560,2,3,-1,3,-1,3,2,277505.0,853405.0,-4.048748,57.554095,91,1,2,3,42252,7,1899-12-30 08:14:00,927,S12000017,4,9039,6,60,0,-1,-1,0,0,0,1,1,1,0,0,2,1,,2.0,1.0,1.0,41.0,7.0,2.0,0.0,0.0,0.0,0.0,0.0,9.0,3.0,-1.0
2011,201560S166072,1,9,0,18,0,0,0,0,0,0,4,1,6,1,29,6,-1,-1,-1,-1,-1,-1,4,2,277123.0,370141.0,-3.841576,53.214077,60,1,2,4,29/10/2015,5,1899-12-30 20:45:00,721,W06000003,4,5106,6,60,0,-1,-1,0,0,0,6,1,1,0,0,2,1,W01000124,2.0,2.0,1.0,32.0,6.0,1.0,0.0,0.0,1.0,0.0,0.0,9.0,-1.0,-1.0
2012,2015220033172,2,21,1,18,0,0,0,0,7,4,1,1,1,1,29,6,12900,2,8,-1,1,-1,2,2,349615.0,231824.0,-2.735043,51.982578,22,1,2,2,19/11/2015,5,1899-12-30 10:57:00,285,E06000019,3,49,6,60,0,-1,-1,0,0,0,1,2,2,0,0,2,1,E01014099,2.0,1.0,1.0,29.0,6.0,3.0,0.0,0.0,0.0,0.0,0.0,21.0,1.0,1.0
2013,2015471507303,2,9,0,18,0,0,0,0,0,0,1,1,6,2,43,7,1997,2,6,-1,3,-1,5,2,522026.0,114594.0,-0.265414,50.917915,47,1,2,5,42289,5,1899-12-30 09:21:00,562,E10000032,3,2037,6,60,0,-1,-1,0,0,0,1,1,2,0,0,2,1,E01031641,3.0,2.0,2.0,11.0,3.0,3.0,0.0,0.0,1.0,0.0,0.0,9.0,3.0,4.0
2014,2015215000904,1,9,0,18,0,0,0,0,0,0,1,1,6,2,38,7,1396,2,4,-1,3,-1,2,1,382070.0,351920.0,-2.269013,53.064219,21,1,1,2,15/02/2015,1,1899-12-30 10:54:00,253,E10000028,3,500,3,70,0,-1,-1,0,0,0,1,1,1,0,0,2,1,E01029596,2.0,2.0,2.0,63.0,9.0,3.0,0.0,0.0,1.0,0.0,0.0,9.0,2.0,8.0
2015,2015530209628,1,9,0,17,0,0,0,0,1,0,1,1,6,2,21,5,1197,1,1,-1,1,-1,2,3,413791.0,241920.0,-1.800194,52.075474,53,1,3,2,42101,7,1899-12-30 15:30:00,621,E10000013,4,4632,6,40,0,-1,-1,0,0,0,1,1,1,0,0,2,1,E01022184,,,,,,,,,,,,,,
2016,2015120057753,2,9,0,18,0,1,1,0,7,0,1,1,6,2,65,9,1198,1,8,-1,3,-1,3,3,468818.0,455059.0,-0.951967,53.987007,12,1,3,3,42251,5,1899-12-30 11:14:00,185,E10000023,3,166,6,40,8,4,6,0,0,0,1,1,1,0,0,2,1,E01027797,1.0,1.0,2.0,65.0,9.0,3.0,0.0,0.0,0.0,0.0,0.0,9.0,3.0,7.0
2017,2015030000155,2,21,0,17,0,0,1,0,1,0,1,1,1,1,48,8,4462,2,1,-1,3,-1,3,5,313580.0,534180.0,-3.342352,54.695208,3,1,5,3,21/01/2015,4,1899-12-30 15:12:00,60,E10000006,3,595,6,60,0,-1,-1,0,0,0,1,1,2,0,0,2,1,E01019090,2.0,1.0,1.0,48.0,8.0,3.0,0.0,0.0,0.0,0.0,0.0,21.0,3.0,7.0
2018,2015984125315,1,9,0,16,0,1,1,0,7,7,1,1,6,2,48,8,1598,2,1,-1,1,-1,5,1,330469.0,568884.0,-3.08874,55.009635,98,1,1,5,42043,1,1899-12-30 19:05:00,917,S12000006,2,74,3,70,5,4,6,0,0,0,1,1,1,0,0,2,1,,4.0,2.0,2.0,21.0,5.0,3.0,0.0,0.0,2.0,0.0,0.0,9.0,1.0,-1.0