,accident_index,vehicle_reference,vehicle_type,towing_and_articulation,vehicle_manoeuvre,vehicle_location-restricted_lane,junction_location,skidding_and_overturning,hit_object_in_carriageway,vehicle_leaving_carriageway,hit_object_off_carriageway,1st_point_of_impact,was_vehicle_left_hand_drive?,journey_purpose_of_driver,sex_of_driver,age_of_driver,age_band_of_driver,engine_capacity_(cc),propulsion_code,age_of_vehicle,driver_imd_decile,driver_home_area_type,vehicle_imd_decile,NUmber_of_Casualities_unique_to_accident_index,No_of_Vehicles_involved_unique_to_accident_index,location_easting_osgr,location_northing_osgr,longitude,latitude,police_force,accident_severity,number_of_vehicles,number_of_casualties,date,day_of_week,time,local_authority_(district),local_authority_(highway),1st_road_class,1st_road_number,road_type,speed_limit,junction_detail,junction_control,2nd_road_class,2nd_road_number,pedestrian_crossing-human_control,pedestrian_crossing-physical_facilities,light_conditions,weather_conditions,road_surface_conditions,special_conditions_at_site,carriageway_hazards,urban_or_rural_area,did_police_officer_attend_scene_of_accident,lsoa_of_accident_location,casualty_reference,casualty_class,sex_of_casualty,age_of_casualty,age_band_of_casualty,casualty_severity,pedestrian_location,pedestrian_movement,car_passenger,bus_or_coach_passenger,pedestrian_road_maintenance_worker,casualty_type,casualty_home_area_type,casualty_imd_decile
2084,201550EL2R016,1,5,0,18,0,0,0,0,0,0,1,1,6,1,36,7,998,1,7,-1,1,-1,1,1,250137.0,60667.0,-4.111214,50.426686,50,1,1,1,23/12/2015,4,1899-12-30 09:35:00,583,E06000026,6,0,6,40,0,-1,-1,0,0,0,1,1,2,0,0,1,1,E01015092,1.0,3.0,1.0,69.0,10.0,1.0,5.0,4.0,0.0,0.0,0.0,0.0,1.0,8.0
2085,201520S023335,1,9,0,18,0,0,0,10,7,4,1,1,6,2,22,5,1388,1,8,-1,1,-1,5,1,403600.0,282460.0,-1.948468,52.440099,20,1,1,5,30/04/2015,5,1899-12-30 16:00:00,300,E08000025,6,0,6,30,0,-1,-1,0,0,0,1,1,1,0,0,1,1,E01009292,4.0,2.0,2.0,20.0,4.0,3.0,0.0,0.0,1.0,0.0,0.0,9.0,1.0,1.0
2086,2015921500043,1,9,0,17,0,0,2,0,7,11,1,1,6,1,23,5,1910,2,7,-1,2,-1,1,1,387288.0,855288.0,-2.214272,57.587448,92,1,1,1,42278,7,1899-12-30 08:15:00,911,S12000034,3,950,6,60,0,-1,-1,0,0,0,6,4,2,0,0,2,1,,1.0,1.0,1.0,23.0,5.0,1.0,0.0,0.0,0.0,0.0,0.0,9.0,2.0,-1.0
2087,201563BC01515,2,9,0,18,0,1,0,0,0,0,3,1,6,2,41,7,-1,-1,-1,-1,3,-1,1,2,232580.0,251200.0,-4.447546,52.133668,63,1,2,1,19/02/2015,5,1899-12-30 17:20:00,750,W06000008,3,487,6,60,8,4,6,0,0,0,1,2,2,0,0,2,1,W01000545,1.0,1.0,2.0,41.0,7.0,1.0,0.0,0.0,0.0,0.0,0.0,9.0,3.0,-1.0
2088,2015460258816,2,9,0,16,0,0,0,0,0,0,1,1,6,2,38,7,1995,2,3,-1,-1,-1,4,3,612970.0,158300.0,1.052595,51.284008,46,1,3,4,42284,6,1899-12-30 12:20:00,531,E10000016,3,2050,6,50,0,-1,-1,0,0,0,1,1,1,0,0,1,1,E01024068,2.0,2.0,1.0,40.0,7.0,1.0,0.0,0.0,1.0,0.0,0.0,9.0,-1.0,-1.0
2089,2015440417941,4,21,1,18,0,8,0,0,0,0,1,1,1,1,48,8,11705,2,6,-1,1,-1,4,4,437116.0,114699.0,-1.473227,50.930554,44,1,4,4,42016,3,1899-12-30 17:15:00,501,E10000014,1,271,3,70,5,4,1,271,0,0,6,1,1,0,0,1,1,E01023170,4.0,1.0,1.0,48.0,8.0,2.0,0.0,0.0,0.0,0.0,0.0,21.0,1.0,2.0
2090,201542I222107,2,9,0,18,0,0,0,0,0,0,1,1,1,2,52,8,3222,2,11,-1,2,-1,4,2,597769.0,215557.0,0.86707,51.803667,42,1,2,4,25/07/2015,7,1899-12-30 13:00:00,455,E10000012,6,0,6,60,0,-1,-1,0,0,0,1,1,1,0,0,2,1,E01021644,4.0,1.0,2.0,52.0,8.0,2.0,0.0,0.0,0.0,0.0,0.0,9.0,2.0,7.0
2091,201537EA91393,1,9,4,17,0,0,0,0,0,0,4,1,6,1,48,8,-1,-1,-1,-1,3,-1,1,1,590692.0,253559.0,0.785654,52.147388,37,1,1,1,19/06/2015,6,1899-12-30 21:40:00,410,E10000029,3,1141,6,40,0,-1,-1,0,0,0,6,1,1,0,0,2,1,E01029907,1.0,3.0,1.0,79.0,11.0,1.0,9.0,7.0,0.0,0.0,0.0,0.0,3.0,6.0
2092,2015075231044,1,5,0,18,0,3,1,9,4,2,3,1,6,1,26,6,750,1,4,-1,1,-1,1,1,371351.0,366658.0,-2.430286,53.196225,7,1,1,1,42163,5,1899-12-30 21:27:00,129,E06000049,3,54,3,30,1,4,4,5309,0,8,4,1,1,0,0,2,1,E01018422,1.0,1.0,1.0,26.0,6.0,1.0,0.0,0.0,0.0,0.0,0.0,5.0,1.0,4.0
2093,2015210026022,2,98,0,9,0,6,0,0,0,0,3,1,2,1,51,8,3920,2,10,-1,3,-1,1,2,419951.0,312428.0,-1.70614,52.709153,21,1,2,1,25/06/2015,5,1899-12-30 08:50:00,252,E10000028,3,513,6,60,8,4,6,0,0,0,1,1,1,0,0,2,1,E01029516,,,,,,,,,,,,,,
2094,2015030003039,2,9,0,18,0,0,0,0,0,0,1,1,6,1,51,8,2179,2,-1,-1,1,-1,1,2,301750.0,515190.0,-3.519461,54.522439,3,1,2,1,42136,7,1899-12-30 12:55:00,63,E10000006,4,5295,6,30,0,-1,-1,0,0,0,1,5,2,0,0,2,1,E01019265,,,,,,,,,,,,,,
2095,2015350017315,2,3,0,16,0,0,0,0,1,0,1,1,6,1,19,4,125,1,10,-1,2,-1,2,2,541570.0,275790.0,0.077619,52.361887,35,1,2,2,22/01/2015,5,1899-12-30 18:50:00,391,E10000003,3,1123,6,60,0,-1,-1,0,0,0,6,1,2,0,0,2,1,E01018036,1.0,1.0,1.0,19.0,4.0,1.0,0.0,0.0,0.0,0.0,0.0,3.0,2.0,6.0
2096,2015930000494,2,20,0,18,0,0,0,0,0,0,1,1,1,1,43,7,-1,-1,-1,-1,3,-1,1,2,370779.0,756211.0,-2.478747,56.696699,93,1,2,1,28/09/2015,2,1899-12-30 13:40:00,912,S12000041,5,45,6,60,0,-1,-1,0,0,0,1,1,1,0,0,2,1,,,,,,,,,,,,,,,
2097,201501TD00048,1,20,0,3,0,0,0,0,0,0,2,1,1,1,55,8,-1,-1,-1,-1,-1,-1,1,2,509560.0,184480.0,-0.42133,51.548585,1,1,2,1,42127,5,1899-12-30 04:05:00,26,E09000017,3,40,3,50,0,-1,-1,0,0,0,4,1,1,0,0,1,1,E01002454,,,,,,,,,,,,,,
2098,2015132B50991,1,9,0,6,0,0,0,0,7,0,3,1,6,1,75,10,1198,1,12,-1,2,-1,2,2,437339.0,437841.0,-1.434101,53.835489,13,1,2,2,42135,5,1899-12-30 15:14:00,204,E08000035,3,64,6,40,0,-1,-1,0,0,0,1,2,2,0,0,2,1,E01011715,1.0,1.0,1.0,75.0,10.0,1.0,0.0,0.0,0.0,0.0,0.0,9.0,2.0,8.0
2099,201550BW3S011,2,9,0,17,0,0,5,0,0,0,1,1,6,2,52,8,1390,1,1,-1,1,-1,5,2,204295.0,69736.0,-4.760644,50.494656,50,1,2,5,26/12/2015,7,1899-12-30 19:18:00,596,E06000052,4,3266,6,30,0,-1,-1,0,0,0,6,4,1,0,0,2,1,E01018924,2.0,2.0,1.0,29.0,6.0,2.0,0.0,0.0,1.0,0.0,0.0,9.0,1.0,5.0
2100,2015471501828,2,21,1,18,0,0,1,0,1,11,1,1,1,1,59,9,12900,2,4,-1,1,-1,2,2,543124.0,121561.0,0.037277,50.975683,47,1,2,2,42039,5,1899-12-30 13:04:00,556,E10000011,3,272,6,60,0,-1,-1,0,0,0,1,1,1,0,0,2,1,E01021165,2.0,1.0,1.0,59.0,9.0,3.0,0.0,0.0,0.0,0.0,0.0,21.0,1.0,2.0
2101,201543P299125,1,9,0,18,0,0,0,0,0,0,1,1,2,1,57,9,1242,1,6,-1,3,-1,1,2,446727.0,196911.0,-1.325736,51.669038,43,1,2,1,31/12/2015,5,1899-12-30 21:46:00,483,E10000025,3,415,6,60,0,-1,-1,0,0,0,6,1,2,0,0,2,1,E01028738,,,,,,,,,,,,,,
2102,201537EA90621,3,21,0,18,0,0,0,0,0,0,0,1,1,1,-1,-1,-1,-1,-1,-1,-1,-1,2,3,580453.0,270130.0,0.645015,52.299646,37,1,3,2,30/05/2015,7,1899-12-30 13:29:00,414,E10000029,3,1101,6,60,0,-1,-1,0,0,0,1,1,1,0,0,2,1,E01030135,,,,,,,,,,,,,,
2103,2015520501448,2,22,0,18,0,2,0,0,0,0,1,1,6,1,96,11,-1,3,1,-1,1,-1,1,2,320745.0,124185.0,-3.131115,51.011564,52,1,2,1,24/01/2015,7,1899-12-30 15:20:00,608,E10000027,6,0,1,30,1,4,3,38,0,0,1,1,2,0,0,1,1,E01029257,1.0,1.0,1.0,96.0,11.0,1.0,0.0,0.0,0.0,0.0,0.0,22.0,1.0,10.0
2104,2015132BM0944,3,9,0,17,0,0,0,0,0,0,1,1,6,1,45,7,1596,1,8,-1,1,-1,2,3,417880.0,419384.0,-1.730845,53.670629,13,1,3,2,22/11/2015,1,1899-12-30 16:13:00,203,E08000034,4,6118,6,40,0,-1,-1,0,0,0,6,1,2,0,0,2,1,E01011091,,,,,,,,,,,,,,
2105,2015610071215,2,4,0,18,0,1,1,0,0,0,1,1,6,1,43,7,-1,-1,-1,-1,1,-1,1,2,319154.0,210937.0,-3.173588,51.791222,61,1,2,1,22/05/2015,6,1899-12-30 18:08:00,731,W06000018,6,0,6,30,3,4,6,0,0,0,1,1,1,0,0,1,1,W01001467,1.0,1.0,1.0,43.0,7.0,1.0,0.0,0.0,0.0,0.0,0.0,4.0,1.0,-1.0
2106,201542I207306,1,9,0,9,0,8,0,0,0,0,4,1,6,2,65,9,2143,2,1,-1,1,-1,1,2,561578.0,177699.0,0.325206,51.475181,42,1,2,1,26/06/2015,6,1899-12-30 19:00:00,462,E06000034,4,189,6,30,3,4,6,0,0,1,1,1,1,0,0,1,1,E01015954,,,,,,,,,,,,,,
2107,201534TS80015,1,9,0,16,0,8,0,0,7,4,1,1,6,1,23,5,1396,1,14,-1,-1,-1,1,1,470317.0,257869.0,-0.972233,52.214559,34,1,1,1,13/01/2015,3,1899-12-30 18:55:00,385,E10000021,5,67,6,60,3,4,6,4135,0,0,6,2,2,0,0,2,1,E01027285,1.0,1.0,1.0,23.0,5.0,1.0,0.0,0.0,0.0,0.0,0.0,9.0,-1.0,-1.0
2108,201514B027115,1,8,0,18,0,1,5,10,2,11,1,1,1,1,67,10,1753,2,7,-1,2,-1,4,1,435330.0,400344.0,-1.46888,53.498615,14,1,1,4,25/03/2015,4,1899-12-30 23:00:00,210,E08000016,3,6135,6,30,3,4,6,0,0,0,4,1,1,0,0,2,1,E01007424,2.0,2.0,2.0,85.0,11.0,1.0,0.0,0.0,1.0,0.0,0.0,8.0,2.0,7.0
2109,201543R082115,1,9,0,18,0,0,0,0,0,0,3,1,6,1,44,7,1995,2,6,-1,1,-1,1,2,487042.0,168487.0,-0.749924,51.408737,43,1,2,1,42288,3,1899-12-30 18:55:00,470,E06000036,3,322,3,50,0,-1,-1,0,0,4,4,1,2,0,0,1,1,E01016249,,,,,,,,,,,,,,
2110,2015471504683,2,21,0,2,6,0,0,0,0,0,2,1,1,1,44,7,9186,2,2,-1,1,-1,3,2,480957.0,108228.0,-0.850918,50.867897,47,1,2,3,14/08/2015,6,1899-12-30 14:14:00,559,E10000032,4,2146,6,60,0,-1,-1,0,0,0,1,2,2,0,0,2,1,E01031507,,,,,,,,,,,,,,
2111,201560S023045,1,1,0,18,0,0,0,0,0,0,0,1,6,1,74,10,-1,-1,-1,-1,-1,-1,1,1,334777.0,353992.0,-2.975094,53.079152,60,1,1,1,17/02/2015,3,1899-12-30 13:10:00,725,W06000006,6,0,6,60,0,-1,-1,0,0,0,1,1,1,0,0,2,1,W01000370,1.0,1.0,1.0,74.0,10.0,1.0,0.0,0.0,0.0,0.0,0.0,1.0,-1.0,-1.0
2112,201506J003801,1,9,0,16,0,0,2,0,7,0,1,1,6,1,35,6,1389,1,14,-1,1,-1,4,2,391910.0,392090.0,-2.12321,53.425539,6,1,2,4,26/07/2015,1,1899-12-30 16:25:00,109,E08000007,3,560,9,50,0,-1,-1,0,0,0,1,2,2,0,0,2,1,E01005744,1.0,1.0,1.0,35.0,6.0,2.0,0.0,0.0,0.0,0.0,0.0,9.0,1.0,2.0
2113,2015331502044,1,9,0,17,0,0,1,0,7,0,1,1,6,1,24,5,1229,1,3,-1,3,-1,5,2,487650.0,305405.0,-0.706155,52.639321,33,1,2,5,42259,4,1899-12-30 05:45:00,368,E06000017,3,6003,6,60,0,-1,-1,0,0,0,6,1,1,0,0,2,1,E01013795,4.0,2.0,1.0,19.0,4.0,2.0,0.0,0.0,1.0,0.0,0.0,9.0,-1.0,-1.0
2114,201501TD00053,1,5,0,18,0,8,0,0,0,0,1,1,6,1,22,5,640,1,14,-1,1,-1,4,2,550170.0,184330.0,0.163891,51.537901,1,1,2,4,42067,6,1899-12-30 15:50:00,16,E09000002,4,178,6,30,6,4,6,0,0,4,1,1,1,0,0,1,1,E01000104,1.0,1.0,1.0,22.0,5.0,1.0,0.0,0.0,0.0,0.0,0.0,5.0,1.0,3.0
2115,20151329R1210,1,9,0,13,0,0,0,0,1,9,1,1,6,2,17,4,999,1,1,-1,1,-1,7,4,405820.0,406453.0,-1.913621,53.554673,13,1,4,7,27/09/2015,1,1899-12-30 16:44:00,203,E08000034,3,635,6,60,0,-1,-1,0,0,0,1,1,1,0,0,2,1,E01011182,3.0,2.0,1.0,18.0,4.0,2.0,0.0,0.0,2.0,0.0,0.0,9.0,-1.0,-1.0
2116,201504SA15551,2,9,0,17,0,0,0,1,7,1,1,1,6,2,51,8,1398,2,9,-1,1,-1,2,2,352540.0,429400.0,-2.721341,53.758783,4,1,2,2,42259,4,1899-12-30 10:16:00,79,E10000017,3,59,3,40,0,-1,-1,0,0,0,1,1,1,0,3,1,1,E01025288,2.0,1.0,2.0,51.0,8.0,1.0,0.0,0.0,0.0,0.0,0.0,9.0,1.0,10.0
2117,2015120161613,1,5,0,18,0,1,0,0,0,0,1,1,6,1,46,8,998,1,8,-1,1,-1,2,2,501938.0,492393.0,-0.43443,54.316956,12,1,2,2,13/09/2015,1,1899-12-30 10:45:00,186,E10000023,3,165,6,60,8,4,6,0,0,0,1,1,1,0,0,2,1,E01027836,2.0,2.0,2.0,44.0,7.0,1.0,0.0,0.0,0.0,0.0,0.0,5.0,1.0,7.0
2118,2015520507016,2,17,0,9,0,8,0,0,0,0,2,1,6,1,50,8,-1,2,15,-1,3,-1,1,2,330198.0,109369.0,-2.993546,50.879581,52,1,2,1,42073,7,1899-12-30 14:40:00,610,E10000027,3,30,6,60,3,4,6,0,0,0,1,1,1,0,0,2,1,E01029153,,,,,,,,,,,,,,
2119,201531D041115,1,9,0,12,0,0,0,0,0,0,0,1,2,2,20,4,1124,1,11,-1,1,-1,3,3,447473.0,345268.0,-1.294035,53.002634,31,1,3,3,42096,4,1899-12-30 14:55:00,342,E10000024,3,610,3,70,0,-1,-1,0,0,0,1,1,1,0,0,2,1,E01028115,,,,,,,,,,,,,,
2120,2015530209460,1,9,0,18,0,1,1,9,5,4,1,1,6,1,36,7,1598,1,12,-1,1,-1,1,1,380816.0,212984.0,-2.279695,51.815153,53,1,1,1,42067,6,1899-12-30 02:10:00,623,E10000013,3,38,3,70,1,4,3,38,0,0,4,2,2,0,0,1,1,E01032934,1.0,1.0,1.0,36.0,7.0,1.0,0.0,0.0,0.0,0.0,0.0,9.0,1.0,1.0
2121,2015120131024,2,5,0,13,0,0,1,0,1,0,1,1,6,1,69,10,865,1,6,-1,3,-1,1,2,455217.0,481853.0,-1.15448,54.229421,12,1,2,1,30/07/2015,5,1899-12-30 10:46:00,185,E10000023,3,170,6,60,0,-1,-1,0,0,0,1,1,1,0,0,2,1,E01027780,1.0,1.0,1.0,69.0,10.0,1.0,0.0,0.0,0.0,0.0,0.0,5.0,3.0,6.0
2122,2015100600915,2,9,0,18,0,8,0,0,0,0,0,1,1,1,-1,-1,1598,2,-1,-1,-1,-1,1,2,433300.0,564937.0,-1.481262,54.977934,10,1,2,1,29/09/2015,3,1899-12-30 00:01:00,149,E08000023,3,19,3,30,5,4,3,19,0,0,4,1,1,4,2,1,1,E01008600,,,,,,,,,,,,,,
2123,201506P008976,3,9,0,18,0,0,0,0,0,0,0,1,6,2,61,9,998,1,2,-1,1,-1,1,3,384560.0,406790.0,-2.234547,53.557502,6,1,3,1,29/11/2015,1,1899-12-30 06:50:00,106,E08000005,3,6045,6,40,0,-1,-1,0,0,0,4,2,5,5,0,2,1,E01005554,,,,,,,,,,,,,,
2124,2015320056730,1,9,0,18,0,0,0,0,0,0,0,1,6,2,79,11,1399,1,6,-1,3,-1,1,2,491112.0,341971.0,-0.644832,52.967369,32,1,2,1,42070,6,1899-12-30 08:15:00,355,E10000019,5,420,6,60,0,-1,-1,0,0,0,1,1,1,0,0,2,1,E01026313,,,,,,,,,,,,,,
2125,2015320021976,1,9,0,18,0,0,0,0,0,0,1,1,6,2,87,11,-1,-1,-1,-1,1,-1,1,2,532395.0,349304.0,-0.027481,53.024655,32,1,2,1,23/04/2015,5,1899-12-30 14:25:00,351,E10000019,6,0,6,60,0,-1,-1,0,0,0,1,1,1,0,0,2,1,E01026057,,,,,,,,,,,,,,
2126,201534TW80035,2,1,0,18,0,0,0,0,0,0,2,1,6,1,75,10,-1,-1,-1,-1,1,-1,1,2,491011.0,269878.0,-0.666192,52.319469,34,1,2,1,13/03/2015,6,1899-12-30 23:05:00,386,E10000021,3,510,6,60,0,-1,-1,0,0,0,6,1,1,0,0,2,1,E01027326,1.0,1.0,1.0,75.0,10.0,1.0,0.0,0.0,0.0,0.0,0.0,1.0,1.0,-1.0
2127,2015320018920,2,21,0,18,0,0,0,0,0,0,3,1,1,1,33,6,5880,2,10,-1,3,-1,2,4,517781.0,388551.0,-0.230788,53.380687,32,1,4,2,42220,4,1899-12-30 09:52:00,356,E10000019,3,631,6,60,0,-1,-1,0,0,0,1,1,1,0,0,2,1,E01026391,,,,,,,,,,,,,,
2128,2015331500859,1,21,1,4,0,0,0,0,0,0,2,1,1,1,45,7,12740,2,3,-1,-1,-1,1,3,459425.0,307880.0,-1.122749,52.665387,33,1,3,1,22/05/2015,6,1899-12-30 10:49:00,364,E06000016,3,563,6,50,0,-1,-1,0,0,0,1,1,1,0,0,2,1,E01013734,,,,,,,,,,,,,,
2129,201522F502891,1,19,0,18,0,8,1,0,1,0,1,1,6,1,39,7,2464,2,7,-1,3,-1,4,3,352700.0,321800.0,-2.702862,52.791683,22,1,3,4,26/08/2015,4,1899-12-30 15:19:00,286,E06000051,3,49,6,60,9,4,6,0,0,0,1,1,1,0,0,2,1,E01028861,1.0,1.0,1.0,39.0,7.0,3.0,0.0,0.0,0.0,0.0,0.0,19.0,3.0,6.0
2130,201501TD00016,2,9,0,18,0,2,0,0,0,0,3,1,6,2,30,6,998,1,5,-1,1,-1,1,2,529710.0,189200.0,-0.129142,51.586734,1,1,2,1,31/01/2015,7,1899-12-30 20:00:00,31,E09000014,3,504,6,30,3,4,6,0,0,0,4,1,1,0,0,1,1,E01002021,,,,,,,,,,,,,,
2131,201501TD00163,1,9,0,18,0,0,0,0,0,0,1,1,6,1,86,11,1242,1,9,-1,1,-1,1,2,527520.0,173330.0,-0.166471,51.444613,1,1,2,1,42320,6,1899-12-30 11:15:00,10,E09000032,6,0,6,30,0,-1,-1,0,0,0,1,9,1,0,0,1,1,E01004543,1.0,1.0,1.0,86.0,11.0,1.0,0.0,0.0,0.0,0.0,0.0,9.0,1.0,8.0
2132,2015941500150,2,9,0,18,0,0,0,0,0,0,1,1,2,1,56,9,2982,2,-1,-1,3,-1,3,2,322627.0,717976.0,-3.253454,56.34778,94,1,2,3,19/02/2015,5,1899-12-30 06:30:00,925,S12000015,3,913,6,60,0,-1,-1,0,0,0,6,1,2,0,0,2,1,,3.0,2.0,1.0,30.0,6.0,2.0,0.0,0.0,1.0,0.0,0.0,9.0,3.0,-1.0
2133,201501TD00068,1,9,0,18,0,8,0,0,0,0,1,1,6,1,30,6,1796,1,5,-1,1,-1,1,1,528930.0,171870.0,-0.146725,51.431173,1,1,1,1,42040,7,1899-12-30 03:10:00,10,E09000032,3,214,6,30,3,4,6,0,0,4,4,1,1,0,0,1,1,E01004523,1.0,3.0,1.0,31.0,6.0,1.0,10.0,9.0,0.0,0.0,2.0,0.0,1.0,5.0
2134,2015300016427,2,19,0,18,0,8,2,0,1,0,1,1,1,1,24,5,2500,2,14,-1,1,-1,4,2,411160.0,365370.0,-1.834452,53.18531,30,1,2,4,26/10/2015,2,1899-12-30 11:30:00,329,E10000007,5,27,6,60,6,4,5,138,0,0,1,1,1,0,0,2,1,E01019613,4.0,2.0,1.0,34.0,6.0,3.0,0.0,0.0,0.0,0.0,0.0,19.0,1.0,3.0
2135,201563CP10415,2,9,4,18,0,0,0,0,1,0,1,1,6,1,49,8,-1,-1,-1,-1,3,-1,3,3,209660.0,238710.0,-4.775055,52.014086,63,1,3,3,26/07/2015,1,1899-12-30 15:40:00,752,W06000009,3,487,6,60,0,-1,-1,0,0,0,1,2,2,0,0,2,1,W01000613,2.0,1.0,1.0,49.0,8.0,3.0,0.0,0.0,0.0,0.0,0.0,9.0,3.0,7.0
2136,2015030002764,2,19,0,18,0,8,0,0,1,0,1,1,6,1,53,8,2198,2,4,-1,3,-1,2,3,327920.0,546730.0,-3.123032,54.810228,3,1,3,2,42166,6,1899-12-30 19:26:00,60,E10000006,4,5305,6,60,3,4,6,0,0,0,6,1,2,0,0,2,1,E01019131,2.0,1.0,1.0,53.0,8.0,1.0,0.0,0.0,0.0,0.0,0.0,19.0,3.0,5.0
2137,201543N138015,3,9,0,11,0,0,0,0,0,0,3,1,6,1,24,5,-1,-1,-1,-1,1,-1,4,4,490031.0,190301.0,-0.701399,51.60436,43,1,4,4,25/01/2015,1,1899-12-30 19:16:00,480,E10000002,1,40,3,70,0,-1,-1,0,0,0,7,1,1,0,0,1,1,E01017868,,,,,,,,,,,,,,
2138,2015030000021,1,9,0,18,0,0,0,0,1,10,1,1,6,1,57,9,2987,2,8,-1,-1,-1,1,1,340660.0,499340.0,-2.915237,54.386073,3,1,1,1,42095,1,1899-12-30 16:29:00,65,E10000006,3,592,6,40,0,-1,-1,0,0,0,6,1,1,0,0,2,1,E01019395,1.0,1.0,1.0,57.0,9.0,1.0,0.0,0.0,0.0,0.0,0.0,9.0,-1.0,-1.0
2139,201542I149105,2,9,0,9,0,5,0,0,0,0,0,1,6,2,30,6,1299,1,14,-1,1,-1,1,5,613567.0,227692.0,1.10335,51.906807,42,1,5,1,27/05/2015,4,1899-12-30 13:00:00,461,E10000012,3,120,6,60,3,4,6,0,0,0,1,1,1,0,0,2,1,E01021978,,,,,,,,,,,,,,
2140,2015556000403,2,11,0,18,0,8,0,0,0,0,1,1,1,2,50,8,12000,2,8,-1,2,-1,3,2,359441.0,104310.0,-2.57735,50.836889,55,1,2,3,13/05/2015,4,1899-12-30 12:06:00,645,E10000009,3,37,6,60,3,4,5,29,0,0,1,1,1,0,0,2,1,E01020530,3.0,2.0,1.0,88.0,11.0,3.0,0.0,0.0,0.0,4.0,0.0,11.0,2.0,9.0
2141,201543S126105,1,21,1,18,0,0,0,0,0,0,1,1,1,1,43,7,12740,2,-1,-1,1,-1,1,1,489540.0,246938.0,-0.693828,52.113526,43,1,1,1,27/10/2015,3,1899-12-30 08:48:00,479,E06000042,3,509,6,60,0,-1,-1,0,0,0,1,1,1,0,0,2,1,E01016801,1.0,3.0,1.0,53.0,8.0,1.0,10.0,1.0,0.0,0.0,0.0,0.0,-1.0,-1.0
2142,2015100102615,1,9,0,9,0,5,0,0,1,0,4,1,6,2,84,11,1198,1,3,-1,3,-1,7,2,417379.0,606508.0,-1.727469,55.352289,10,1,2,7,15/02/2015,1,1899-12-30 12:14:00,139,E06000048,3,1,3,70,3,4,5,106,0,0,1,1,1,0,0,2,1,E01027370,3.0,2.0,2.0,82.0,11.0,1.0,0.0,0.0,1.0,0.0,0.0,9.0,-1.0,-1.0
2143,201501TD00043,1,9,0,18,0,2,0,0,0,0,3,1,6,2,34,6,1997,2,7,-1,1,-1,1,1,520380.0,168450.0,-0.270815,51.402315,1,1,1,1,42280,3,1899-12-30 07:00:00,23,E09000021,3,2043,6,30,3,4,6,0,0,1,1,1,1,0,0,1,1,E01002927,1.0,3.0,1.0,55.0,8.0,1.0,1.0,3.0,0.0,0.0,2.0,0.0,1.0,4.0
2144,201514K323215,2,9,0,18,0,1,0,0,0,0,1,1,1,1,45,7,1797,8,1,-1,1,-1,1,3,436413.0,390068.0,-1.453741,53.40618,14,1,3,1,19/12/2015,7,1899-12-30 03:41:00,215,E08000019,3,6135,6,30,3,4,6,0,0,8,4,1,1,0,0,1,1,E01007873,,,,,,,,,,,,,,
2145,201543N138015,2,9,0,18,0,0,0,0,0,0,1,1,6,1,63,9,1149,1,13,-1,1,-1,4,4,490031.0,190301.0,-0.701399,51.60436,43,1,4,4,25/01/2015,1,1899-12-30 19:16:00,480,E10000002,1,40,3,70,0,-1,-1,0,0,0,7,1,1,0,0,1,1,E01017868,3.0,2.0,2.0,70.0,10.0,1.0,0.0,0.0,1.0,0.0,0.0,9.0,-1.0,-1.0
2146,2015300015274,1,9,0,16,0,0,5,10,8,4,3,1,6,1,19,4,1229,1,9,-1,1,-1,1,1,424600.0,341900.0,-1.635119,52.973893,30,1,1,1,42255,1,1899-12-30 06:10:00,329,E10000007,3,52,6,50,0,-1,-1,0,0,0,1,1,1,0,0,2,1,E01019603,1.0,1.0,1.0,19.0,4.0,1.0,0.0,0.0,0.0,0.0,0.0,9.0,1.0,2.0
2147,2015621500235,1,9,0,18,0,0,0,0,0,0,1,1,6,1,65,9,-1,-1,-1,-1,1,-1,2,1,290174.0,182807.0,-3.584768,51.533452,62,1,1,2,42218,1,1899-12-30 00:53:00,740,W06000013,1,4,3,70,0,-1,-1,0,0,0,6,1,1,0,0,2,1,W01001056,1.0,3.0,1.0,76.0,11.0,1.0,5.0,3.0,0.0,0.0,0.0,0.0,-1.0,-1.0
2148,2015621501453,1,9,0,18,0,0,2,0,8,4,3,1,6,1,18,4,-1,-1,-1,-1,3,-1,4,1,314301.0,183838.0,-3.237277,51.546903,62,1,1,4,42255,1,1899-12-30 02:56:00,741,W06000015,6,0,6,60,0,-1,-1,0,0,0,6,1,1,0,0,2,1,W01001893,3.0,2.0,1.0,24.0,5.0,2.0,0.0,0.0,2.0,0.0,0.0,9.0,1.0,-1.0
2149,2015471504064,2,5,0,18,0,0,0,0,1,0,1,1,6,1,66,10,865,1,1,-1,1,-1,3,2,577825.0,113918.0,0.527365,50.897362,47,1,2,3,15/07/2015,4,1899-12-30 21:40:00,555,E10000011,3,2100,6,60,0,-1,-1,0,0,0,1,1,1,0,0,2,1,E01021097,2.0,2.0,2.0,61.0,9.0,2.0,0.0,0.0,0.0,0.0,0.0,5.0,1.0,1.0