,accident_index,vehicle_reference,vehicle_type,towing_and_articulation,vehicle_manoeuvre,vehicle_location-restricted_lane,junction_location,skidding_and_overturning,hit_object_in_carriageway,vehicle_leaving_carriageway,hit_object_off_carriageway,1st_point_of_impact,was_vehicle_left_hand_drive?,journey_purpose_of_driver,sex_of_driver,age_of_driver,age_band_of_driver,engine_capacity_(cc),propulsion_code,age_of_vehicle,driver_imd_decile,driver_home_area_type,vehicle_imd_decile,NUmber_of_Casualities_unique_to_accident_index,No_of_Vehicles_involved_unique_to_accident_index,location_easting_osgr,location_northing_osgr,longitude,latitude,police_force,accident_severity,number_of_vehicles,number_of_casualties,date,day_of_week,time,local_authority_(district),local_authority_(highway),1st_road_class,1st_road_number,road_type,speed_limit,junction_detail,junction_control,2nd_road_class,2nd_road_number,pedestrian_crossing-human_control,pedestrian_crossing-physical_facilities,light_conditions,weather_conditions,road_surface_conditions,special_conditions_at_site,carriageway_hazards,urban_or_rural_area,did_police_officer_attend_scene_of_accident,lsoa_of_accident_location,casualty_reference,casualty_class,sex_of_casualty,age_of_casualty,age_band_of_casualty,casualty_severity,pedestrian_location,pedestrian_movement,car_passenger,bus_or_coach_passenger,pedestrian_road_maintenance_worker,casualty_type,casualty_home_area_type,casualty_imd_decile
2150,201506A006679,1,90,0,18,0,0,0,0,1,0,1,1,6,1,19,4,234,1,11,-1,1,-1,2,2,388960.0,395610.0,-2.167729,53.457124,6,1,2,2,13/10/2015,3,1899-12-30 19:45:00,102,E08000003,6,0,6,30,0,-1,-1,0,0,0,4,1,1,0,0,1,1,E01005196,1.0,1.0,1.0,19.0,4.0,3.0,0.0,0.0,0.0,0.0,0.0,90.0,1.0,2.0
2151,201597BF70103,3,9,0,18,0,0,0,0,0,0,0,1,6,1,45,7,1798,1,5,-1,1,-1,1,3,252163.0,678716.0,-4.370856,55.978589,97,1,3,1,22/03/2015,1,1899-12-30 16:50:00,920,S12000009,3,809,6,60,0,-1,-1,0,0,0,1,1,1,0,0,2,1,,,,,,,,,,,,,,,
2152,2015350196115,1,11,0,4,0,8,0,0,0,0,1,1,1,2,28,6,-1,-1,-1,-1,2,-1,1,2,545170.0,256720.0,0.122247,52.189619,35,1,2,1,42047,4,1899-12-30 14:27:00,390,E10000003,3,1309,6,30,3,4,6,0,0,4,1,1,1,0,0,1,1,E01032794,,,,,,,,,,,,,,
2153,2015405DA0987,1,9,0,18,0,0,1,0,2,0,4,1,6,1,20,4,1229,1,10,-1,1,-1,5,2,502087.0,228914.0,-0.516035,51.949362,40,1,2,5,42016,3,1899-12-30 23:18:00,424,E06000056,4,579,6,60,0,-1,-1,0,0,0,6,1,1,0,1,2,1,E01017620,3.0,2.0,2.0,23.0,5.0,1.0,0.0,0.0,1.0,0.0,0.0,9.0,1.0,5.0
2154,201550DE2I046,2,1,0,3,5,1,0,0,0,0,1,1,2,1,57,9,-1,-1,-1,-1,1,-1,1,2,291758.0,92212.0,-3.534703,50.719422,50,1,2,1,15/10/2015,5,1899-12-30 17:16:00,581,E10000008,3,3015,3,30,3,2,6,0,0,4,1,1,1,0,0,1,1,E01020016,,,,,,,,,,,,,,
2155,201514A199015,1,9,0,18,0,1,0,0,0,0,1,1,6,1,24,5,2401,2,13,-1,2,-1,4,1,455804.0,412827.0,-1.158047,53.609035,14,1,1,4,26/12/2015,7,1899-12-30 22:57:00,211,E08000017,6,0,6,20,3,4,6,0,0,0,4,1,2,0,0,2,1,E01007491,1.0,3.0,1.0,59.0,9.0,1.0,5.0,1.0,0.0,0.0,0.0,0.0,2.0,2.0
2156,201523N026515,1,19,0,18,0,0,0,0,0,0,1,1,6,1,55,8,2402,2,11,-1,1,-1,1,2,421237.0,290082.0,-1.688533,52.508222,23,1,2,1,27/09/2015,1,1899-12-30 04:20:00,290,E10000031,4,4114,6,60,0,-1,-1,0,0,0,6,1,1,0,0,2,1,E01031028,1.0,3.0,1.0,32.0,6.0,1.0,9.0,9.0,0.0,0.0,0.0,0.0,1.0,7.0
2157,20151323P0533,1,9,0,5,0,0,0,0,0,0,1,1,6,2,73,10,1591,1,3,-1,-1,-1,2,1,445430.0,422057.0,-1.313481,53.69299,13,1,1,2,25/03/2015,4,1899-12-30 12:00:00,206,E08000036,6,0,9,20,0,-1,-1,0,0,0,1,1,1,0,0,1,1,E01011841,2.0,3.0,2.0,70.0,10.0,2.0,10.0,9.0,0.0,0.0,0.0,0.0,1.0,4.0
2158,2015360093114,1,9,0,16,0,0,0,0,0,0,1,1,6,1,78,11,1598,2,3,-1,2,-1,3,2,563947.0,317452.0,0.426502,52.729859,36,1,2,3,42044,4,1899-12-30 15:30:00,407,E10000020,3,47,6,60,0,-1,-1,0,0,0,1,1,1,0,0,2,1,E01026724,2.0,2.0,2.0,69.0,10.0,2.0,0.0,0.0,1.0,0.0,0.0,9.0,2.0,10.0
2159,2015460262731,1,9,0,17,0,1,1,0,7,0,2,1,6,1,23,5,1596,1,14,-1,1,-1,1,2,592720.0,173860.0,0.771018,51.430961,46,1,2,1,15/10/2015,5,1899-12-30 10:05:00,540,E10000016,3,250,6,40,9,4,6,0,0,0,1,8,2,0,0,2,1,E01024616,,,,,,,,,,,,,,
2160,201506X096212,2,9,0,13,0,0,1,0,7,0,4,1,6,2,24,5,1229,1,4,-1,-1,-1,1,2,375650.0,403690.0,-2.368803,53.529299,6,1,2,1,16/01/2015,6,1899-12-30 10:45:00,100,E08000001,1,61,3,70,0,-1,-1,0,0,0,1,2,2,0,0,2,1,E01004908,,,,,,,,,,,,,,
2161,2015075310832,2,1,0,18,0,8,0,0,0,0,4,1,6,1,44,7,-1,-1,-1,-1,2,-1,1,2,370749.0,354727.0,-2.438203,53.088948,7,1,2,1,18/10/2015,1,1899-12-30 02:13:00,129,E06000049,3,534,6,30,6,2,3,5019,0,4,4,1,1,0,0,1,1,E01018447,1.0,1.0,1.0,44.0,7.0,1.0,0.0,0.0,0.0,0.0,0.0,1.0,2.0,8.0
2162,2015331501907,2,21,1,18,0,0,0,0,0,0,2,1,1,1,32,6,15607,2,2,-1,-1,-1,1,2,495115.0,313920.0,-0.593417,52.714589,33,1,2,1,42289,5,1899-12-30 00:58:00,368,E06000017,3,1,3,70,0,-1,-1,0,0,0,6,1,1,0,0,2,1,E01013790,,,,,,,,,,,,,,
2163,201506M099785,1,9,0,18,0,0,0,0,1,4,1,1,6,1,22,5,1796,1,15,-1,1,-1,4,1,379520.0,387160.0,-2.309341,53.380888,6,1,1,4,18/04/2015,7,1899-12-30 01:10:00,112,E08000009,5,0,6,30,0,-1,-1,0,0,0,7,9,1,0,0,1,1,E01006138,2.0,2.0,1.0,21.0,5.0,2.0,0.0,0.0,2.0,0.0,0.0,9.0,-1.0,-1.0
2164,201597BF70103,1,5,0,13,0,0,1,0,7,4,1,1,6,1,46,8,599,1,8,-1,3,-1,1,3,252163.0,678716.0,-4.370856,55.978589,97,1,3,1,22/03/2015,1,1899-12-30 16:50:00,920,S12000009,3,809,6,60,0,-1,-1,0,0,0,1,1,1,0,0,2,1,,1.0,1.0,1.0,46.0,8.0,1.0,0.0,0.0,0.0,0.0,0.0,5.0,3.0,-1.0
2165,201543N046095,1,90,0,18,0,0,0,0,1,0,1,1,6,1,81,11,2460,2,10,-1,2,-1,2,1,474525.0,209113.0,-0.921238,51.775735,43,1,1,2,42286,5,1899-12-30 13:53:00,476,E10000002,5,66,6,30,0,-1,-1,0,0,0,1,1,1,0,0,2,1,E01017680,2.0,3.0,2.0,52.0,8.0,2.0,6.0,8.0,0.0,0.0,0.0,0.0,3.0,9.0
2166,201511NI27305,2,3,0,18,0,0,0,0,0,0,1,1,2,1,24,5,124,1,8,-1,2,-1,1,2,410626.0,549788.0,-1.836064,54.842796,11,1,2,1,24/12/2015,5,1899-12-30 06:14:00,169,E06000047,6,0,6,30,0,-1,-1,0,0,0,4,1,1,0,0,2,1,E01020644,1.0,1.0,1.0,24.0,5.0,1.0,0.0,0.0,0.0,0.0,0.0,3.0,2.0,4.0
2167,2015405BA0001,1,9,0,17,0,0,2,6,7,7,1,-1,6,1,19,4,-1,-1,-1,-1,3,-1,1,1,516631.0,254594.0,-0.295751,52.177283,40,1,1,1,42005,5,1899-12-30 03:30:00,424,E06000056,5,54,6,60,0,-1,-1,0,0,0,6,1,1,0,0,2,1,E01017423,1.0,1.0,1.0,19.0,4.0,1.0,0.0,0.0,0.0,0.0,0.0,9.0,3.0,9.0
2168,201591NL00068,1,9,0,18,0,0,0,0,0,0,1,1,6,1,82,11,1242,1,6,-1,3,-1,2,2,435976.0,1167690.0,-1.349115,60.391536,91,1,2,2,42125,2,1899-12-30 11:46:00,936,S12000027,3,970,6,30,0,-1,-1,0,0,0,1,1,2,0,0,2,1,,1.0,1.0,1.0,82.0,11.0,3.0,0.0,0.0,0.0,0.0,0.0,9.0,3.0,-1.0
2169,201534TK80105,2,9,0,18,0,0,0,0,0,0,2,1,6,1,33,6,1598,1,9,-1,1,-1,5,3,482456.0,273783.0,-0.790714,52.355918,34,1,3,5,42191,1,1899-12-30 16:37:00,383,E10000021,3,43,6,60,0,-1,-1,0,0,0,1,1,1,0,0,2,1,E01027119,,,,,,,,,,,,,,
2170,201597UD02701,1,9,0,17,0,8,1,0,7,0,4,1,6,2,21,5,-1,-1,-1,-1,2,-1,3,2,238703.0,620210.0,-4.551845,55.449101,97,1,2,3,18/01/2015,1,1899-12-30 01:10:00,937,S12000028,3,70,6,60,9,4,-1,-1,0,0,6,8,4,0,0,2,1,,1.0,2.0,1.0,28.0,6.0,1.0,0.0,0.0,1.0,0.0,0.0,9.0,2.0,-1.0
2171,201506L001840,2,5,0,17,0,0,1,0,0,0,1,1,6,1,39,7,592,1,22,-1,1,-1,2,2,360290.0,409490.0,-2.601245,53.580489,6,1,2,2,42222,2,1899-12-30 09:35:00,114,E08000010,4,5239,6,60,0,-1,-1,0,0,0,1,1,1,0,0,2,1,E01006231,2.0,1.0,1.0,39.0,7.0,1.0,0.0,0.0,0.0,0.0,0.0,5.0,1.0,1.0
2172,2015460255950,2,9,0,17,0,0,0,0,1,9,1,1,6,1,67,10,1998,2,6,-1,1,-1,2,2,604950.0,131190.0,0.922318,51.043494,46,1,2,2,28/04/2015,3,1899-12-30 15:40:00,539,E10000016,5,185,6,60,0,-1,-1,0,0,0,1,1,1,0,0,2,1,E01024549,2.0,1.0,1.0,67.0,10.0,1.0,0.0,0.0,0.0,0.0,0.0,9.0,1.0,4.0
2173,2015300017217,1,9,0,16,0,0,0,0,0,0,1,1,6,1,89,11,1396,1,17,-1,3,-1,3,2,416820.0,341650.0,-1.750985,52.971945,30,1,2,3,19/12/2015,7,1899-12-30 14:55:00,329,E10000007,3,515,6,50,0,-1,-1,0,0,0,1,2,2,0,0,2,1,E01019629,1.0,1.0,1.0,89.0,11.0,1.0,0.0,0.0,0.0,0.0,0.0,9.0,3.0,9.0
2174,2015521507339,2,22,0,18,9,8,0,0,0,0,3,1,6,1,35,6,-1,-1,-1,-1,1,-1,1,2,359199.0,173475.0,-2.588649,51.458772,52,1,2,1,42257,6,1899-12-30 22:38:00,601,E06000023,6,0,9,20,8,4,6,0,0,5,4,1,1,0,0,1,1,E01033342,1.0,1.0,1.0,35.0,6.0,1.0,0.0,0.0,0.0,0.0,0.0,22.0,1.0,2.0
2175,201550KU2E006,3,21,0,18,0,1,0,0,0,0,1,1,1,1,47,8,10518,2,8,-1,2,-1,2,3,308275.0,115958.0,-3.306745,50.935748,50,1,3,2,27/07/2015,2,1899-12-30 09:40:00,586,E10000008,3,38,6,60,9,4,6,0,0,0,1,5,2,0,0,2,1,E01020046,,,,,,,,,,,,,,
2176,201501TD00123,1,5,0,17,0,0,0,0,1,4,1,1,6,1,24,5,750,1,5,-1,1,-1,1,1,542030.0,162860.0,0.037996,51.347081,1,1,1,1,30/09/2015,4,1899-12-30 21:10:00,19,E09000006,5,0,6,30,0,-1,-1,0,0,0,7,1,1,0,0,1,1,E01000747,1.0,1.0,1.0,24.0,5.0,1.0,0.0,0.0,0.0,0.0,0.0,5.0,1.0,2.0
2177,2015549780415,2,19,0,18,0,0,0,0,1,0,1,1,1,1,31,6,1248,2,1,-1,1,-1,2,2,404788.0,166629.0,-1.932564,51.398675,54,1,2,2,29/10/2015,5,1899-12-30 06:26:00,635,E06000054,3,361,6,60,0,-1,-1,0,0,0,1,1,2,0,0,2,1,E01031844,2.0,1.0,1.0,31.0,6.0,2.0,0.0,0.0,0.0,0.0,0.0,19.0,1.0,6.0
2178,2015950004938,1,1,0,18,0,0,0,0,0,0,3,1,6,2,10,2,-1,-1,-1,-1,2,-1,1,2,301052.0,662764.0,-3.581921,55.847896,95,1,2,1,31/10/2015,7,1899-12-30 18:10:00,940,S12000040,3,71,6,30,0,-1,-1,0,0,8,4,1,1,0,0,2,1,,1.0,1.0,2.0,10.0,2.0,1.0,0.0,0.0,0.0,0.0,0.0,1.0,2.0,-1.0
2179,2015521503475,3,21,1,18,0,0,0,0,0,0,0,1,6,3,-1,-1,-1,-1,-1,-1,-1,-1,1,4,366337.0,168398.0,-2.48543,51.413594,52,1,4,1,30/04/2015,5,1899-12-30 09:09:00,611,E06000022,3,4,3,70,0,-1,-1,0,0,0,1,1,1,0,0,1,1,E01014396,,,,,,,,,,,,,,
2180,2015950001713,1,9,0,13,0,0,2,0,1,1,1,1,6,1,18,4,1781,1,13,-1,1,-1,3,2,363268.0,623243.0,-2.583038,55.501576,95,1,2,3,42159,2,1899-12-30 14:08:00,914,S12000026,3,698,6,60,0,-1,-1,0,0,0,1,1,1,0,0,2,1,,3.0,2.0,1.0,18.0,4.0,1.0,0.0,0.0,1.0,0.0,0.0,9.0,1.0,-1.0
2181,2015530209567,2,5,0,3,0,1,0,0,0,0,2,1,6,1,46,8,1043,1,4,-1,1,-1,2,5,417726.0,212971.0,-1.744263,51.815091,53,1,5,2,42159,2,1899-12-30 11:55:00,621,E10000013,3,40,6,60,8,-1,-1,-1,0,0,1,1,1,0,0,2,1,E01022215,2.0,1.0,1.0,46.0,8.0,2.0,0.0,0.0,0.0,0.0,0.0,5.0,1.0,2.0
2182,201514A184015,1,9,0,18,0,0,0,7,7,4,1,1,6,1,57,9,2987,2,3,-1,1,-1,1,1,460147.0,405426.0,-1.093838,53.542042,14,1,1,1,42259,4,1899-12-30 15:06:00,211,E08000017,6,0,6,40,0,-1,-1,0,0,1,1,9,1,0,0,1,1,E01007656,1.0,1.0,1.0,57.0,9.0,1.0,0.0,0.0,0.0,0.0,0.0,9.0,1.0,5.0
2183,201537EA90275,1,9,0,18,7,0,0,0,0,0,1,1,6,2,18,4,1299,1,11,-1,1,-1,1,2,625064.0,240025.0,1.278275,52.012987,37,1,2,1,13/05/2015,4,1899-12-30 23:35:00,415,E10000029,3,14,3,70,0,-1,-1,0,0,0,6,1,1,0,0,2,1,E01030197,1.0,1.0,2.0,18.0,4.0,1.0,0.0,0.0,0.0,0.0,0.0,9.0,1.0,7.0
2184,201501TD00026,1,90,0,1,0,0,0,0,0,0,2,1,1,1,48,8,7142,2,7,-1,1,-1,1,1,532400.0,178190.0,-0.094474,51.487169,1,1,1,1,31/01/2015,7,1899-12-30 06:48:00,8,E09000028,6,0,6,30,0,-1,-1,0,0,0,4,8,4,0,0,1,1,E01003973,1.0,3.0,2.0,46.0,8.0,1.0,5.0,9.0,0.0,0.0,2.0,0.0,1.0,1.0
2185,201501TD00025,2,9,0,18,0,0,0,0,0,0,3,1,1,2,41,7,1910,2,8,-1,3,-1,1,2,504780.0,175780.0,-0.492823,51.471294,1,1,2,1,26/01/2015,2,1899-12-30 19:00:00,26,E09000017,3,3044,3,50,0,-1,-1,0,0,0,1,1,2,0,0,2,1,E01002444,,,,,,,,,,,,,,
2186,201506A004792,1,9,0,18,0,0,1,10,4,2,4,1,6,1,19,4,1396,1,14,-1,1,-1,3,2,387540.0,401600.0,-2.189354,53.510933,6,1,2,3,15/08/2015,7,1899-12-30 01:13:00,102,E08000003,4,6393,3,30,0,-1,-1,0,0,0,4,1,2,0,0,1,1,E01005225,3.0,2.0,1.0,18.0,4.0,2.0,0.0,0.0,2.0,0.0,0.0,9.0,-1.0,-1.0
2187,201534TD80215,1,9,0,16,0,0,0,0,0,0,1,1,6,1,26,6,1328,1,5,-1,1,-1,2,2,458606.0,269916.0,-1.141528,52.324221,34,1,2,2,27/09/2015,1,1899-12-30 00:15:00,381,E10000021,3,5,6,60,0,-1,-1,0,0,0,7,1,1,0,0,2,1,E01027016,2.0,2.0,1.0,37.0,7.0,1.0,0.0,0.0,1.0,0.0,0.0,9.0,1.0,7.0
2188,2015360090720,2,21,0,17,0,0,0,0,0,0,3,1,1,1,23,5,12777,2,7,-1,1,-1,1,3,592656.0,299176.0,0.840476,52.556311,36,1,3,1,42069,4,1899-12-30 07:18:00,400,E10000020,3,1075,6,60,0,-1,-1,0,0,0,1,1,1,0,0,2,1,E01026490,,,,,,,,,,,,,,
2189,2015471501991,1,9,0,16,0,8,2,0,1,11,3,1,6,1,20,4,1149,1,13,-1,1,-1,2,1,553620.0,129713.0,0.190117,51.046232,47,1,1,2,42342,1,1899-12-30 00:42:00,556,E10000011,4,2100,6,30,3,4,6,0,0,0,4,1,1,0,0,1,1,E01021155,1.0,1.0,1.0,20.0,4.0,1.0,0.0,0.0,0.0,0.0,0.0,9.0,1.0,6.0
2190,2015331500618,2,9,0,18,0,0,0,0,0,0,1,1,1,1,36,7,2993,2,3,-1,3,-1,2,2,448375.0,287285.0,-1.289124,52.481352,33,1,2,2,16/04/2015,5,1899-12-30 23:21:00,363,E10000018,3,5,6,60,0,-1,-1,0,0,0,6,1,1,0,0,2,1,E01025816,2.0,1.0,1.0,36.0,7.0,3.0,0.0,0.0,0.0,0.0,0.0,9.0,3.0,9.0
2191,201514K240415,1,9,0,7,9,1,0,0,7,4,1,1,6,1,21,5,1796,1,16,-1,1,-1,5,1,436427.0,388962.0,-1.453658,53.396238,14,1,1,5,42073,7,1899-12-30 03:43:00,215,E08000019,6,0,6,30,3,4,6,0,0,0,4,1,1,0,0,1,1,E01007874,3.0,2.0,1.0,23.0,5.0,3.0,0.0,0.0,1.0,0.0,0.0,9.0,1.0,1.0
2192,201543P296025,1,9,0,18,0,0,0,0,4,6,1,1,6,2,61,9,1596,1,5,-1,1,-1,36,37,455113.0,220016.0,-1.200828,51.875998,43,1,37,36,14/02/2015,7,1899-12-30 07:45:00,481,E10000025,1,40,3,70,0,-1,-1,0,0,0,1,7,2,0,3,2,1,E01028497,20.0,2.0,1.0,65.0,9.0,1.0,0.0,0.0,1.0,0.0,0.0,9.0,1.0,8.0
2193,201543P296025,5,9,0,18,0,0,0,0,0,0,1,1,6,1,20,4,1086,1,11,-1,1,-1,36,37,455113.0,220016.0,-1.200828,51.875998,43,1,37,36,14/02/2015,7,1899-12-30 07:45:00,481,E10000025,1,40,3,70,0,-1,-1,0,0,0,1,7,2,0,3,2,1,E01028497,23.0,2.0,1.0,25.0,5.0,3.0,0.0,0.0,1.0,0.0,0.0,9.0,1.0,4.0
2194,201543N046095,1,90,0,18,0,0,0,0,1,0,1,1,6,1,81,11,2460,2,10,-1,2,-1,2,1,474525.0,209113.0,-0.921238,51.775735,43,1,1,2,42286,5,1899-12-30 13:53:00,476,E10000002,5,66,6,30,0,-1,-1,0,0,0,1,1,1,0,0,2,1,E01017680,1.0,3.0,2.0,69.0,10.0,1.0,6.0,8.0,0.0,0.0,0.0,0.0,2.0,10.0
2195,2015331500858,1,9,0,18,0,0,0,0,1,11,1,1,6,1,71,10,1998,1,6,-1,3,-1,1,1,486310.0,314520.0,-0.723566,52.721456,33,1,1,1,19/05/2015,3,1899-12-30 19:36:00,368,E06000017,5,8320,6,60,0,-1,-1,0,0,0,1,1,1,0,0,2,1,E01013789,1.0,1.0,1.0,71.0,10.0,1.0,0.0,0.0,0.0,0.0,0.0,9.0,3.0,5.0
2196,201531B127915,1,9,0,18,0,0,0,0,0,0,1,1,6,1,21,5,998,1,2,-1,1,-1,1,2,465277.0,370998.0,-1.023542,53.232017,31,1,2,1,42223,4,1899-12-30 01:20:00,345,E10000024,3,614,6,60,0,-1,-1,0,0,0,6,1,1,0,0,2,1,E01028339,1.0,1.0,1.0,21.0,5.0,1.0,0.0,0.0,0.0,0.0,0.0,9.0,1.0,9.0
2197,2015210028138,1,9,0,18,0,0,0,0,5,6,1,1,6,1,23,5,1910,2,11,-1,1,-1,3,3,386518.0,346735.0,-2.202419,53.017742,21,1,3,3,22/08/2015,7,1899-12-30 04:44:00,257,E06000021,3,500,3,50,0,-1,-1,0,0,0,4,1,2,0,0,1,1,E01014291,2.0,2.0,1.0,22.0,5.0,1.0,0.0,0.0,2.0,0.0,0.0,9.0,1.0,5.0
2198,201597UD71008,1,5,0,13,0,8,0,0,7,11,1,1,6,1,57,9,747,1,27,-1,2,-1,1,2,219574.0,597663.0,-4.839376,55.240075,97,1,2,1,23/08/2015,1,1899-12-30 10:15:00,937,S12000028,6,0,3,60,3,4,6,0,0,0,1,1,1,0,0,2,1,,1.0,1.0,1.0,57.0,9.0,1.0,0.0,0.0,0.0,0.0,0.0,5.0,2.0,-1.0
2199,201504EF15330,3,8,0,18,0,0,0,4,0,0,1,1,1,1,48,8,2402,2,10,-1,-1,-1,4,4,383310.0,431200.0,-2.254737,53.776862,4,1,4,4,42196,7,1899-12-30 01:00:00,72,E10000017,3,682,3,30,0,-1,-1,0,0,8,4,1,2,0,0,1,1,E01024871,3.0,2.0,2.0,58.0,9.0,2.0,0.0,0.0,2.0,0.0,0.0,8.0,-1.0,-1.0
2200,201543N234035,2,9,0,18,0,0,0,4,1,7,2,1,1,2,41,7,1896,2,10,-1,1,-1,5,2,489508.0,225210.0,-0.699968,51.918232,43,1,2,5,20/03/2015,6,1899-12-30 14:17:00,476,E10000002,3,4146,3,70,0,-1,-1,0,0,0,1,1,1,0,0,2,1,E01017670,3.0,2.0,2.0,65.0,9.0,2.0,0.0,0.0,1.0,0.0,0.0,9.0,1.0,2.0
2201,201550ED2P007,1,97,0,18,0,0,0,0,0,0,1,1,6,1,46,8,999,1,8,-1,1,-1,1,2,245519.0,57664.0,-4.174943,50.398501,50,1,2,1,20/10/2015,3,1899-12-30 16:20:00,583,E06000026,3,3064,6,30,0,-1,-1,0,0,0,1,1,1,0,0,2,1,E01015075,1.0,1.0,1.0,46.0,8.0,1.0,0.0,0.0,0.0,0.0,0.0,97.0,1.0,3.0
2202,2015520504026,1,9,0,18,0,0,0,0,0,0,4,1,6,1,49,8,-1,-1,-1,-1,2,-1,1,1,321818.0,120919.0,-3.115119,50.982348,52,1,1,1,31/05/2015,1,1899-12-30 18:49:00,608,E10000027,1,5,9,70,0,-1,-1,0,0,0,1,1,1,0,0,2,1,E01029308,1.0,3.0,1.0,46.0,8.0,1.0,5.0,9.0,0.0,0.0,0.0,0.0,1.0,8.0
2203,2015331502044,1,9,0,17,0,0,1,0,7,0,1,1,6,1,24,5,1229,1,3,-1,3,-1,5,2,487650.0,305405.0,-0.706155,52.639321,33,1,2,5,42259,4,1899-12-30 05:45:00,368,E06000017,3,6003,6,60,0,-1,-1,0,0,0,6,1,1,0,0,2,1,E01013795,2.0,2.0,1.0,19.0,4.0,2.0,0.0,0.0,2.0,0.0,0.0,9.0,1.0,3.0
2204,2015132861531,1,19,0,18,0,0,0,0,0,0,0,1,1,1,46,8,-1,-1,-1,-1,1,-1,6,2,445830.0,431302.0,-1.306057,53.776044,13,1,2,6,42163,5,1899-12-30 19:47:00,204,E08000035,3,63,3,70,0,-1,-1,0,0,0,1,1,1,0,0,2,1,E01011299,1.0,1.0,1.0,46.0,8.0,3.0,0.0,0.0,0.0,0.0,0.0,19.0,1.0,1.0
2205,201563DP04115,1,9,0,16,0,0,2,0,0,0,1,1,6,1,17,4,-1,-1,-1,-1,1,-1,7,2,297170.0,222170.0,-3.495572,51.888569,63,1,2,7,42158,6,1899-12-30 22:10:00,753,W06000023,3,470,6,60,0,-1,-1,0,0,0,6,4,1,0,0,2,1,W01001897,5.0,2.0,1.0,17.0,4.0,2.0,0.0,0.0,2.0,0.0,0.0,9.0,1.0,-1.0
2206,201563AC20715,2,90,0,18,0,0,0,0,0,0,2,1,1,1,55,8,-1,-1,-1,-1,3,-1,1,2,253440.0,215920.0,-4.127932,51.822626,63,1,2,1,14/08/2015,6,1899-12-30 05:45:00,751,W06000010,3,48,3,70,0,-1,-1,0,0,0,6,2,2,0,0,2,1,W01000675,,,,,,,,,,,,,,
2207,201531D041115,2,5,0,4,0,0,1,0,5,6,3,1,6,1,21,5,599,1,17,-1,1,-1,3,3,447473.0,345268.0,-1.294035,53.002634,31,1,3,3,42096,4,1899-12-30 14:55:00,342,E10000024,3,610,3,70,0,-1,-1,0,0,0,1,1,1,0,0,2,1,E01028115,1.0,1.0,1.0,21.0,5.0,2.0,0.0,0.0,0.0,0.0,0.0,5.0,1.0,5.0
2208,2015075138222,4,9,0,18,0,0,0,0,1,10,4,1,6,1,-1,-1,-1,-1,-1,-1,-1,-1,2,4,372538.0,363534.0,-2.412249,53.168207,7,1,4,2,16/05/2015,7,1899-12-30 14:09:00,129,E06000049,3,533,6,60,0,-1,-1,0,0,0,1,1,1,0,0,2,1,E01018394,,,,,,,,,,,,,,
2209,2015551500503,2,9,0,17,0,0,0,0,1,11,1,1,6,2,49,8,1399,2,6,-1,-1,-1,5,2,400405.0,99207.0,-1.995621,50.792429,55,1,2,5,42283,4,1899-12-30 16:13:00,643,E06000029,3,31,6,60,0,-1,-1,0,0,0,5,1,1,0,0,2,1,E01015433,3.0,2.0,1.0,19.0,4.0,2.0,0.0,0.0,2.0,0.0,0.0,9.0,-1.0,-1.0
2210,2015551600188,1,9,0,17,0,0,1,0,0,0,4,1,6,2,28,6,1794,1,10,-1,1,-1,5,2,357454.0,91352.0,-2.604063,50.720226,55,1,2,5,20/12/2015,1,1899-12-30 18:32:00,645,E10000009,3,35,6,60,0,-1,-1,0,0,0,6,2,2,0,0,2,1,E01020512,1.0,1.0,2.0,28.0,6.0,1.0,0.0,0.0,0.0,0.0,0.0,9.0,-1.0,-1.0
2211,2015051502382,1,9,0,18,0,0,0,0,0,0,0,1,1,1,35,6,2993,2,4,-1,-1,-1,1,3,330037.0,391050.0,-3.053995,53.411602,5,1,3,1,42134,2,1899-12-30 02:08:00,95,E08000015,3,5139,3,50,0,-1,-1,0,0,0,5,1,1,0,0,1,1,E01007213,,,,,,,,,,,,,,
2212,201523N025568,1,9,0,16,0,2,0,0,0,0,1,1,6,2,18,4,1229,1,7,-1,1,-1,2,3,424009.0,300150.0,-1.646968,52.598616,23,1,3,2,25/04/2015,7,1899-12-30 00:30:00,290,E10000031,6,0,6,60,3,4,6,0,0,0,6,1,1,0,0,2,1,E01031025,1.0,1.0,2.0,18.0,4.0,1.0,0.0,0.0,0.0,0.0,0.0,9.0,1.0,9.0
2213,2015520509097,1,9,0,18,0,1,0,0,0,0,1,1,6,1,32,6,-1,-1,-1,-1,1,-1,1,1,329994.0,122545.0,-2.998981,50.998021,52,1,1,1,42320,6,1899-12-30 17:52:00,608,E10000027,3,378,6,50,6,4,6,0,0,0,6,1,2,0,0,2,1,E01029271,1.0,3.0,1.0,85.0,11.0,1.0,5.0,9.0,0.0,0.0,0.0,0.0,3.0,7.0
2214,2015100204015,1,9,0,16,0,0,0,0,0,0,1,1,6,1,86,11,998,1,12,-1,1,-1,3,3,424241.0,579994.0,-1.62152,55.113756,10,1,3,3,42220,4,1899-12-30 12:00:00,139,E06000048,3,192,6,60,0,-1,-1,0,0,0,1,1,1,0,0,2,1,E01027514,1.0,1.0,1.0,86.0,11.0,1.0,0.0,0.0,0.0,0.0,0.0,9.0,1.0,4.0