,accident_index,vehicle_reference,vehicle_type,towing_and_articulation,vehicle_manoeuvre,vehicle_location-restricted_lane,junction_location,skidding_and_overturning,hit_object_in_carriageway,vehicle_leaving_carriageway,hit_object_off_carriageway,1st_point_of_impact,was_vehicle_left_hand_drive?,journey_purpose_of_driver,sex_of_driver,age_of_driver,age_band_of_driver,engine_capacity_(cc),propulsion_code,age_of_vehicle,driver_imd_decile,driver_home_area_type,vehicle_imd_decile,NUmber_of_Casualities_unique_to_accident_index,No_of_Vehicles_involved_unique_to_accident_index,location_easting_osgr,location_northing_osgr,longitude,latitude,police_force,accident_severity,number_of_vehicles,number_of_casualties,date,day_of_week,time,local_authority_(district),local_authority_(highway),1st_road_class,1st_road_number,road_type,speed_limit,junction_detail,junction_control,2nd_road_class,2nd_road_number,pedestrian_crossing-human_control,pedestrian_crossing-physical_facilities,light_conditions,weather_conditions,road_surface_conditions,special_conditions_at_site,carriageway_hazards,urban_or_rural_area,did_police_officer_attend_scene_of_accident,lsoa_of_accident_location,casualty_reference,casualty_class,sex_of_casualty,age_of_casualty,age_band_of_casualty,casualty_severity,pedestrian_location,pedestrian_movement,car_passenger,bus_or_coach_passenger,pedestrian_road_maintenance_worker,casualty_type,casualty_home_area_type,casualty_imd_decile
2215,201520S023335,1,9,0,18,0,0,0,10,7,4,1,1,6,2,22,5,1388,1,8,-1,1,-1,5,1,403600.0,282460.0,-1.948468,52.440099,20,1,1,5,30/04/2015,5,1899-12-30 16:00:00,300,E08000025,6,0,6,30,0,-1,-1,0,0,0,1,1,1,0,0,1,1,E01009292,1.0,2.0,2.0,2.0,1.0,1.0,0.0,0.0,2.0,0.0,0.0,9.0,-1.0,-1.0
2216,201522F502213,3,9,0,18,0,0,0,0,0,0,1,1,6,2,49,8,-1,-1,-1,-1,3,-1,1,4,325030.0,322330.0,-3.113239,52.793307,22,1,4,1,21/06/2015,1,1899-12-30 16:40:00,286,E06000051,3,495,6,60,0,-1,-1,0,0,0,1,1,1,0,0,2,1,E01028914,,,,,,,,,,,,,,
2217,201543N137115,1,5,0,18,0,0,0,0,1,0,4,1,6,1,27,6,929,1,15,-1,1,-1,1,1,486411.0,191385.0,-0.753389,51.614671,43,1,1,1,13/11/2015,6,1899-12-30 23:30:00,480,E10000002,1,40,3,70,0,-1,-1,0,0,0,6,9,1,0,0,1,1,E01017841,1.0,1.0,1.0,27.0,6.0,1.0,0.0,0.0,0.0,0.0,0.0,5.0,1.0,5.0
2218,2015030001305,1,19,0,16,0,0,0,0,0,0,1,1,6,1,29,6,1998,2,13,-1,1,-1,3,2,324070.0,466910.0,-3.162419,54.092469,3,1,2,3,17/05/2015,1,1899-12-30 12:01:00,61,E10000006,3,5087,6,60,0,-1,-1,0,0,0,1,1,1,0,0,2,1,E01019178,3.0,2.0,2.0,34.0,6.0,2.0,0.0,0.0,1.0,0.0,0.0,19.0,-1.0,-1.0
2219,201504SC15252,1,5,0,18,0,0,0,0,0,0,3,1,6,1,54,8,918,1,19,-1,1,-1,1,1,355450.0,424980.0,-2.676568,53.719317,4,1,1,1,42104,1,1899-12-30 16:25:00,83,E10000017,3,6,3,50,0,-1,-1,0,0,0,1,1,1,0,0,2,1,E01025417,1.0,1.0,1.0,54.0,8.0,1.0,0.0,0.0,0.0,0.0,0.0,5.0,1.0,5.0
2220,2015440239024,1,1,0,18,0,1,1,0,1,10,4,1,6,1,57,9,-1,-1,-1,-1,3,-1,1,1,481813.0,140632.0,-0.831459,51.1591,44,1,1,1,42345,1,1899-12-30 17:03:00,497,E10000014,6,0,6,60,3,4,6,0,0,0,1,1,1,0,0,2,1,E01022582,1.0,1.0,1.0,57.0,9.0,1.0,0.0,0.0,0.0,0.0,0.0,1.0,3.0,9.0
2221,201543P064055,1,9,0,18,0,0,0,0,0,0,1,1,6,1,79,11,1248,2,9,-1,2,-1,2,2,442784.0,194524.0,-1.383038,51.647891,43,1,2,2,42221,6,1899-12-30 14:07:00,483,E10000025,3,338,6,50,0,-1,-1,0,0,0,1,1,1,0,0,2,1,E01028726,2.0,2.0,2.0,85.0,11.0,1.0,0.0,0.0,1.0,0.0,0.0,9.0,-1.0,-1.0
2222,2015051501494,2,5,0,18,0,1,1,0,0,0,4,1,6,1,33,6,599,1,7,-1,1,-1,1,2,338206.0,394531.0,-2.931803,53.443908,5,1,2,1,42344,6,1899-12-30 11:55:00,91,E08000012,3,580,3,30,6,4,4,5187,0,0,1,1,1,0,0,1,1,E01006730,1.0,1.0,1.0,33.0,6.0,1.0,0.0,0.0,0.0,0.0,0.0,5.0,1.0,3.0
2223,201534TK80105,3,9,0,18,0,0,0,0,0,0,1,1,6,1,41,7,1248,2,8,-1,2,-1,5,3,482456.0,273783.0,-0.790714,52.355918,34,1,3,5,42191,1,1899-12-30 16:37:00,383,E10000021,3,43,6,60,0,-1,-1,0,0,0,1,1,1,0,0,2,1,E01027119,4.0,2.0,1.0,5.0,1.0,2.0,0.0,0.0,1.0,0.0,0.0,9.0,2.0,5.0
2224,201543P296025,17,9,0,18,0,0,0,0,0,0,2,1,6,1,54,8,2400,2,3,-1,3,-1,36,37,455113.0,220016.0,-1.200828,51.875998,43,1,37,36,14/02/2015,7,1899-12-30 07:45:00,481,E10000025,1,40,3,70,0,-1,-1,0,0,0,1,7,2,0,3,2,1,E01028497,,,,,,,,,,,,,,
2225,201520K007245,1,9,0,18,0,8,1,10,1,4,1,1,6,1,34,6,1686,2,8,-1,1,-1,4,2,401300.0,293470.0,-1.982264,52.539088,20,1,2,4,27/05/2015,4,1899-12-30 20:40:00,305,E08000028,6,0,6,30,6,4,6,0,0,0,1,1,1,0,0,1,1,E01009950,1.0,1.0,1.0,34.0,6.0,3.0,0.0,0.0,0.0,0.0,0.0,9.0,1.0,1.0
2226,2015440000246,1,8,0,18,0,0,0,0,0,0,1,1,1,1,35,6,1896,2,6,-1,1,-1,1,1,461142.0,149937.0,-1.125427,51.245339,44,1,1,1,42005,5,1899-12-30 00:30:00,490,E10000014,3,30,6,40,0,-1,-1,0,0,0,4,1,2,0,0,1,1,E01022515,1.0,3.0,1.0,19.0,4.0,1.0,9.0,9.0,0.0,0.0,0.0,0.0,1.0,4.0
2227,2015621500972,1,20,0,7,0,2,0,0,0,0,4,1,1,1,36,7,-1,-1,-1,-1,1,-1,1,1,297172.0,195332.0,-3.487589,51.64735,62,1,1,1,13/05/2015,4,1899-12-30 13:15:00,744,W06000016,6,0,6,30,3,4,6,0,0,0,1,1,1,0,0,1,1,W01001215,1.0,3.0,1.0,46.0,8.0,1.0,5.0,1.0,0.0,0.0,0.0,0.0,1.0,-1.0
2228,2015405BA0814,1,9,0,9,0,8,0,0,0,0,4,1,6,2,43,7,1248,1,5,-1,1,-1,2,3,518800.0,242819.0,-0.268153,52.071006,40,1,3,2,15/09/2015,3,1899-12-30 07:58:00,424,E06000056,4,659,6,60,3,4,5,209,0,0,1,1,1,0,0,2,1,E01017386,2.0,2.0,2.0,14.0,3.0,3.0,0.0,0.0,1.0,0.0,0.0,9.0,1.0,5.0
2229,201563CP04415,3,19,0,18,0,1,0,0,1,0,1,1,6,2,23,5,-1,-1,-1,-1,2,-1,3,4,202510.0,202770.0,-4.858567,51.688859,63,1,4,3,16/04/2015,5,1899-12-30 16:21:00,752,W06000009,3,477,6,60,8,4,6,0,0,0,1,1,1,0,0,2,1,W01000557,,,,,,,,,,,,,,
2230,201597LA05506,1,9,0,17,0,0,1,0,0,0,4,1,1,1,21,5,973,1,14,-1,1,-1,1,2,241925.0,685724.0,-4.538883,56.038229,97,1,2,1,25/06/2015,5,1899-12-30 07:40:00,916,S12000039,3,811,6,60,0,-1,-1,0,0,0,1,1,2,0,0,2,1,,1.0,1.0,1.0,21.0,5.0,1.0,0.0,0.0,0.0,0.0,0.0,9.0,1.0,-1.0
2231,201543R222115,1,8,0,18,0,1,0,0,0,0,1,1,1,1,39,7,2148,2,7,-1,1,-1,1,1,497774.0,179986.0,-0.592494,51.510353,43,1,1,1,26/11/2015,5,1899-12-30 14:24:00,473,E06000039,3,4,3,30,3,2,6,7302,0,5,1,1,2,0,0,1,1,E01016456,1.0,3.0,1.0,73.0,10.0,1.0,1.0,1.0,0.0,0.0,0.0,0.0,1.0,4.0
2232,2015471504640,1,9,0,18,0,1,0,0,0,0,1,1,6,1,45,7,2497,2,3,-1,1,-1,1,1,561524.0,99074.0,0.289231,50.76877,47,1,1,1,42346,4,1899-12-30 23:03:00,551,E10000011,3,259,2,30,6,4,6,0,0,0,4,1,1,0,0,1,1,E01020911,1.0,3.0,2.0,16.0,4.0,1.0,10.0,9.0,0.0,0.0,0.0,0.0,-1.0,-1.0
2233,2015440027033,2,9,0,18,0,0,0,0,0,0,1,1,6,1,40,7,1995,2,14,-1,2,-1,4,2,446409.0,144654.0,-1.337166,51.199224,44,1,2,4,24/01/2015,7,1899-12-30 17:30:00,490,E10000014,3,34,3,70,0,-1,-1,0,0,0,6,1,1,0,0,2,1,E01022564,1.0,2.0,1.0,53.0,8.0,1.0,0.0,0.0,1.0,0.0,0.0,9.0,2.0,7.0
2234,201514K225215,2,3,0,18,0,1,1,0,0,0,1,1,2,1,49,8,124,1,14,-1,1,-1,1,2,436019.0,391787.0,-1.459471,53.421658,14,1,2,1,28/08/2015,6,1899-12-30 07:08:00,215,E08000019,5,428,6,30,9,4,6,0,0,0,1,1,1,0,0,1,1,E01008063,1.0,1.0,1.0,49.0,8.0,1.0,0.0,0.0,0.0,0.0,0.0,3.0,1.0,1.0
2235,201543N138015,4,9,0,18,0,0,0,0,0,0,4,1,6,1,59,9,1968,2,7,-1,1,-1,4,4,490031.0,190301.0,-0.701399,51.60436,43,1,4,4,25/01/2015,1,1899-12-30 19:16:00,480,E10000002,1,40,3,70,0,-1,-1,0,0,0,7,1,1,0,0,1,1,E01017868,4.0,1.0,1.0,59.0,9.0,3.0,0.0,0.0,0.0,0.0,0.0,9.0,1.0,9.0
2236,2015521501170,6,9,0,2,0,0,0,0,0,0,3,-1,6,3,-1,-1,3498,1,10,-1,-1,-1,9,7,372568.0,166920.0,-2.395722,51.400642,52,1,7,9,42249,2,1899-12-30 16:06:00,611,E06000022,6,0,6,30,0,-1,-1,0,0,4,1,1,2,0,0,1,1,E01014477,,,,,,,,,,,,,,
2237,201501TD00109,1,9,0,15,0,1,0,0,0,0,3,1,6,3,-1,-1,1149,1,10,-1,-1,-1,1,2,526120.0,181360.0,-0.18374,51.517091,1,1,2,1,18/08/2015,3,1899-12-30 00:06:00,1,E09000033,3,4206,6,30,6,2,5,0,0,5,7,9,1,0,0,1,1,E01004696,1.0,3.0,1.0,65.0,9.0,1.0,10.0,9.0,0.0,0.0,2.0,0.0,1.0,3.0
2238,201542I140705,2,9,0,4,0,0,0,0,4,6,2,1,2,2,61,9,1595,1,9,-1,1,-1,1,3,572589.0,191118.0,0.490172,51.592474,42,1,3,1,13/05/2015,4,1899-12-30 17:00:00,450,E10000012,3,127,3,70,0,-1,-1,0,0,0,1,1,1,0,0,2,1,E01021330,,,,,,,,,,,,,,
2239,2015405DA0078,1,11,0,18,6,0,0,4,0,0,1,-1,1,1,76,11,12000,2,12,-1,1,-1,4,3,499935.0,234869.0,-0.545604,52.003275,40,1,3,4,14/02/2015,7,1899-12-30 06:46:00,424,E06000056,1,1,3,70,0,-1,-1,0,0,0,6,1,1,0,0,2,1,E01017451,,,,,,,,,,,,,,
2240,201531B119715,1,9,0,18,9,0,0,0,0,0,1,1,6,1,26,6,2496,2,10,-1,2,-1,1,2,461775.0,391021.0,-1.072103,53.412392,31,1,2,1,24/06/2015,4,1899-12-30 14:05:00,341,E10000024,6,0,6,40,0,-1,-1,0,0,0,1,1,1,0,0,2,1,E01028024,,,,,,,,,,,,,,
2241,2015075386102,1,21,0,18,0,1,0,0,0,0,1,1,6,1,23,5,-1,-1,-1,-1,1,-1,1,3,358000.0,391392.0,-2.6334,53.417648,7,1,3,1,27/12/2015,1,1899-12-30 04:02:00,128,E06000007,1,62,3,70,5,4,6,0,0,0,4,2,2,0,0,1,1,E01012469,1.0,1.0,1.0,23.0,5.0,1.0,0.0,0.0,0.0,0.0,0.0,21.0,1.0,8.0
2242,2015545129115,2,9,0,18,0,0,0,0,0,0,3,1,6,1,53,8,1968,2,1,-1,3,-1,2,2,385175.0,133803.0,-2.213116,51.103333,54,1,2,2,42314,5,1899-12-30 14:04:00,635,E06000054,3,303,6,60,0,-1,-1,0,0,0,1,1,1,0,0,2,1,E01032010,2.0,1.0,1.0,53.0,8.0,3.0,0.0,0.0,0.0,0.0,0.0,9.0,3.0,5.0
2243,2015160C04051,1,9,0,16,0,0,1,0,8,4,1,1,6,1,25,5,1968,2,9,-1,3,-1,3,1,509371.0,439571.0,-0.33927,53.840882,16,1,1,3,26/07/2015,1,1899-12-30 01:27:00,231,E06000011,6,0,6,40,0,-1,-1,0,0,0,6,1,1,0,0,2,1,E01013027,1.0,1.0,1.0,25.0,5.0,2.0,0.0,0.0,0.0,0.0,0.0,9.0,3.0,6.0
2244,201506E007501,1,11,0,12,0,2,0,0,0,0,1,1,1,1,65,9,-1,2,16,-1,1,-1,1,1,382990.0,391880.0,-2.257433,53.423437,6,1,1,1,30/10/2015,6,1899-12-30 13:29:00,102,E08000003,3,5103,3,40,3,4,6,0,0,4,1,1,1,0,0,1,1,E01005079,1.0,3.0,1.0,55.0,8.0,1.0,1.0,3.0,0.0,0.0,0.0,0.0,1.0,3.0
2245,2015450030642,1,21,0,3,0,1,0,0,0,0,4,1,1,1,49,8,10518,2,2,-1,1,-1,1,1,488991.0,132829.0,-0.730764,51.087883,45,1,1,1,14/10/2015,4,1899-12-30 13:25:00,517,E10000030,4,2131,6,30,3,2,6,0,0,4,1,1,1,0,0,1,1,E01030928,1.0,3.0,2.0,85.0,11.0,1.0,5.0,1.0,0.0,0.0,0.0,0.0,1.0,10.0
2246,2015320105400,1,5,0,18,0,8,0,0,0,0,1,1,6,1,70,10,980,1,35,-1,1,-1,1,4,540878.0,349941.0,0.099186,53.028214,32,1,4,1,42318,1,1899-12-30 13:00:00,350,E10000019,3,52,6,50,3,4,6,0,0,0,1,1,1,0,0,2,1,E01026024,1.0,1.0,1.0,70.0,10.0,1.0,0.0,0.0,0.0,0.0,0.0,5.0,1.0,8.0
2247,2015460261189,1,19,0,1,0,0,0,0,0,0,2,1,1,1,38,7,2143,2,2,-1,3,-1,1,1,563190.0,149750.0,0.33559,51.22362,46,1,1,1,42103,6,1899-12-30 14:30:00,542,E10000016,6,1141,6,30,0,-1,-1,0,0,0,1,1,1,0,0,2,1,E01024747,1.0,3.0,2.0,81.0,11.0,1.0,5.0,9.0,0.0,0.0,0.0,0.0,2.0,4.0
2248,2015621500704,1,5,0,13,0,4,1,9,7,1,1,1,6,1,29,6,-1,-1,-1,-1,1,-1,3,2,299413.0,204028.0,-3.45772,51.725917,62,1,2,3,17/04/2015,6,1899-12-30 16:11:00,744,W06000016,3,4059,1,60,1,4,4,4276,0,8,1,1,1,0,0,1,1,W01001153,1.0,1.0,1.0,29.0,6.0,1.0,0.0,0.0,0.0,0.0,0.0,5.0,1.0,-1.0
2249,201543P281125,2,9,0,2,0,0,0,0,0,0,0,1,1,1,69,10,1248,2,1,-1,2,-1,2,3,446481.0,227293.0,-1.325228,51.942204,43,1,3,2,30/12/2015,4,1899-12-30 08:06:00,481,E10000025,3,4260,3,70,0,-1,-1,0,0,0,1,4,1,0,0,2,1,E01028507,,,,,,,,,,,,,,
2250,2015440379984,1,3,0,18,0,8,0,0,0,0,1,1,6,1,25,5,124,1,3,-1,1,-1,1,2,463076.0,153336.0,-1.097125,51.275688,44,1,2,1,42015,1,1899-12-30 14:22:00,490,E10000014,6,0,6,30,6,4,6,0,0,7,1,7,2,0,0,1,1,E01022525,1.0,1.0,1.0,25.0,5.0,1.0,0.0,0.0,0.0,0.0,0.0,3.0,1.0,5.0
2251,201542I029301,1,9,0,17,0,0,5,0,1,3,1,1,6,1,32,6,2494,1,15,-1,1,-1,4,1,581423.0,191658.0,0.617842,51.594551,42,1,1,4,25/01/2015,1,1899-12-30 03:15:00,459,E10000012,4,1013,6,30,0,-1,-1,0,0,0,5,1,1,0,0,1,1,E01021960,3.0,2.0,2.0,18.0,4.0,3.0,0.0,0.0,2.0,0.0,0.0,9.0,-1.0,-1.0
2252,2015320004239,2,19,0,18,0,8,1,0,0,0,1,1,1,1,44,7,2143,2,1,-1,1,-1,1,2,509201.0,336416.0,-0.377471,52.914079,32,1,2,1,20/01/2015,3,1899-12-30 13:07:00,353,E10000019,3,52,6,60,6,4,5,316,0,0,1,1,2,0,0,2,1,E01026221,,,,,,,,,,,,,,
2253,201543W139055,1,9,0,18,0,0,1,0,0,0,1,1,2,1,32,6,1968,2,-1,-1,-1,-1,1,3,471060.0,168916.0,-0.979579,51.414819,43,1,3,1,22/05/2015,6,1899-12-30 16:55:00,472,E06000038,1,4,3,70,0,-1,-1,0,0,0,1,1,1,0,0,2,1,E01016439,,,,,,,,,,,,,,
2254,201563AC20715,1,19,0,18,0,0,1,0,0,0,1,1,1,1,23,5,-1,-1,-1,-1,-1,-1,1,2,253440.0,215920.0,-4.127932,51.822626,63,1,2,1,14/08/2015,6,1899-12-30 05:45:00,751,W06000010,3,48,3,70,0,-1,-1,0,0,0,6,2,2,0,0,2,1,W01000675,1.0,1.0,1.0,23.0,5.0,1.0,0.0,0.0,0.0,0.0,0.0,19.0,-1.0,-1.0
2255,201543P296025,20,9,0,18,0,0,0,0,0,0,2,1,6,1,51,8,3200,2,11,-1,2,-1,36,37,455113.0,220016.0,-1.200828,51.875998,43,1,37,36,14/02/2015,7,1899-12-30 07:45:00,481,E10000025,1,40,3,70,0,-1,-1,0,0,0,1,7,2,0,3,2,1,E01028497,29.0,2.0,2.0,29.0,6.0,3.0,0.0,0.0,1.0,0.0,0.0,9.0,2.0,7.0
2256,2015460255250,1,9,0,18,0,1,0,0,0,0,3,1,1,1,52,8,1587,1,13,-1,1,-1,1,2,554170.0,167260.0,0.214085,51.383454,46,1,2,1,42281,6,1899-12-30 11:35:00,538,E10000016,3,20,6,60,3,4,6,0,0,0,1,1,1,0,0,2,1,E01024433,,,,,,,,,,,,,,
2257,2015471507303,2,9,0,18,0,0,0,0,0,0,1,1,6,2,43,7,1997,2,6,-1,3,-1,5,2,522026.0,114594.0,-0.265414,50.917915,47,1,2,5,42289,5,1899-12-30 09:21:00,562,E10000032,3,2037,6,60,0,-1,-1,0,0,0,1,1,2,0,0,2,1,E01031641,5.0,2.0,1.0,17.0,4.0,2.0,0.0,0.0,2.0,0.0,0.0,9.0,3.0,4.0
2258,201543N189025,1,3,0,17,0,0,1,10,2,11,1,1,6,1,24,5,124,1,6,-1,1,-1,1,2,481768.0,205021.0,-0.817242,51.737941,43,1,2,1,24/02/2015,3,1899-12-30 21:51:00,480,E10000002,3,4010,6,40,0,-1,-1,0,0,0,6,1,1,0,1,2,1,E01017932,1.0,1.0,1.0,24.0,5.0,1.0,0.0,0.0,0.0,0.0,0.0,3.0,1.0,3.0
2259,2015075040191,1,9,0,18,0,6,0,0,0,0,3,1,6,1,82,11,4196,1,12,-1,1,-1,1,2,328530.0,380458.0,-3.074264,53.316209,7,1,2,1,42310,4,1899-12-30 16:50:00,130,E06000050,3,540,3,40,3,4,4,5135,0,0,4,1,1,0,0,1,1,E01018537,1.0,1.0,1.0,82.0,11.0,1.0,0.0,0.0,0.0,0.0,0.0,9.0,1.0,4.0
2260,201501TD00108,1,3,0,18,0,0,1,7,7,1,1,1,6,1,17,4,124,1,-1,-1,1,-1,2,1,542720.0,172230.0,0.05166,51.431106,1,1,1,2,24/08/2015,2,1899-12-30 16:30:00,19,E09000006,3,208,6,30,0,-1,-1,0,0,8,1,2,2,0,0,1,1,E01001602,2.0,2.0,1.0,18.0,4.0,1.0,0.0,0.0,0.0,0.0,0.0,3.0,1.0,8.0
2261,2015530209327,1,9,0,17,0,0,5,0,1,4,1,1,6,1,72,10,1598,1,9,-1,3,-1,2,1,413456.0,235720.0,-1.805323,52.019741,53,1,1,2,42095,1,1899-12-30 15:30:00,621,E10000013,3,44,6,60,0,-1,-1,0,0,0,1,7,4,0,0,2,1,E01022182,1.0,2.0,2.0,69.0,10.0,1.0,0.0,0.0,1.0,0.0,0.0,9.0,3.0,10.0
2262,20151326S1829,1,9,0,18,0,0,0,0,7,10,1,1,6,2,22,5,1498,1,16,-1,1,-1,3,3,407960.0,424543.0,-1.880862,53.717241,13,1,3,3,28/06/2015,1,1899-12-30 22:45:00,202,E08000033,6,0,6,30,0,-1,-1,0,0,0,4,1,1,0,0,1,1,E01011003,3.0,2.0,2.0,28.0,6.0,3.0,0.0,0.0,2.0,0.0,0.0,9.0,1.0,2.0
2263,201504EF15330,1,9,0,18,0,0,1,0,5,0,1,1,6,1,20,4,1998,2,9,-1,1,-1,4,4,383310.0,431200.0,-2.254737,53.776862,4,1,4,4,42196,7,1899-12-30 01:00:00,72,E10000017,3,682,3,30,0,-1,-1,0,0,8,4,1,2,0,0,1,1,E01024871,1.0,1.0,1.0,20.0,4.0,1.0,0.0,0.0,0.0,0.0,0.0,9.0,1.0,6.0
2264,2015350059815,1,9,0,18,0,1,0,0,0,0,1,1,6,2,78,11,1396,1,12,-1,2,-1,1,2,527300.0,274590.0,-0.132272,52.354601,35,1,2,1,20/05/2015,4,1899-12-30 15:48:00,393,E10000003,3,141,1,60,1,4,4,1090,0,0,1,1,1,0,0,2,1,E01018206,1.0,1.0,2.0,78.0,11.0,1.0,0.0,0.0,0.0,0.0,0.0,9.0,2.0,10.0
2265,2015440386099,1,9,0,18,0,8,0,0,1,4,4,2,1,1,29,6,-1,-1,-1,-1,1,-1,2,1,481871.0,133816.0,-0.832176,51.097815,44,1,1,2,42166,6,1899-12-30 07:30:00,497,E10000014,6,0,6,40,3,4,6,0,0,0,1,2,2,0,0,2,1,E01022586,1.0,1.0,1.0,29.0,6.0,3.0,0.0,0.0,0.0,0.0,0.0,9.0,1.0,8.0
2266,2015471505617,2,9,0,10,0,1,0,0,0,0,2,1,6,2,47,8,998,1,12,-1,3,-1,4,5,589457.0,116920.0,0.694144,50.920631,47,1,5,4,27/09/2015,1,1899-12-30 11:45:00,555,E10000011,3,259,6,60,8,4,6,0,0,0,1,1,1,0,0,2,1,E01021101,2.0,1.0,2.0,47.0,8.0,3.0,0.0,0.0,0.0,0.0,0.0,9.0,3.0,5.0
2267,201501TD00099,2,9,0,17,0,0,0,0,0,0,1,1,6,1,57,9,1796,1,8,-1,1,-1,1,2,535930.0,161070.0,-0.050219,51.332485,1,1,2,1,42102,3,1899-12-30 20:10:00,20,E09000008,5,0,6,40,0,-1,-1,0,0,0,6,1,1,0,0,2,1,E01030852,,,,,,,,,,,,,,
2268,201514A091215,2,5,0,18,0,1,1,0,0,0,1,1,1,1,31,6,847,1,-1,-1,1,-1,2,3,453870.0,404006.0,-1.188793,53.529959,14,1,3,2,29/06/2015,2,1899-12-30 08:48:00,211,E08000017,5,178,6,60,3,4,5,235,0,0,1,1,1,0,0,2,1,E01007617,2.0,1.0,1.0,31.0,6.0,1.0,0.0,0.0,0.0,0.0,0.0,5.0,1.0,9.0
2269,2015100228915,1,9,0,7,0,6,0,0,0,0,1,1,6,2,50,8,2179,2,1,-1,1,-1,1,1,424949.0,562562.0,-1.611937,54.957079,10,1,1,1,22/04/2015,4,1899-12-30 18:57:00,146,E08000020,4,1426,6,30,3,4,6,4188,0,0,1,1,1,0,0,1,1,E01008167,1.0,3.0,2.0,46.0,8.0,1.0,5.0,1.0,0.0,0.0,0.0,0.0,1.0,1.0
2270,2015460261050,1,9,0,9,0,5,0,0,0,0,3,1,6,1,20,4,1968,2,4,-1,2,-1,1,2,593330.0,163030.0,0.773892,51.333489,46,1,2,1,42164,1,1899-12-30 10:10:00,540,E10000016,3,2,6,30,3,4,6,0,0,0,1,1,1,0,0,1,1,E01024624,,,,,,,,,,,,,,
2271,2015540565115,1,9,0,17,0,0,2,0,7,9,2,1,6,1,25,5,973,1,14,-1,1,-1,2,1,384135.0,155816.0,-2.22895,51.301243,54,1,1,2,18/01/2015,1,1899-12-30 00:42:00,635,E06000054,3,361,6,40,0,-1,-1,0,0,0,4,2,2,0,0,2,1,E01032083,1.0,1.0,1.0,25.0,5.0,1.0,0.0,0.0,0.0,0.0,0.0,9.0,1.0,3.0
2272,2015360092449,1,21,1,18,0,1,1,0,0,0,1,1,1,1,60,9,7698,2,-1,-1,1,-1,1,1,563966.0,322326.0,0.429218,52.773628,36,1,1,1,42132,4,1899-12-30 09:15:00,407,E10000020,3,1078,6,30,3,4,6,0,0,8,1,1,1,0,0,1,1,E01026708,1.0,3.0,1.0,82.0,11.0,1.0,5.0,1.0,0.0,0.0,0.0,0.0,1.0,9.0
2273,2015950002718,1,9,0,17,0,0,0,0,1,4,1,1,2,1,27,6,1998,1,11,-1,3,-1,1,1,327371.0,659918.0,-3.160919,55.827016,95,1,1,1,42161,7,1899-12-30 07:00:00,929,S12000019,3,6094,6,60,0,-1,-1,0,0,0,1,1,2,0,0,2,1,,1.0,1.0,1.0,27.0,6.0,1.0,0.0,0.0,0.0,0.0,0.0,9.0,3.0,-1.0
2274,201520W036885,1,9,0,14,0,0,0,0,0,0,1,1,6,1,35,6,1781,1,11,-1,1,-1,5,1,404730.0,290390.0,-1.931735,52.511381,20,1,1,5,21/06/2015,1,1899-12-30 12:03:00,300,E08000025,6,0,6,30,0,-1,-1,0,0,8,1,1,1,0,0,1,1,E01009270,4.0,3.0,1.0,13.0,3.0,2.0,4.0,2.0,0.0,0.0,0.0,0.0,1.0,1.0
2275,2015460264626,1,9,0,16,0,0,1,0,0,0,1,1,6,1,23,5,998,1,1,-1,-1,-1,7,2,570320.0,172720.0,0.448568,51.427891,46,1,2,7,42136,7,1899-12-30 20:30:00,535,E10000016,5,2,6,50,0,-1,-1,0,0,0,6,1,2,0,0,2,1,E01024300,3.0,2.0,2.0,26.0,6.0,2.0,0.0,0.0,1.0,0.0,0.0,9.0,1.0,7.0
2276,201542I288609,1,9,0,13,0,0,0,0,0,0,1,1,6,1,43,7,1956,2,-1,-1,-1,-1,1,3,540697.0,199716.0,0.033565,51.678593,42,1,3,1,16/09/2015,4,1899-12-30 22:04:00,456,E10000012,6,0,6,40,0,-1,-1,0,0,0,4,2,2,0,0,2,1,E01021810,,,,,,,,,,,,,,
2277,201560S039872,1,9,0,18,0,0,0,0,0,0,4,1,1,1,30,6,-1,-1,-1,-1,-1,-1,4,1,251504.0,366270.0,-4.223138,53.172764,60,1,1,4,22/03/2015,1,1899-12-30 03:20:00,722,W06000002,3,487,6,60,0,-1,-1,0,0,0,6,1,1,0,0,2,1,W01000119,2.0,3.0,1.0,27.0,6.0,1.0,9.0,7.0,0.0,0.0,0.0,0.0,-1.0,-1.0
2278,201501TD00118,1,9,0,1,0,1,0,10,7,10,2,1,6,1,69,10,1796,1,12,-1,1,-1,1,1,533380.0,196360.0,-0.073477,51.650219,1,1,1,1,18/09/2015,6,1899-12-30 11:51:00,32,E09000010,6,0,6,30,3,4,6,0,0,0,1,1,1,0,0,1,1,E01001512,1.0,3.0,2.0,60.0,9.0,1.0,6.0,9.0,0.0,0.0,2.0,0.0,1.0,8.0
2279,201520K007245,2,9,0,18,0,8,2,10,1,1,3,1,6,2,44,7,2268,2,4,-1,1,-1,4,2,401300.0,293470.0,-1.982264,52.539088,20,1,2,4,27/05/2015,4,1899-12-30 20:40:00,305,E08000028,6,0,6,30,6,4,6,0,0,0,1,1,1,0,0,1,1,E01009950,4.0,2.0,1.0,12.0,3.0,1.0,0.0,0.0,2.0,0.0,0.0,9.0,1.0,7.0