,accident_index,vehicle_reference,vehicle_type,towing_and_articulation,vehicle_manoeuvre,vehicle_location-restricted_lane,junction_location,skidding_and_overturning,hit_object_in_carriageway,vehicle_leaving_carriageway,hit_object_off_carriageway,1st_point_of_impact,was_vehicle_left_hand_drive?,journey_purpose_of_driver,sex_of_driver,age_of_driver,age_band_of_driver,engine_capacity_(cc),propulsion_code,age_of_vehicle,driver_imd_decile,driver_home_area_type,vehicle_imd_decile,NUmber_of_Casualities_unique_to_accident_index,No_of_Vehicles_involved_unique_to_accident_index,location_easting_osgr,location_northing_osgr,longitude,latitude,police_force,accident_severity,number_of_vehicles,number_of_casualties,date,day_of_week,time,local_authority_(district),local_authority_(highway),1st_road_class,1st_road_number,road_type,speed_limit,junction_detail,junction_control,2nd_road_class,2nd_road_number,pedestrian_crossing-human_control,pedestrian_crossing-physical_facilities,light_conditions,weather_conditions,road_surface_conditions,special_conditions_at_site,carriageway_hazards,urban_or_rural_area,did_police_officer_attend_scene_of_accident,lsoa_of_accident_location,casualty_reference,casualty_class,sex_of_casualty,age_of_casualty,age_band_of_casualty,casualty_severity,pedestrian_location,pedestrian_movement,car_passenger,bus_or_coach_passenger,pedestrian_road_maintenance_worker,casualty_type,casualty_home_area_type,casualty_imd_decile
2280,201543P102075,2,9,0,18,0,1,0,0,0,0,1,1,3,2,37,7,1968,2,2,-1,1,-1,6,2,474126.0,178978.0,-0.933394,51.504884,43,1,2,6,42284,6,1899-12-30 15:30:00,484,E10000025,6,341,6,30,6,4,6,0,0,0,1,1,1,0,0,2,1,E01028660,5.0,2.0,1.0,3.0,1.0,3.0,0.0,0.0,2.0,0.0,0.0,9.0,1.0,10.0
2281,2015320015947,1,11,0,7,0,8,0,0,0,0,4,1,1,1,41,7,12000,2,6,-1,1,-1,1,2,498933.0,372446.0,-0.519045,53.239834,32,1,2,1,25/03/2015,4,1899-12-30 15:19:00,352,E10000019,3,15,6,30,3,2,4,1273,0,5,1,1,1,0,0,1,1,E01026154,,,,,,,,,,,,,,
2282,201501TD00003,2,9,0,9,0,8,0,0,0,0,4,1,6,1,34,6,1686,2,1,-1,1,-1,1,2,531590.0,178290.0,-0.106096,51.488256,1,1,2,1,42309,1,1899-12-30 18:20:00,9,E09000022,3,3,6,30,3,2,5,0,0,5,1,1,2,0,0,1,1,E01003108,,,,,,,,,,,,,,
2283,201543W057115,1,21,1,5,0,1,0,0,0,0,1,1,1,1,32,6,12777,2,6,-1,1,-1,1,1,480630.0,168628.0,-0.842061,51.410951,43,1,1,1,42135,5,1899-12-30 13:59:00,475,E06000041,3,321,2,30,6,2,3,321,0,5,1,2,2,0,0,1,1,E01016626,1.0,3.0,2.0,69.0,10.0,1.0,1.0,1.0,0.0,0.0,0.0,0.0,1.0,9.0
2284,201501TD00108,1,3,0,18,0,0,1,7,7,1,1,1,6,1,17,4,124,1,-1,-1,1,-1,2,1,542720.0,172230.0,0.05166,51.431106,1,1,1,2,24/08/2015,2,1899-12-30 16:30:00,19,E09000006,3,208,6,30,0,-1,-1,0,0,8,1,2,2,0,0,1,1,E01001602,1.0,1.0,1.0,17.0,4.0,2.0,0.0,0.0,0.0,0.0,0.0,3.0,1.0,8.0
2285,201543P282075,1,9,0,18,0,0,0,0,1,7,1,1,6,1,29,6,1364,1,8,-1,1,-1,2,1,455122.0,220399.0,-1.200637,51.87944,43,1,1,2,27/07/2015,2,1899-12-30 20:44:00,481,E10000025,1,40,3,70,0,-1,-1,0,0,0,1,1,1,0,0,2,1,E01028497,1.0,1.0,1.0,29.0,6.0,1.0,0.0,0.0,0.0,0.0,0.0,9.0,1.0,4.0
2286,201522C503976,1,3,0,11,0,0,0,10,1,1,1,1,6,1,20,4,124,1,11,-1,1,-1,2,2,405540.0,264910.0,-1.920213,52.282306,22,1,2,2,26/10/2015,2,1899-12-30 01:28:00,274,E10000034,6,0,6,40,0,-1,-1,0,0,0,4,1,1,0,0,2,1,E01032257,2.0,2.0,1.0,18.0,4.0,2.0,0.0,0.0,0.0,0.0,0.0,3.0,1.0,5.0
2287,201520T019695,1,9,0,18,0,1,0,10,4,0,1,1,2,1,64,9,1398,1,12,-1,1,-1,1,2,414470.0,283960.0,-1.788498,52.453406,20,1,2,1,25/03/2015,4,1899-12-30 05:40:00,300,E08000025,3,45,3,40,3,4,6,0,0,4,4,1,1,0,0,1,1,E01009315,,,,,,,,,,,,,,
2288,2015075271678,2,9,0,18,0,0,0,0,0,0,1,1,6,1,57,9,1997,1,6,-1,1,-1,1,2,389419.0,374599.0,-2.160106,53.268275,7,1,2,1,42347,7,1899-12-30 09:20:00,129,E06000049,6,0,6,30,0,-1,-1,0,0,0,1,1,2,0,3,1,1,E01018618,,,,,,,,,,,,,,
2289,2015075263117,3,9,0,2,0,0,0,0,0,11,2,1,6,1,81,11,1997,2,11,-1,1,-1,3,3,337683.0,362647.0,-2.933404,53.157289,7,1,3,3,42103,6,1899-12-30 11:29:00,130,E06000050,3,55,3,70,0,-1,-1,0,0,0,1,1,1,0,0,2,1,E01018335,2.0,3.0,2.0,80.0,11.0,2.0,6.0,9.0,0.0,0.0,0.0,0.0,1.0,-1.0
2290,2015320003209,1,9,0,18,0,8,0,0,0,0,3,2,6,2,71,10,1349,1,3,-1,-1,-1,1,2,520569.0,386052.0,-0.189849,53.357607,32,1,2,1,18/01/2015,1,1899-12-30 13:55:00,351,E10000019,3,157,6,60,3,4,4,1225,0,0,1,1,1,0,0,2,1,E01026071,1.0,1.0,2.0,71.0,10.0,1.0,0.0,0.0,0.0,0.0,0.0,9.0,-1.0,-1.0
2291,2015120161613,1,5,0,18,0,1,0,0,0,0,1,1,6,1,46,8,998,1,8,-1,1,-1,2,2,501938.0,492393.0,-0.43443,54.316956,12,1,2,2,13/09/2015,1,1899-12-30 10:45:00,186,E10000023,3,165,6,60,8,4,6,0,0,0,1,1,1,0,0,2,1,E01027836,1.0,1.0,1.0,46.0,8.0,2.0,0.0,0.0,0.0,0.0,0.0,5.0,1.0,7.0
2292,2015132CO0102,2,8,0,17,0,0,0,0,0,0,1,1,1,1,33,6,1910,2,7,-1,1,-1,3,2,406336.0,440559.0,-1.905147,53.861214,13,1,2,3,24/12/2015,5,1899-12-30 01:15:00,200,E08000032,6,0,6,30,0,-1,-1,0,0,0,4,2,2,0,0,1,1,E01010711,3.0,1.0,1.0,33.0,6.0,1.0,0.0,0.0,0.0,0.0,0.0,8.0,1.0,1.0
2293,2015941500332,2,9,0,18,0,0,0,0,1,0,1,1,6,2,30,6,1910,2,11,-1,1,-1,3,2,325313.0,708208.0,-3.207236,56.260473,94,1,2,3,42040,7,1899-12-30 20:35:00,925,S12000015,4,936,6,50,0,-1,-1,0,0,0,1,1,2,0,0,2,1,,3.0,2.0,2.0,28.0,6.0,3.0,0.0,0.0,1.0,0.0,0.0,9.0,1.0,-1.0
2294,201597BF70103,2,9,0,18,0,0,0,0,0,0,1,1,6,1,50,8,1198,1,8,-1,1,-1,1,3,252163.0,678716.0,-4.370856,55.978589,97,1,3,1,22/03/2015,1,1899-12-30 16:50:00,920,S12000009,3,809,6,60,0,-1,-1,0,0,0,1,1,1,0,0,2,1,,,,,,,,,,,,,,,
2295,2015471505967,1,9,0,9,0,8,0,0,0,0,1,1,6,2,65,9,1598,1,7,-1,-1,-1,2,2,521138.0,111716.0,-0.278995,50.892234,47,1,2,2,42318,1,1899-12-30 12:40:00,562,E10000032,3,2037,6,60,8,4,6,0,0,0,1,1,1,0,0,2,1,E01031617,1.0,1.0,2.0,65.0,9.0,2.0,0.0,0.0,0.0,0.0,0.0,9.0,-1.0,-1.0
2296,2015075372918,2,9,0,18,0,8,0,0,1,4,3,1,2,1,59,9,1686,2,12,-1,3,-1,2,3,368893.0,371534.0,-2.467554,53.239914,7,1,3,2,14/12/2015,2,1899-12-30 12:30:00,130,E06000050,3,530,6,60,6,4,6,0,0,0,1,1,2,0,0,2,1,E01018718,1.0,1.0,1.0,59.0,9.0,1.0,0.0,0.0,0.0,0.0,0.0,9.0,3.0,9.0
2297,2015132AH0439,1,9,0,18,0,8,0,0,1,5,1,1,6,1,56,9,1422,2,7,-1,3,-1,1,1,441634.0,431830.0,-1.369652,53.781141,13,1,1,1,17/10/2015,7,1899-12-30 08:35:00,204,E08000035,3,63,6,40,3,4,6,0,0,0,1,1,2,0,0,2,1,E01011302,1.0,3.0,2.0,82.0,11.0,1.0,6.0,9.0,0.0,0.0,0.0,0.0,3.0,9.0
2298,2015120068800,1,9,0,17,0,0,2,0,7,4,1,1,6,1,19,4,2495,2,11,-1,3,-1,4,1,444638.0,506644.0,-1.313043,54.453234,12,1,1,4,26/04/2015,1,1899-12-30 20:30:00,181,E10000023,5,22,6,60,0,-1,-1,0,0,0,1,1,1,0,0,2,1,E01027617,4.0,2.0,1.0,18.0,4.0,3.0,0.0,0.0,2.0,0.0,0.0,9.0,3.0,8.0
2299,2015320003209,2,9,4,18,0,8,0,0,7,0,1,2,6,1,44,7,-1,-1,-1,-1,1,-1,1,2,520569.0,386052.0,-0.189849,53.357607,32,1,2,1,18/01/2015,1,1899-12-30 13:55:00,351,E10000019,3,157,6,60,3,4,4,1225,0,0,1,1,1,0,0,2,1,E01026071,,,,,,,,,,,,,,
2300,2015520503876,1,9,0,7,0,1,0,0,3,0,0,1,6,1,27,6,1149,1,14,-1,1,-1,1,1,337641.0,147806.0,-2.894399,51.226023,52,1,1,1,30/05/2015,7,1899-12-30 05:19:00,607,E10000027,4,3139,6,30,3,4,6,0,0,0,1,1,1,0,0,2,1,E01029149,1.0,2.0,1.0,27.0,6.0,1.0,0.0,0.0,1.0,0.0,0.0,9.0,1.0,1.0
2301,2015460262429,1,9,0,18,0,0,0,0,0,0,4,1,6,1,24,5,1198,1,13,-1,1,-1,3,2,629830.0,139670.0,1.282039,51.110217,46,1,2,3,13/08/2015,5,1899-12-30 20:20:00,533,E10000016,3,20,3,40,0,-1,-1,0,0,0,1,1,1,0,0,2,1,E01024249,2.0,2.0,2.0,50.0,8.0,1.0,0.0,0.0,1.0,0.0,0.0,9.0,1.0,1.0
2302,201550CI2E005,3,1,0,16,0,0,1,0,0,0,0,1,6,1,-1,-1,-1,-1,-1,-1,-1,-1,3,3,257713.0,144465.0,-4.037131,51.181659,50,1,3,3,20/07/2015,2,1899-12-30 07:32:00,582,E10000008,5,460,6,30,0,-1,-1,0,0,0,1,1,1,5,0,2,1,E01020099,3.0,1.0,1.0,-1.0,-1.0,3.0,0.0,0.0,0.0,0.0,0.0,1.0,-1.0,-1.0
2303,2015030002872,1,9,0,13,0,0,0,0,7,4,1,1,6,1,25,5,1896,2,12,-1,2,-1,3,2,317120.0,482150.0,-3.272849,54.22833,3,1,2,3,23/11/2015,2,1899-12-30 21:36:00,63,E10000006,3,5093,6,60,0,-1,-1,0,0,0,6,2,2,0,0,2,1,E01019293,2.0,2.0,1.0,24.0,5.0,1.0,0.0,0.0,1.0,0.0,0.0,9.0,2.0,4.0
2304,201501TD00160,1,19,0,16,0,1,0,0,0,0,1,1,2,1,45,7,-1,-1,-1,-1,1,-1,1,1,522770.0,187520.0,-0.229849,51.573189,1,1,1,1,22/12/2015,3,1899-12-30 19:00:00,30,E09000003,1,1,3,70,1,4,3,406,0,0,4,5,2,0,0,1,1,E01000307,1.0,3.0,1.0,55.0,8.0,1.0,5.0,3.0,0.0,0.0,2.0,0.0,1.0,1.0
2305,2015350021815,1,21,1,17,0,0,2,0,0,0,2,1,1,1,23,5,12913,2,5,-1,1,-1,2,3,526740.0,273750.0,-0.140806,52.347183,35,1,3,2,42280,3,1899-12-30 14:34:00,393,E10000003,3,141,6,40,0,-1,-1,0,0,0,1,1,1,0,0,2,1,E01018206,1.0,1.0,1.0,23.0,5.0,2.0,0.0,0.0,0.0,0.0,0.0,21.0,1.0,8.0
2306,201504SA15205,1,9,0,18,0,1,0,0,0,0,1,1,6,2,74,10,1339,1,2,-1,1,-1,1,2,351610.0,428310.0,-2.735275,53.748901,4,1,2,1,42282,1,1899-12-30 17:00:00,83,E10000017,3,59,6,30,3,4,6,0,0,0,1,1,1,0,0,1,1,E01025425,1.0,1.0,2.0,74.0,10.0,1.0,0.0,0.0,0.0,0.0,0.0,9.0,1.0,9.0
2307,201537EA89627,2,5,0,18,0,1,1,0,0,0,1,1,6,1,19,4,806,1,1,-1,2,-1,2,3,612640.0,251356.0,1.104576,52.119605,37,1,3,2,24/04/2015,6,1899-12-30 14:44:00,413,E10000029,5,492,6,40,3,4,5,455,0,0,1,1,1,0,0,2,1,E01030046,1.0,1.0,1.0,19.0,4.0,1.0,0.0,0.0,0.0,0.0,0.0,5.0,2.0,5.0
2308,2015350147715,2,9,0,18,0,8,0,0,1,0,1,1,6,2,26,6,1598,1,4,-1,1,-1,5,2,526490.0,278470.0,-0.142696,52.389652,35,1,2,5,19/09/2015,7,1899-12-30 19:40:00,393,E10000003,5,112,6,60,6,4,5,111,0,0,6,1,1,0,0,2,1,E01018196,5.0,2.0,1.0,32.0,6.0,3.0,0.0,0.0,1.0,0.0,0.0,9.0,1.0,10.0
2309,201501TD00158,1,3,0,13,0,0,0,0,0,0,3,1,6,1,33,6,125,1,3,-1,1,-1,1,3,524250.0,181360.0,-0.210677,51.517505,1,1,3,1,17/12/2015,5,1899-12-30 15:15:00,12,E09000020,3,40,3,40,0,-1,-1,0,0,0,1,2,2,0,0,1,1,E01002878,1.0,1.0,1.0,33.0,6.0,1.0,0.0,0.0,0.0,0.0,0.0,3.0,1.0,4.0
2310,201543P296025,9,9,0,18,0,0,0,0,0,0,1,1,6,1,40,7,1975,1,8,-1,3,-1,36,37,455113.0,220016.0,-1.200828,51.875998,43,1,37,36,14/02/2015,7,1899-12-30 07:45:00,481,E10000025,1,40,3,70,0,-1,-1,0,0,0,1,7,2,0,3,2,1,E01028497,4.0,1.0,1.0,40.0,7.0,3.0,0.0,0.0,0.0,0.0,0.0,9.0,3.0,10.0
2311,2015320021341,1,9,0,18,0,8,0,0,0,0,1,1,6,1,48,8,1598,1,5,-1,1,-1,2,2,513188.0,311267.0,-0.326902,52.687276,32,1,2,2,16/04/2015,5,1899-12-30 16:36:00,355,E10000019,3,15,1,60,1,4,3,1175,0,0,1,1,1,0,0,2,1,E01026334,1.0,1.0,1.0,48.0,8.0,1.0,0.0,0.0,0.0,0.0,0.0,9.0,1.0,8.0
2312,2015520505626,1,9,0,18,0,0,0,0,0,0,1,1,6,1,47,8,2000,1,16,-1,3,-1,3,3,338960.0,115424.0,-2.870033,50.935017,52,1,3,3,42192,3,1899-12-30 06:25:00,610,E10000027,3,303,3,60,0,-1,-1,0,0,0,1,9,2,0,0,2,1,E01029193,1.0,1.0,1.0,47.0,8.0,2.0,0.0,0.0,0.0,0.0,0.0,9.0,3.0,5.0
2313,2015075050083,1,3,0,17,0,0,5,0,1,2,1,1,6,1,20,4,125,1,6,-1,1,-1,1,1,381332.0,354480.0,-2.280175,53.087205,7,1,1,1,21/02/2015,7,1899-12-30 11:32:00,129,E06000049,3,5011,6,60,0,-1,-1,0,0,0,1,1,1,0,0,2,1,E01018390,1.0,1.0,1.0,20.0,4.0,1.0,0.0,0.0,0.0,0.0,0.0,3.0,1.0,8.0
2314,2015621501453,1,9,0,18,0,0,2,0,8,4,3,1,6,1,18,4,-1,-1,-1,-1,3,-1,4,1,314301.0,183838.0,-3.237277,51.546903,62,1,1,4,42255,1,1899-12-30 02:56:00,741,W06000015,6,0,6,60,0,-1,-1,0,0,0,6,1,1,0,0,2,1,W01001893,4.0,2.0,1.0,23.0,5.0,2.0,0.0,0.0,2.0,0.0,0.0,9.0,3.0,-1.0
2315,2015360087807,2,9,0,18,0,0,0,0,1,0,1,1,6,1,74,10,1598,1,5,-1,3,-1,4,2,595104.0,300856.0,0.877525,52.570524,36,1,2,4,42340,5,1899-12-30 18:00:00,400,E10000020,4,1108,6,60,0,-1,-1,0,0,0,6,1,1,0,0,2,1,E01026464,2.0,1.0,1.0,74.0,10.0,1.0,0.0,0.0,0.0,0.0,0.0,9.0,3.0,4.0
2316,201501TD00162,2,9,0,18,0,0,5,0,0,0,1,1,2,1,69,10,1598,1,8,-1,1,-1,3,2,528720.0,161480.0,-0.153506,51.337846,1,1,2,3,30/12/2015,4,1899-12-30 17:39:00,21,E09000029,3,2022,6,40,0,-1,-1,0,0,0,6,8,2,0,0,1,1,E01004108,2.0,1.0,1.0,69.0,10.0,1.0,0.0,0.0,0.0,0.0,0.0,9.0,1.0,5.0
2317,2015320028966,1,5,0,17,0,8,2,0,1,0,3,1,6,1,30,6,-1,-1,-1,-1,-1,-1,1,1,498733.0,324532.0,-0.536684,52.809308,32,1,1,1,42282,1,1899-12-30 10:52:00,355,E10000019,3,151,6,60,9,4,6,0,0,0,1,1,1,0,0,2,1,E01026316,1.0,1.0,1.0,30.0,6.0,1.0,0.0,0.0,0.0,0.0,0.0,5.0,-1.0,-1.0
2318,2015200037501,4,97,0,7,-1,1,1,0,0,0,-1,1,6,1,39,7,998,1,5,-1,-1,-1,1,4,397971.0,287123.0,-2.031305,52.482026,20,1,4,1,28/12/2015,2,1899-12-30 17:01:00,305,E08000028,3,4034,6,30,3,-1,4,5,0,0,4,1,1,0,0,1,2,E01009930,,,,,,,,,,,,,,
2319,201511SC06805,2,9,4,9,0,1,0,0,0,0,3,1,6,1,20,4,2982,2,2,-1,3,-1,1,2,394964.0,512766.0,-2.079291,54.510176,11,1,2,1,42159,2,1899-12-30 10:00:00,169,E06000047,3,66,3,70,8,4,6,0,0,0,1,1,1,0,0,2,1,E01020863,,,,,,,,,,,,,,
2320,2015160A03251,1,9,0,18,0,0,0,0,0,0,4,1,6,1,35,6,2171,1,13,-1,1,-1,1,2,528686.0,409676.0,-0.058299,53.567918,16,1,2,1,25/09/2015,6,1899-12-30 16:52:00,233,E06000012,6,0,6,30,0,-1,-1,0,0,0,1,1,1,0,0,1,1,E01013141,,,,,,,,,,,,,,
2321,2015450027719,1,20,0,5,0,2,0,0,0,0,2,1,6,1,57,9,9290,2,2,-1,1,-1,1,3,499294.0,149477.0,-0.579113,51.235846,45,1,3,1,13/08/2015,5,1899-12-30 11:33:00,511,E10000030,3,322,6,30,9,2,3,31,0,5,1,2,2,0,0,1,1,E01030452,1.0,3.0,2.0,82.0,11.0,1.0,1.0,1.0,0.0,0.0,-1.0,0.0,1.0,8.0
2322,20154100G0338,1,9,0,18,0,6,0,0,1,0,4,1,6,2,45,7,1968,2,1,-1,3,-1,2,2,528730.0,237108.0,-0.125506,52.017471,41,1,2,2,42345,1,1899-12-30 10:49:00,433,E10000015,3,505,3,70,8,4,-1,-1,0,0,1,1,1,0,0,2,1,E01023663,1.0,1.0,2.0,45.0,7.0,3.0,0.0,0.0,0.0,0.0,0.0,9.0,3.0,7.0
2323,2015551600632,1,5,0,16,0,1,1,0,1,7,1,1,2,1,31,6,999,1,7,-1,1,-1,2,4,367418.0,84978.0,-2.462356,50.663555,55,1,4,2,42136,7,1899-12-30 12:11:00,645,E10000009,3,354,6,60,5,4,6,0,0,0,1,4,1,0,0,2,1,E01020549,1.0,1.0,1.0,31.0,6.0,1.0,0.0,0.0,0.0,0.0,0.0,5.0,-1.0,-1.0
2324,201501TD00122,1,5,0,18,0,0,1,0,0,0,1,1,6,1,24,5,749,1,16,-1,1,-1,3,2,509650.0,181810.0,-0.420863,51.52457,1,1,2,3,27/09/2015,1,1899-12-30 18:28:00,26,E09000017,5,0,6,30,0,-1,-1,0,0,0,7,9,1,0,0,1,1,E01002397,1.0,1.0,1.0,24.0,5.0,1.0,0.0,0.0,0.0,0.0,0.0,5.0,1.0,5.0
2325,201560S039872,1,9,0,18,0,0,0,0,0,0,4,1,1,1,30,6,-1,-1,-1,-1,-1,-1,4,1,251504.0,366270.0,-4.223138,53.172764,60,1,1,4,22/03/2015,1,1899-12-30 03:20:00,722,W06000002,3,487,6,60,0,-1,-1,0,0,0,6,1,1,0,0,2,1,W01000119,4.0,2.0,1.0,22.0,5.0,3.0,0.0,0.0,2.0,0.0,0.0,9.0,-1.0,-1.0
2326,2015331500833,1,5,0,16,0,8,1,0,0,0,1,1,6,1,33,6,636,1,2,-1,1,-1,1,2,466070.0,314830.0,-1.023115,52.727088,33,1,2,1,42161,7,1899-12-30 16:17:00,362,E10000018,3,607,6,50,8,4,6,6,0,0,1,1,1,0,0,2,1,E01025769,1.0,1.0,1.0,33.0,6.0,1.0,0.0,0.0,0.0,0.0,0.0,5.0,1.0,9.0
2327,2015460258945,1,5,0,16,0,0,1,10,7,6,3,1,6,1,44,7,1052,1,16,-1,1,-1,1,2,634840.0,164670.0,1.369846,51.332598,46,1,2,1,14/07/2015,3,1899-12-30 00:17:00,541,E10000016,3,299,3,50,0,-1,-1,0,0,0,6,1,1,0,0,2,1,E01024652,1.0,1.0,1.0,44.0,7.0,1.0,0.0,0.0,0.0,0.0,0.0,5.0,1.0,3.0
2328,2015230036515,1,98,0,11,0,0,0,0,0,0,1,1,1,1,43,7,-1,-1,-1,-1,1,-1,2,2,447058.0,280851.0,-1.30942,52.42363,23,1,2,2,17/12/2015,5,1899-12-30 08:24:00,292,E10000031,1,6,3,70,0,-1,-1,0,0,0,1,1,2,0,0,2,1,E01031160,1.0,1.0,1.0,43.0,7.0,1.0,0.0,0.0,0.0,0.0,0.0,98.0,1.0,1.0
2329,2015051500598,2,9,0,18,0,8,0,0,2,11,3,1,6,1,24,5,1200,1,2,-1,1,-1,4,2,330629.0,388139.0,-3.044449,53.385519,5,1,2,4,25/02/2015,4,1899-12-30 09:29:00,95,E08000015,6,0,6,30,6,4,6,0,0,0,4,1,2,0,0,1,1,E01007240,3.0,1.0,1.0,24.0,5.0,3.0,0.0,0.0,0.0,0.0,0.0,9.0,1.0,3.0
2330,2015320007800,1,21,0,5,0,1,0,0,0,0,1,1,1,1,66,10,12900,2,7,-1,3,-1,1,1,526002.0,369578.0,-0.114789,53.208342,32,1,1,1,42310,4,1899-12-30 12:34:00,351,E10000019,3,153,6,30,3,2,6,0,0,5,1,1,1,0,0,2,1,E01026067,1.0,3.0,1.0,56.0,9.0,1.0,4.0,1.0,0.0,0.0,0.0,0.0,-1.0,-1.0
2331,201520S023335,1,9,0,18,0,0,0,10,7,4,1,1,6,2,22,5,1388,1,8,-1,1,-1,5,1,403600.0,282460.0,-1.948468,52.440099,20,1,1,5,30/04/2015,5,1899-12-30 16:00:00,300,E08000025,6,0,6,30,0,-1,-1,0,0,0,1,1,1,0,0,1,1,E01009292,3.0,2.0,2.0,-1.0,-1.0,2.0,0.0,0.0,2.0,0.0,0.0,9.0,-1.0,-1.0
2332,2015210023963,2,1,0,18,0,0,0,0,0,0,3,1,6,1,58,9,-1,-1,-1,-1,1,-1,1,2,422670.0,302198.0,-1.666596,52.617084,21,1,2,1,42129,3,1899-12-30 16:40:00,258,E10000028,3,5,3,70,0,-1,-1,0,0,0,1,5,2,0,0,1,1,E01029829,1.0,1.0,1.0,58.0,9.0,1.0,0.0,0.0,0.0,0.0,0.0,1.0,-1.0,-1.0
2333,2015530210027,1,9,0,18,0,0,0,0,0,0,1,1,6,2,23,5,999,1,-1,-1,1,-1,1,1,385870.0,215823.0,-2.206497,51.840829,53,1,1,1,42136,7,1899-12-30 17:55:00,623,E10000013,5,8008,6,30,0,-1,-1,0,0,4,4,1,1,0,0,1,1,E01022278,1.0,3.0,2.0,82.0,11.0,1.0,4.0,3.0,0.0,0.0,0.0,0.0,1.0,2.0
2334,2015100083915,1,11,0,18,0,2,0,0,0,0,1,1,1,1,58,9,6700,2,7,-1,1,-1,2,1,420350.0,564577.0,-1.68361,54.975393,10,1,1,2,42310,4,1899-12-30 15:38:00,147,E08000021,4,1311,6,30,3,4,6,1148,0,8,1,1,1,0,0,1,1,E01008288,2.0,3.0,1.0,11.0,3.0,1.0,5.0,1.0,0.0,0.0,0.0,0.0,1.0,1.0
2335,2015471501868,1,5,0,17,0,1,0,10,1,11,1,1,6,1,33,6,599,1,10,-1,1,-1,1,1,533374.0,125114.0,-0.100214,51.009954,47,1,1,1,42098,7,1899-12-30 16:01:00,563,E10000032,6,0,6,30,3,4,6,0,0,0,1,1,1,0,0,1,1,E01031760,1.0,1.0,1.0,33.0,6.0,1.0,0.0,0.0,0.0,0.0,0.0,5.0,1.0,8.0
2336,201504EF15330,3,8,0,18,0,0,0,4,0,0,1,1,1,1,48,8,2402,2,10,-1,-1,-1,4,4,383310.0,431200.0,-2.254737,53.776862,4,1,4,4,42196,7,1899-12-30 01:00:00,72,E10000017,3,682,3,30,0,-1,-1,0,0,8,4,1,2,0,0,1,1,E01024871,2.0,1.0,1.0,48.0,8.0,3.0,0.0,0.0,0.0,0.0,0.0,8.0,-1.0,-1.0
2337,201543N144015,2,19,0,18,0,0,0,0,0,0,1,1,1,2,44,7,2198,2,1,-1,1,-1,2,2,480511.0,222664.0,-0.831347,51.896718,43,1,2,2,28/01/2015,4,1899-12-30 13:15:00,476,E10000002,3,413,6,60,0,-1,-1,0,0,0,1,1,2,0,0,2,1,E01017715,2.0,1.0,2.0,44.0,7.0,3.0,0.0,0.0,0.0,0.0,0.0,19.0,1.0,3.0
2338,201550GR2C006,1,9,0,18,0,0,0,0,1,9,1,1,6,3,-1,-1,2995,1,6,-1,-1,-1,2,1,172913.0,48340.0,-5.189494,50.291211,50,1,1,2,42043,1,1899-12-30 03:18:00,596,E06000052,4,3277,6,60,0,-1,-1,0,0,0,6,1,1,0,0,2,1,E01018826,2.0,3.0,2.0,51.0,8.0,1.0,9.0,8.0,0.0,0.0,0.0,0.0,1.0,4.0
2339,2015460258816,3,20,0,17,0,0,0,0,0,0,1,1,6,1,39,7,4250,2,9,-1,2,-1,4,3,612970.0,158300.0,1.052595,51.284008,46,1,3,4,42284,6,1899-12-30 12:20:00,531,E10000016,3,2050,6,50,0,-1,-1,0,0,0,1,1,1,0,0,1,1,E01024068,4.0,1.0,1.0,39.0,7.0,3.0,0.0,0.0,0.0,0.0,0.0,20.0,2.0,5.0
2340,2015300014124,1,9,0,18,0,0,0,0,7,0,1,1,6,1,78,11,1796,1,4,-1,1,-1,1,2,435100.0,341140.0,-1.478847,52.966479,30,1,2,1,29/05/2015,6,1899-12-30 15:36:00,320,E10000007,3,6,6,50,0,-1,-1,0,0,0,1,1,1,0,0,2,1,E01019426,1.0,1.0,1.0,78.0,11.0,1.0,0.0,0.0,0.0,0.0,0.0,9.0,1.0,8.0
2341,201501TD00017,1,9,0,18,0,1,0,0,0,0,4,1,6,1,26,6,2148,2,7,-1,1,-1,1,1,553010.0,182540.0,0.204031,51.521057,1,1,1,1,31/01/2015,7,1899-12-30 20:27:00,15,E09000016,3,1306,6,30,3,4,6,0,0,0,4,1,1,0,0,1,1,E01002342,1.0,3.0,2.0,74.0,10.0,1.0,5.0,3.0,0.0,0.0,2.0,0.0,1.0,7.0
2342,2015300016684,1,9,0,18,0,0,5,0,1,4,4,1,6,1,27,6,2495,2,11,-1,3,-1,2,1,411040.0,367690.0,-1.836168,53.206167,30,1,1,2,42349,5,1899-12-30 00:50:00,325,E10000007,3,515,6,50,0,-1,-1,0,0,0,6,1,1,0,0,2,2,E01019714,1.0,2.0,1.0,32.0,6.0,1.0,0.0,0.0,1.0,0.0,0.0,9.0,3.0,8.0
2343,2015405BA0463,1,9,0,18,0,1,0,0,0,0,1,1,6,2,32,6,-1,-1,-1,-1,3,-1,5,2,496858.0,239151.0,-0.589203,52.042306,40,1,2,5,29/05/2015,6,1899-12-30 00:01:00,424,E06000056,5,94,6,60,3,4,6,86,0,0,6,1,1,0,0,2,1,E01017416,3.0,2.0,2.0,16.0,4.0,1.0,0.0,0.0,2.0,0.0,0.0,9.0,2.0,5.0