,accident_index,vehicle_reference,vehicle_type,towing_and_articulation,vehicle_manoeuvre,vehicle_location-restricted_lane,junction_location,skidding_and_overturning,hit_object_in_carriageway,vehicle_leaving_carriageway,hit_object_off_carriageway,1st_point_of_impact,was_vehicle_left_hand_drive?,journey_purpose_of_driver,sex_of_driver,age_of_driver,age_band_of_driver,engine_capacity_(cc),propulsion_code,age_of_vehicle,driver_imd_decile,driver_home_area_type,vehicle_imd_decile,NUmber_of_Casualities_unique_to_accident_index,No_of_Vehicles_involved_unique_to_accident_index,location_easting_osgr,location_northing_osgr,longitude,latitude,police_force,accident_severity,number_of_vehicles,number_of_casualties,date,day_of_week,time,local_authority_(district),local_authority_(highway),1st_road_class,1st_road_number,road_type,speed_limit,junction_detail,junction_control,2nd_road_class,2nd_road_number,pedestrian_crossing-human_control,pedestrian_crossing-physical_facilities,light_conditions,weather_conditions,road_surface_conditions,special_conditions_at_site,carriageway_hazards,urban_or_rural_area,did_police_officer_attend_scene_of_accident,lsoa_of_accident_location,casualty_reference,casualty_class,sex_of_casualty,age_of_casualty,age_band_of_casualty,casualty_severity,pedestrian_location,pedestrian_movement,car_passenger,bus_or_coach_passenger,pedestrian_road_maintenance_worker,casualty_type,casualty_home_area_type,casualty_imd_decile
2409,201522C500649,3,9,0,4,0,0,0,0,0,0,2,1,6,1,35,6,1798,8,2,-1,1,-1,8,3,391240.0,263410.0,-2.12979,52.268776,22,1,3,8,17/02/2015,3,1899-12-30 16:49:00,277,E10000034,1,5,3,70,0,-1,-1,0,0,0,1,1,1,0,0,2,1,E01032395,3.0,2.0,1.0,10.0,2.0,3.0,0.0,0.0,2.0,0.0,0.0,9.0,1.0,10.0
2410,201543P187125,3,9,0,18,0,1,0,0,0,0,1,1,6,1,-1,-1,1896,2,7,-1,-1,-1,2,4,446683.0,233724.0,-1.321417,52.000003,43,1,4,2,18/12/2015,6,1899-12-30 07:28:00,481,E10000025,3,4260,6,60,8,4,6,0,0,0,6,1,1,0,0,2,1,E01028423,,,,,,,,,,,,,,
2411,201537EA92048,2,9,0,18,0,0,0,0,0,0,1,1,6,1,77,11,1582,2,6,-1,3,-1,4,2,568447.0,273105.0,0.470613,52.330177,37,1,2,4,17/07/2015,6,1899-12-30 20:13:00,411,E10000029,4,1102,6,60,0,-1,-1,0,0,0,1,1,1,0,0,2,1,E01029945,4.0,2.0,2.0,75.0,10.0,1.0,0.0,0.0,1.0,0.0,0.0,9.0,3.0,4.0
2412,2015132370884,1,9,0,13,0,0,1,0,1,4,3,1,6,1,21,5,1360,1,8,-1,1,-1,5,1,424535.0,428612.0,-1.629389,53.7533,13,1,1,5,42188,7,1899-12-30 13:50:00,204,E08000035,3,62,6,40,0,-1,-1,0,0,0,1,1,1,0,0,1,1,E01011522,1.0,1.0,1.0,21.0,5.0,2.0,0.0,0.0,0.0,0.0,0.0,9.0,1.0,8.0
2413,20151329R1210,1,9,0,13,0,0,0,0,1,9,1,1,6,2,17,4,999,1,1,-1,1,-1,7,4,405820.0,406453.0,-1.913621,53.554673,13,1,4,7,27/09/2015,1,1899-12-30 16:44:00,203,E08000034,3,635,6,60,0,-1,-1,0,0,0,1,1,1,0,0,2,1,E01011182,2.0,1.0,2.0,17.0,4.0,2.0,0.0,0.0,0.0,0.0,0.0,9.0,1.0,2.0
2414,2015530209921,1,9,0,11,0,0,0,0,0,0,3,1,6,1,72,10,1753,2,13,-1,2,-1,4,4,360748.0,204889.0,-2.569881,51.741321,53,1,4,4,15/07/2015,4,1899-12-30 11:26:00,622,E10000013,4,4231,6,60,0,-1,-1,0,0,0,1,1,2,0,0,2,1,E01022232,1.0,1.0,1.0,72.0,10.0,3.0,0.0,0.0,0.0,0.0,0.0,9.0,2.0,6.0
2415,2015621501917,2,9,0,2,0,0,0,0,0,0,0,1,6,3,-1,-1,-1,-1,-1,-1,-1,-1,1,2,307062.0,208440.0,-3.348191,51.766897,62,1,2,1,42135,5,1899-12-30 19:15:00,742,W06000024,3,465,6,60,0,-1,-1,0,0,0,6,2,2,0,0,2,1,W01001295,,,,,,,,,,,,,,
2416,201534TN80275,1,21,0,18,0,0,0,0,0,0,0,1,1,1,45,7,12777,2,-1,-1,1,-1,1,1,481221.0,261952.0,-0.811693,52.249762,34,1,1,1,15/12/2015,3,1899-12-30 17:29:00,384,E10000021,3,45,3,70,0,-1,-1,0,0,0,5,2,2,0,0,1,1,E01027140,1.0,3.0,1.0,39.0,7.0,1.0,8.0,3.0,0.0,0.0,0.0,0.0,-1.0,-1.0
2417,2015160B01841,1,9,0,18,0,1,0,9,7,4,1,1,6,2,52,8,1229,1,9,-1,1,-1,5,2,495612.0,406736.0,-0.558415,53.548562,16,1,2,5,21/06/2015,1,1899-12-30 17:32:00,232,E06000013,3,18,1,60,1,4,6,0,0,0,1,1,1,0,0,2,1,E01013274,4.0,2.0,2.0,81.0,11.0,1.0,0.0,0.0,1.0,0.0,0.0,9.0,1.0,1.0
2418,2015521504757,1,17,4,18,0,0,0,0,0,0,1,1,1,1,67,10,-1,-1,-1,-1,1,-1,4,2,361957.0,163370.0,-2.547867,51.368108,52,1,2,4,42192,3,1899-12-30 15:14:00,611,E06000022,3,37,6,60,0,-1,-1,0,0,0,1,1,1,0,0,2,1,E01014446,1.0,1.0,1.0,67.0,10.0,3.0,0.0,0.0,0.0,0.0,0.0,17.0,1.0,4.0
2419,201501TD00006,1,19,0,18,0,8,0,0,0,0,1,1,6,1,56,9,2198,2,7,-1,1,-1,1,1,550090.0,189210.0,0.16482,51.581769,1,1,1,1,42309,1,1899-12-30 21:53:00,15,E09000016,3,12,3,40,6,2,5,0,0,5,4,1,1,0,0,1,1,E01002329,1.0,3.0,2.0,76.0,11.0,1.0,1.0,1.0,0.0,0.0,2.0,0.0,1.0,5.0
2420,201597LA04008,2,9,0,17,0,0,0,0,0,0,1,1,6,1,64,9,4367,2,-1,-1,1,-1,1,3,234458.0,700277.0,-4.667619,56.166316,97,1,3,1,23/08/2015,1,1899-12-30 11:00:00,913,S12000035,3,82,6,60,0,-1,-1,0,0,0,1,1,1,0,0,2,1,,,,,,,,,,,,,,,
2421,201543P296025,23,9,0,18,0,0,0,0,0,0,2,1,6,1,54,8,1598,2,1,-1,-1,-1,36,37,455113.0,220016.0,-1.200828,51.875998,43,1,37,36,14/02/2015,7,1899-12-30 07:45:00,481,E10000025,1,40,3,70,0,-1,-1,0,0,0,1,7,2,0,3,2,1,E01028497,14.0,1.0,1.0,54.0,8.0,3.0,0.0,0.0,0.0,0.0,0.0,9.0,-1.0,-1.0
2422,2015120058806,2,11,0,18,0,0,0,0,1,0,1,1,1,1,59,9,9360,2,7,-1,1,-1,8,3,469170.0,461349.0,-0.945171,54.043483,12,1,3,8,42281,6,1899-12-30 20:34:00,185,E10000023,3,64,6,60,0,-1,-1,0,0,0,6,1,1,0,0,2,1,E01027797,6.0,2.0,1.0,19.0,4.0,3.0,0.0,0.0,0.0,4.0,0.0,11.0,1.0,5.0
2423,2015520501448,1,9,0,18,0,2,0,0,0,0,3,-1,6,1,42,7,998,1,5,-1,1,-1,1,2,320745.0,124185.0,-3.131115,51.011564,52,1,2,1,24/01/2015,7,1899-12-30 15:20:00,608,E10000027,6,0,1,30,1,4,3,38,0,0,1,1,2,0,0,1,1,E01029257,,,,,,,,,,,,,,
2424,201514K323215,1,9,0,18,0,1,2,7,0,1,4,1,6,1,21,5,1896,2,11,-1,1,-1,1,3,436413.0,390068.0,-1.453741,53.40618,14,1,3,1,19/12/2015,7,1899-12-30 03:41:00,215,E08000019,3,6135,6,30,3,4,6,0,0,8,4,1,1,0,0,1,1,E01007873,1.0,1.0,1.0,21.0,5.0,1.0,0.0,0.0,0.0,0.0,0.0,9.0,1.0,1.0
2425,201560S090687,1,11,0,14,0,0,1,0,0,0,1,1,3,1,36,7,-1,-1,-1,-1,-1,-1,1,2,313255.0,382343.0,-3.304007,53.330863,60,1,2,1,22/06/2015,2,1899-12-30 08:30:00,724,W06000005,6,0,6,30,0,-1,-1,0,0,0,1,1,2,0,0,2,1,W01000287,1.0,3.0,1.0,39.0,7.0,1.0,5.0,2.0,0.0,0.0,0.0,0.0,-1.0,-1.0
2426,2015100113015,2,20,4,18,0,0,0,0,1,9,1,1,1,1,45,7,11021,2,10,-1,2,-1,2,2,412949.0,630959.0,-1.796205,55.572127,10,1,2,2,20/02/2015,6,1899-12-30 16:20:00,139,E06000048,3,1,6,60,0,-1,-1,0,0,0,1,1,1,0,0,2,1,E01027374,2.0,1.0,1.0,45.0,7.0,3.0,0.0,0.0,0.0,0.0,0.0,20.0,2.0,5.0
2427,2015921500374,2,9,0,9,0,8,0,4,7,0,1,1,6,1,44,7,1368,1,5,-1,1,-1,2,3,392239.0,808470.0,-2.129966,57.167012,92,1,3,2,42008,4,1899-12-30 20:50:00,910,S12000033,6,0,6,30,6,4,6,0,0,1,4,1,2,0,0,1,1,,,,,,,,,,,,,,,
2428,2015075375232,1,9,0,18,0,0,0,0,7,10,1,1,6,2,22,5,1198,1,9,-1,3,-1,5,2,351516.0,373846.0,-2.728258,53.259389,7,1,2,5,16/12/2015,4,1899-12-30 16:17:00,130,E06000050,5,702,6,60,0,-1,-1,0,0,0,1,1,2,0,0,2,1,E01018684,1.0,1.0,2.0,22.0,5.0,3.0,0.0,0.0,0.0,0.0,0.0,9.0,3.0,9.0
2429,2015331501470,1,9,0,16,0,0,0,0,7,0,1,1,6,1,82,11,1587,1,12,-1,3,-1,3,2,473545.0,326490.0,-0.909835,52.830924,33,1,2,3,21/09/2015,2,1899-12-30 12:50:00,365,E10000018,5,7301,6,60,0,-1,-1,0,0,0,1,2,2,0,0,2,1,E01025891,3.0,1.0,1.0,82.0,11.0,1.0,0.0,0.0,0.0,0.0,0.0,9.0,3.0,7.0
2430,2015215000643,3,9,0,18,0,0,0,11,0,0,1,1,2,1,24,5,1229,1,8,-1,3,-1,2,5,415243.0,315523.0,-1.775681,52.737127,21,1,5,2,30/01/2015,6,1899-12-30 05:45:00,252,E10000028,3,513,6,60,0,-1,-1,0,0,0,6,1,3,0,2,2,1,E01029477,,,,,,,,,,,,,,
2431,2015405DA1089,2,9,0,18,0,0,0,0,0,0,0,1,6,1,69,10,1968,2,-1,-1,1,-1,3,3,500889.0,243482.0,-0.529172,52.080513,40,1,3,3,25/12/2015,6,1899-12-30 23:10:00,420,E06000055,3,421,3,70,0,-1,-1,0,0,0,6,1,2,0,0,2,1,E01017551,,,,,,,,,,,,,,
2432,2015547115315,3,19,0,4,0,0,0,0,0,0,2,1,6,1,18,4,1248,2,8,-1,1,-1,1,3,401237.0,174203.0,-1.983583,51.466795,54,1,3,1,42163,5,1899-12-30 17:46:00,635,E06000054,3,3102,6,60,0,-1,-1,0,0,0,1,1,1,0,0,2,1,E01031937,,,,,,,,,,,,,,
2433,201504ED15046,1,5,0,18,0,0,1,0,0,0,1,1,6,1,46,8,1500,1,17,-1,1,-1,2,2,367060.0,431220.0,-2.501312,53.776264,4,1,2,2,42037,2,1899-12-30 16:35:00,80,E10000017,5,541,6,60,0,-1,-1,0,0,0,6,1,4,0,0,2,1,E01025324,1.0,1.0,1.0,46.0,8.0,1.0,0.0,0.0,0.0,0.0,0.0,5.0,1.0,2.0
2434,2015160C01901,2,9,0,18,0,0,0,0,0,0,1,1,6,1,63,9,1598,1,4,-1,1,-1,4,2,518837.0,451317.0,-0.19093,53.944324,16,1,2,4,21/04/2015,3,1899-12-30 13:24:00,231,E06000011,4,1242,6,60,0,-1,-1,0,0,0,1,1,1,0,0,2,1,E01013048,4.0,2.0,2.0,66.0,10.0,3.0,0.0,0.0,2.0,0.0,0.0,9.0,1.0,1.0
2435,2015120025569,1,9,0,18,0,0,0,0,0,0,1,1,6,1,62,9,-1,-1,-1,-1,1,-1,2,5,407396.0,454418.0,-1.8887,53.985762,12,1,5,2,15/02/2015,1,1899-12-30 11:34:00,180,E10000023,4,6160,6,60,0,-1,-1,0,0,0,1,1,2,0,0,2,1,E01027557,,,,,,,,,,,,,,
2436,2015100204015,2,9,0,17,0,0,0,0,0,0,1,1,6,2,75,10,1598,1,9,-1,1,-1,3,3,424241.0,579994.0,-1.62152,55.113756,10,1,3,3,42220,4,1899-12-30 12:00:00,139,E06000048,3,192,6,60,0,-1,-1,0,0,0,1,1,1,0,0,2,1,E01027514,2.0,1.0,2.0,75.0,10.0,2.0,0.0,0.0,0.0,0.0,0.0,9.0,1.0,5.0
2437,2015100784015,2,17,0,18,0,0,0,0,1,9,2,1,1,1,54,8,-1,2,30,-1,3,-1,1,2,417626.0,608783.0,-1.723432,55.372722,10,1,2,1,42259,4,1899-12-30 15:50:00,139,E06000048,3,1,3,70,0,-1,-1,0,0,0,1,1,1,0,0,2,1,E01027371,1.0,1.0,1.0,54.0,8.0,1.0,0.0,0.0,0.0,0.0,0.0,17.0,3.0,7.0
2438,2015075372918,1,21,1,4,0,8,1,0,0,0,1,1,1,1,27,6,12777,2,7,-1,1,-1,2,3,368893.0,371534.0,-2.467554,53.239914,7,1,3,2,14/12/2015,2,1899-12-30 12:30:00,130,E06000050,3,530,6,60,6,4,6,0,0,0,1,1,2,0,0,2,1,E01018718,,,,,,,,,,,,,,
2439,201523M064999,1,21,0,18,0,0,0,0,0,0,1,1,1,1,47,8,6370,2,10,-1,-1,-1,1,2,419090.0,287082.0,-1.720337,52.481331,23,1,2,1,42192,3,1899-12-30 10:08:00,290,E10000031,1,6,3,70,0,-1,-1,0,0,0,1,1,1,0,0,2,1,E01031022,1.0,1.0,1.0,47.0,8.0,1.0,0.0,0.0,0.0,0.0,0.0,21.0,-1.0,-1.0
2440,2015551501607,1,9,0,18,0,2,0,11,0,0,1,1,6,1,25,5,1870,2,13,-1,2,-1,4,1,412710.0,93960.0,-1.821223,50.745109,55,1,1,4,13/12/2015,1,1899-12-30 19:27:00,640,E06000028,3,3060,6,40,6,2,6,0,0,5,4,1,1,0,2,1,1,E01015319,2.0,2.0,2.0,19.0,4.0,3.0,0.0,0.0,1.0,0.0,0.0,9.0,1.0,2.0
2441,201563CP02015,1,11,0,18,0,0,1,0,0,0,1,1,6,1,54,8,-1,-1,-1,-1,2,-1,1,1,198330.0,201610.0,-4.918287,51.676956,63,1,1,1,42188,7,1899-12-30 10:18:00,752,W06000009,3,4139,6,30,0,-1,-1,0,0,1,1,1,1,0,0,2,1,W01000608,1.0,3.0,2.0,75.0,10.0,1.0,1.0,3.0,0.0,0.0,0.0,0.0,2.0,-1.0
2442,2015471506388,1,9,0,18,0,1,0,0,0,0,1,1,6,1,42,7,2143,2,-1,-1,3,-1,1,1,518286.0,133500.0,-0.31244,51.088627,47,1,1,1,42015,1,1899-12-30 00:58:00,562,E10000032,3,264,3,70,3,4,6,0,0,8,6,1,1,0,0,2,1,E01031650,1.0,3.0,1.0,51.0,8.0,1.0,5.0,9.0,0.0,0.0,0.0,0.0,3.0,10.0
2443,201501TD00166,2,9,0,18,0,1,0,10,7,10,4,1,6,1,20,4,1390,1,9,-1,3,-1,1,2,528120.0,175200.0,-0.157166,51.461283,1,1,2,1,18/12/2015,6,1899-12-30 13:00:00,10,E09000032,3,3,6,30,3,4,6,0,0,5,1,1,1,0,0,1,1,E01004554,,,,,,,,,,,,,,
2444,2015471507684,1,9,0,17,0,0,2,0,2,10,1,2,6,1,31,6,4799,1,9,-1,1,-1,1,1,559460.0,98277.0,0.25964,50.762179,47,1,1,1,28/12/2015,2,1899-12-30 20:10:00,551,E10000011,6,0,6,30,0,-1,-1,0,0,0,6,1,1,0,0,2,1,E01020931,1.0,1.0,1.0,31.0,6.0,1.0,0.0,0.0,0.0,0.0,0.0,9.0,1.0,9.0
2445,2015460265256,4,9,0,18,0,1,0,0,0,0,3,1,6,1,31,6,-1,-1,-1,-1,1,-1,6,5,544630.0,154030.0,0.071726,51.26708,46,1,5,6,24/12/2015,5,1899-12-30 10:30:00,538,E10000016,3,25,6,30,3,4,6,0,0,0,1,2,2,0,0,2,1,E01024483,,,,,,,,,,,,,,
2446,2015350033415,1,9,0,17,0,0,0,0,1,0,1,1,1,2,35,6,1596,1,9,-1,-1,-1,5,3,565120.0,254320.0,0.412661,52.162455,35,1,3,5,16/03/2015,2,1899-12-30 08:10:00,391,E10000003,4,1061,6,60,0,-1,-1,0,0,0,1,1,1,0,0,2,1,E01018011,1.0,1.0,2.0,35.0,6.0,3.0,0.0,0.0,0.0,0.0,0.0,9.0,-1.0,-1.0
2447,201550JC4U004,1,9,0,16,0,0,1,0,1,4,4,1,6,1,23,5,1364,1,8,-1,1,-1,1,1,290554.0,84038.0,-3.54933,50.645717,50,1,1,1,42218,1,1899-12-30 08:55:00,585,E10000008,3,38,3,70,0,-1,-1,0,0,0,1,1,2,0,0,2,1,E01020241,1.0,1.0,1.0,23.0,5.0,1.0,0.0,0.0,0.0,0.0,0.0,9.0,1.0,4.0
2448,2015210025459,1,9,0,18,0,6,0,0,0,0,1,1,6,2,33,6,1587,1,10,-1,1,-1,3,4,414918.0,324778.0,-1.780075,52.820334,21,1,4,3,42344,6,1899-12-30 22:00:00,251,E10000028,3,515,6,60,6,3,4,5234,0,0,6,2,2,0,0,2,1,E01029440,1.0,1.0,2.0,33.0,6.0,1.0,0.0,0.0,0.0,0.0,0.0,9.0,1.0,4.0
2449,2015921501197,1,9,0,18,0,0,0,0,1,11,1,1,2,1,46,8,1398,2,3,-1,2,-1,1,2,379121.0,832762.0,-2.34893,57.384806,92,1,2,1,26/10/2015,2,1899-12-30 03:25:00,911,S12000034,3,947,6,60,0,-1,-1,0,0,0,6,1,1,0,0,2,1,,1.0,1.0,1.0,46.0,8.0,1.0,0.0,0.0,0.0,0.0,0.0,9.0,2.0,-1.0
2450,2015530209630,2,9,0,18,0,0,0,0,0,0,1,1,6,2,43,7,1796,1,11,-1,3,-1,3,2,365500.0,216526.0,-2.502223,51.846259,53,1,2,3,14/07/2015,3,1899-12-30 20:08:00,622,E10000013,3,4136,6,60,0,-1,-1,0,0,0,1,2,2,0,0,2,1,E01022240,2.0,1.0,2.0,43.0,7.0,3.0,0.0,0.0,0.0,0.0,0.0,9.0,3.0,6.0
2451,201550GR2C006,1,9,0,18,0,0,0,0,1,9,1,1,6,3,-1,-1,2995,1,6,-1,-1,-1,2,1,172913.0,48340.0,-5.189494,50.291211,50,1,1,2,42043,1,1899-12-30 03:18:00,596,E06000052,4,3277,6,60,0,-1,-1,0,0,0,6,1,1,0,0,2,1,E01018826,1.0,3.0,1.0,51.0,8.0,1.0,9.0,8.0,0.0,0.0,0.0,0.0,1.0,4.0
2452,2015300013844,1,4,0,17,0,0,0,0,1,0,0,1,2,1,41,7,125,1,10,-1,2,-1,1,1,442820.0,366320.0,-1.360568,53.19225,30,1,1,1,14/05/2015,5,1899-12-30 18:00:00,327,E10000007,6,0,6,30,0,-1,-1,0,0,0,1,1,1,0,0,1,1,E01019799,1.0,1.0,1.0,41.0,7.0,1.0,0.0,0.0,0.0,0.0,0.0,4.0,2.0,3.0
2453,2015961502052,4,9,0,3,0,0,0,0,0,0,2,1,6,2,40,7,1995,2,9,-1,1,-1,3,5,277996.0,699718.0,-3.966737,56.174438,96,1,5,3,16/12/2015,4,1899-12-30 16:20:00,939,S12000030,4,8033,3,50,0,-1,-1,0,0,0,4,1,2,0,0,2,1,,,,,,,,,,,,,,,
2454,2015950003303,1,9,0,18,0,0,0,0,0,0,1,1,6,2,67,10,1422,2,7,-1,3,-1,4,2,344283.0,645789.0,-2.888111,55.702334,95,1,2,4,14/07/2015,3,1899-12-30 16:30:00,914,S12000026,3,7,6,60,0,-1,-1,0,0,0,1,1,1,0,0,2,1,,1.0,1.0,2.0,67.0,10.0,1.0,0.0,0.0,0.0,0.0,0.0,9.0,3.0,-1.0
2455,201501TD00072,1,21,0,7,2,8,0,0,0,0,4,1,1,1,46,8,12740,2,2,-1,2,-1,1,2,532530.0,176600.0,-0.093198,51.47285,1,1,2,1,28/05/2015,5,1899-12-30 07:58:00,8,E09000028,3,215,6,30,3,4,6,0,0,4,1,1,1,0,0,1,1,E01003922,,,,,,,,,,,,,,
2456,201506J098187,3,9,0,18,0,0,0,0,0,0,1,1,6,2,29,6,1390,1,6,-1,1,-1,2,3,388150.0,387790.0,-2.17963,53.386817,6,1,3,2,27/02/2015,6,1899-12-30 13:00:00,109,E08000007,5,0,6,30,0,-1,-1,0,0,0,1,1,1,0,0,1,1,E01005761,,,,,,,,,,,,,,
2457,2015160C03711,1,9,0,18,0,0,0,0,0,0,1,1,6,1,70,10,1398,1,4,-1,1,-1,4,2,488410.0,459622.0,-0.651932,54.02503,16,1,2,4,13/07/2015,2,1899-12-30 11:48:00,231,E06000011,4,1251,6,60,0,-1,-1,0,0,0,1,1,1,0,0,2,1,E01013125,1.0,1.0,1.0,70.0,10.0,1.0,0.0,0.0,0.0,0.0,0.0,9.0,1.0,9.0
2458,201537EA91749,2,9,0,17,0,0,0,0,1,0,1,1,6,2,29,6,1968,2,-1,-1,3,-1,2,2,600007.0,254684.0,0.922273,52.154197,37,1,2,2,42284,6,1899-12-30 19:40:00,413,E10000029,4,1115,6,60,0,-1,-1,0,0,0,1,1,1,0,0,2,1,E01029876,2.0,1.0,2.0,29.0,6.0,3.0,0.0,0.0,0.0,0.0,0.0,9.0,3.0,10.0
2459,201501TD00071,1,9,0,18,0,0,0,0,0,0,1,1,6,1,20,4,1999,1,10,-1,1,-1,1,1,515860.0,177290.0,-0.332873,51.482707,1,1,1,1,17/05/2015,1,1899-12-30 21:54:00,25,E09000018,3,4,3,50,0,-1,-1,0,0,0,4,1,1,0,0,1,1,E01002679,1.0,3.0,1.0,53.0,8.0,1.0,5.0,3.0,0.0,0.0,2.0,0.0,1.0,7.0
2460,2015961502052,1,9,0,18,0,0,0,0,0,0,1,1,6,1,73,10,1598,1,7,-1,1,-1,3,5,277996.0,699718.0,-3.966737,56.174438,96,1,5,3,16/12/2015,4,1899-12-30 16:20:00,939,S12000030,4,8033,3,50,0,-1,-1,0,0,0,4,1,2,0,0,2,1,,3.0,1.0,1.0,73.0,10.0,1.0,0.0,0.0,0.0,0.0,0.0,9.0,1.0,-1.0
2461,201501TD00030,1,9,0,18,0,1,5,0,1,4,4,1,6,1,24,5,2099,1,13,-1,1,-1,1,1,541340.0,165130.0,0.028997,51.367651,1,1,1,1,42279,3,1899-12-30 22:26:00,19,E09000006,6,0,6,40,3,4,3,232,0,0,4,1,1,0,0,2,1,E01000759,1.0,1.0,1.0,24.0,5.0,1.0,0.0,0.0,0.0,0.0,0.0,9.0,1.0,9.0
2462,201534TD80055,1,9,0,18,0,0,1,0,0,0,1,1,6,1,23,5,1796,1,13,-1,2,-1,1,1,474828.0,265914.0,-0.904441,52.28628,34,1,1,1,15/04/2015,4,1899-12-30 20:30:00,381,E10000021,3,508,6,60,0,-1,-1,0,0,0,1,1,1,0,0,2,1,E01026997,1.0,3.0,2.0,61.0,9.0,1.0,5.0,1.0,0.0,0.0,0.0,0.0,1.0,2.0
2463,201520J006955,2,9,0,2,0,2,0,0,0,0,1,1,6,1,47,8,1587,1,13,-1,1,-1,4,2,395780.0,289490.0,-2.063598,52.503292,20,1,2,4,20/06/2015,7,1899-12-30 15:04:00,303,E08000027,6,0,6,30,3,4,6,0,0,0,1,1,2,0,0,1,1,E01009894,2.0,2.0,2.0,-1.0,-1.0,3.0,0.0,0.0,1.0,0.0,0.0,9.0,1.0,5.0
2464,201550JT2M003,2,9,0,17,0,0,0,0,0,0,1,1,6,2,45,7,1598,1,15,-1,1,-1,6,2,252007.0,84676.0,-4.094443,50.642928,50,1,2,6,23/08/2015,1,1899-12-30 19:52:00,589,E10000008,3,386,6,60,0,-1,-1,0,0,0,1,1,2,0,0,2,1,E01020323,3.0,2.0,2.0,10.0,2.0,2.0,0.0,0.0,2.0,0.0,0.0,9.0,1.0,5.0
2465,201537EA91313,2,9,0,14,0,0,0,0,0,0,3,1,6,1,48,8,1796,1,15,-1,2,-1,1,4,592298.0,269220.0,0.817988,52.28746,37,1,4,1,24/06/2015,4,1899-12-30 15:57:00,414,E10000029,3,143,6,60,0,-1,-1,0,0,0,1,1,1,0,0,2,1,E01030133,,,,,,,,,,,,,,
2466,201520T019695,2,1,0,18,0,1,0,0,0,0,1,1,6,1,42,7,-1,-1,-1,-1,1,-1,1,2,414470.0,283960.0,-1.788498,52.453406,20,1,2,1,25/03/2015,4,1899-12-30 05:40:00,300,E08000025,3,45,3,40,3,4,6,0,0,4,4,1,1,0,0,1,1,E01009315,1.0,1.0,1.0,42.0,7.0,1.0,0.0,0.0,0.0,0.0,0.0,1.0,1.0,1.0
2467,2015331501957,1,9,0,17,0,0,2,0,7,10,1,1,6,1,48,8,1596,1,11,-1,2,-1,4,2,449155.0,325425.0,-1.271969,52.824122,33,1,2,4,20/12/2015,1,1899-12-30 15:45:00,366,E10000018,3,6,6,60,0,-1,-1,0,0,0,1,8,2,0,0,2,1,E01025944,1.0,1.0,1.0,48.0,8.0,1.0,0.0,0.0,0.0,0.0,0.0,9.0,2.0,9.0
2468,2015930000531,3,9,0,18,0,0,0,0,0,0,0,1,6,1,33,6,1364,1,8,-1,1,-1,4,3,293704.0,723459.0,-3.723429,56.391403,93,1,3,4,24/10/2015,7,1899-12-30 18:20:00,934,S12000024,3,85,6,60,0,-1,-1,0,0,0,6,1,1,0,0,2,1,,,,,,,,,,,,,,,
2469,201501TD00109,2,8,0,18,0,1,0,0,0,0,4,1,1,1,31,6,1598,1,6,-1,1,-1,1,2,526120.0,181360.0,-0.18374,51.517091,1,1,2,1,18/08/2015,3,1899-12-30 00:06:00,1,E09000033,3,4206,6,30,6,2,5,0,0,5,7,9,1,0,0,1,1,E01004696,,,,,,,,,,,,,,
2470,2015551501607,1,9,0,18,0,2,0,11,0,0,1,1,6,1,25,5,1870,2,13,-1,2,-1,4,1,412710.0,93960.0,-1.821223,50.745109,55,1,1,4,13/12/2015,1,1899-12-30 19:27:00,640,E06000028,3,3060,6,40,6,2,6,0,0,5,4,1,1,0,2,1,1,E01015319,1.0,1.0,1.0,25.0,5.0,3.0,0.0,0.0,0.0,0.0,0.0,9.0,2.0,10.0
2471,201550AY2E004,1,9,0,9,0,6,0,0,0,0,3,1,6,2,37,7,1998,2,7,-1,3,-1,1,2,154084.0,35777.0,-5.445205,50.170884,50,1,2,1,29/07/2015,4,1899-12-30 07:10:00,596,E06000052,3,30,6,40,3,4,6,0,0,8,1,1,1,0,0,2,1,E01018987,,,,,,,,,,,,,,
2472,201550JO4P005,1,9,0,17,0,0,0,0,0,0,0,1,6,1,75,10,1560,2,5,-1,3,-1,1,2,269160.0,101908.0,-3.858109,50.801916,50,1,2,1,42014,5,1899-12-30 10:00:00,589,E10000008,6,0,6,60,0,-1,-1,0,0,0,1,1,1,0,0,2,2,E01020326,1.0,2.0,2.0,74.0,10.0,1.0,0.0,0.0,2.0,0.0,0.0,9.0,3.0,6.0
2473,2015460256887,1,9,0,18,9,0,0,0,1,10,0,1,6,1,24,5,1598,1,14,-1,1,-1,3,1,617350.0,164990.0,1.11938,51.34242,46,1,1,3,22/05/2015,6,1899-12-30 01:55:00,531,E10000016,3,291,6,40,0,-1,-1,0,0,0,6,1,1,0,0,2,1,E01024077,3.0,2.0,1.0,19.0,4.0,2.0,0.0,0.0,2.0,0.0,0.0,9.0,1.0,10.0