,accident_index,vehicle_reference,vehicle_type,towing_and_articulation,vehicle_manoeuvre,vehicle_location-restricted_lane,junction_location,skidding_and_overturning,hit_object_in_carriageway,vehicle_leaving_carriageway,hit_object_off_carriageway,1st_point_of_impact,was_vehicle_left_hand_drive?,journey_purpose_of_driver,sex_of_driver,age_of_driver,age_band_of_driver,engine_capacity_(cc),propulsion_code,age_of_vehicle,driver_imd_decile,driver_home_area_type,vehicle_imd_decile,NUmber_of_Casualities_unique_to_accident_index,No_of_Vehicles_involved_unique_to_accident_index,location_easting_osgr,location_northing_osgr,longitude,latitude,police_force,accident_severity,number_of_vehicles,number_of_casualties,date,day_of_week,time,local_authority_(district),local_authority_(highway),1st_road_class,1st_road_number,road_type,speed_limit,junction_detail,junction_control,2nd_road_class,2nd_road_number,pedestrian_crossing-human_control,pedestrian_crossing-physical_facilities,light_conditions,weather_conditions,road_surface_conditions,special_conditions_at_site,carriageway_hazards,urban_or_rural_area,did_police_officer_attend_scene_of_accident,lsoa_of_accident_location,casualty_reference,casualty_class,sex_of_casualty,age_of_casualty,age_band_of_casualty,casualty_severity,pedestrian_location,pedestrian_movement,car_passenger,bus_or_coach_passenger,pedestrian_road_maintenance_worker,casualty_type,casualty_home_area_type,casualty_imd_decile
2540,2015542512915,3,19,0,18,0,1,0,0,1,0,3,1,1,1,55,8,1998,2,11,-1,3,-1,1,3,386682.0,141253.0,-2.19187,51.170361,54,1,3,1,21/03/2015,7,1899-12-30 16:12:00,635,E06000054,3,350,6,40,3,4,6,0,0,0,1,1,1,0,0,2,1,E01032081,,,,,,,,,,,,,,
2541,20154100T1017,2,9,0,3,0,0,0,0,0,0,2,1,6,2,49,8,1461,2,9,-1,-1,-1,4,2,511126.0,205212.0,-0.392178,51.734613,41,1,2,4,22/02/2015,1,1899-12-30 09:40:00,434,E10000015,1,1,3,70,0,-1,-1,0,0,0,1,1,1,0,0,2,1,E01023722,2.0,2.0,2.0,59.0,9.0,2.0,0.0,0.0,1.0,0.0,0.0,9.0,1.0,7.0
2542,2015120174927,2,4,0,17,0,1,0,0,0,0,1,1,6,1,46,8,124,1,7,-1,3,-1,1,2,381447.0,461393.0,-2.284849,54.048164,12,1,2,1,42073,7,1899-12-30 12:00:00,180,E10000023,3,65,6,60,3,4,6,0,0,0,1,1,1,0,0,2,1,E01027573,1.0,1.0,1.0,46.0,8.0,1.0,0.0,0.0,0.0,0.0,0.0,4.0,3.0,8.0
2543,2015300014548,1,5,0,17,0,0,1,0,1,0,1,1,6,1,58,9,600,1,11,-1,1,-1,1,1,445780.0,374580.0,-1.315085,53.266246,30,1,1,1,23/06/2015,3,1899-12-30 20:45:00,322,E10000007,4,6419,6,50,0,-1,-1,0,0,0,1,1,1,0,0,2,1,E01019564,1.0,1.0,1.0,58.0,9.0,1.0,0.0,0.0,0.0,0.0,0.0,5.0,1.0,1.0
2544,201522E502376,2,21,1,18,0,8,0,0,0,0,1,1,1,1,64,9,6370,2,9,-1,-1,-1,3,2,369120.0,236170.0,-2.451445,52.023081,22,1,2,3,42284,6,1899-12-30 15:19:00,285,E06000019,3,449,6,60,9,4,6,0,0,0,1,1,1,0,0,2,1,E01014036,2.0,1.0,1.0,64.0,9.0,3.0,0.0,0.0,0.0,0.0,0.0,21.0,1.0,1.0
2545,2015100212415,1,9,0,18,0,0,2,0,2,7,1,1,6,1,23,5,1998,1,13,-1,1,-1,2,3,427176.0,557309.0,-1.577657,54.909759,10,1,3,2,19/04/2015,1,1899-12-30 04:57:00,146,E08000020,3,1,3,70,0,-1,-1,0,0,0,4,1,1,0,0,2,1,E01008224,2.0,2.0,1.0,20.0,4.0,2.0,0.0,0.0,1.0,0.0,0.0,9.0,1.0,3.0
2546,201506P004456,1,21,0,18,0,8,0,0,0,0,3,1,6,1,22,5,-1,-1,-1,-1,1,-1,1,2,388960.0,414360.0,-2.168397,53.625655,6,1,2,1,20/08/2015,5,1899-12-30 07:59:00,106,E08000005,4,6377,6,30,6,4,6,0,0,0,1,1,2,4,0,1,1,E01005494,,,,,,,,,,,,,,
2547,201504EF15274,1,9,0,13,0,0,1,0,1,3,1,1,2,1,19,4,1968,2,4,-1,1,-1,2,4,381650.0,422760.0,-2.279422,53.700948,4,1,4,2,18/09/2015,6,1899-12-30 17:05:00,82,E10000017,6,0,6,30,0,-1,-1,0,0,0,1,1,1,0,0,1,1,E01033281,2.0,3.0,2.0,38.0,7.0,3.0,6.0,9.0,0.0,0.0,0.0,0.0,1.0,4.0
2548,2015132B50991,1,9,0,6,0,0,0,0,7,0,3,1,6,1,75,10,1198,1,12,-1,2,-1,2,2,437339.0,437841.0,-1.434101,53.835489,13,1,2,2,42135,5,1899-12-30 15:14:00,204,E08000035,3,64,6,40,0,-1,-1,0,0,0,1,2,2,0,0,2,1,E01011715,2.0,2.0,2.0,72.0,10.0,2.0,0.0,0.0,1.0,0.0,0.0,9.0,2.0,8.0
2549,2015471502427,2,19,0,18,0,0,0,0,0,0,1,1,6,1,54,8,2461,2,10,-1,2,-1,3,2,496557.0,101269.0,-0.631125,50.802944,47,1,2,3,42068,1,1899-12-30 16:37:00,558,E10000032,3,259,6,60,0,-1,-1,0,0,0,1,1,1,0,0,2,1,E01031417,3.0,1.0,1.0,54.0,8.0,2.0,0.0,0.0,0.0,0.0,0.0,19.0,2.0,7.0
2550,201504SA15466,1,9,0,18,0,0,0,0,0,0,1,1,2,1,34,6,1560,2,7,-1,1,-1,1,2,356580.0,431380.0,-2.660347,53.776932,4,1,2,1,20/10/2015,3,1899-12-30 06:50:00,79,E10000017,4,6243,6,30,0,-1,-1,0,0,4,4,1,1,0,0,1,1,E01025287,,,,,,,,,,,,,,
2551,201520K625375,2,10,0,18,0,0,0,0,0,0,1,1,1,1,61,9,2402,2,5,-1,1,-1,2,2,402840.0,291650.0,-1.959573,52.522721,20,1,2,2,14/05/2015,5,1899-12-30 16:30:00,305,E08000028,6,0,6,60,0,-1,-1,0,0,0,1,2,2,0,0,2,1,E01010101,,,,,,,,,,,,,,
2552,2015921500677,1,9,0,11,0,0,0,0,0,0,4,1,6,1,25,5,1968,2,1,-1,1,-1,1,2,394477.0,805126.0,-2.092885,57.137006,92,1,2,1,31/05/2015,1,1899-12-30 10:59:00,910,S12000033,6,0,6,30,0,-1,-1,0,0,0,1,1,2,0,0,1,1,,,,,,,,,,,,,,,
2553,201501TD00082,1,9,0,18,0,1,0,7,1,0,1,1,6,1,55,8,1998,1,1,-1,1,-1,1,1,526700.0,169960.0,-0.179468,51.41451,1,1,1,1,27/06/2015,7,1899-12-30 13:35:00,22,E09000024,3,24,3,50,6,2,3,236,0,5,1,1,1,0,0,1,1,E01003367,1.0,3.0,1.0,48.0,8.0,1.0,10.0,9.0,0.0,0.0,2.0,0.0,1.0,6.0
2554,2015521501170,1,21,0,18,0,0,5,0,1,10,4,-1,1,1,19,4,11021,2,11,-1,3,-1,9,7,372568.0,166920.0,-2.395722,51.400642,52,1,7,9,42249,2,1899-12-30 16:06:00,611,E06000022,6,0,6,30,0,-1,-1,0,0,4,1,1,2,0,0,1,1,E01014477,1.0,1.0,1.0,19.0,4.0,3.0,0.0,0.0,0.0,0.0,0.0,21.0,3.0,8.0
2555,2015075017216,2,9,0,16,0,0,0,0,0,0,4,1,6,1,44,7,3999,1,5,-1,3,-1,1,2,373259.0,383840.0,-2.403178,53.350765,7,1,2,1,19/01/2015,2,1899-12-30 16:00:00,129,E06000049,3,556,3,50,0,-1,-1,0,0,0,1,1,1,0,0,2,1,E01018648,,,,,,,,,,,,,,
2556,2015320100059,3,2,0,18,0,0,0,0,0,0,1,1,1,2,19,4,-1,-1,-1,-1,2,-1,1,3,528730.0,342830.0,-0.084667,52.967385,32,1,3,1,42014,5,1899-12-30 07:06:00,350,E10000019,3,52,6,60,0,-1,-1,0,0,0,1,7,2,0,0,2,1,E01026018,1.0,1.0,2.0,19.0,4.0,1.0,0.0,0.0,0.0,0.0,0.0,2.0,2.0,6.0
2557,2015210027257,2,5,0,18,0,0,0,0,0,0,1,1,5,1,48,8,996,1,15,-1,1,-1,2,3,389933.0,310710.0,-2.150388,52.693976,21,1,3,2,29/07/2015,4,1899-12-30 10:00:00,254,E10000028,3,5,6,60,0,-1,-1,0,0,0,1,1,1,0,0,2,2,E01029617,2.0,1.0,1.0,48.0,8.0,1.0,0.0,0.0,0.0,0.0,0.0,5.0,1.0,5.0
2558,2015984109715,1,20,0,18,0,0,0,0,7,0,4,1,6,1,70,10,-1,-1,-1,-1,3,-1,2,2,326594.0,566989.0,-3.148831,54.992052,98,1,2,2,21/03/2015,7,1899-12-30 11:04:00,917,S12000006,3,75,6,60,0,-1,-1,0,0,0,1,1,1,0,0,2,1,,2.0,2.0,2.0,42.0,7.0,2.0,0.0,0.0,1.0,0.0,0.0,20.0,3.0,-1.0
2559,201520W045845,1,9,0,18,0,2,1,10,7,10,1,1,6,1,19,4,1948,1,17,-1,1,-1,5,1,408580.0,288070.0,-1.875066,52.490478,20,1,1,5,42043,1,1899-12-30 00:27:00,300,E08000025,6,0,6,30,3,4,6,0,0,0,4,1,1,0,0,1,1,E01009203,4.0,2.0,1.0,18.0,4.0,2.0,0.0,0.0,2.0,0.0,0.0,9.0,1.0,1.0
2560,2015460261070,1,21,0,18,0,8,1,0,0,0,4,1,1,1,58,9,-1,-1,-1,-1,-1,-1,1,1,604000.0,141400.0,0.914546,51.135523,46,1,1,1,42133,7,1899-12-30 00:34:00,530,E10000016,1,20,9,70,5,4,6,0,0,0,6,1,1,0,0,1,1,E01024004,1.0,3.0,1.0,49.0,8.0,1.0,9.0,8.0,0.0,0.0,0.0,0.0,1.0,1.0
2561,2015170S11205,1,9,0,18,0,0,0,0,2,7,1,1,6,1,18,4,1086,1,11,-1,1,-1,1,1,437481.0,516280.0,-1.422201,54.540404,17,1,1,1,15/04/2015,4,1899-12-30 00:08:00,245,E06000004,3,66,3,70,0,-1,-1,0,0,0,4,1,1,0,0,2,1,E01012269,1.0,1.0,1.0,18.0,4.0,1.0,0.0,0.0,0.0,0.0,0.0,9.0,1.0,1.0
2562,201542I319709,2,20,0,17,0,0,0,0,0,0,1,1,1,1,56,9,-1,-1,-1,-1,1,-1,3,2,580983.0,204493.0,0.618134,51.709975,42,1,2,3,16/09/2015,4,1899-12-30 15:30:00,458,E10000012,4,1010,6,60,0,-1,-1,0,0,0,1,2,2,0,0,2,1,E01021913,2.0,1.0,1.0,56.0,9.0,3.0,0.0,0.0,0.0,0.0,0.0,20.0,1.0,2.0
2563,2015921500374,3,9,0,2,0,2,0,0,0,0,2,1,6,1,20,4,1086,5,9,-1,1,-1,2,3,392239.0,808470.0,-2.129966,57.167012,92,1,3,2,42008,4,1899-12-30 20:50:00,910,S12000033,6,0,6,30,6,4,6,0,0,1,4,1,2,0,0,1,1,,,,,,,,,,,,,,,
2564,2015210028138,1,9,0,18,0,0,0,0,5,6,1,1,6,1,23,5,1910,2,11,-1,1,-1,3,3,386518.0,346735.0,-2.202419,53.017742,21,1,3,3,22/08/2015,7,1899-12-30 04:44:00,257,E06000021,3,500,3,50,0,-1,-1,0,0,0,4,1,2,0,0,1,1,E01014291,1.0,1.0,1.0,23.0,5.0,3.0,0.0,0.0,0.0,0.0,0.0,9.0,1.0,1.0
2565,2015075207169,3,21,0,18,0,0,0,0,0,0,2,1,1,1,37,7,7146,2,7,-1,1,-1,5,4,374650.0,366078.0,-2.38086,53.19118,7,1,4,5,16/07/2015,5,1899-12-30 23:04:00,129,E06000049,1,6,3,70,0,-1,-1,0,0,0,6,1,1,0,0,2,1,E01018722,3.0,2.0,1.0,53.0,8.0,3.0,0.0,0.0,1.0,0.0,0.0,21.0,1.0,5.0
2566,2015555997887,1,9,0,18,0,0,0,0,0,0,1,1,6,1,27,6,2987,2,6,-1,1,-1,2,1,405723.0,91915.0,-1.920283,50.726828,55,1,1,2,42157,6,1899-12-30 06:20:00,643,E06000029,3,35,6,30,0,-1,-1,0,0,4,4,1,1,4,0,1,1,E01015402,2.0,3.0,1.0,89.0,11.0,1.0,4.0,1.0,0.0,0.0,0.0,0.0,1.0,6.0
2567,2015440175195,4,9,0,18,0,0,0,0,0,0,1,1,6,1,68,10,1560,2,2,-1,3,-1,7,4,446044.0,84605.0,-1.349956,50.659307,44,1,4,7,24/05/2015,1,1899-12-30 13:09:00,505,E06000046,4,3323,6,60,0,-1,-1,0,0,0,1,1,1,0,0,2,1,E01017294,6.0,1.0,1.0,68.0,10.0,3.0,0.0,0.0,0.0,0.0,0.0,9.0,3.0,5.0
2568,2015075288059,1,19,0,18,0,0,0,0,1,2,1,1,6,1,44,7,1560,2,-1,-1,1,-1,3,1,349360.0,387095.0,-2.762696,53.378267,7,1,1,3,27/09/2015,1,1899-12-30 15:15:00,124,E06000006,5,2015,6,40,0,-1,-1,0,0,0,1,1,1,0,0,1,1,E01012421,1.0,3.0,2.0,54.0,8.0,1.0,6.0,9.0,0.0,0.0,0.0,0.0,1.0,7.0
2569,2015984125315,1,9,0,16,0,1,1,0,7,7,1,1,6,2,48,8,1598,2,1,-1,1,-1,5,1,330469.0,568884.0,-3.08874,55.009635,98,1,1,5,42043,1,1899-12-30 19:05:00,917,S12000006,2,74,3,70,5,4,6,0,0,0,1,1,1,0,0,2,1,,5.0,2.0,1.0,12.0,3.0,2.0,0.0,0.0,2.0,0.0,0.0,9.0,1.0,-1.0
2570,201597UD01101,1,9,0,18,0,0,1,0,7,0,1,1,6,1,17,4,1396,1,11,-1,2,-1,2,2,220359.0,605436.0,-4.832011,55.310123,97,1,2,2,42278,7,1899-12-30 16:45:00,937,S12000028,3,77,6,40,0,-1,-1,0,0,0,4,5,2,0,0,2,1,,1.0,2.0,2.0,17.0,4.0,1.0,0.0,0.0,1.0,0.0,0.0,9.0,-1.0,-1.0
2571,201542I065903,2,9,0,18,0,0,1,0,0,0,2,1,6,1,47,8,1560,2,1,-1,1,-1,4,3,550809.0,236520.0,0.195742,52.006633,42,1,3,4,20/03/2015,6,1899-12-30 13:40:00,463,E10000012,1,11,3,70,0,-1,-1,0,0,0,1,1,1,0,0,2,1,E01022071,1.0,1.0,1.0,47.0,8.0,1.0,0.0,0.0,0.0,0.0,0.0,9.0,1.0,9.0
2572,201531C075115,2,1,0,18,0,1,0,0,0,0,4,1,1,2,51,8,-1,-1,-1,-1,1,-1,2,2,454490.0,339214.0,-1.1905,52.947552,31,1,2,2,21/04/2015,3,1899-12-30 07:30:00,346,E06000018,3,6514,6,40,3,4,6,0,0,4,1,1,1,0,0,1,1,E01013975,2.0,1.0,2.0,51.0,8.0,1.0,0.0,0.0,0.0,0.0,0.0,1.0,1.0,9.0
2573,2015621600066,2,9,0,7,0,6,0,0,0,0,3,1,6,1,67,10,-1,-1,-1,-1,3,-1,1,2,288239.0,179036.0,-3.611457,51.499178,62,1,2,1,13/12/2015,1,1899-12-30 12:58:00,740,W06000013,3,48,6,60,3,4,6,0,0,0,1,1,1,0,0,2,1,W01000989,2.0,1.0,1.0,67.0,10.0,1.0,0.0,0.0,0.0,0.0,0.0,9.0,3.0,-1.0
2574,2015551500885,1,5,0,13,0,0,0,0,0,0,1,1,6,1,53,8,1084,1,14,-1,2,-1,3,2,375438.0,121429.0,-2.351339,50.99173,55,1,2,3,30/07/2015,5,1899-12-30 18:19:00,642,E10000009,3,30,6,60,0,-1,-1,0,0,0,1,1,1,0,0,2,1,E01020440,1.0,1.0,1.0,53.0,8.0,2.0,0.0,0.0,0.0,0.0,0.0,5.0,-1.0,-1.0
2575,201506A098841,2,90,2,18,0,8,0,0,0,0,1,1,6,2,79,11,-1,-1,-1,-1,1,-1,1,2,388160.0,402470.0,-2.180038,53.518767,6,1,2,1,25/03/2015,4,1899-12-30 17:48:00,102,E08000003,4,6393,3,30,6,2,5,0,0,0,1,1,1,0,0,1,1,E01005252,1.0,1.0,2.0,79.0,11.0,1.0,0.0,0.0,0.0,0.0,0.0,90.0,-1.0,-1.0
2576,2015075127369,1,9,0,18,0,0,0,0,0,0,1,1,6,1,69,10,1956,2,3,-1,1,-1,1,2,351912.0,343692.0,-2.717791,52.988393,7,1,2,1,42160,4,1899-12-30 15:30:00,130,E06000050,3,41,6,60,0,-1,-1,0,0,0,1,1,1,0,0,2,1,E01018356,1.0,1.0,1.0,69.0,10.0,1.0,0.0,0.0,0.0,0.0,0.0,9.0,-1.0,-1.0
2577,2015460253283,2,9,0,18,0,0,0,0,0,0,1,1,6,1,67,10,1968,2,4,-1,3,-1,4,2,563880.0,161730.0,0.350952,51.331054,46,1,2,4,42340,5,1899-12-30 19:10:00,535,E10000016,6,1793,6,60,0,-1,-1,0,0,0,6,1,2,0,0,2,1,E01024274,2.0,1.0,1.0,67.0,10.0,3.0,0.0,0.0,0.0,0.0,0.0,9.0,3.0,7.0
2578,201537EA92369,1,9,0,16,0,0,0,0,0,0,1,1,2,1,33,6,1598,2,3,-1,2,-1,1,2,591266.0,274305.0,0.805764,52.33348,37,1,2,1,42071,2,1899-12-30 08:55:00,414,E10000029,3,1088,6,60,0,-1,-1,0,0,0,1,1,1,0,0,2,1,E01030094,1.0,1.0,1.0,33.0,6.0,1.0,0.0,0.0,0.0,0.0,0.0,9.0,2.0,8.0
2579,2015350115815,2,4,0,16,0,8,0,0,0,0,1,1,6,1,60,9,999,1,1,-1,3,-1,1,2,515990.0,286430.0,-0.294154,52.463504,35,1,2,1,42162,2,1899-12-30 16:49:00,393,E10000003,4,660,6,60,9,4,6,0,0,0,1,1,1,0,0,2,1,E01018194,1.0,1.0,1.0,60.0,9.0,1.0,0.0,0.0,0.0,0.0,0.0,4.0,3.0,6.0
2580,2015941500332,1,9,0,18,0,0,2,0,1,11,1,1,6,1,31,6,-1,-1,-1,-1,1,-1,3,2,325313.0,708208.0,-3.207236,56.260473,94,1,2,3,42040,7,1899-12-30 20:35:00,925,S12000015,4,936,6,50,0,-1,-1,0,0,0,1,1,2,0,0,2,1,,1.0,1.0,1.0,31.0,6.0,1.0,0.0,0.0,0.0,0.0,0.0,9.0,1.0,-1.0
2581,201501TD00096,2,11,0,18,0,0,0,0,0,0,1,1,1,2,50,8,9200,2,9,-1,-1,-1,2,2,515000.0,191960.0,-0.340462,51.614731,1,1,2,2,28/07/2015,3,1899-12-30 14:10:00,29,E09000015,3,409,6,30,0,-1,-1,0,0,0,1,1,1,0,0,1,1,E01002144,2.0,1.0,2.0,50.0,8.0,2.0,0.0,0.0,0.0,0.0,0.0,11.0,-1.0,-1.0
2582,201597GA70111,1,11,0,18,2,0,0,0,0,0,1,1,1,1,53,8,6370,2,7,-1,1,-1,1,1,255324.0,665638.0,-4.313237,55.862146,97,1,1,1,42074,3,1899-12-30 14:40:00,926,S12000043,6,0,3,30,0,-1,-1,0,0,5,1,1,1,0,0,1,1,,1.0,3.0,2.0,69.0,10.0,1.0,7.0,1.0,0.0,0.0,0.0,0.0,1.0,-1.0
2583,2015132CH0825,1,9,0,18,0,1,0,0,0,0,1,1,6,1,46,8,1998,2,7,-1,1,-1,1,1,417051.0,433436.0,-1.742623,53.796955,13,1,1,1,17/12/2015,5,1899-12-30 14:10:00,200,E08000032,3,658,6,30,3,4,6,0,0,0,1,1,2,0,0,1,1,E01010617,1.0,3.0,1.0,86.0,11.0,1.0,5.0,1.0,0.0,0.0,0.0,0.0,1.0,1.0
2584,2015405BA0851,1,21,1,18,0,0,0,0,0,0,1,1,1,1,-1,-1,12902,2,2,-1,2,-1,1,2,505726.0,247084.0,-0.457498,52.111984,40,1,2,1,22/09/2015,3,1899-12-30 06:00:00,420,E06000055,3,421,3,70,0,-1,-1,0,0,0,6,2,2,0,0,2,1,E01017550,,,,,,,,,,,,,,
2585,2015075239666,2,19,0,17,0,8,0,0,1,0,3,1,6,2,47,8,1968,2,6,-1,2,-1,2,3,354362.0,348995.0,-2.682049,53.036273,7,1,3,2,14/08/2015,6,1899-12-30 09:25:00,130,E06000050,3,49,6,60,3,4,6,0,0,0,1,2,2,0,0,2,1,E01018356,1.0,1.0,2.0,47.0,8.0,1.0,0.0,0.0,0.0,0.0,0.0,19.0,2.0,7.0
2586,2015210028138,1,9,0,18,0,0,0,0,5,6,1,1,6,1,23,5,1910,2,11,-1,1,-1,3,3,386518.0,346735.0,-2.202419,53.017742,21,1,3,3,22/08/2015,7,1899-12-30 04:44:00,257,E06000021,3,500,3,50,0,-1,-1,0,0,0,4,1,2,0,0,1,1,E01014291,3.0,2.0,1.0,22.0,5.0,1.0,0.0,0.0,1.0,0.0,0.0,9.0,2.0,10.0
2587,201543N141085,2,9,0,17,0,0,0,0,1,0,1,1,6,1,35,6,-1,-1,-1,-1,1,-1,2,3,495591.0,194784.0,-0.619918,51.643741,43,1,3,2,25/08/2015,3,1899-12-30 18:36:00,478,E10000002,3,355,6,60,0,-1,-1,0,0,0,1,1,2,0,0,2,1,E01017783,2.0,1.0,1.0,35.0,6.0,2.0,0.0,0.0,0.0,0.0,0.0,9.0,1.0,9.0
2588,201514C128415,2,9,0,18,0,2,0,0,0,0,1,1,6,1,28,6,1560,2,4,-1,1,-1,4,3,454766.0,391998.0,-1.177367,53.421945,14,1,3,4,26/11/2015,5,1899-12-30 17:28:00,213,E08000018,3,631,6,60,8,4,6,0,0,0,6,1,1,0,0,2,1,E01007764,1.0,1.0,1.0,28.0,6.0,2.0,0.0,0.0,0.0,0.0,0.0,9.0,1.0,1.0
2589,2015460264637,2,9,0,17,0,0,0,0,0,0,1,1,6,2,49,8,1560,2,-1,-1,1,-1,1,2,596260.0,139690.0,0.803127,51.122868,46,1,2,1,42167,1,1899-12-30 13:00:00,530,E10000016,3,28,6,50,0,-1,-1,0,0,0,1,5,2,0,0,2,1,E01032814,,,,,,,,,,,,,,
2590,2015160B01841,2,9,0,18,0,8,0,10,7,1,4,1,6,1,46,8,2324,1,14,-1,2,-1,5,2,495612.0,406736.0,-0.558415,53.548562,16,1,2,5,21/06/2015,1,1899-12-30 17:32:00,232,E06000013,3,18,1,60,1,4,6,0,0,0,1,1,1,0,0,2,1,E01013274,2.0,1.0,1.0,46.0,8.0,3.0,0.0,0.0,0.0,0.0,0.0,9.0,2.0,5.0
2591,201543P296025,37,9,0,18,0,0,0,0,0,0,1,1,6,1,50,8,1997,2,7,-1,-1,-1,36,37,455113.0,220016.0,-1.200828,51.875998,43,1,37,36,14/02/2015,7,1899-12-30 07:45:00,481,E10000025,1,40,3,70,0,-1,-1,0,0,0,1,7,2,0,3,2,1,E01028497,,,,,,,,,,,,,,
2592,201542I152805,1,9,0,18,0,0,0,0,1,4,4,1,6,1,18,4,1198,1,8,-1,1,-1,2,1,543134.0,193833.0,0.066383,51.625117,42,1,1,2,31/05/2015,1,1899-12-30 08:05:00,456,E10000012,4,170,6,30,0,-1,-1,0,0,0,1,1,1,0,0,2,1,E01021750,1.0,3.0,2.0,41.0,7.0,1.0,5.0,1.0,0.0,0.0,0.0,0.0,1.0,7.0
2593,2015530209321,1,9,0,18,0,0,0,0,1,0,1,1,6,1,21,5,1242,1,9,-1,1,-1,5,3,357192.0,197604.0,-2.620481,51.675563,53,1,3,5,42310,4,1899-12-30 08:19:00,622,E10000013,3,48,6,60,0,-1,-1,0,0,0,1,1,2,0,0,2,1,E01022274,5.0,1.0,1.0,21.0,5.0,1.0,0.0,0.0,0.0,0.0,0.0,9.0,1.0,-1.0
2594,2015555999676,1,9,0,18,0,0,1,0,0,0,1,1,6,2,28,6,-1,-1,-1,-1,2,-1,3,2,333534.0,95878.0,-2.943686,50.758673,55,1,2,3,15/03/2015,1,1899-12-30 14:30:00,645,E10000009,3,35,6,60,0,-1,-1,0,0,0,1,1,1,0,0,2,1,E01019961,1.0,1.0,2.0,28.0,6.0,2.0,0.0,0.0,0.0,0.0,0.0,9.0,2.0,6.0
2595,2015440202487,2,9,0,9,0,8,0,0,0,0,4,1,1,2,35,6,1368,1,3,-1,1,-1,3,2,455592.0,106063.0,-1.211655,50.851421,44,1,2,3,15/06/2015,2,1899-12-30 13:00:00,492,E10000014,3,27,3,30,3,2,6,0,0,0,1,1,1,0,0,1,1,E01022783,3.0,2.0,2.0,39.0,7.0,3.0,0.0,0.0,1.0,0.0,0.0,9.0,1.0,9.0
2596,201504WB15143,1,9,0,11,7,0,0,0,1,4,1,1,6,1,75,10,1388,1,10,-1,1,-1,1,1,350310.0,448100.0,-2.758193,53.926634,4,1,1,1,42068,1,1899-12-30 02:20:00,85,E10000017,1,6,3,70,0,-1,-1,0,0,0,6,5,2,0,0,2,1,E01025609,1.0,1.0,1.0,75.0,10.0,1.0,0.0,0.0,0.0,0.0,0.0,9.0,1.0,7.0
2597,201534TC80225,1,9,0,18,0,0,0,0,0,0,0,1,6,1,21,5,796,1,6,-1,1,-1,2,2,487312.0,287017.0,-0.715982,52.474112,34,1,2,2,17/10/2015,7,1899-12-30 19:29:00,380,E10000021,3,6014,6,40,0,-1,-1,0,0,0,5,2,2,0,0,1,1,E01026963,,,,,,,,,,,,,,
2598,2015120051277,1,9,0,17,0,0,5,0,1,9,4,1,6,1,27,6,1995,1,13,-1,2,-1,1,1,465446.0,458361.0,-1.002674,54.017117,12,1,1,1,29/03/2015,1,1899-12-30 21:20:00,189,E06000014,5,92,6,60,0,-1,-1,0,0,0,6,1,2,0,0,2,1,E01013437,1.0,1.0,1.0,27.0,6.0,1.0,0.0,0.0,0.0,0.0,0.0,9.0,2.0,9.0
2599,2015471501303,2,20,0,18,0,0,0,0,0,0,3,1,1,1,45,7,3920,2,11,-1,1,-1,2,4,556202.0,104730.0,0.216223,50.82105,47,1,4,2,42127,5,1899-12-30 11:43:00,556,E10000011,3,27,6,60,0,-1,-1,0,0,0,1,1,1,0,0,2,1,E01021166,,,,,,,,,,,,,,
2600,201537EA95304,1,9,0,13,0,0,0,0,0,0,1,1,6,2,24,5,1242,1,11,-1,2,-1,3,2,612541.0,274921.0,1.117928,52.331188,37,1,2,3,15/11/2015,1,1899-12-30 20:20:00,413,E10000029,3,140,6,50,0,-1,-1,0,0,0,6,1,1,0,0,2,1,E01030052,2.0,2.0,1.0,24.0,5.0,1.0,0.0,0.0,1.0,0.0,0.0,9.0,1.0,5.0
2601,201542I146105,1,4,0,16,0,0,1,0,1,4,1,1,6,1,42,7,599,1,7,-1,1,-1,1,3,545536.0,195871.0,0.101905,51.642813,42,1,3,1,24/05/2015,1,1899-12-30 22:15:00,456,E10000012,3,113,6,60,0,-1,-1,0,0,0,6,1,1,0,0,2,1,E01021750,1.0,1.0,1.0,42.0,7.0,1.0,0.0,0.0,0.0,0.0,0.0,4.0,1.0,4.0
2602,201501TD00033,2,11,0,14,0,2,0,0,0,0,1,1,1,1,23,5,9360,2,6,-1,-1,-1,1,2,533840.0,177560.0,-0.073985,51.481169,1,1,2,1,42279,3,1899-12-30 09:20:00,8,E09000028,4,215,6,30,3,4,6,0,0,0,1,9,1,0,0,1,1,E01004014,,,,,,,,,,,,,,
2603,201543P296025,35,9,0,18,0,0,0,0,0,0,2,1,6,1,40,7,-1,-1,-1,-1,1,-1,36,37,455113.0,220016.0,-1.200828,51.875998,43,1,37,36,14/02/2015,7,1899-12-30 07:45:00,481,E10000025,1,40,3,70,0,-1,-1,0,0,0,1,7,2,0,3,2,1,E01028497,,,,,,,,,,,,,,
2604,20151325F0437,2,9,0,18,0,0,1,0,0,0,1,1,6,1,45,7,2993,2,1,-1,1,-1,2,2,413201.0,423370.0,-1.801497,53.706593,13,1,2,2,16/05/2015,7,1899-12-30 08:30:00,202,E08000033,6,0,6,30,0,-1,-1,0,0,0,1,1,1,0,0,1,1,E01010877,2.0,1.0,1.0,45.0,7.0,3.0,0.0,0.0,0.0,0.0,0.0,9.0,1.0,10.0