,accident_index,vehicle_reference,vehicle_type,towing_and_articulation,vehicle_manoeuvre,vehicle_location-restricted_lane,junction_location,skidding_and_overturning,hit_object_in_carriageway,vehicle_leaving_carriageway,hit_object_off_carriageway,1st_point_of_impact,was_vehicle_left_hand_drive?,journey_purpose_of_driver,sex_of_driver,age_of_driver,age_band_of_driver,engine_capacity_(cc),propulsion_code,age_of_vehicle,driver_imd_decile,driver_home_area_type,vehicle_imd_decile,NUmber_of_Casualities_unique_to_accident_index,No_of_Vehicles_involved_unique_to_accident_index,location_easting_osgr,location_northing_osgr,longitude,latitude,police_force,accident_severity,number_of_vehicles,number_of_casualties,date,day_of_week,time,local_authority_(district),local_authority_(highway),1st_road_class,1st_road_number,road_type,speed_limit,junction_detail,junction_control,2nd_road_class,2nd_road_number,pedestrian_crossing-human_control,pedestrian_crossing-physical_facilities,light_conditions,weather_conditions,road_surface_conditions,special_conditions_at_site,carriageway_hazards,urban_or_rural_area,did_police_officer_attend_scene_of_accident,lsoa_of_accident_location,casualty_reference,casualty_class,sex_of_casualty,age_of_casualty,age_band_of_casualty,casualty_severity,pedestrian_location,pedestrian_movement,car_passenger,bus_or_coach_passenger,pedestrian_road_maintenance_worker,casualty_type,casualty_home_area_type,casualty_imd_decile
2605,2015360092053,1,9,0,18,0,0,0,0,7,0,1,1,6,1,72,10,1995,2,2,-1,1,-1,4,2,567946.0,330115.0,0.492157,52.842359,36,1,2,4,21/07/2015,3,1899-12-30 14:20:00,407,E10000020,3,149,6,60,0,-1,-1,0,0,0,1,1,1,0,0,2,1,E01026655,4.0,2.0,2.0,70.0,10.0,3.0,0.0,0.0,1.0,0.0,0.0,9.0,1.0,7.0
2606,2015950002642,1,9,0,16,0,0,0,0,1,0,1,1,6,2,18,4,1108,1,9,-1,3,-1,2,2,389042.0,656377.0,-2.176365,55.800553,95,1,2,2,42010,2,1899-12-30 13:45:00,914,S12000026,3,6105,6,60,0,-1,4,6347,0,0,6,1,1,0,0,2,1,,2.0,1.0,2.0,18.0,4.0,1.0,0.0,0.0,0.0,0.0,0.0,9.0,3.0,-1.0
2607,2015230037674,2,9,0,18,0,0,0,0,0,0,4,1,5,1,82,11,1997,1,11,-1,3,-1,3,3,420719.0,251471.0,-1.698532,52.161127,23,1,3,3,42016,3,1899-12-30 13:55:00,293,E10000031,3,3400,6,50,0,-1,-1,0,0,0,1,1,1,0,0,2,1,E01031212,2.0,1.0,1.0,82.0,11.0,3.0,0.0,0.0,0.0,0.0,0.0,9.0,3.0,7.0
2608,2015961500776,1,5,0,13,0,0,0,0,0,0,1,1,6,1,47,8,1301,1,-1,-1,3,-1,3,3,233032.0,732172.0,-4.710768,56.452052,96,1,3,3,42252,7,1899-12-30 11:25:00,939,S12000030,3,82,6,60,0,-1,-1,0,0,0,1,1,1,0,0,2,1,,3.0,1.0,1.0,47.0,8.0,1.0,0.0,0.0,0.0,0.0,0.0,5.0,3.0,-1.0
2609,201522D500093,1,9,0,16,0,0,0,0,7,4,1,1,6,1,28,6,3993,1,1,-1,1,-1,3,1,399500.0,275760.0,-2.00877,52.379876,22,1,1,3,42186,4,1899-12-30 23:55:00,270,E10000034,4,4096,6,40,0,-1,-1,0,0,0,4,1,2,0,0,2,1,E01032143,2.0,2.0,1.0,30.0,6.0,1.0,0.0,0.0,1.0,0.0,0.0,9.0,1.0,7.0
2610,2015030003139,1,9,0,16,0,0,0,0,0,0,1,1,6,1,18,4,1248,2,6,-1,1,-1,3,2,310710.0,536050.0,-3.38744,54.711507,3,1,2,3,24/12/2015,5,1899-12-30 17:10:00,60,E10000006,6,0,6,60,0,-1,-1,0,0,0,6,1,1,0,0,2,1,E01019086,3.0,2.0,2.0,17.0,4.0,1.0,0.0,0.0,1.0,0.0,0.0,9.0,1.0,9.0
2611,201543S139075,3,9,0,4,0,1,0,0,0,0,2,1,2,2,24,5,1398,1,1,-1,2,-1,5,5,489702.0,240546.0,-0.693142,52.056047,43,1,5,5,29/07/2015,4,1899-12-30 07:55:00,479,E06000042,1,1,3,70,5,4,1,1,0,0,1,1,1,0,0,2,1,E01033503,3.0,1.0,2.0,24.0,5.0,3.0,0.0,0.0,0.0,0.0,0.0,9.0,2.0,9.0
2612,201543P021015,2,21,4,18,0,8,0,0,7,11,1,1,2,1,29,6,12900,2,8,-1,2,-1,2,3,432168.0,197263.0,-1.536214,51.673222,43,1,3,2,42217,5,1899-12-30 17:49:00,483,E10000025,3,420,6,50,6,4,6,0,0,0,6,1,1,0,0,2,1,E01028737,2.0,1.0,1.0,29.0,6.0,3.0,0.0,0.0,0.0,0.0,0.0,21.0,2.0,2.0
2613,2015360096409,1,9,0,1,0,6,0,0,0,0,2,1,1,1,39,7,-1,-1,-1,-1,1,-1,1,1,564402.0,324186.0,0.436609,52.790201,36,1,1,1,24/12/2015,5,1899-12-30 10:50:00,407,E10000020,6,0,6,30,8,4,6,0,0,0,1,1,2,0,0,1,1,E01026692,1.0,3.0,2.0,85.0,11.0,1.0,6.0,9.0,0.0,0.0,0.0,0.0,-1.0,-1.0
2614,201563AC25415,2,9,0,16,0,0,0,0,0,0,1,1,6,1,58,9,-1,-1,-1,-1,1,-1,3,2,237600.0,215220.0,-4.357236,51.811957,63,1,2,3,27/09/2015,1,1899-12-30 18:25:00,751,W06000010,4,4312,6,60,0,-1,-1,0,0,0,1,1,1,0,0,2,1,W01000700,2.0,1.0,1.0,58.0,9.0,3.0,0.0,0.0,0.0,0.0,0.0,9.0,1.0,-1.0
2615,2015210026549,4,9,0,18,0,0,0,0,0,0,1,1,6,2,41,7,1997,2,7,-1,3,-1,7,5,382611.0,310740.0,-2.258725,52.694059,21,1,5,7,42162,2,1899-12-30 14:20:00,254,E10000028,3,5,6,60,0,-1,-1,0,0,0,1,1,1,0,0,2,1,E01029670,2.0,1.0,2.0,41.0,7.0,2.0,0.0,0.0,0.0,0.0,0.0,9.0,3.0,5.0
2616,2015132861531,2,90,5,18,0,0,0,0,0,0,1,1,6,1,26,6,-1,-1,-1,-1,-1,-1,6,2,445830.0,431302.0,-1.306057,53.776044,13,1,2,6,42163,5,1899-12-30 19:47:00,204,E08000035,3,63,3,70,0,-1,-1,0,0,0,1,1,1,0,0,2,1,E01011299,4.0,2.0,1.0,7.0,2.0,2.0,0.0,0.0,2.0,0.0,0.0,90.0,-1.0,-1.0
2617,2015950002085,1,9,0,18,0,0,0,6,7,0,1,1,6,1,71,10,1242,1,3,-1,2,-1,1,1,360191.0,681044.0,-2.6402,56.020646,95,1,1,1,42099,2,1899-12-30 11:30:00,921,S12000010,3,198,6,60,0,-1,-1,0,0,0,1,1,1,0,0,2,1,,1.0,1.0,1.0,71.0,10.0,1.0,0.0,0.0,0.0,0.0,0.0,9.0,2.0,-1.0
2618,2015360089255,2,21,1,2,6,0,0,0,0,0,2,1,1,1,56,9,12900,2,4,-1,1,-1,1,2,617653.0,306603.0,1.213495,52.613561,36,1,2,1,42312,7,1899-12-30 13:45:00,406,E10000020,3,47,3,70,0,-1,-1,0,0,0,1,1,1,0,0,2,1,E01026883,,,,,,,,,,,,,,
2619,2015100629815,2,9,0,8,0,1,0,0,0,0,3,1,6,2,41,7,1598,1,5,-1,1,-1,1,2,427114.0,566100.0,-1.577797,54.988758,10,1,2,1,14/09/2015,2,1899-12-30 10:57:00,147,E08000021,3,188,6,30,3,4,6,1234,0,4,1,1,1,0,0,1,1,E01008364,,,,,,,,,,,,,,
2620,2015950003852,1,11,0,7,0,8,0,0,0,0,1,1,1,1,51,8,7300,2,9,-1,1,-1,1,1,325190.0,673830.0,-3.199575,55.951652,95,1,1,1,19/08/2015,4,1899-12-30 10:40:00,923,S12000036,5,0,6,30,3,2,3,8,0,5,1,1,1,0,0,1,1,,1.0,3.0,1.0,65.0,9.0,1.0,4.0,1.0,0.0,0.0,0.0,0.0,1.0,6.0
2621,201542I138705,1,9,0,5,0,0,0,0,1,2,1,1,6,2,61,9,999,1,5,-1,-1,-1,1,1,575193.0,209948.0,0.537164,51.76081,42,1,1,1,42343,3,1899-12-30 18:10:00,454,E10000012,4,1137,6,40,0,-1,-1,0,0,0,1,1,1,0,0,2,1,E01021536,1.0,1.0,2.0,61.0,9.0,1.0,0.0,0.0,0.0,0.0,0.0,9.0,-1.0,-1.0
2622,201520G008735,1,9,0,18,9,2,1,10,1,10,1,1,6,1,16,4,1560,2,9,-1,1,-1,2,1,393100.0,294510.0,-2.103185,52.548393,20,1,1,2,20/07/2015,2,1899-12-30 11:56:00,309,E08000031,6,0,6,30,3,4,6,0,0,0,1,1,2,0,0,1,1,E01010531,2.0,3.0,1.0,22.0,5.0,2.0,6.0,9.0,0.0,0.0,0.0,0.0,1.0,2.0
2623,2015440278896,1,19,0,18,0,0,1,0,1,0,1,1,6,1,29,6,2402,2,12,-1,1,-1,1,2,478876.0,143812.0,-0.872752,51.188101,44,1,2,1,42346,4,1899-12-30 19:00:00,497,E10000014,3,31,3,60,0,-1,-1,0,0,0,1,1,1,0,0,2,1,E01022581,,,,,,,,,,,,,,
2624,2015471505499,2,9,0,18,0,0,0,0,0,0,1,2,2,2,48,8,2720,2,9,-1,1,-1,2,2,578025.0,113786.0,0.530141,50.896114,47,1,2,2,21/09/2015,2,1899-12-30 22:17:00,555,E10000011,3,2100,6,60,0,-1,-1,0,0,0,6,1,2,0,0,2,1,E01021097,2.0,1.0,2.0,48.0,8.0,3.0,0.0,0.0,0.0,0.0,0.0,9.0,1.0,9.0
2625,20151327D1861,1,9,0,18,0,8,0,0,0,0,1,1,6,3,-1,-1,1968,2,8,-1,-1,-1,1,1,425594.0,434233.0,-1.612865,53.80377,13,1,1,1,13/07/2015,2,1899-12-30 23:59:00,204,E08000035,3,647,3,40,9,2,6,0,0,5,4,1,1,0,0,1,1,E01011286,1.0,3.0,1.0,25.0,5.0,1.0,1.0,9.0,0.0,0.0,0.0,0.0,-1.0,-1.0
2626,201504SA15033,1,9,0,18,0,0,2,0,1,2,3,1,6,1,28,6,1396,1,13,-1,3,-1,1,1,348690.0,430140.0,-2.779855,53.765068,4,1,1,1,18/01/2015,1,1899-12-30 20:35:00,79,E10000017,3,583,2,50,0,-1,-1,0,0,0,4,1,2,0,0,2,1,E01025270,1.0,1.0,1.0,28.0,6.0,1.0,0.0,0.0,0.0,0.0,0.0,9.0,3.0,7.0
2627,2015950001713,1,9,0,13,0,0,2,0,1,1,1,1,6,1,18,4,1781,1,13,-1,1,-1,3,2,363268.0,623243.0,-2.583038,55.501576,95,1,2,3,42159,2,1899-12-30 14:08:00,914,S12000026,3,698,6,60,0,-1,-1,0,0,0,1,1,1,0,0,2,1,,2.0,2.0,1.0,18.0,4.0,2.0,0.0,0.0,2.0,0.0,0.0,9.0,1.0,-1.0
2628,2015921501176,2,9,0,18,0,0,0,0,1,11,1,1,6,2,39,7,2199,2,5,-1,1,-1,5,2,376291.0,824698.0,-2.395221,57.312232,92,1,2,5,17/10/2015,7,1899-12-30 18:48:00,911,S12000034,4,9001,6,60,0,-1,-1,0,0,0,6,1,1,0,0,2,1,,5.0,2.0,2.0,7.0,2.0,2.0,0.0,0.0,2.0,0.0,0.0,9.0,1.0,-1.0
2629,2015961501153,1,19,0,18,0,1,0,0,0,0,4,1,6,1,64,9,2198,2,3,-1,1,-1,1,1,279569.0,693870.0,-3.93877,56.122327,96,1,1,1,17/07/2015,6,1899-12-30 14:00:00,939,S12000030,6,0,6,30,3,4,6,0,0,0,1,1,1,0,0,1,1,,1.0,3.0,1.0,56.0,9.0,1.0,5.0,2.0,0.0,0.0,0.0,0.0,1.0,-1.0
2630,2015331500306,2,9,0,18,0,0,0,0,0,0,1,1,1,1,56,9,1997,2,11,-1,1,-1,3,2,470510.0,325010.0,-0.955193,52.818027,33,1,2,3,14/03/2015,7,1899-12-30 12:16:00,365,E10000018,3,606,6,60,0,-1,-1,0,0,0,1,1,1,0,0,2,1,E01025909,2.0,1.0,1.0,56.0,9.0,2.0,0.0,0.0,0.0,0.0,0.0,9.0,1.0,5.0
2631,201514K240415,1,9,0,7,9,1,0,0,7,4,1,1,6,1,21,5,1796,1,16,-1,1,-1,5,1,436427.0,388962.0,-1.453658,53.396238,14,1,1,5,42073,7,1899-12-30 03:43:00,215,E08000019,6,0,6,30,3,4,6,0,0,0,4,1,1,0,0,1,1,E01007874,5.0,2.0,2.0,16.0,4.0,2.0,0.0,0.0,2.0,0.0,0.0,9.0,1.0,1.0
2632,201531A059115,1,9,0,17,0,0,5,0,1,1,4,1,2,1,19,4,-1,-1,-1,-1,1,-1,1,1,446709.0,356590.0,-1.303781,53.104468,31,1,1,1,42188,7,1899-12-30 12:35:00,340,E10000024,6,0,6,60,0,-1,-1,0,0,0,1,1,1,0,0,2,1,E01027957,1.0,1.0,1.0,19.0,4.0,1.0,0.0,0.0,0.0,0.0,0.0,9.0,1.0,4.0
2633,2015360092053,2,9,0,18,0,0,0,0,1,0,1,1,6,2,70,10,1560,2,5,-1,1,-1,4,2,567946.0,330115.0,0.492157,52.842359,36,1,2,4,21/07/2015,3,1899-12-30 14:20:00,407,E10000020,3,149,6,60,0,-1,-1,0,0,0,1,1,1,0,0,2,1,E01026655,1.0,2.0,1.0,77.0,11.0,1.0,0.0,0.0,1.0,0.0,0.0,9.0,1.0,9.0
2634,201543P296025,3,9,0,18,0,0,0,0,0,0,2,1,6,1,63,9,2967,1,15,-1,1,-1,36,37,455113.0,220016.0,-1.200828,51.875998,43,1,37,36,14/02/2015,7,1899-12-30 07:45:00,481,E10000025,1,40,3,70,0,-1,-1,0,0,0,1,7,2,0,3,2,1,E01028497,24.0,2.0,2.0,52.0,8.0,3.0,0.0,0.0,1.0,0.0,0.0,9.0,1.0,5.0
2635,201563BC07615,2,9,0,18,0,0,0,0,1,0,1,1,6,1,50,8,-1,-1,-1,-1,1,-1,2,5,254230.0,261780.0,-4.136031,52.23486,63,1,5,2,14/07/2015,3,1899-12-30 17:46:00,750,W06000008,4,4337,6,60,0,-1,-1,0,0,0,1,1,2,0,0,2,1,W01000524,2.0,1.0,1.0,50.0,8.0,1.0,0.0,0.0,0.0,0.0,0.0,9.0,1.0,-1.0
2636,2015331501852,1,22,0,18,0,6,2,0,0,0,3,1,6,1,77,11,-1,-1,-1,-1,1,-1,1,2,473585.0,286830.0,-0.918075,52.474451,33,1,2,1,42015,1,1899-12-30 12:50:00,363,E10000018,5,9410,6,30,3,2,3,508,0,5,1,1,1,0,0,1,1,E01025806,1.0,1.0,1.0,77.0,11.0,1.0,0.0,0.0,0.0,0.0,0.0,22.0,1.0,8.0
2637,2015460257686,2,9,0,18,0,1,0,0,0,0,2,1,6,1,41,7,2996,2,16,-1,1,-1,3,2,555800.0,169290.0,0.238379,51.401248,46,1,2,3,14/06/2015,1,1899-12-30 22:06:00,532,E10000016,3,225,6,30,6,3,6,0,0,0,4,1,1,0,0,2,1,E01024175,3.0,2.0,2.0,15.0,3.0,3.0,0.0,0.0,1.0,0.0,0.0,9.0,1.0,8.0
2638,2015471503310,1,19,0,17,0,0,1,0,1,4,1,1,6,1,31,6,2463,2,10,-1,1,-1,5,1,513798.0,105023.0,-0.385391,50.833563,47,1,1,5,13/06/2015,7,1899-12-30 00:52:00,564,E10000032,5,277,6,30,0,-1,-1,0,0,0,4,2,2,0,0,1,1,E01031822,4.0,2.0,1.0,32.0,6.0,3.0,0.0,0.0,0.0,0.0,0.0,19.0,1.0,6.0
2639,201543P296025,27,9,0,18,0,0,0,0,0,0,2,1,6,1,50,8,1999,1,18,-1,1,-1,36,37,455113.0,220016.0,-1.200828,51.875998,43,1,37,36,14/02/2015,7,1899-12-30 07:45:00,481,E10000025,1,40,3,70,0,-1,-1,0,0,0,1,7,2,0,3,2,1,E01028497,36.0,2.0,1.0,29.0,6.0,3.0,0.0,0.0,2.0,0.0,0.0,9.0,1.0,8.0
2640,2015460264466,2,5,0,18,0,1,0,0,1,1,1,1,6,1,50,8,1157,1,18,-1,1,-1,2,2,585300.0,139760.0,0.646731,51.127144,46,1,2,2,42016,3,1899-12-30 15:44:00,530,E10000016,3,274,6,60,8,4,6,0,0,0,1,1,1,0,0,2,1,E01023978,2.0,1.0,1.0,50.0,8.0,1.0,0.0,0.0,0.0,0.0,0.0,5.0,1.0,1.0
2641,2015460264391,3,9,0,18,0,0,0,0,0,0,0,1,6,1,20,4,2720,2,10,-1,2,-1,1,3,630130.0,146520.0,1.290691,51.17159,46,1,3,1,29/11/2015,1,1899-12-30 16:50:00,533,E10000016,5,604,6,60,0,-1,-1,0,0,0,6,4,1,0,0,2,1,E01024255,,,,,,,,,,,,,,
2642,201520M014945,2,9,0,18,0,8,0,0,1,0,1,1,6,2,17,4,1956,2,-1,-1,1,-1,2,2,435660.0,276580.0,-1.477477,52.386094,20,1,2,2,42318,1,1899-12-30 00:10:00,302,E08000026,4,4110,6,30,3,4,6,0,0,0,4,1,1,0,0,2,1,E01032530,,,,,,,,,,,,,,
2643,201563DP35115,1,9,0,9,7,5,1,0,7,4,1,1,6,1,87,11,-1,-1,-1,-1,2,-1,1,1,313040.0,222600.0,-3.265148,51.895139,63,1,1,1,42197,2,1899-12-30 16:10:00,753,W06000023,3,40,6,60,9,4,6,0,0,0,1,4,2,0,0,2,1,W01001897,1.0,2.0,2.0,87.0,11.0,1.0,0.0,0.0,1.0,0.0,0.0,9.0,2.0,-1.0
2644,2015132370884,1,9,0,13,0,0,1,0,1,4,3,1,6,1,21,5,1360,1,8,-1,1,-1,5,1,424535.0,428612.0,-1.629389,53.7533,13,1,1,5,42188,7,1899-12-30 13:50:00,204,E08000035,3,62,6,40,0,-1,-1,0,0,0,1,1,1,0,0,1,1,E01011522,3.0,2.0,1.0,13.0,3.0,1.0,0.0,0.0,2.0,0.0,0.0,9.0,-1.0,-1.0
2645,2015450030915,1,9,0,18,0,4,5,7,7,0,4,1,6,2,81,11,1590,1,11,-1,2,-1,3,2,506054.0,139023.0,-0.485403,51.140663,45,1,2,3,20/10/2015,3,1899-12-30 14:22:00,517,E10000030,4,2128,6,30,1,4,4,2128,0,8,1,1,1,0,0,1,1,E01030876,1.0,3.0,2.0,85.0,11.0,1.0,5.0,1.0,0.0,0.0,-1.0,0.0,2.0,10.0
2646,201542I311309,1,5,0,18,0,0,1,0,1,4,1,1,6,1,36,7,1052,1,22,-1,1,-1,2,1,612896.0,214923.0,1.085754,51.792425,42,1,1,2,30/09/2015,4,1899-12-30 19:01:00,461,E10000012,6,0,6,60,0,-1,-1,0,0,0,6,1,1,0,0,2,1,E01022045,2.0,1.0,1.0,36.0,7.0,2.0,0.0,0.0,0.0,0.0,0.0,5.0,1.0,3.0
2647,201534TD80155,4,9,0,18,0,0,0,0,0,0,0,1,6,2,-1,-1,-1,-1,-1,-1,-1,-1,1,4,474600.0,277107.0,-0.905302,52.386919,34,1,4,1,17/07/2015,6,1899-12-30 12:57:00,381,E10000021,3,508,6,30,0,-1,-1,0,0,0,1,1,1,0,0,2,1,E01027002,,,,,,,,,,,,,,
2648,201506E096003,1,9,0,18,0,1,0,0,0,0,4,1,2,2,36,7,1339,1,7,-1,1,-1,1,2,384870.0,396740.0,-2.229378,53.467179,6,1,2,1,13/01/2015,3,1899-12-30 07:36:00,102,E08000003,3,34,3,30,6,2,5,0,0,5,4,1,2,0,0,1,1,E01005062,,,,,,,,,,,,,,
2649,2015610048215,1,9,0,18,0,0,2,0,1,4,4,1,2,1,41,7,-1,-1,-1,-1,1,-1,1,1,325238.0,187552.0,-3.080376,51.581848,61,1,1,1,26/09/2015,7,1899-12-30 22:20:00,733,W06000022,3,468,6,50,0,-1,-1,0,0,0,6,1,1,0,0,2,1,W01001636,1.0,1.0,1.0,41.0,7.0,1.0,0.0,0.0,0.0,0.0,0.0,9.0,1.0,-1.0
2650,2015460262386,1,9,0,18,0,0,0,0,1,3,3,1,6,2,20,4,998,1,6,-1,3,-1,3,1,610760.0,163540.0,1.024045,51.33188,46,1,1,3,42226,5,1899-12-30 00:25:00,531,E10000016,3,290,6,40,0,-1,-1,0,0,0,6,1,2,0,0,2,1,E01024109,3.0,2.0,2.0,20.0,4.0,3.0,0.0,0.0,1.0,0.0,0.0,9.0,-1.0,-1.0
2651,20154100J0601,1,9,0,18,0,0,0,0,0,0,1,1,6,2,33,6,1896,2,6,-1,1,-1,1,1,524795.0,203029.0,-0.195118,51.712121,41,1,1,1,13/11/2015,6,1899-12-30 16:53:00,438,E10000015,5,59,6,60,0,-1,-1,0,0,0,6,1,2,0,0,2,1,E01023911,1.0,3.0,1.0,28.0,6.0,1.0,5.0,3.0,0.0,0.0,0.0,0.0,-1.0,-1.0
2652,201531D169615,1,9,0,17,0,0,0,10,1,2,1,1,6,1,25,5,2143,2,2,-1,1,-1,3,1,458350.0,343587.0,-1.132274,52.986452,31,1,1,3,21/08/2015,6,1899-12-30 12:34:00,343,E10000024,6,0,6,30,0,-1,-1,0,0,0,1,1,1,0,0,1,1,E01028217,3.0,1.0,1.0,25.0,5.0,3.0,0.0,0.0,0.0,0.0,0.0,9.0,1.0,7.0
2653,2015460258149,4,19,0,16,0,1,1,0,0,0,1,1,6,1,23,5,1560,2,4,-1,1,-1,2,4,600810.0,131250.0,0.863372,51.045494,46,1,4,2,24/06/2015,4,1899-12-30 16:10:00,530,E10000016,3,2070,6,60,3,4,6,0,0,0,1,1,1,0,0,2,1,E01024037,,,,,,,,,,,,,,
2654,2015930000494,1,5,0,16,0,0,0,0,0,0,1,1,6,1,32,6,998,1,6,-1,1,-1,1,2,370779.0,756211.0,-2.478747,56.696699,93,1,2,1,28/09/2015,2,1899-12-30 13:40:00,912,S12000041,5,45,6,60,0,-1,-1,0,0,0,1,1,1,0,0,2,1,,1.0,1.0,1.0,32.0,6.0,1.0,0.0,0.0,0.0,0.0,0.0,5.0,1.0,-1.0
2655,2015220038163,1,9,0,18,0,0,0,0,1,0,1,1,2,1,34,6,1997,2,11,-1,1,-1,1,1,380616.0,275934.0,-2.286199,52.381093,22,1,1,1,20/12/2015,1,1899-12-30 17:52:00,278,E10000034,3,456,3,60,0,-1,-1,0,0,0,6,1,2,0,0,2,1,E01032480,1.0,3.0,1.0,16.0,4.0,1.0,5.0,3.0,0.0,0.0,0.0,0.0,2.0,2.0
2656,2015360093114,2,21,0,17,0,0,0,0,1,0,1,1,1,1,49,8,9365,2,7,-1,3,-1,3,2,563947.0,317452.0,0.426502,52.729859,36,1,2,3,42044,4,1899-12-30 15:30:00,407,E10000020,3,47,6,60,0,-1,-1,0,0,0,1,1,1,0,0,2,1,E01026724,3.0,1.0,1.0,49.0,8.0,3.0,0.0,0.0,0.0,0.0,0.0,21.0,3.0,6.0
2657,2015950003371,3,9,0,3,0,0,0,0,0,0,1,1,1,1,27,6,1493,2,5,-1,1,-1,3,4,305619.0,670424.0,-3.511681,55.917612,95,1,4,3,20/07/2015,2,1899-12-30 08:40:00,940,S12000040,1,8,3,70,0,-1,-1,0,0,0,1,1,1,0,0,1,1,,3.0,1.0,1.0,27.0,6.0,3.0,0.0,0.0,0.0,0.0,0.0,9.0,1.0,-1.0
2658,2015981109515,1,9,0,13,0,0,5,0,7,11,1,1,6,1,65,9,2179,2,4,-1,2,-1,1,2,248312.0,555215.0,-4.365259,54.868639,98,1,2,1,27/06/2015,7,1899-12-30 11:50:00,917,S12000006,3,75,6,60,0,-1,-1,0,0,0,1,1,1,0,0,2,1,,,,,,,,,,,,,,,
2659,2015460255468,2,9,0,18,0,1,2,0,0,0,1,1,6,1,20,4,1598,1,3,-1,3,-1,5,3,617460.0,167080.0,1.122233,51.361143,46,1,3,5,19/04/2015,1,1899-12-30 00:33:00,531,E10000016,3,2990,6,40,3,4,6,0,0,0,4,1,1,0,0,2,1,E01024064,4.0,2.0,2.0,17.0,4.0,3.0,0.0,0.0,2.0,0.0,0.0,9.0,1.0,8.0
2660,201520S058035,1,9,0,18,0,0,0,0,0,0,3,1,6,1,21,5,1796,1,11,-1,1,-1,1,2,399830.0,284960.0,-2.00393,52.462585,20,1,2,1,28/10/2015,4,1899-12-30 20:23:00,300,E08000025,3,456,3,40,0,-1,-1,0,0,0,4,1,1,0,0,1,1,E01009253,1.0,3.0,1.0,63.0,9.0,1.0,5.0,3.0,0.0,0.0,0.0,0.0,1.0,6.0
2661,2015556000356,2,9,0,18,0,0,0,0,0,0,1,1,6,1,28,6,1984,1,1,-1,3,-1,6,3,361748.0,98868.0,-2.544021,50.788111,55,1,3,6,42221,6,1899-12-30 22:15:00,645,E10000009,3,37,6,60,0,-1,-1,0,0,0,6,7,1,0,0,2,1,E01020529,4.0,2.0,1.0,28.0,6.0,2.0,0.0,0.0,1.0,0.0,0.0,9.0,3.0,6.0
2662,2015200086912,1,9,0,18,0,0,0,0,0,0,3,1,6,2,40,7,-1,-1,-1,-1,1,-1,1,1,402705.0,285259.0,-1.961613,52.465267,20,1,1,1,42319,3,1899-12-30 18:48:00,300,E08000025,6,0,6,30,0,-1,-1,0,0,4,1,1,-1,0,2,1,1,E01009066,1.0,3.0,1.0,21.0,5.0,1.0,10.0,9.0,0.0,0.0,-1.0,0.0,1.0,6.0
2663,2015120055894,2,9,0,17,0,0,0,0,0,0,3,1,6,2,59,9,1242,1,-1,-1,1,-1,4,3,452258.0,452080.0,-1.204997,53.962171,12,1,3,4,42159,2,1899-12-30 13:00:00,189,E06000014,4,1224,6,60,0,-1,-1,0,0,0,1,1,1,0,0,2,1,E01013421,2.0,1.0,2.0,59.0,9.0,3.0,0.0,0.0,0.0,0.0,0.0,9.0,1.0,9.0
2664,2015331500467,1,97,0,18,0,0,0,0,0,0,3,1,6,1,19,4,-1,-1,-1,-1,1,-1,1,2,458430.0,307915.0,-1.137454,52.665809,33,1,2,1,42189,3,1899-12-30 21:17:00,364,E06000016,3,563,3,30,0,-1,-1,0,0,4,4,1,1,0,0,1,1,E01013602,,,,,,,,,,,,,,
2665,2015440173317,2,9,0,18,0,0,0,0,0,0,1,1,6,1,59,9,1248,1,2,-1,1,-1,1,2,454026.0,144184.0,-1.22823,51.19433,44,1,2,1,23/05/2015,7,1899-12-30 00:20:00,490,E10000014,3,303,3,70,0,-1,-1,0,0,0,6,1,2,0,0,2,1,E01022533,,,,,,,,,,,,,,
2666,2015950003303,2,9,0,18,0,0,0,0,1,0,1,1,6,1,65,9,-1,-1,-1,-1,2,-1,4,2,344283.0,645789.0,-2.888111,55.702334,95,1,2,4,14/07/2015,3,1899-12-30 16:30:00,914,S12000026,3,7,6,60,0,-1,-1,0,0,0,1,1,1,0,0,2,1,,2.0,1.0,1.0,65.0,9.0,2.0,0.0,0.0,0.0,0.0,0.0,9.0,2.0,10.0
2667,2015460264626,2,9,0,18,0,0,0,0,0,0,1,1,6,1,53,8,1798,1,6,-1,-1,-1,7,2,570320.0,172720.0,0.448568,51.427891,46,1,2,7,42136,7,1899-12-30 20:30:00,535,E10000016,5,2,6,50,0,-1,-1,0,0,0,6,1,2,0,0,2,1,E01024300,2.0,1.0,1.0,53.0,8.0,2.0,0.0,0.0,0.0,0.0,0.0,9.0,1.0,2.0
2668,2015132CG0205,1,3,0,18,0,0,1,0,0,0,1,1,2,1,24,5,124,1,7,-1,1,-1,1,2,410434.0,436738.0,-1.842967,53.826806,13,1,2,1,16/12/2015,4,1899-12-30 07:15:00,200,E08000032,6,0,6,30,0,-1,-1,0,0,0,4,2,2,0,0,2,1,E01010587,1.0,1.0,1.0,24.0,5.0,1.0,0.0,0.0,0.0,0.0,0.0,3.0,1.0,4.0