,accident_index,vehicle_reference,vehicle_type,towing_and_articulation,vehicle_manoeuvre,vehicle_location-restricted_lane,junction_location,skidding_and_overturning,hit_object_in_carriageway,vehicle_leaving_carriageway,hit_object_off_carriageway,1st_point_of_impact,was_vehicle_left_hand_drive?,journey_purpose_of_driver,sex_of_driver,age_of_driver,age_band_of_driver,engine_capacity_(cc),propulsion_code,age_of_vehicle,driver_imd_decile,driver_home_area_type,vehicle_imd_decile,NUmber_of_Casualities_unique_to_accident_index,No_of_Vehicles_involved_unique_to_accident_index,location_easting_osgr,location_northing_osgr,longitude,latitude,police_force,accident_severity,number_of_vehicles,number_of_casualties,date,day_of_week,time,local_authority_(district),local_authority_(highway),1st_road_class,1st_road_number,road_type,speed_limit,junction_detail,junction_control,2nd_road_class,2nd_road_number,pedestrian_crossing-human_control,pedestrian_crossing-physical_facilities,light_conditions,weather_conditions,road_surface_conditions,special_conditions_at_site,carriageway_hazards,urban_or_rural_area,did_police_officer_attend_scene_of_accident,lsoa_of_accident_location,casualty_reference,casualty_class,sex_of_casualty,age_of_casualty,age_band_of_casualty,casualty_severity,pedestrian_location,pedestrian_movement,car_passenger,bus_or_coach_passenger,pedestrian_road_maintenance_worker,casualty_type,casualty_home_area_type,casualty_imd_decile
2735,2015555999676,2,9,0,18,0,0,0,0,0,0,1,1,6,1,65,9,1497,8,7,-1,3,-1,3,2,333534.0,95878.0,-2.943686,50.758673,55,1,2,3,15/03/2015,1,1899-12-30 14:30:00,645,E10000009,3,35,6,60,0,-1,-1,0,0,0,1,1,1,0,0,2,1,E01019961,2.0,2.0,2.0,59.0,9.0,1.0,0.0,0.0,1.0,0.0,0.0,9.0,3.0,4.0
2736,201522F501935,2,9,0,9,0,5,0,0,0,0,2,1,6,1,81,11,2985,2,20,-1,3,-1,1,3,353060.0,323490.0,-2.697767,52.806906,22,1,3,1,42222,2,1899-12-30 17:45:00,286,E06000051,3,49,6,60,3,4,6,0,0,0,1,1,1,0,0,2,1,E01028861,,,,,,,,,,,,,,
2737,201501TD00070,2,9,0,9,0,8,0,0,0,0,4,1,6,2,59,9,1149,1,2,-1,1,-1,1,2,536860.0,170190.0,-0.033369,51.414218,1,1,2,1,13/05/2015,4,1899-12-30 08:10:00,19,E09000006,6,0,6,30,3,4,6,0,0,0,1,1,1,0,0,1,1,E01000711,,,,,,,,,,,,,,
2738,2015320105400,2,9,0,18,0,8,0,0,0,0,2,1,6,2,36,7,1794,1,9,-1,1,-1,1,4,540878.0,349941.0,0.099186,53.028214,32,1,4,1,42318,1,1899-12-30 13:00:00,350,E10000019,3,52,6,50,3,4,6,0,0,0,1,1,1,0,0,2,1,E01026024,,,,,,,,,,,,,,
2739,201520M012225,2,9,0,18,0,0,0,0,0,0,1,1,6,2,49,8,1598,1,11,-1,1,-1,3,2,436790.0,281890.0,-1.460292,52.433755,20,1,2,3,25/07/2015,7,1899-12-30 20:03:00,302,E08000026,6,0,6,30,0,-1,-1,0,0,0,1,1,1,0,0,1,1,E01009579,3.0,2.0,1.0,11.0,3.0,3.0,0.0,0.0,1.0,0.0,0.0,9.0,1.0,1.0
2740,201534TK80125,1,9,0,18,0,0,0,0,0,0,1,1,6,2,60,9,1490,1,10,-1,1,-1,1,1,486755.0,279783.0,-0.726057,52.409183,34,1,1,1,23/06/2015,3,1899-12-30 14:00:00,383,E10000021,6,7011,6,30,0,-1,-1,0,0,0,1,1,1,0,0,1,1,E01027079,1.0,3.0,1.0,18.0,4.0,1.0,5.0,1.0,0.0,0.0,0.0,0.0,-1.0,-1.0
2741,2015100757215,1,9,0,18,0,0,0,0,0,0,1,1,6,2,80,11,996,1,4,-1,3,-1,1,2,423980.0,615006.0,-1.622643,55.428371,10,1,2,1,42228,3,1899-12-30 16:16:00,139,E06000048,5,80,6,60,0,-1,-1,0,0,0,6,1,2,0,0,2,1,E01027367,1.0,1.0,2.0,80.0,11.0,1.0,0.0,0.0,0.0,0.0,0.0,9.0,3.0,9.0
2742,201537EA95200,1,9,0,18,0,0,1,0,1,4,4,1,6,1,27,6,2979,1,15,-1,3,-1,2,1,646491.0,281606.0,1.620094,52.376983,37,1,1,2,42349,5,1899-12-30 01:30:00,416,E10000029,6,0,6,60,0,-1,-1,0,0,0,6,1,1,0,0,2,1,E01030295,1.0,1.0,1.0,27.0,6.0,1.0,0.0,0.0,0.0,0.0,0.0,9.0,3.0,4.0
2743,201520J008625,1,19,0,9,0,5,0,0,0,0,4,1,2,1,57,9,1399,2,5,-1,-1,-1,2,2,392820.0,287920.0,-2.10717,52.489146,20,1,2,2,30/06/2015,3,1899-12-30 18:57:00,303,E08000027,3,4036,3,40,3,2,6,0,0,0,1,1,1,0,0,1,1,E01009746,1.0,1.0,1.0,57.0,9.0,3.0,0.0,0.0,0.0,0.0,0.0,19.0,-1.0,-1.0
2744,2015160C04051,1,9,0,16,0,0,1,0,8,4,1,1,6,1,25,5,1968,2,9,-1,3,-1,3,1,509371.0,439571.0,-0.33927,53.840882,16,1,1,3,26/07/2015,1,1899-12-30 01:27:00,231,E06000011,6,0,6,40,0,-1,-1,0,0,0,6,1,1,0,0,2,1,E01013027,3.0,2.0,1.0,20.0,4.0,1.0,0.0,0.0,1.0,0.0,0.0,9.0,1.0,1.0
2745,201520S013245,1,9,0,18,0,6,1,10,1,0,3,1,6,2,36,7,1389,1,12,-1,1,-1,3,2,401770.0,281530.0,-1.975394,52.431746,20,1,2,3,42219,1,1899-12-30 18:38:00,300,E08000025,4,4121,3,40,6,4,6,0,0,0,4,1,1,0,0,1,1,E01008929,2.0,2.0,1.0,35.0,6.0,2.0,0.0,0.0,1.0,0.0,0.0,9.0,1.0,5.0
2746,2015120058806,1,90,0,18,0,0,0,0,0,0,1,1,6,1,40,7,2198,2,1,-1,1,-1,8,3,469170.0,461349.0,-0.945171,54.043483,12,1,3,8,42281,6,1899-12-30 20:34:00,185,E10000023,3,64,6,60,0,-1,-1,0,0,0,6,1,1,0,0,2,1,E01027797,1.0,1.0,1.0,40.0,7.0,1.0,0.0,0.0,0.0,0.0,0.0,90.0,1.0,9.0
2747,201531B079515,1,5,0,17,0,2,1,10,1,9,4,1,6,1,29,6,848,1,4,-1,1,-1,1,1,475454.0,385756.0,-0.867608,53.363301,31,1,1,1,42099,2,1899-12-30 12:30:00,341,E10000024,3,620,6,50,3,4,6,0,0,0,1,1,1,0,0,2,1,E01028035,1.0,1.0,1.0,29.0,6.0,1.0,0.0,0.0,0.0,0.0,0.0,5.0,1.0,2.0
2748,2015440248544,2,21,4,2,6,0,0,0,0,0,2,1,1,1,44,7,-1,-1,-1,-1,-1,-1,3,2,445180.0,142178.0,-1.355065,51.17706,44,1,2,3,19/07/2015,1,1899-12-30 16:55:00,501,E10000014,3,303,3,70,0,-1,-1,0,0,0,1,1,1,0,0,2,1,E01023178,3.0,2.0,1.0,44.0,7.0,3.0,0.0,0.0,0.0,0.0,0.0,21.0,-1.0,-1.0
2749,201501TD00072,2,1,0,15,2,1,0,0,0,0,1,1,6,2,32,6,-1,-1,-1,-1,1,-1,1,2,532530.0,176600.0,-0.093198,51.47285,1,1,2,1,28/05/2015,5,1899-12-30 07:58:00,8,E09000028,3,215,6,30,3,4,6,0,0,4,1,1,1,0,0,1,1,E01003922,1.0,1.0,2.0,32.0,6.0,1.0,0.0,0.0,0.0,0.0,0.0,1.0,1.0,10.0
2750,201514K303315,1,9,0,18,0,2,0,0,0,0,1,1,6,1,30,6,1900,2,9,-1,1,-1,1,1,438837.0,389513.0,-1.417349,53.401019,14,1,1,1,28/11/2015,7,1899-12-30 21:25:00,215,E08000019,3,6102,6,30,3,4,6,0,0,4,4,2,2,0,0,1,1,E01007904,1.0,3.0,1.0,19.0,4.0,1.0,4.0,1.0,0.0,0.0,0.0,0.0,1.0,7.0
2751,201543W259105,1,9,0,18,0,0,0,0,0,0,1,1,6,3,-1,-1,-1,-1,-1,-1,-1,-1,1,1,447234.0,168600.0,-1.322196,51.414458,43,1,1,1,26/10/2015,2,1899-12-30 22:10:00,471,E06000037,3,339,3,50,0,-1,-1,0,0,0,6,1,1,0,0,2,1,E01016324,1.0,3.0,1.0,36.0,7.0,1.0,10.0,9.0,0.0,0.0,0.0,0.0,-1.0,-1.0
2752,2015530037253,1,9,0,18,0,0,0,0,0,0,1,1,6,1,67,10,1582,2,6,-1,1,-1,2,2,420352.0,225561.0,-1.705432,51.928196,53,1,2,2,26/12/2015,7,1899-12-30 14:25:00,621,E10000013,3,436,6,60,0,-1,-1,0,0,0,1,4,1,5,0,2,1,E01022178,1.0,1.0,1.0,67.0,10.0,1.0,0.0,0.0,0.0,0.0,0.0,9.0,1.0,7.0
2753,20154100A0199,2,5,0,18,0,8,0,0,0,0,1,1,6,1,61,9,750,1,10,-1,1,-1,2,2,539826.0,211024.0,0.025514,51.780419,41,1,2,2,21/04/2015,3,1899-12-30 11:27:00,432,E10000015,4,181,6,60,3,4,6,1571,0,0,1,1,1,0,0,2,1,E01023504,2.0,1.0,1.0,61.0,9.0,1.0,0.0,0.0,0.0,0.0,0.0,5.0,1.0,1.0
2754,20154100G0690,1,9,0,9,0,6,0,0,0,0,1,1,6,2,48,8,1248,1,6,-1,3,-1,1,1,518590.0,228876.0,-0.276037,51.94575,41,1,1,1,29/12/2015,3,1899-12-30 12:47:00,433,E10000015,4,656,6,30,8,4,-1,-1,0,0,1,1,1,0,0,1,1,E01023606,1.0,3.0,2.0,89.0,11.0,1.0,8.0,1.0,0.0,0.0,0.0,0.0,1.0,10.0
2755,201504SB15158,2,9,0,4,0,0,0,0,0,0,1,1,6,2,19,4,1299,1,12,-1,2,-1,5,2,345040.0,415060.0,-2.832539,53.629169,4,1,2,5,18/08/2015,3,1899-12-30 11:55:00,84,E10000017,6,0,6,60,0,-1,-1,0,0,0,1,1,1,0,0,2,1,E01025513,2.0,1.0,2.0,19.0,4.0,3.0,0.0,0.0,0.0,0.0,0.0,9.0,2.0,5.0
2756,2015450029076,2,9,0,16,0,0,0,0,0,0,1,1,6,1,48,8,1598,1,12,-1,1,-1,3,2,536329.0,150125.0,-0.048669,51.234032,45,1,2,3,42225,3,1899-12-30 11:57:00,516,E10000030,3,22,6,50,0,-1,-1,0,0,0,1,1,1,0,0,2,1,E01030825,2.0,1.0,1.0,48.0,8.0,2.0,0.0,0.0,0.0,0.0,0.0,9.0,1.0,4.0
2757,20154100D0283,2,19,0,18,0,0,0,0,0,0,1,1,1,1,38,7,2143,2,3,-1,3,-1,1,4,498642.0,207392.0,-0.572277,51.75654,41,1,4,1,26/06/2015,6,1899-12-30 11:12:00,431,E10000015,3,416,6,30,0,-1,-1,0,0,0,1,1,1,0,0,1,1,E01023372,,,,,,,,,,,,,,
2758,2015621501452,4,98,1,16,0,0,0,0,0,0,0,1,1,1,50,8,-1,-1,-1,-1,1,-1,1,4,322784.0,178477.0,-3.113792,51.499935,62,1,4,1,42285,2,1899-12-30 17:11:00,741,W06000015,6,0,6,40,0,-1,-1,0,0,0,1,1,1,0,0,1,1,W01001885,,,,,,,,,,,,,,
2759,2015450023718,1,9,0,18,0,0,1,0,7,0,4,1,6,1,18,4,1390,1,7,-1,1,-1,4,2,517270.0,138316.0,-0.325376,51.132123,45,1,2,4,26/04/2015,1,1899-12-30 22:09:00,512,E10000030,3,24,6,50,0,-1,-1,0,0,0,6,4,1,0,0,2,1,E01030529,4.0,2.0,2.0,17.0,4.0,1.0,0.0,0.0,-1.0,0.0,0.0,9.0,1.0,5.0
2760,201520N038645,1,3,0,16,0,0,5,10,4,10,3,1,6,1,25,5,125,1,1,-1,1,-1,1,1,409790.0,290090.0,-1.857187,52.508617,20,1,1,1,42127,5,1899-12-30 22:35:00,300,E08000025,2,38,3,40,0,-1,-1,0,0,0,4,1,1,0,0,1,1,E01009401,1.0,1.0,1.0,25.0,5.0,1.0,0.0,0.0,0.0,0.0,0.0,3.0,1.0,5.0
2761,201523S010640,2,9,0,18,0,8,0,0,0,0,1,1,6,1,27,6,1598,2,5,-1,1,-1,1,2,423868.0,272405.0,-1.651026,52.3492,23,1,2,1,27/06/2015,7,1899-12-30 10:38:00,294,E10000031,3,4177,6,50,3,4,6,0,0,0,1,1,1,0,0,2,1,E01031283,,,,,,,,,,,,,,
2762,2015030001655,1,20,0,16,0,0,0,0,0,0,1,1,6,1,47,8,-1,-1,-1,-1,3,-1,1,1,331530.0,550920.0,-3.067868,54.848381,3,1,1,1,42101,7,1899-12-30 11:04:00,60,E10000006,3,596,6,60,0,-1,-1,0,0,0,1,1,1,0,0,2,1,E01019130,1.0,1.0,1.0,47.0,8.0,1.0,0.0,0.0,0.0,0.0,0.0,20.0,3.0,6.0
2763,2015984128215,1,9,0,17,0,0,0,6,1,7,1,1,6,1,21,5,2143,2,-1,-1,1,-1,2,1,327982.0,570650.0,-3.128065,55.025147,98,1,1,2,30/08/2015,1,1899-12-30 06:00:00,917,S12000006,2,74,3,70,0,-1,-1,0,0,0,1,1,1,0,0,2,1,,1.0,1.0,1.0,21.0,5.0,1.0,0.0,0.0,0.0,0.0,0.0,9.0,1.0,2.0
2764,2015621501574,1,9,0,12,0,0,0,0,0,0,1,1,6,1,22,5,-1,-1,-1,-1,1,-1,9,3,315064.0,177506.0,-3.224749,51.490098,62,1,3,9,13/09/2015,1,1899-12-30 11:49:00,741,W06000015,3,48,3,40,0,-1,-1,0,0,4,1,1,1,0,0,1,1,W01001782,1.0,1.0,1.0,22.0,5.0,2.0,0.0,0.0,0.0,0.0,0.0,9.0,1.0,-1.0
2765,201542I210807,1,9,0,18,0,0,0,0,0,0,1,1,6,2,63,9,998,1,-1,-1,2,-1,2,2,570336.0,205806.0,0.46483,51.7251,42,1,2,2,16/07/2015,5,1899-12-30 12:50:00,454,E10000012,6,0,6,30,0,-1,-1,0,0,0,1,1,1,0,0,1,1,E01021580,1.0,2.0,2.0,87.0,11.0,1.0,0.0,0.0,1.0,0.0,0.0,9.0,1.0,4.0
2766,2015540132115,2,21,1,18,0,0,1,0,0,0,1,1,1,1,52,8,10837,2,3,-1,2,-1,2,2,404634.0,183423.0,-1.934563,51.549679,54,1,2,2,42125,2,1899-12-30 18:43:00,635,E06000054,1,4,3,70,0,-1,-1,0,0,0,6,1,1,0,7,2,1,E01031968,2.0,1.0,1.0,52.0,8.0,3.0,0.0,0.0,0.0,0.0,0.0,21.0,2.0,8.0
2767,201534TD80155,2,9,0,18,0,0,0,0,0,0,0,1,6,1,-1,-1,2179,2,1,-1,-1,-1,1,4,474600.0,277107.0,-0.905302,52.386919,34,1,4,1,17/07/2015,6,1899-12-30 12:57:00,381,E10000021,3,508,6,30,0,-1,-1,0,0,0,1,1,1,0,0,2,1,E01027002,,,,,,,,,,,,,,
2768,201537EA91187,2,21,0,18,0,0,1,0,2,4,1,1,1,1,51,8,12902,2,2,-1,3,-1,2,2,647580.0,280070.0,1.634926,52.362711,37,1,2,2,18/06/2015,5,1899-12-30 14:16:00,416,E10000029,3,12,6,60,0,-1,-1,0,0,0,1,1,1,0,0,2,1,E01030229,2.0,1.0,1.0,51.0,8.0,3.0,0.0,0.0,0.0,0.0,0.0,21.0,3.0,5.0
2769,2015320099530,1,5,0,13,0,0,1,0,0,0,1,1,6,1,52,8,-1,-1,-1,-1,-1,-1,2,3,493843.0,327976.0,-0.608217,52.84113,32,1,3,2,29/09/2015,3,1899-12-30 14:48:00,355,E10000019,4,6403,6,60,0,-1,-1,0,0,0,1,1,1,0,0,2,1,E01026331,1.0,1.0,1.0,52.0,8.0,1.0,0.0,0.0,0.0,0.0,0.0,5.0,-1.0,-1.0
2770,2015030003037,1,9,0,16,0,0,5,0,7,10,1,1,2,1,23,5,1956,2,1,-1,1,-1,1,1,355000.0,501510.0,-2.694776,54.407046,3,1,1,1,42320,6,1899-12-30 20:08:00,65,E10000006,3,6,6,60,0,-1,-1,0,0,0,6,1,2,0,0,2,1,E01019394,1.0,1.0,1.0,23.0,5.0,1.0,0.0,0.0,0.0,0.0,0.0,9.0,1.0,9.0
2771,2015331500174,2,9,0,14,0,0,0,0,0,0,3,1,6,1,37,7,1995,2,13,-1,1,-1,1,2,454975.0,302360.0,-1.189459,52.616237,33,1,2,1,20/02/2015,6,1899-12-30 13:21:00,360,E10000018,6,3263,6,30,0,-1,-1,0,0,0,1,1,1,0,0,1,1,E01025667,,,,,,,,,,,,,,
2772,2015440357164,1,9,0,13,0,0,0,0,0,0,1,1,6,2,69,10,1298,1,12,-1,3,-1,2,2,438212.0,134563.0,-1.455545,51.109095,44,1,2,2,14/10/2015,4,1899-12-30 11:19:00,501,E10000014,4,3049,6,60,0,-1,-1,0,0,0,1,1,1,0,0,2,1,E01023168,1.0,1.0,2.0,69.0,10.0,1.0,0.0,0.0,0.0,0.0,0.0,9.0,3.0,8.0
2773,201550BW3S011,1,9,0,16,0,0,0,0,0,0,1,1,6,1,29,6,1598,1,10,-1,3,-1,5,2,204295.0,69736.0,-4.760644,50.494656,50,1,2,5,26/12/2015,7,1899-12-30 19:18:00,596,E06000052,4,3266,6,30,0,-1,-1,0,0,0,6,4,1,0,0,2,1,E01018924,5.0,1.0,1.0,29.0,6.0,2.0,0.0,0.0,0.0,0.0,0.0,9.0,3.0,5.0
2774,201597NE70505,1,9,0,18,0,0,5,0,1,7,1,1,6,1,49,8,1341,1,13,-1,1,-1,1,1,283574.0,656589.0,-3.858273,55.788539,97,1,1,1,20/05/2015,4,1899-12-30 23:15:00,932,S12000044,3,71,6,60,0,-1,-1,0,0,0,6,1,1,0,0,1,1,,1.0,1.0,1.0,49.0,8.0,1.0,0.0,0.0,0.0,0.0,0.0,9.0,1.0,-1.0
2775,2015950003793,2,9,0,18,0,1,0,0,0,0,1,1,2,2,25,5,998,1,2,-1,1,-1,3,3,302541.0,678406.0,-3.563797,55.988687,95,1,3,3,13/08/2015,5,1899-12-30 17:15:00,940,S12000040,3,803,6,60,5,4,1,9,0,0,1,1,1,0,0,2,1,,2.0,1.0,2.0,25.0,5.0,3.0,0.0,0.0,0.0,0.0,0.0,9.0,1.0,-1.0
2776,2015521503055,2,9,0,18,0,8,0,0,0,0,1,1,6,2,-1,-1,1299,1,12,-1,1,-1,3,2,352421.0,179746.0,-2.687046,51.514623,52,1,2,3,28/04/2015,3,1899-12-30 09:14:00,601,E06000023,6,0,6,40,8,4,6,0,0,0,1,1,1,0,0,2,1,E01014496,2.0,2.0,2.0,2.0,1.0,2.0,0.0,0.0,2.0,0.0,0.0,9.0,1.0,10.0
2777,201563DP10615,1,9,0,9,0,1,0,0,0,0,2,1,6,1,44,7,-1,-1,-1,-1,1,-1,1,2,317060.0,221470.0,-3.20647,51.885595,63,1,2,1,23/05/2015,7,1899-12-30 17:58:00,753,W06000023,3,40,6,60,8,4,6,0,0,0,1,1,1,0,0,2,1,W01001905,,,,,,,,,,,,,,
2778,2015120058806,3,9,0,18,0,0,0,0,0,0,1,1,6,2,17,4,998,1,10,-1,3,-1,8,3,469170.0,461349.0,-0.945171,54.043483,12,1,3,8,42281,6,1899-12-30 20:34:00,185,E10000023,3,64,6,60,0,-1,-1,0,0,0,6,1,1,0,0,2,1,E01027797,3.0,1.0,2.0,17.0,4.0,3.0,0.0,0.0,0.0,0.0,0.0,9.0,3.0,8.0
2779,2015521501395,4,9,0,2,0,0,0,4,0,0,2,1,6,3,-1,-1,2148,2,7,-1,-1,-1,1,5,360248.0,177504.0,-2.574006,51.495071,52,1,5,1,42065,3,1899-12-30 11:46:00,601,E06000023,6,0,6,30,0,-1,-1,0,0,5,1,1,1,0,0,1,1,E01014659,,,,,,,,,,,,,,
2780,2015100629815,1,9,0,18,0,2,0,0,0,0,1,1,6,1,61,9,-1,-1,-1,-1,1,-1,1,2,427114.0,566100.0,-1.577797,54.988758,10,1,2,1,14/09/2015,2,1899-12-30 10:57:00,147,E08000021,3,188,6,30,3,4,6,1234,0,4,1,1,1,0,0,1,1,E01008364,1.0,1.0,1.0,61.0,9.0,1.0,0.0,0.0,0.0,0.0,0.0,9.0,1.0,1.0
2781,201550AY2E004,2,4,0,18,0,8,0,0,0,0,1,1,2,1,25,5,400,1,23,-1,2,-1,1,2,154084.0,35777.0,-5.445205,50.170884,50,1,2,1,29/07/2015,4,1899-12-30 07:10:00,596,E06000052,3,30,6,40,3,4,6,0,0,8,1,1,1,0,0,2,1,E01018987,1.0,1.0,1.0,25.0,5.0,1.0,0.0,0.0,0.0,0.0,0.0,4.0,2.0,3.0
2782,201522C503976,2,3,0,11,0,0,0,0,0,0,0,1,6,1,19,4,124,1,8,-1,1,-1,2,2,405540.0,264910.0,-1.920213,52.282306,22,1,2,2,26/10/2015,2,1899-12-30 01:28:00,274,E10000034,6,0,6,40,0,-1,-1,0,0,0,4,1,1,0,0,2,1,E01032257,,,,,,,,,,,,,,
2783,201514K186915,1,9,0,13,0,0,0,0,0,0,1,1,6,1,19,4,2967,2,6,-1,1,-1,3,3,444098.0,384284.0,-1.338956,53.353609,14,1,3,3,42193,6,1899-12-30 11:20:00,215,E08000019,3,57,6,60,0,-1,-1,0,0,0,1,1,1,0,0,2,1,E01008028,1.0,1.0,1.0,19.0,4.0,1.0,0.0,0.0,0.0,0.0,0.0,9.0,1.0,1.0
2784,201534TK80105,3,9,0,18,0,0,0,0,0,0,1,1,6,1,41,7,1248,2,8,-1,2,-1,5,3,482456.0,273783.0,-0.790714,52.355918,34,1,3,5,42191,1,1899-12-30 16:37:00,383,E10000021,3,43,6,60,0,-1,-1,0,0,0,1,1,1,0,0,2,1,E01027119,2.0,1.0,1.0,41.0,7.0,2.0,0.0,0.0,0.0,0.0,0.0,9.0,2.0,5.0
2785,201554B226515,2,9,0,18,0,0,0,0,1,0,1,1,6,1,27,6,1896,2,10,-1,1,-1,4,3,391292.0,169137.0,-2.126622,51.421176,54,1,3,4,14/12/2015,2,1899-12-30 20:40:00,635,E06000054,3,350,6,60,0,-1,-1,0,0,0,4,1,2,0,0,2,1,E01031942,2.0,1.0,1.0,27.0,6.0,2.0,0.0,0.0,0.0,0.0,0.0,9.0,1.0,2.0
2786,201543N033125,1,9,0,18,0,0,0,0,0,0,1,1,6,2,70,10,2685,2,12,-1,1,-1,1,1,493452.0,182721.0,-0.65403,51.535668,43,1,1,1,42197,2,1899-12-30 18:16:00,477,E10000002,6,864,6,30,0,-1,-1,0,0,0,5,1,2,0,0,1,1,E01017803,1.0,3.0,1.0,52.0,8.0,1.0,9.0,8.0,0.0,0.0,0.0,0.0,1.0,3.0
2787,2015360087807,1,9,0,18,0,0,0,0,0,0,1,1,6,2,60,9,1598,2,1,-1,3,-1,4,2,595104.0,300856.0,0.877525,52.570524,36,1,2,4,42340,5,1899-12-30 18:00:00,400,E10000020,4,1108,6,60,0,-1,-1,0,0,0,6,1,1,0,0,2,1,E01026464,3.0,1.0,2.0,60.0,9.0,2.0,0.0,0.0,0.0,0.0,0.0,9.0,3.0,4.0
2788,201520G000955,1,9,0,18,0,1,0,7,7,1,1,1,6,1,76,11,-1,-1,-1,-1,1,-1,2,2,391520.0,303350.0,-2.126715,52.62784,20,1,2,2,16/01/2015,6,1899-12-30 12:10:00,309,E08000031,3,449,3,40,1,4,6,0,0,4,1,1,2,4,0,1,1,E01010438,2.0,3.0,1.0,72.0,10.0,1.0,9.0,5.0,0.0,0.0,0.0,0.0,1.0,1.0
2789,201550JC4O001,2,9,0,18,0,0,1,0,0,4,1,1,6,2,68,10,1598,1,1,-1,3,-1,4,2,287344.0,92779.0,-3.597379,50.723679,50,1,2,4,42343,3,1899-12-30 12:39:00,585,E10000008,6,0,6,60,0,-1,-1,0,0,0,1,1,1,0,0,2,1,E01020262,4.0,2.0,2.0,92.0,11.0,2.0,0.0,0.0,2.0,0.0,0.0,9.0,3.0,6.0
2790,201591NL00807,1,9,0,16,0,0,1,0,1,0,1,1,6,2,47,8,-1,-1,-1,-1,3,-1,2,1,441985.0,1154870.0,-1.242776,60.275864,91,1,1,2,14/02/2015,7,1899-12-30 11:30:00,936,S12000027,3,970,6,60,0,-1,-1,0,0,0,1,1,1,0,0,2,1,,2.0,2.0,2.0,76.0,11.0,3.0,0.0,0.0,1.0,0.0,0.0,9.0,-1.0,-1.0
2791,201506X096212,1,9,0,12,0,0,1,0,1,4,3,1,2,1,50,8,2018,2,19,-1,1,-1,1,2,375650.0,403690.0,-2.368803,53.529299,6,1,2,1,16/01/2015,6,1899-12-30 10:45:00,100,E08000001,1,61,3,70,0,-1,-1,0,0,0,1,2,2,0,0,2,1,E01004908,1.0,1.0,1.0,50.0,8.0,1.0,0.0,0.0,0.0,0.0,0.0,9.0,1.0,2.0
2792,201501TD00070,1,5,0,18,0,8,1,0,0,0,3,1,6,1,26,6,749,1,8,-1,1,-1,1,2,536860.0,170190.0,-0.033369,51.414218,1,1,2,1,13/05/2015,4,1899-12-30 08:10:00,19,E09000006,6,0,6,30,3,4,6,0,0,0,1,1,1,0,0,1,1,E01000711,1.0,1.0,1.0,26.0,6.0,1.0,0.0,0.0,0.0,0.0,0.0,5.0,1.0,2.0
2793,2015170L51075,2,9,0,18,0,0,0,0,1,0,1,1,6,1,54,8,1390,1,2,-1,-1,-1,2,2,471093.0,517413.0,-0.902497,54.546989,17,1,2,2,23/07/2015,5,1899-12-30 17:53:00,241,E06000003,4,1366,6,60,0,-1,-1,0,0,0,1,1,1,0,0,2,1,E01012137,2.0,1.0,1.0,54.0,8.0,3.0,0.0,0.0,0.0,0.0,0.0,9.0,-1.0,-1.0
2794,2015440095215,2,9,0,18,0,0,0,0,0,0,0,1,6,1,69,10,1753,2,11,-1,1,-1,1,2,466768.0,123615.0,-1.049705,51.008054,44,1,2,1,20/03/2015,6,1899-12-30 15:10:00,497,E10000014,6,0,6,60,0,-1,-1,0,0,0,1,1,1,0,0,2,1,E01022592,,,,,,,,,,,,,,
2795,2015471506971,2,21,0,18,0,8,1,0,0,0,1,2,1,1,34,6,-1,-1,-1,-1,1,-1,2,2,515051.0,122892.0,-0.361976,50.993935,47,1,2,2,25/11/2015,4,1899-12-30 16:49:00,562,E10000032,3,272,6,60,3,4,6,0,0,0,6,1,1,0,0,2,1,E01031611,,,,,,,,,,,,,,
2796,201543R061125,1,9,0,18,0,5,0,0,0,0,1,1,6,1,22,5,1781,1,14,-1,1,-1,3,3,495254.0,180753.0,-0.628588,51.517677,43,1,3,3,42197,2,1899-12-30 14:30:00,473,E06000039,3,4,6,40,3,2,6,7302,0,0,1,1,1,0,0,1,1,E01016486,1.0,1.0,1.0,22.0,5.0,3.0,0.0,0.0,0.0,0.0,0.0,9.0,1.0,5.0
2797,2015350115815,1,9,0,9,8,6,0,0,0,0,3,1,6,1,43,7,1598,2,3,-1,2,-1,1,2,515990.0,286430.0,-0.294154,52.463504,35,1,2,1,42162,2,1899-12-30 16:49:00,393,E10000003,4,660,6,60,9,4,6,0,0,0,1,1,1,0,0,2,1,E01018194,,,,,,,,,,,,,,
2798,201560S047437,2,9,0,9,0,8,0,0,7,0,3,1,6,1,27,6,-1,-1,-1,-1,-1,-1,4,3,280858.0,359739.0,-3.781796,53.121471,60,1,3,4,42128,1,1899-12-30 13:25:00,721,W06000003,3,470,6,60,3,4,6,0,0,0,1,1,1,0,0,2,1,W01000134,3.0,2.0,2.0,26.0,6.0,3.0,0.0,0.0,1.0,0.0,0.0,9.0,-1.0,-1.0
2799,2015460259562,3,9,0,18,0,2,0,0,0,0,3,1,1,1,32,6,1560,2,3,-1,1,-1,1,3,574200.0,167724.0,0.501872,51.381834,46,1,3,1,25/07/2015,7,1899-12-30 18:55:00,544,E06000035,4,2097,6,30,3,4,6,0,0,0,1,1,1,0,0,1,1,E01016131,,,,,,,,,,,,,,