,accident_index,vehicle_reference,vehicle_type,towing_and_articulation,vehicle_manoeuvre,vehicle_location-restricted_lane,junction_location,skidding_and_overturning,hit_object_in_carriageway,vehicle_leaving_carriageway,hit_object_off_carriageway,1st_point_of_impact,was_vehicle_left_hand_drive?,journey_purpose_of_driver,sex_of_driver,age_of_driver,age_band_of_driver,engine_capacity_(cc),propulsion_code,age_of_vehicle,driver_imd_decile,driver_home_area_type,vehicle_imd_decile,NUmber_of_Casualities_unique_to_accident_index,No_of_Vehicles_involved_unique_to_accident_index,location_easting_osgr,location_northing_osgr,longitude,latitude,police_force,accident_severity,number_of_vehicles,number_of_casualties,date,day_of_week,time,local_authority_(district),local_authority_(highway),1st_road_class,1st_road_number,road_type,speed_limit,junction_detail,junction_control,2nd_road_class,2nd_road_number,pedestrian_crossing-human_control,pedestrian_crossing-physical_facilities,light_conditions,weather_conditions,road_surface_conditions,special_conditions_at_site,carriageway_hazards,urban_or_rural_area,did_police_officer_attend_scene_of_accident,lsoa_of_accident_location,casualty_reference,casualty_class,sex_of_casualty,age_of_casualty,age_band_of_casualty,casualty_severity,pedestrian_location,pedestrian_movement,car_passenger,bus_or_coach_passenger,pedestrian_road_maintenance_worker,casualty_type,casualty_home_area_type,casualty_imd_decile
2800,2015440175317,2,9,0,17,0,0,1,0,0,0,1,1,6,1,44,7,1598,1,5,-1,3,-1,5,2,457532.0,79382.0,-1.188254,50.611323,44,1,2,5,24/05/2015,1,1899-12-30 16:55:00,505,E06000046,3,3055,6,60,0,-1,-1,0,0,0,1,1,1,0,0,2,1,E01017359,3.0,2.0,2.0,46.0,8.0,3.0,0.0,0.0,1.0,0.0,0.0,9.0,3.0,8.0
2801,201554B226515,1,9,0,13,0,0,0,0,7,0,1,1,6,2,49,8,1360,1,5,-1,1,-1,4,3,391292.0,169137.0,-2.126622,51.421176,54,1,3,4,14/12/2015,2,1899-12-30 20:40:00,635,E06000054,3,350,6,60,0,-1,-1,0,0,0,4,1,2,0,0,2,1,E01031942,1.0,1.0,2.0,49.0,8.0,1.0,0.0,0.0,0.0,0.0,0.0,9.0,1.0,3.0
2802,201550CI2C001,1,9,0,17,0,0,0,0,7,0,4,1,6,1,30,6,1995,1,13,-1,1,-1,3,2,249534.0,139540.0,-4.152003,51.135309,50,1,2,3,21/08/2015,6,1899-12-30 17:45:00,582,E10000008,3,361,6,60,0,-1,-1,0,0,0,1,2,2,0,0,2,1,E01020090,1.0,1.0,1.0,30.0,6.0,2.0,0.0,0.0,0.0,0.0,0.0,9.0,1.0,3.0
2803,2015921501176,2,9,0,18,0,0,0,0,1,11,1,1,6,2,39,7,2199,2,5,-1,1,-1,5,2,376291.0,824698.0,-2.395221,57.312232,92,1,2,5,17/10/2015,7,1899-12-30 18:48:00,911,S12000034,4,9001,6,60,0,-1,-1,0,0,0,6,1,1,0,0,2,1,,4.0,2.0,1.0,9.0,2.0,2.0,0.0,0.0,2.0,0.0,0.0,9.0,1.0,-1.0
2804,2015051500988,1,98,0,18,0,0,0,0,0,0,4,1,1,1,49,8,10837,2,2,-1,1,-1,1,2,343427.0,385165.0,-2.851525,53.360318,5,1,2,1,14/04/2015,3,1899-12-30 13:51:00,91,E08000012,6,0,3,30,0,-1,-1,0,0,0,1,1,1,0,0,1,1,E01006538,,,,,,,,,,,,,,
2805,2015950005583,2,1,0,18,0,0,0,0,0,0,2,1,2,1,50,8,-1,-1,-1,-1,3,-1,1,2,338110.0,666078.0,-2.990936,55.883853,95,1,2,1,42167,1,1899-12-30 09:40:00,929,S12000019,3,68,6,60,0,-1,-1,0,0,0,1,1,5,0,0,2,1,,1.0,1.0,1.0,50.0,8.0,1.0,0.0,0.0,0.0,0.0,0.0,1.0,3.0,-1.0
2806,2015320083821,2,9,0,18,0,0,0,0,0,0,0,1,6,3,36,7,1686,2,3,-1,-1,-1,1,2,503087.0,306965.0,-0.477623,52.65063,32,1,2,1,22/08/2015,7,1899-12-30 02:52:00,355,E10000019,3,16,6,30,0,-1,-1,0,0,0,4,9,-1,0,0,1,1,E01026351,,,,,,,,,,,,,,
2807,2015520504682,3,19,0,18,0,0,0,0,0,0,0,1,6,1,40,7,12130,2,10,-1,-1,-1,2,3,351833.0,123624.0,-2.687942,51.00997,52,1,3,2,42162,2,1899-12-30 15:40:00,610,E10000027,3,303,3,70,0,-1,-1,0,0,0,1,1,1,0,0,2,1,E01029198,,,,,,,,,,,,,,
2808,2015030001304,1,9,0,17,0,0,5,0,1,0,1,1,6,1,25,5,1360,1,13,-1,3,-1,3,2,365560.0,522610.0,-2.534569,54.597488,3,1,2,3,25/05/2015,2,1899-12-30 17:10:00,64,E10000006,3,66,6,60,0,-1,-1,0,0,0,1,1,1,0,0,2,1,E01019323,2.0,2.0,1.0,1.0,1.0,1.0,0.0,0.0,2.0,0.0,0.0,9.0,3.0,5.0
2809,2015471503833,1,9,0,18,0,0,0,0,0,0,1,1,6,1,42,7,1896,2,15,-1,1,-1,2,2,479497.0,108110.0,-0.871687,50.867039,47,1,2,2,42162,2,1899-12-30 00:02:00,559,E10000032,6,0,6,60,0,-1,-1,0,0,0,6,1,1,0,0,2,1,E01031507,1.0,1.0,1.0,42.0,7.0,1.0,0.0,0.0,0.0,0.0,0.0,9.0,1.0,8.0
2810,201501TD00048,2,19,0,18,0,0,0,0,0,0,1,1,1,1,35,6,1248,2,2,-1,1,-1,1,2,509560.0,184480.0,-0.42133,51.548585,1,1,2,1,42127,5,1899-12-30 04:05:00,26,E09000017,3,40,3,50,0,-1,-1,0,0,0,4,1,1,0,0,1,1,E01002454,1.0,1.0,1.0,35.0,6.0,1.0,0.0,0.0,0.0,0.0,0.0,19.0,1.0,10.0
2811,2015350024315,1,9,0,11,0,0,0,4,1,0,1,1,6,1,54,8,1968,2,1,-1,1,-1,3,2,506550.0,301860.0,-0.428099,52.604087,35,1,2,3,30/03/2015,2,1899-12-30 15:45:00,394,E06000031,3,1,3,70,0,-1,-1,0,0,0,1,4,1,0,0,2,1,E01015628,1.0,1.0,1.0,54.0,8.0,1.0,0.0,0.0,0.0,0.0,0.0,9.0,1.0,8.0
2812,2015405BA0463,1,9,0,18,0,1,0,0,0,0,1,1,6,2,32,6,-1,-1,-1,-1,3,-1,5,2,496858.0,239151.0,-0.589203,52.042306,40,1,2,5,29/05/2015,6,1899-12-30 00:01:00,424,E06000056,5,94,6,60,3,4,6,86,0,0,6,1,1,0,0,2,1,E01017416,1.0,1.0,2.0,32.0,6.0,1.0,0.0,0.0,0.0,0.0,0.0,9.0,3.0,10.0
2813,201563AC28215,1,9,0,18,0,0,5,0,7,4,4,1,6,1,38,7,-1,-1,-1,-1,3,-1,3,4,245100.0,233600.0,-4.256794,51.979211,63,1,4,3,25/08/2015,3,1899-12-30 14:35:00,751,W06000010,4,4459,6,50,0,-1,-1,0,0,0,1,2,2,0,0,2,1,W01000685,1.0,1.0,1.0,38.0,7.0,1.0,0.0,0.0,0.0,0.0,0.0,9.0,3.0,-1.0
2814,201550BL2L009,2,3,0,18,0,0,1,0,0,0,2,1,6,1,27,6,124,1,-1,-1,3,-1,1,2,220460.0,78840.0,-4.537366,50.581628,50,1,2,1,42255,1,1899-12-30 22:01:00,596,E06000052,3,30,3,70,0,-1,-1,0,0,0,6,2,2,0,0,2,1,E01018925,1.0,1.0,1.0,27.0,6.0,1.0,0.0,0.0,0.0,0.0,0.0,3.0,3.0,4.0
2815,2015320100059,1,9,0,15,0,0,1,0,0,0,1,1,1,1,52,8,2967,2,8,-1,3,-1,1,3,528730.0,342830.0,-0.084667,52.967385,32,1,3,1,42014,5,1899-12-30 07:06:00,350,E10000019,3,52,6,60,0,-1,-1,0,0,0,1,7,2,0,0,2,1,E01026018,,,,,,,,,,,,,,
2816,201522F502808,1,5,0,16,0,0,1,0,0,0,1,1,6,1,27,6,600,1,11,-1,1,-1,1,2,343860.0,285430.0,-2.827745,52.463912,22,1,2,1,14/08/2015,6,1899-12-30 18:55:00,286,E06000051,3,49,6,60,0,-1,-1,0,0,0,1,1,1,0,0,2,1,E01029016,1.0,1.0,1.0,27.0,6.0,1.0,0.0,0.0,0.0,0.0,0.0,5.0,1.0,6.0
2817,201506L098084,1,9,0,18,0,0,0,0,8,10,3,1,6,1,17,4,2494,1,16,-1,1,-1,3,2,359300.0,404000.0,-2.61548,53.53107,6,1,2,3,42188,7,1899-12-30 03:32:00,114,E08000010,3,573,6,30,0,-1,-1,0,0,0,4,1,1,0,0,1,1,E01006217,3.0,1.0,1.0,17.0,4.0,3.0,0.0,0.0,0.0,0.0,0.0,9.0,1.0,2.0
2818,2015941500154,1,9,0,13,0,1,0,0,0,0,1,1,6,2,23,5,1199,1,13,-1,1,-1,1,2,329229.0,708120.0,-3.144012,56.260283,94,1,2,1,21/02/2015,7,1899-12-30 04:30:00,925,S12000015,3,92,6,60,9,4,6,0,0,0,6,1,1,0,0,2,1,,,,,,,,,,,,,,,
2819,2015360088477,2,9,0,18,0,8,0,0,0,0,1,1,6,1,45,7,2993,2,4,-1,2,-1,2,2,550308.0,319971.0,0.225845,52.756445,36,1,2,2,42219,1,1899-12-30 13:20:00,407,E10000020,3,17,6,60,6,4,5,80,0,0,1,1,1,0,0,2,1,E01026719,2.0,1.0,1.0,45.0,7.0,3.0,0.0,0.0,0.0,0.0,0.0,9.0,2.0,5.0
2820,2015051502563,1,9,0,18,0,0,0,0,0,0,1,1,6,1,43,7,1598,2,-1,-1,1,-1,1,1,347676.0,387709.0,-2.788109,53.383621,5,1,1,1,26/10/2015,2,1899-12-30 00:25:00,90,E08000011,6,0,6,40,0,-1,-1,0,0,0,6,1,1,0,0,2,1,E01006420,1.0,3.0,1.0,34.0,6.0,1.0,9.0,6.0,0.0,0.0,0.0,0.0,1.0,1.0
2821,2015544111015,2,9,0,18,0,0,0,0,0,0,1,1,6,1,61,9,1968,2,7,-1,3,-1,3,3,387808.0,133864.0,-2.175513,51.103944,54,1,3,3,42313,2,1899-12-30 13:56:00,635,E06000054,3,303,6,60,0,-1,-1,0,0,0,1,1,1,0,0,2,1,E01032010,3.0,2.0,2.0,63.0,9.0,2.0,0.0,0.0,1.0,0.0,0.0,9.0,3.0,10.0
2822,2015981109515,2,5,0,18,0,0,5,0,1,0,1,1,6,1,52,8,904,1,23,-1,3,-1,1,2,248312.0,555215.0,-4.365259,54.868639,98,1,2,1,27/06/2015,7,1899-12-30 11:50:00,917,S12000006,3,75,6,60,0,-1,-1,0,0,0,1,1,1,0,0,2,1,,1.0,1.0,1.0,52.0,8.0,1.0,0.0,0.0,0.0,0.0,0.0,5.0,3.0,-1.0
2823,201534TD80245,1,9,0,6,0,0,0,0,0,0,0,1,6,1,31,6,1796,1,8,-1,3,-1,2,2,455682.0,275472.0,-1.183506,52.374469,34,1,2,2,42349,5,1899-12-30 09:15:00,381,E10000021,3,5,6,60,0,-1,-1,0,0,0,1,1,1,0,0,2,1,E01027030,1.0,1.0,1.0,31.0,6.0,1.0,0.0,0.0,0.0,0.0,0.0,9.0,3.0,7.0
2824,201522D500187,1,9,0,17,0,0,0,0,0,0,4,1,6,1,21,5,1896,2,18,-1,1,-1,4,2,378850.0,272580.0,-2.31193,52.350875,22,1,2,4,15/01/2015,5,1899-12-30 17:50:00,278,E10000034,4,4194,6,60,0,-1,-1,0,0,0,6,5,2,0,0,2,1,E01032428,1.0,1.0,1.0,21.0,5.0,1.0,0.0,0.0,0.0,0.0,0.0,9.0,1.0,1.0
2825,201514K329315,1,9,0,18,0,0,0,0,7,0,1,1,6,1,21,5,1896,2,6,-1,1,-1,7,2,435345.0,388724.0,-1.469955,53.394172,14,1,2,7,22/12/2015,3,1899-12-30 22:47:00,215,E08000019,6,0,6,30,0,-1,-1,0,0,0,4,1,2,0,0,1,1,E01007870,1.0,1.0,1.0,21.0,5.0,2.0,0.0,0.0,0.0,0.0,0.0,9.0,1.0,1.0
2826,201550JC4O001,2,9,0,18,0,0,1,0,0,4,1,1,6,2,68,10,1598,1,1,-1,3,-1,4,2,287344.0,92779.0,-3.597379,50.723679,50,1,2,4,42343,3,1899-12-30 12:39:00,585,E10000008,6,0,6,60,0,-1,-1,0,0,0,1,1,1,0,0,2,1,E01020262,3.0,2.0,1.0,65.0,9.0,3.0,0.0,0.0,1.0,0.0,0.0,9.0,3.0,6.0
2827,201506L004801,1,9,0,18,0,8,0,0,0,0,3,1,6,1,35,6,1364,1,-1,-1,2,-1,1,2,355830.0,404670.0,-2.66792,53.536811,6,1,2,1,27/08/2015,5,1899-12-30 21:15:00,114,E08000010,6,0,6,30,6,4,6,0,0,0,4,1,1,0,0,1,1,E01006354,,,,,,,,,,,,,,
2828,201520J010565,1,9,0,9,0,2,1,10,1,0,1,1,6,3,-1,-1,1896,2,7,-1,-1,-1,1,1,394540.0,287500.0,-2.081832,52.485391,20,1,1,1,42166,6,1899-12-30 23:51:00,303,E08000027,4,4173,6,30,3,4,6,0,0,0,4,1,2,0,0,1,1,E01009872,1.0,3.0,1.0,53.0,8.0,1.0,6.0,9.0,0.0,0.0,0.0,0.0,1.0,3.0
2829,2015621501452,2,3,0,17,0,0,0,0,0,0,3,1,6,1,25,5,-1,-1,-1,-1,1,-1,1,4,322784.0,178477.0,-3.113792,51.499935,62,1,4,1,42285,2,1899-12-30 17:11:00,741,W06000015,6,0,6,40,0,-1,-1,0,0,0,1,1,1,0,0,1,1,W01001885,2.0,1.0,1.0,25.0,5.0,1.0,0.0,0.0,0.0,0.0,0.0,3.0,1.0,-1.0
2830,201514A151115,1,9,0,18,0,2,0,0,0,0,4,1,6,1,56,9,1299,1,10,-1,1,-1,2,1,464150.0,411959.0,-1.032102,53.600281,14,1,1,2,16/10/2015,6,1899-12-30 11:50:00,211,E08000017,6,0,6,30,3,4,6,0,0,0,1,1,1,0,0,1,1,E01007626,2.0,3.0,1.0,61.0,9.0,3.0,8.0,3.0,0.0,0.0,0.0,0.0,1.0,1.0
2831,2015450030915,1,9,0,18,0,4,5,7,7,0,4,1,6,2,81,11,1590,1,11,-1,2,-1,3,2,506054.0,139023.0,-0.485403,51.140663,45,1,2,3,20/10/2015,3,1899-12-30 14:22:00,517,E10000030,4,2128,6,30,1,4,4,2128,0,8,1,1,1,0,0,1,1,E01030876,3.0,2.0,1.0,82.0,11.0,3.0,0.0,0.0,1.0,0.0,0.0,9.0,2.0,10.0
2832,201537EA88857,1,9,0,16,0,0,2,0,7,4,1,1,6,1,18,4,1229,1,1,-1,1,-1,1,1,594353.0,237778.0,0.83011,52.004406,37,1,1,1,23/03/2015,2,1899-12-30 19:50:00,410,E10000029,3,134,6,60,0,-1,-1,0,0,0,6,8,2,0,0,2,1,E01029899,1.0,2.0,1.0,18.0,4.0,1.0,0.0,0.0,2.0,0.0,0.0,9.0,1.0,10.0
2833,2015230036723,1,9,0,17,0,0,1,0,7,0,4,1,6,1,22,5,1896,2,10,-1,3,-1,8,2,446576.0,272914.0,-1.317608,52.352322,23,1,2,8,42227,1,1899-12-30 11:12:00,292,E10000031,4,4642,6,40,0,-1,-1,0,0,0,1,1,2,0,0,2,1,E01031147,4.0,2.0,2.0,22.0,5.0,2.0,0.0,0.0,1.0,0.0,0.0,9.0,3.0,9.0
2834,201550KU2E006,2,9,0,18,0,1,0,0,0,0,2,1,6,1,29,6,-1,-1,-1,-1,3,-1,2,3,308275.0,115958.0,-3.306745,50.935748,50,1,3,2,27/07/2015,2,1899-12-30 09:40:00,586,E10000008,3,38,6,60,9,4,6,0,0,0,1,5,2,0,0,2,1,E01020046,2.0,1.0,1.0,29.0,6.0,3.0,0.0,0.0,0.0,0.0,0.0,9.0,3.0,5.0
2835,201542I222107,2,9,0,18,0,0,0,0,0,0,1,1,1,2,52,8,3222,2,11,-1,2,-1,4,2,597769.0,215557.0,0.86707,51.803667,42,1,2,4,25/07/2015,7,1899-12-30 13:00:00,455,E10000012,6,0,6,60,0,-1,-1,0,0,0,1,1,1,0,0,2,1,E01021644,1.0,2.0,2.0,83.0,11.0,1.0,0.0,0.0,1.0,0.0,0.0,9.0,1.0,7.0
2836,2015471506757,3,9,0,18,0,0,0,0,0,0,1,1,6,2,30,6,1197,1,1,-1,3,-1,1,3,571162.0,118220.0,0.434725,50.938024,47,1,3,1,15/11/2015,1,1899-12-30 11:58:00,555,E10000011,4,2096,6,60,0,-1,-1,0,0,0,1,2,2,0,0,2,1,E01021100,,,,,,,,,,,,,,
2837,201501TD00095,1,9,0,18,0,0,0,0,0,0,1,1,6,1,27,6,2993,2,10,-1,1,-1,2,1,530060.0,171730.0,-0.13053,51.429657,1,1,1,2,25/07/2015,7,1899-12-30 17:46:00,9,E09000022,3,23,6,30,0,-1,-1,0,0,5,1,1,1,0,0,1,1,E01003120,1.0,3.0,1.0,56.0,9.0,1.0,4.0,4.0,0.0,0.0,2.0,0.0,1.0,3.0
2838,201514K323215,3,9,0,18,0,1,0,0,0,0,1,1,6,1,36,7,-1,-1,-1,-1,1,-1,1,3,436413.0,390068.0,-1.453741,53.40618,14,1,3,1,19/12/2015,7,1899-12-30 03:41:00,215,E08000019,3,6135,6,30,3,4,6,0,0,8,4,1,1,0,0,1,1,E01007873,,,,,,,,,,,,,,
2839,20151322E0934,1,9,0,16,0,0,1,0,2,11,3,1,6,1,28,6,1870,2,11,-1,1,-1,1,1,414423.0,412521.0,-1.783485,53.609049,13,1,1,1,14/02/2015,7,1899-12-30 15:25:00,203,E08000034,6,0,3,30,0,-1,-1,0,0,0,1,1,2,0,0,1,1,E01011169,1.0,1.0,1.0,28.0,6.0,1.0,0.0,0.0,0.0,0.0,0.0,9.0,1.0,4.0
2840,2015450030665,2,9,0,18,0,4,0,0,0,0,1,1,6,1,40,7,1386,1,6,-1,1,-1,1,2,497669.0,149973.0,-0.602247,51.240585,45,1,2,1,13/10/2015,3,1899-12-30 11:15:00,511,E10000030,5,146,6,30,1,4,6,0,0,0,1,1,1,0,0,1,1,E01030470,,,,,,,,,,,,,,
2841,201542I065903,1,19,0,18,0,0,1,0,0,0,1,1,6,1,40,7,-1,-1,-1,-1,1,-1,4,3,550809.0,236520.0,0.195742,52.006633,42,1,3,4,20/03/2015,6,1899-12-30 13:40:00,463,E10000012,1,11,3,70,0,-1,-1,0,0,0,1,1,1,0,0,2,1,E01022071,4.0,2.0,2.0,42.0,7.0,3.0,0.0,0.0,0.0,0.0,0.0,19.0,1.0,4.0
2842,2015132190227,1,9,0,18,0,0,1,12,0,0,1,1,6,2,41,7,1360,1,15,-1,1,-1,1,1,408933.0,418153.0,-1.866301,53.659792,13,1,1,1,42248,6,1899-12-30 07:55:00,203,E08000034,3,640,6,40,0,-1,-1,0,0,0,4,4,2,0,0,1,1,E01011205,1.0,3.0,2.0,72.0,10.0,1.0,5.0,3.0,0.0,0.0,0.0,0.0,1.0,7.0
2843,201514B092815,1,9,0,18,0,0,0,10,0,0,1,1,6,1,36,7,1956,2,1,-1,1,-1,2,2,427521.0,401780.0,-1.586469,53.511987,14,1,2,2,42287,7,1899-12-30 16:54:00,210,E08000016,4,6462,6,60,0,-1,-1,0,0,0,1,1,1,0,0,2,1,E01007422,1.0,1.0,1.0,36.0,7.0,2.0,0.0,0.0,0.0,0.0,0.0,9.0,1.0,3.0
2844,201537EA91187,1,9,0,18,0,0,0,0,1,4,1,1,6,1,53,8,1596,1,5,-1,1,-1,2,2,647580.0,280070.0,1.634926,52.362711,37,1,2,2,18/06/2015,5,1899-12-30 14:16:00,416,E10000029,3,12,6,60,0,-1,-1,0,0,0,1,1,1,0,0,2,1,E01030229,1.0,1.0,1.0,53.0,8.0,1.0,0.0,0.0,0.0,0.0,0.0,9.0,1.0,8.0
2845,201597UD02701,1,9,0,17,0,8,1,0,7,0,4,1,6,2,21,5,-1,-1,-1,-1,2,-1,3,2,238703.0,620210.0,-4.551845,55.449101,97,1,2,3,18/01/2015,1,1899-12-30 01:10:00,937,S12000028,3,70,6,60,9,4,-1,-1,0,0,6,8,4,0,0,2,1,,2.0,1.0,2.0,21.0,5.0,1.0,0.0,0.0,0.0,0.0,0.0,9.0,2.0,-1.0
2846,201560S057584,5,9,0,18,0,1,0,0,0,0,0,1,1,1,27,6,-1,-1,-1,-1,-1,-1,4,6,336599.0,348524.0,-2.946822,53.030226,60,1,6,4,23/04/2015,5,1899-12-30 14:15:00,725,W06000006,6,0,6,60,8,4,6,0,0,0,1,1,1,0,0,2,1,W01000383,,,,,,,,,,,,,,
2847,201560S166072,2,9,0,18,0,0,0,0,0,0,1,1,6,2,59,9,-1,-1,-1,-1,-1,-1,4,2,277123.0,370141.0,-3.841576,53.214077,60,1,2,4,29/10/2015,5,1899-12-30 20:45:00,721,W06000003,4,5106,6,60,0,-1,-1,0,0,0,6,1,1,0,0,2,1,W01000124,4.0,1.0,2.0,59.0,9.0,2.0,0.0,0.0,0.0,0.0,0.0,9.0,-1.0,-1.0
2848,201597LA04008,3,9,0,16,0,0,0,0,0,0,1,1,6,1,45,7,1598,1,-1,-1,1,-1,1,3,234458.0,700277.0,-4.667619,56.166316,97,1,3,1,23/08/2015,1,1899-12-30 11:00:00,913,S12000035,3,82,6,60,0,-1,-1,0,0,0,1,1,1,0,0,2,1,,,,,,,,,,,,,,,
2849,201563DP17915,2,10,0,17,0,0,1,0,1,9,1,1,6,1,53,8,-1,-1,-1,-1,1,-1,4,2,318980.0,290660.0,-3.195151,52.50779,63,1,2,4,42043,1,1899-12-30 08:50:00,753,W06000023,3,489,6,60,0,-1,-1,0,0,0,1,1,1,0,2,2,1,W01000447,2.0,2.0,1.0,22.0,5.0,3.0,0.0,0.0,0.0,0.0,0.0,10.0,1.0,-1.0
2850,201531A152115,1,3,0,18,0,8,0,0,0,0,1,1,6,1,16,4,-1,-1,-1,-1,1,-1,1,2,452094.0,348022.0,-1.224739,53.026959,31,1,2,1,29/07/2015,4,1899-12-30 13:12:00,340,E10000024,6,0,6,30,6,4,6,0,0,0,1,1,1,0,0,1,1,E01027942,1.0,1.0,1.0,16.0,4.0,1.0,0.0,0.0,0.0,0.0,0.0,3.0,1.0,2.0
2851,201514K333215,1,9,0,16,0,0,0,0,7,4,1,1,6,1,51,8,1995,2,12,-1,1,-1,4,1,430348.0,387063.0,-1.545255,53.379552,14,1,1,4,27/12/2015,1,1899-12-30 01:10:00,215,E08000019,3,57,6,50,0,-1,-1,0,0,0,6,2,2,0,0,2,1,E01007953,2.0,2.0,2.0,48.0,8.0,1.0,0.0,0.0,1.0,0.0,0.0,9.0,1.0,1.0
2852,2015215001616,1,9,0,18,0,0,5,0,1,4,4,1,1,1,41,7,1796,1,15,-1,1,-1,1,1,386310.0,305229.0,-2.203764,52.644624,21,1,1,1,29/03/2015,1,1899-12-30 08:18:00,254,E10000028,1,54,3,70,0,-1,-1,0,0,0,1,5,2,0,0,2,1,E01029617,1.0,1.0,1.0,41.0,7.0,1.0,0.0,0.0,0.0,0.0,0.0,9.0,1.0,1.0
2853,2015405BA0814,2,5,0,18,0,8,0,0,0,0,1,1,6,1,35,6,955,1,13,-1,3,-1,2,3,518800.0,242819.0,-0.268153,52.071006,40,1,3,2,15/09/2015,3,1899-12-30 07:58:00,424,E06000056,4,659,6,60,3,4,5,209,0,0,1,1,1,0,0,2,1,E01017386,1.0,1.0,1.0,35.0,6.0,1.0,0.0,0.0,0.0,0.0,0.0,5.0,3.0,9.0
2854,201504SA15551,1,9,0,16,0,0,1,0,7,0,4,1,6,1,48,8,2198,1,9,-1,1,-1,2,2,352540.0,429400.0,-2.721341,53.758783,4,1,2,2,42259,4,1899-12-30 10:16:00,79,E10000017,3,59,3,40,0,-1,-1,0,0,0,1,1,1,0,3,1,1,E01025288,1.0,1.0,1.0,48.0,8.0,2.0,0.0,0.0,0.0,0.0,0.0,9.0,1.0,2.0
2855,201543P282075,1,9,0,18,0,0,0,0,1,7,1,1,6,1,29,6,1364,1,8,-1,1,-1,2,1,455122.0,220399.0,-1.200637,51.87944,43,1,1,2,27/07/2015,2,1899-12-30 20:44:00,481,E10000025,1,40,3,70,0,-1,-1,0,0,0,1,1,1,0,0,2,1,E01028497,2.0,2.0,1.0,33.0,6.0,1.0,0.0,0.0,1.0,0.0,0.0,9.0,2.0,7.0
2856,2015030001010,2,4,0,18,0,0,0,0,4,6,1,1,6,1,65,9,1130,1,14,-1,1,-1,1,2,344050.0,482520.0,-2.859885,54.23531,3,1,2,1,22/04/2015,4,1899-12-30 17:55:00,65,E10000006,3,590,3,60,0,-1,-1,0,0,0,1,1,1,0,0,2,1,E01019381,1.0,1.0,1.0,65.0,9.0,1.0,0.0,0.0,0.0,0.0,0.0,4.0,1.0,4.0
2857,201520N009895,2,9,0,16,0,1,0,0,0,0,1,1,6,1,26,6,1390,1,18,-1,1,-1,4,2,415810.0,295140.0,-1.768253,52.553876,20,1,2,4,21/02/2015,7,1899-12-30 18:08:00,300,E08000025,6,0,6,60,3,4,6,0,0,0,6,1,1,0,0,2,1,E01009450,1.0,2.0,2.0,48.0,8.0,1.0,0.0,0.0,2.0,0.0,0.0,9.0,1.0,5.0
2858,201537EA93998,1,1,0,18,9,0,0,0,0,0,1,1,6,1,81,11,-1,-1,-1,-1,1,-1,1,2,605234.0,257733.0,1.000411,52.179655,37,1,2,1,30/09/2015,4,1899-12-30 15:40:00,413,E10000029,3,1308,6,30,0,-1,-1,0,0,0,1,1,1,0,0,1,1,E01030078,1.0,1.0,1.0,81.0,11.0,1.0,0.0,0.0,0.0,0.0,0.0,1.0,1.0,6.0
2859,201542I152805,1,9,0,18,0,0,0,0,1,4,4,1,6,1,18,4,1198,1,8,-1,1,-1,2,1,543134.0,193833.0,0.066383,51.625117,42,1,1,2,31/05/2015,1,1899-12-30 08:05:00,456,E10000012,4,170,6,30,0,-1,-1,0,0,0,1,1,1,0,0,2,1,E01021750,2.0,1.0,1.0,18.0,4.0,3.0,0.0,0.0,0.0,0.0,0.0,9.0,1.0,9.0
2860,2015100102615,1,9,0,9,0,5,0,0,1,0,4,1,6,2,84,11,1198,1,3,-1,3,-1,7,2,417379.0,606508.0,-1.727469,55.352289,10,1,2,7,15/02/2015,1,1899-12-30 12:14:00,139,E06000048,3,1,3,70,3,4,5,106,0,0,1,1,1,0,0,2,1,E01027370,1.0,1.0,2.0,84.0,11.0,2.0,0.0,0.0,0.0,0.0,0.0,9.0,3.0,8.0
2861,2015460256166,1,9,0,9,0,5,0,0,7,0,4,1,6,1,36,7,1870,2,5,-1,1,-1,6,2,597230.0,123980.0,0.808417,50.981438,46,1,2,6,42282,1,1899-12-30 15:50:00,539,E10000016,3,259,6,60,8,4,6,0,0,0,1,1,1,0,0,2,1,E01024548,1.0,1.0,1.0,36.0,7.0,3.0,0.0,0.0,0.0,0.0,0.0,9.0,1.0,4.0
2862,2015100198015,1,9,0,18,0,0,0,0,0,0,1,1,6,1,41,7,1299,1,13,-1,3,-1,1,1,403068.0,573598.0,-1.953508,55.056859,10,1,1,1,29/03/2015,1,1899-12-30 23:05:00,139,E06000048,5,340,6,60,0,-1,-1,0,0,0,6,1,1,0,0,2,1,E01027472,1.0,3.0,1.0,54.0,8.0,1.0,9.0,8.0,0.0,0.0,0.0,0.0,3.0,5.0
2863,2015030003088,2,9,0,18,0,8,0,0,7,0,1,1,6,1,26,6,1560,2,2,-1,1,-1,2,2,352750.0,489430.0,-2.727516,54.298286,3,1,2,2,14/12/2015,2,1899-12-30 10:35:00,65,E10000006,3,65,6,40,3,3,6,0,0,0,1,1,2,0,0,1,1,E01019367,2.0,1.0,1.0,26.0,6.0,3.0,0.0,0.0,0.0,0.0,0.0,9.0,1.0,9.0