,accident_index,vehicle_reference,vehicle_type,towing_and_articulation,vehicle_manoeuvre,vehicle_location-restricted_lane,junction_location,skidding_and_overturning,hit_object_in_carriageway,vehicle_leaving_carriageway,hit_object_off_carriageway,1st_point_of_impact,was_vehicle_left_hand_drive?,journey_purpose_of_driver,sex_of_driver,age_of_driver,age_band_of_driver,engine_capacity_(cc),propulsion_code,age_of_vehicle,driver_imd_decile,driver_home_area_type,vehicle_imd_decile,NUmber_of_Casualities_unique_to_accident_index,No_of_Vehicles_involved_unique_to_accident_index,location_easting_osgr,location_northing_osgr,longitude,latitude,police_force,accident_severity,number_of_vehicles,number_of_casualties,date,day_of_week,time,local_authority_(district),local_authority_(highway),1st_road_class,1st_road_number,road_type,speed_limit,junction_detail,junction_control,2nd_road_class,2nd_road_number,pedestrian_crossing-human_control,pedestrian_crossing-physical_facilities,light_conditions,weather_conditions,road_surface_conditions,special_conditions_at_site,carriageway_hazards,urban_or_rural_area,did_police_officer_attend_scene_of_accident,lsoa_of_accident_location,casualty_reference,casualty_class,sex_of_casualty,age_of_casualty,age_band_of_casualty,casualty_severity,pedestrian_location,pedestrian_movement,car_passenger,bus_or_coach_passenger,pedestrian_road_maintenance_worker,casualty_type,casualty_home_area_type,casualty_imd_decile
2864,201563BC03415,1,21,0,18,0,0,5,0,1,4,4,1,1,1,42,7,-1,-1,-1,-1,1,-1,2,1,274860.0,276310.0,-3.839519,52.370501,63,1,1,2,42098,7,1899-12-30 10:45:00,750,W06000008,4,4574,6,60,0,-1,-1,0,0,0,1,1,2,0,0,2,1,W01000543,1.0,1.0,1.0,42.0,7.0,1.0,0.0,0.0,0.0,0.0,0.0,21.0,1.0,-1.0
2865,201542I065903,2,9,0,18,0,0,1,0,0,0,2,1,6,1,47,8,1560,2,1,-1,1,-1,4,3,550809.0,236520.0,0.195742,52.006633,42,1,3,4,20/03/2015,6,1899-12-30 13:40:00,463,E10000012,1,11,3,70,0,-1,-1,0,0,0,1,1,1,0,0,2,1,E01022071,2.0,2.0,1.0,3.0,1.0,3.0,0.0,0.0,2.0,0.0,0.0,9.0,1.0,9.0
2866,201543N045055,2,20,0,1,0,0,0,0,0,0,3,1,6,3,-1,-1,3920,2,10,-1,-1,-1,3,3,484972.0,194727.0,-0.773357,51.644932,43,1,3,3,42099,2,1899-12-30 02:45:00,480,E10000002,6,2085,6,30,0,-1,-1,0,0,0,4,1,1,0,0,1,1,E01017862,,,,,,,,,,,,,,
2867,20151329R1210,1,9,0,13,0,0,0,0,1,9,1,1,6,2,17,4,999,1,1,-1,1,-1,7,4,405820.0,406453.0,-1.913621,53.554673,13,1,4,7,27/09/2015,1,1899-12-30 16:44:00,203,E08000034,3,635,6,60,0,-1,-1,0,0,0,1,1,1,0,0,2,1,E01011182,4.0,2.0,1.0,18.0,4.0,3.0,0.0,0.0,1.0,0.0,0.0,9.0,3.0,7.0
2868,2015075229044,1,9,0,17,0,0,0,0,0,0,1,1,6,1,21,5,1781,1,15,-1,3,-1,1,2,367101.0,350424.0,-2.492228,53.050056,7,1,2,1,42132,4,1899-12-30 04:22:00,129,E06000049,3,51,6,40,0,-1,-1,0,0,0,4,1,1,0,0,2,1,E01033378,1.0,1.0,1.0,21.0,5.0,1.0,0.0,0.0,0.0,0.0,0.0,9.0,3.0,8.0
2869,20154100G0488,1,9,0,17,0,0,5,10,2,10,4,1,6,1,21,5,1527,2,17,-1,-1,-1,2,1,518799.0,226846.0,-0.273699,51.927463,41,1,1,2,42104,1,1899-12-30 03:07:00,433,E10000015,5,26,6,60,0,-1,-1,0,0,0,6,1,1,0,0,2,1,E01023622,2.0,2.0,1.0,20.0,4.0,1.0,0.0,0.0,1.0,0.0,0.0,9.0,-1.0,-1.0
2870,2015120067015,2,9,0,18,0,0,0,0,0,0,1,1,6,1,42,7,2143,2,4,-1,3,-1,3,3,451349.0,506997.0,-1.209486,54.455773,12,1,3,3,23/04/2015,5,1899-12-30 21:19:00,181,E10000023,3,172,6,60,0,-1,-1,0,0,0,6,1,1,0,0,2,1,E01027627,2.0,1.0,1.0,42.0,7.0,3.0,0.0,0.0,0.0,0.0,0.0,9.0,3.0,6.0
2871,2015075229044,2,21,1,16,0,0,0,0,0,0,1,1,1,1,63,9,12809,2,2,-1,3,-1,1,2,367101.0,350424.0,-2.492228,53.050056,7,1,2,1,42132,4,1899-12-30 04:22:00,129,E06000049,3,51,6,40,0,-1,-1,0,0,0,4,1,1,0,0,2,1,E01033378,,,,,,,,,,,,,,
2872,2015120019982,2,9,0,18,0,0,0,0,1,9,1,1,6,1,77,11,1248,2,7,-1,2,-1,2,2,443515.0,461760.0,-1.336862,54.049973,12,1,2,2,42126,5,1899-12-30 17:50:00,182,E10000023,4,6265,6,60,0,-1,-1,0,0,0,6,1,1,7,0,2,1,E01027695,1.0,1.0,1.0,77.0,11.0,1.0,0.0,0.0,0.0,0.0,0.0,9.0,2.0,9.0
2873,2015950005583,1,9,0,18,0,0,0,0,0,0,1,1,6,2,19,4,1229,1,-1,-1,3,-1,1,2,338110.0,666078.0,-2.990936,55.883853,95,1,2,1,42167,1,1899-12-30 09:40:00,929,S12000019,3,68,6,60,0,-1,-1,0,0,0,1,1,5,0,0,2,1,,,,,,,,,,,,,,,
2874,201563AC39315,3,9,0,18,0,0,0,0,0,0,1,1,6,1,47,8,-1,-1,-1,-1,3,-1,3,3,227100.0,216250.0,-4.509915,51.818058,63,1,3,3,42350,7,1899-12-30 19:58:00,751,W06000010,3,40,6,60,0,-1,-1,0,0,0,4,2,2,0,0,2,1,W01000720,,,,,,,,,,,,,,
2875,201543P058065,2,1,0,18,0,0,0,0,1,0,2,1,6,1,54,8,-1,-1,-1,-1,2,-1,1,2,459800.0,187576.0,-1.138314,51.583878,43,1,2,1,42100,5,1899-12-30 23:04:00,484,E10000025,6,167,6,60,0,-1,-1,0,0,0,6,1,1,0,0,2,1,E01028617,1.0,1.0,1.0,54.0,8.0,1.0,0.0,0.0,0.0,0.0,0.0,1.0,2.0,10.0
2876,2015450024862,1,9,0,18,0,0,0,0,0,0,1,1,6,2,69,10,1390,1,6,-1,3,-1,1,1,509719.0,147413.0,-0.430476,51.215387,45,1,1,1,27/05/2015,4,1899-12-30 10:54:00,512,E10000030,3,25,6,30,0,-1,-1,0,0,0,1,1,1,0,0,2,1,E01030555,1.0,3.0,1.0,91.0,11.0,1.0,5.0,3.0,0.0,0.0,0.0,0.0,3.0,9.0
2877,2015551501110,3,9,0,18,0,0,0,0,0,0,3,1,6,1,40,7,1896,2,13,-1,2,-1,6,3,388748.0,108245.0,-2.161285,50.873592,55,1,3,6,42258,2,1899-12-30 15:05:00,642,E10000009,3,350,6,60,0,-1,-1,0,0,0,1,1,1,0,0,2,1,E01020442,6.0,1.0,1.0,40.0,7.0,3.0,0.0,0.0,0.0,0.0,0.0,9.0,-1.0,-1.0
2878,2015360087833,3,9,0,18,0,0,0,0,0,0,1,1,6,1,21,5,1596,1,14,-1,1,-1,6,3,606754.0,296926.0,1.046729,52.530945,36,1,3,6,14/02/2015,7,1899-12-30 23:27:00,400,E10000020,3,11,3,70,0,-1,-1,0,0,0,6,1,2,0,0,2,1,E01026448,5.0,2.0,1.0,20.0,4.0,3.0,0.0,0.0,2.0,0.0,0.0,9.0,1.0,1.0
2879,201506J099175,1,9,0,18,0,0,0,10,1,4,3,1,6,1,22,5,1199,1,13,-1,1,-1,4,1,391300.0,388600.0,-2.132293,53.394159,6,1,1,4,28/03/2015,7,1899-12-30 01:18:00,109,E08000007,5,0,6,30,0,-1,-1,0,0,0,4,1,1,0,0,1,1,E01005827,4.0,2.0,1.0,18.0,4.0,2.0,0.0,0.0,2.0,0.0,0.0,9.0,-1.0,-1.0
2880,2015350180715,1,9,0,13,0,0,1,0,7,0,3,1,1,1,40,7,-1,-1,-1,-1,1,-1,1,2,521620.0,251810.0,-0.223823,52.151189,35,1,2,1,24/11/2015,3,1899-12-30 05:50:00,395,E10000003,6,0,6,60,0,-1,-1,0,0,0,6,2,2,0,0,2,1,E01017427,,,,,,,,,,,,,,
2881,2015030000155,1,9,0,16,0,0,1,0,0,0,1,1,6,1,62,9,1995,2,8,-1,2,-1,3,5,313580.0,534180.0,-3.342352,54.695208,3,1,5,3,21/01/2015,4,1899-12-30 15:12:00,60,E10000006,3,595,6,60,0,-1,-1,0,0,0,1,1,2,0,0,2,1,E01019090,3.0,2.0,2.0,64.0,9.0,2.0,0.0,0.0,1.0,0.0,0.0,9.0,2.0,4.0
2882,2015450032072,1,5,0,16,0,0,0,0,0,0,1,1,6,2,53,8,498,1,13,-1,1,-1,2,2,499908.0,162205.0,-0.566763,51.350151,45,1,2,2,42227,1,1899-12-30 16:17:00,515,E10000030,3,319,6,60,0,-1,-1,0,0,0,6,1,2,0,0,2,1,E01030763,1.0,1.0,2.0,53.0,8.0,1.0,0.0,0.0,0.0,0.0,0.0,5.0,1.0,8.0
2883,2015210029316,1,5,0,16,0,1,0,0,7,2,1,1,6,1,24,5,-1,-1,-1,-1,1,-1,1,1,423093.0,321168.0,-1.659023,52.787596,21,1,1,1,19/09/2015,7,1899-12-30 04:29:00,251,E10000028,4,5018,6,30,3,4,6,0,-1,-1,4,1,1,-1,-1,2,2,E01029416,1.0,1.0,1.0,24.0,5.0,1.0,0.0,0.0,0.0,0.0,0.0,5.0,1.0,9.0
2884,201560S178034,1,21,0,5,0,0,0,0,0,0,1,1,1,1,50,8,-1,-1,-1,-1,-1,-1,1,1,307874.0,343469.0,-3.373583,52.980618,60,1,1,1,20/11/2015,6,1899-12-30 10:57:00,723,W06000004,3,5,6,30,0,-1,-1,0,0,4,1,1,1,4,0,2,1,W01000193,1.0,3.0,2.0,82.0,11.0,1.0,5.0,1.0,0.0,0.0,0.0,0.0,-1.0,-1.0
2885,2015120215217,2,21,1,18,0,0,0,0,0,0,3,1,1,1,57,9,12809,2,2,-1,2,-1,1,2,440005.0,462837.0,-1.390327,54.059936,12,1,2,1,42106,6,1899-12-30 20:04:00,182,E10000023,2,1,3,70,0,-1,-1,0,0,0,6,1,1,0,0,2,1,E01027647,,,,,,,,,,,,,,
2886,201543N018105,1,9,0,18,0,0,0,0,0,0,1,1,6,1,24,5,1798,1,1,-1,1,-1,1,2,486603.0,211529.0,-0.74562,51.795716,43,1,2,1,42073,7,1899-12-30 21:49:00,476,E10000002,5,142,6,60,0,-1,-1,0,0,0,7,1,1,0,0,2,1,E01017728,1.0,3.0,1.0,16.0,4.0,1.0,9.0,5.0,0.0,0.0,0.0,0.0,1.0,10.0
2887,2015300017286,2,20,0,18,0,8,0,0,0,0,3,1,1,1,45,7,-1,-1,-1,-1,1,-1,1,2,437940.0,333620.0,-1.437441,52.89869,30,1,2,1,24/12/2015,5,1899-12-30 08:45:00,323,E06000015,6,0,6,30,6,4,6,0,0,0,1,2,2,0,0,1,1,E01013471,,,,,,,,,,,,,,
2888,201543P102075,2,9,0,18,0,1,0,0,0,0,1,1,3,2,37,7,1968,2,2,-1,1,-1,6,2,474126.0,178978.0,-0.933394,51.504884,43,1,2,6,42284,6,1899-12-30 15:30:00,484,E10000025,6,341,6,30,6,4,6,0,0,0,1,1,1,0,0,2,1,E01028660,3.0,2.0,1.0,10.0,2.0,3.0,0.0,0.0,1.0,0.0,0.0,9.0,1.0,10.0
2889,201520T056905,2,9,0,2,9,0,0,0,0,0,3,1,6,1,-1,-1,1590,1,14,-1,1,-1,2,2,413050.0,288330.0,-1.809224,52.492727,20,1,2,2,16/10/2015,6,1899-12-30 23:08:00,300,E08000025,4,4147,6,30,0,-1,-1,0,0,0,4,1,2,0,0,1,1,E01009089,,,,,,,,,,,,,,
2890,2015160C03711,2,9,0,18,0,0,0,0,0,0,1,1,6,1,76,11,2993,2,5,-1,3,-1,4,2,488410.0,459622.0,-0.651932,54.02503,16,1,2,4,13/07/2015,2,1899-12-30 11:48:00,231,E06000011,4,1251,6,60,0,-1,-1,0,0,0,1,1,1,0,0,2,1,E01013125,4.0,2.0,2.0,69.0,10.0,3.0,0.0,0.0,1.0,0.0,0.0,9.0,3.0,4.0
2891,2015521503475,1,5,0,15,0,0,0,0,0,0,1,1,6,1,47,8,998,1,9,-1,1,-1,1,4,366337.0,168398.0,-2.48543,51.413594,52,1,4,1,30/04/2015,5,1899-12-30 09:09:00,611,E06000022,3,4,3,70,0,-1,-1,0,0,0,1,1,1,0,0,1,1,E01014396,1.0,1.0,1.0,47.0,8.0,1.0,0.0,0.0,0.0,0.0,0.0,5.0,1.0,10.0
2892,201563AC23515,3,9,0,18,0,1,0,0,0,0,0,1,6,3,-1,-1,-1,-1,-1,-1,-1,-1,1,3,272300.0,232030.0,-3.86042,51.972025,63,1,3,1,16/08/2015,1,1899-12-30 11:03:00,751,W06000010,3,40,6,60,3,4,6,0,0,0,1,1,1,0,0,2,1,W01000647,,,,,,,,,,,,,,
2893,20151329R0752,2,90,0,18,0,0,0,0,0,0,2,1,6,1,20,4,-1,-1,-1,-1,-1,-1,5,2,444544.0,412334.0,-1.328288,53.60568,13,1,2,5,27/09/2015,1,1899-12-30 00:33:00,206,E08000036,3,6201,6,60,0,-1,-1,0,0,0,6,1,1,0,0,2,1,E01011858,4.0,1.0,1.0,20.0,4.0,1.0,0.0,0.0,0.0,0.0,0.0,90.0,-1.0,-1.0
2894,201501TD00135,1,4,0,17,0,1,0,10,1,2,4,1,6,1,19,4,499,1,14,-1,1,-1,1,1,534030.0,187680.0,-0.067403,51.572065,1,1,1,1,31/10/2015,7,1899-12-30 13:23:00,4,E09000012,3,107,6,30,3,4,6,0,0,0,1,1,1,0,0,1,1,E01001826,1.0,1.0,1.0,19.0,4.0,1.0,0.0,0.0,0.0,0.0,0.0,4.0,1.0,1.0
2895,2015350049315,1,8,0,18,0,0,0,0,0,0,1,1,1,1,47,8,2979,1,14,-1,1,-1,1,2,518760.0,298990.0,-0.24892,52.575769,35,1,2,1,23/04/2015,5,1899-12-30 00:49:00,394,E06000031,3,15,3,40,0,-1,-1,0,2,4,4,1,1,4,0,1,1,E01015599,,,,,,,,,,,,,,
2896,2015440265027,2,5,0,16,0,0,0,0,0,0,1,1,6,1,24,5,645,1,11,-1,1,-1,4,2,463241.0,106740.0,-1.102893,50.856724,44,1,2,4,42012,7,1899-12-30 18:30:00,498,E06000044,6,0,6,40,0,-1,-1,0,0,0,1,1,1,0,0,2,1,E01017116,3.0,1.0,1.0,24.0,5.0,1.0,0.0,0.0,0.0,0.0,0.0,5.0,1.0,5.0
2897,201550ED2P007,2,9,0,18,0,0,0,0,0,0,1,1,6,1,-1,-1,-1,-1,-1,-1,1,-1,1,2,245519.0,57664.0,-4.174943,50.398501,50,1,2,1,20/10/2015,3,1899-12-30 16:20:00,583,E06000026,3,3064,6,30,0,-1,-1,0,0,0,1,1,1,0,0,2,1,E01015075,,,,,,,,,,,,,,
2898,201537EA95304,1,9,0,13,0,0,0,0,0,0,1,1,6,2,24,5,1242,1,11,-1,2,-1,3,2,612541.0,274921.0,1.117928,52.331188,37,1,2,3,15/11/2015,1,1899-12-30 20:20:00,413,E10000029,3,140,6,50,0,-1,-1,0,0,0,6,1,1,0,0,2,1,E01030052,1.0,1.0,2.0,24.0,5.0,1.0,0.0,0.0,0.0,0.0,0.0,9.0,2.0,6.0
2899,201504EF15330,4,9,0,2,0,0,0,0,0,0,3,1,6,2,-1,-1,1329,1,1,-1,-1,-1,4,4,383310.0,431200.0,-2.254737,53.776862,4,1,4,4,42196,7,1899-12-30 01:00:00,72,E10000017,3,682,3,30,0,-1,-1,0,0,8,4,1,2,0,0,1,1,E01024871,,,,,,,,,,,,,,
2900,201543W026075,1,9,0,18,0,0,0,0,0,0,4,1,6,1,23,5,1597,1,22,-1,3,-1,2,2,440969.0,168385.0,-1.412302,51.413011,43,1,2,2,42070,6,1899-12-30 18:19:00,471,E06000037,3,4,6,60,0,-1,-1,0,0,0,1,1,1,0,0,2,1,E01016301,1.0,1.0,1.0,23.0,5.0,1.0,0.0,0.0,0.0,0.0,0.0,9.0,3.0,8.0
2901,2015941500153,1,17,4,18,0,1,1,0,0,0,4,1,1,1,18,4,6728,2,3,-1,3,-1,2,2,328854.0,706902.0,-3.149736,56.249287,94,1,2,2,18/02/2015,4,1899-12-30 10:45:00,925,S12000015,3,92,6,40,6,3,5,0,0,0,1,1,2,0,0,2,1,,,,,,,,,,,,,,,
2902,2015120094589,1,9,0,17,0,8,1,0,7,3,4,1,6,2,30,6,1599,1,10,-1,1,-1,2,1,435999.0,506453.0,-1.4463,54.452201,12,1,1,2,42191,1,1899-12-30 03:54:00,181,E10000023,4,1264,6,60,3,4,5,254,0,0,1,1,1,0,0,2,1,E01027592,1.0,1.0,2.0,30.0,6.0,1.0,0.0,0.0,0.0,0.0,0.0,9.0,1.0,1.0
2903,201597LB03204,1,5,0,17,0,2,0,0,1,7,1,1,6,1,34,6,893,1,20,-1,3,-1,1,1,201721.0,731291.0,-5.217307,56.432025,97,1,1,1,22/04/2015,4,1899-12-30 11:30:00,913,S12000035,3,85,6,60,9,4,6,0,0,0,1,1,1,0,0,2,1,,1.0,1.0,1.0,34.0,6.0,1.0,0.0,0.0,0.0,0.0,0.0,5.0,3.0,-1.0
2904,201543P296025,12,9,0,18,0,0,0,0,0,0,1,1,6,1,43,7,1796,1,12,-1,1,-1,36,37,455113.0,220016.0,-1.200828,51.875998,43,1,37,36,14/02/2015,7,1899-12-30 07:45:00,481,E10000025,1,40,3,70,0,-1,-1,0,0,0,1,7,2,0,3,2,1,E01028497,6.0,1.0,1.0,43.0,7.0,3.0,0.0,0.0,0.0,0.0,0.0,9.0,1.0,10.0
2905,201550JC4O001,1,9,0,18,0,0,1,0,0,4,1,1,6,1,53,8,1360,1,15,-1,1,-1,4,2,287344.0,92779.0,-3.597379,50.723679,50,1,2,4,42343,3,1899-12-30 12:39:00,585,E10000008,6,0,6,60,0,-1,-1,0,0,0,1,1,1,0,0,2,1,E01020262,1.0,1.0,1.0,53.0,8.0,1.0,0.0,0.0,0.0,0.0,0.0,9.0,1.0,3.0
2906,2015160B01841,1,9,0,18,0,1,0,9,7,4,1,1,6,2,52,8,1229,1,9,-1,1,-1,5,2,495612.0,406736.0,-0.558415,53.548562,16,1,2,5,21/06/2015,1,1899-12-30 17:32:00,232,E06000013,3,18,1,60,1,4,6,0,0,0,1,1,1,0,0,2,1,E01013274,1.0,1.0,2.0,52.0,8.0,3.0,0.0,0.0,0.0,0.0,0.0,9.0,1.0,2.0
2907,2015545089415,3,9,0,2,0,2,0,0,0,0,4,1,6,1,-1,-1,796,1,6,-1,3,-1,1,3,409379.0,188050.0,-1.86601,51.591224,54,1,3,1,42283,4,1899-12-30 19:18:00,635,E06000054,5,414,6,30,3,4,6,0,0,0,1,1,1,0,0,2,1,E01031954,,,,,,,,,,,,,,
2908,201591NM04997,2,21,0,18,0,0,0,0,0,0,3,1,1,1,42,7,12900,2,6,-1,-1,-1,5,4,289114.0,812999.0,-3.836636,57.194327,91,1,4,5,22/06/2015,2,1899-12-30 15:04:00,927,S12000017,3,9,6,60,0,-1,-1,0,0,0,1,4,2,0,0,2,1,,,,,,,,,,,,,,,
2909,2015360088148,1,19,0,18,0,0,0,0,0,0,3,1,6,1,41,7,2148,2,10,-1,1,-1,1,1,584621.0,283657.0,0.713503,52.419736,36,1,1,1,26/02/2015,5,1899-12-30 11:35:00,400,E10000020,4,1107,6,60,0,-1,-1,0,0,0,1,2,2,0,0,2,1,E01026474,1.0,3.0,1.0,78.0,11.0,1.0,5.0,3.0,0.0,0.0,0.0,0.0,1.0,8.0
2910,201563AC12315,1,9,0,18,0,0,0,0,0,0,3,1,6,1,19,4,-1,-1,-1,-1,3,-1,3,4,243780.0,225120.0,-4.272143,51.902659,63,1,4,3,25/05/2015,2,1899-12-30 00:51:00,751,W06000010,3,485,6,50,0,-1,-1,0,0,0,6,1,2,0,0,2,1,W01000624,2.0,2.0,1.0,18.0,4.0,1.0,0.0,0.0,1.0,0.0,0.0,9.0,3.0,-1.0
2911,201523S030644,1,5,0,13,0,0,0,0,0,0,3,1,6,1,66,10,675,1,8,-1,1,-1,2,3,432717.0,257255.0,-1.522587,52.212547,23,1,3,2,27/06/2015,7,1899-12-30 14:00:00,293,E10000031,4,4455,6,60,0,-1,-1,0,0,0,1,1,1,0,0,2,1,E01031207,1.0,1.0,1.0,66.0,10.0,1.0,0.0,0.0,0.0,0.0,0.0,5.0,1.0,10.0
2912,201501TD00126,1,21,0,5,0,2,0,0,0,0,1,1,6,1,52,8,12580,2,11,-1,1,-1,1,1,537920.0,176690.0,-0.015606,51.472371,1,1,1,1,42257,6,1899-12-30 09:18:00,6,E09000011,3,2211,6,30,3,4,6,0,0,0,1,1,1,0,0,1,1,E01001644,1.0,3.0,2.0,84.0,11.0,1.0,5.0,1.0,0.0,0.0,2.0,0.0,-1.0,-1.0
2913,2015331501579,1,9,0,16,0,0,5,0,7,0,4,1,1,1,27,6,1198,1,5,-1,1,-1,1,1,438380.0,314935.0,-1.433089,52.7307,33,1,1,1,28/10/2015,4,1899-12-30 11:50:00,366,E10000018,5,7116,6,60,0,-1,-1,0,0,0,1,2,2,0,0,2,1,E01025956,1.0,1.0,1.0,27.0,6.0,1.0,0.0,0.0,0.0,0.0,0.0,9.0,1.0,5.0
2914,201506J098187,2,9,0,18,0,0,0,0,0,0,3,1,6,2,38,7,1686,2,2,-1,1,-1,2,3,388150.0,387790.0,-2.17963,53.386817,6,1,3,2,27/02/2015,6,1899-12-30 13:00:00,109,E08000007,5,0,6,30,0,-1,-1,0,0,0,1,1,1,0,0,1,1,E01005761,,,,,,,,,,,,,,
2915,201543P296025,4,9,0,18,0,0,0,0,0,0,2,1,6,1,59,9,2946,1,9,-1,1,-1,36,37,455113.0,220016.0,-1.200828,51.875998,43,1,37,36,14/02/2015,7,1899-12-30 07:45:00,481,E10000025,1,40,3,70,0,-1,-1,0,0,0,1,7,2,0,3,2,1,E01028497,22.0,2.0,1.0,51.0,8.0,3.0,0.0,0.0,1.0,0.0,0.0,9.0,2.0,10.0
2916,2015160C06791,1,9,0,16,0,0,0,0,7,10,4,1,6,1,18,4,1229,1,5,-1,2,-1,3,2,521217.0,432282.0,-0.162199,53.772777,16,1,2,3,15/11/2015,1,1899-12-30 14:40:00,231,E06000011,6,0,6,60,0,-1,-1,0,0,0,1,1,1,0,0,2,1,E01013028,1.0,1.0,1.0,18.0,4.0,1.0,0.0,0.0,0.0,0.0,0.0,9.0,2.0,8.0
2917,2015471501828,1,9,0,13,0,0,0,0,1,0,1,1,6,1,80,11,1598,1,4,-1,3,-1,2,2,543124.0,121561.0,0.037277,50.975683,47,1,2,2,42039,5,1899-12-30 13:04:00,556,E10000011,3,272,6,60,0,-1,-1,0,0,0,1,1,1,0,0,2,1,E01021165,1.0,1.0,1.0,80.0,11.0,1.0,0.0,0.0,0.0,0.0,0.0,9.0,3.0,9.0
2918,2015132B50991,2,20,0,18,0,0,1,0,0,0,1,1,1,1,46,8,4250,2,9,-1,1,-1,2,2,437339.0,437841.0,-1.434101,53.835489,13,1,2,2,42135,5,1899-12-30 15:14:00,204,E08000035,3,64,6,40,0,-1,-1,0,0,0,1,2,2,0,0,2,1,E01011715,,,,,,,,,,,,,,
2919,201504WB15434,1,9,0,17,0,0,0,2,0,0,4,1,6,1,43,7,2495,2,16,-1,1,-1,2,1,349800.0,464690.0,-2.768702,54.075676,4,1,1,2,42136,7,1899-12-30 22:15:00,76,E10000017,6,0,6,30,0,-1,-1,0,0,0,5,5,2,4,0,2,1,E01025108,1.0,1.0,1.0,43.0,7.0,2.0,0.0,0.0,0.0,0.0,0.0,9.0,1.0,2.0
2920,201543P336115,1,9,0,18,0,1,0,0,0,0,1,1,6,2,78,11,1596,1,9,-1,1,-1,4,5,422830.0,219365.0,-1.669803,51.872394,43,1,5,4,27/11/2015,6,1899-12-30 12:34:00,485,E10000025,3,424,6,60,3,4,6,0,0,0,1,1,2,0,0,2,1,E01028798,1.0,1.0,2.0,78.0,11.0,3.0,0.0,0.0,0.0,0.0,0.0,9.0,1.0,7.0
2921,201543P281125,1,19,0,18,0,0,0,0,0,0,2,1,1,1,55,8,2198,2,1,-1,1,-1,2,3,446481.0,227293.0,-1.325228,51.942204,43,1,3,2,30/12/2015,4,1899-12-30 08:06:00,481,E10000025,3,4260,3,70,0,-1,-1,0,0,0,1,4,1,0,0,2,1,E01028507,2.0,3.0,1.0,69.0,10.0,1.0,9.0,7.0,0.0,0.0,0.0,0.0,2.0,7.0
2922,2015320142240,2,9,0,18,0,0,5,0,1,11,1,1,6,1,41,7,1796,1,11,-1,2,-1,3,2,501482.0,359690.0,-0.48491,53.124731,32,1,2,3,26/12/2015,7,1899-12-30 09:39:00,353,E10000019,3,15,6,60,0,-1,-1,0,0,0,1,4,2,0,0,2,1,E01026211,1.0,1.0,1.0,41.0,7.0,1.0,0.0,0.0,0.0,0.0,0.0,9.0,2.0,10.0
2923,2015120067015,1,9,0,13,0,0,0,0,0,0,1,1,6,1,46,8,1587,1,14,-1,1,-1,3,3,451349.0,506997.0,-1.209486,54.455773,12,1,3,3,23/04/2015,5,1899-12-30 21:19:00,181,E10000023,3,172,6,60,0,-1,-1,0,0,0,6,1,1,0,0,2,1,E01027627,3.0,2.0,1.0,33.0,6.0,3.0,0.0,0.0,1.0,0.0,0.0,9.0,1.0,4.0
2924,201514K329315,1,9,0,18,0,0,0,0,7,0,1,1,6,1,21,5,1896,2,6,-1,1,-1,7,2,435345.0,388724.0,-1.469955,53.394172,14,1,2,7,22/12/2015,3,1899-12-30 22:47:00,215,E08000019,6,0,6,30,0,-1,-1,0,0,0,4,1,2,0,0,1,1,E01007870,5.0,2.0,1.0,20.0,4.0,3.0,0.0,0.0,1.0,0.0,0.0,9.0,1.0,1.0
2925,201522E504220,1,9,0,13,0,0,0,0,0,0,1,1,6,1,27,6,3222,2,10,-1,1,-1,3,2,349950.0,230940.0,-2.730036,51.974661,22,1,2,3,42166,6,1899-12-30 21:21:00,285,E06000019,3,49,6,60,0,-1,-1,0,0,0,6,1,2,0,0,2,1,E01014060,3.0,2.0,2.0,22.0,5.0,3.0,0.0,0.0,1.0,0.0,0.0,9.0,1.0,4.0
2926,201511SK00645,1,9,0,16,0,0,0,0,7,11,1,1,6,1,25,5,1896,2,13,-1,1,-1,1,1,423330.0,527806.0,-1.640003,54.64483,11,1,1,1,42278,7,1899-12-30 20:48:00,169,E06000047,5,34,6,30,0,-1,-1,0,0,0,4,5,2,0,0,2,1,E01020838,1.0,1.0,1.0,25.0,5.0,1.0,0.0,0.0,0.0,0.0,0.0,9.0,1.0,1.0
2927,2015210034191,2,5,0,4,0,0,0,0,0,0,2,1,6,1,28,6,999,1,4,-1,1,-1,1,2,419650.0,302950.0,-1.711157,52.623961,21,1,2,1,20/11/2015,6,1899-12-30 15:10:00,258,E10000028,3,5,3,70,0,-1,-1,0,0,0,1,1,1,0,0,2,1,E01029503,,,,,,,,,,,,,,
2928,201531A178415,3,21,1,14,0,0,0,0,0,0,3,1,1,1,55,8,12740,2,2,-1,1,-1,1,3,449152.0,358409.0,-1.267016,53.120598,31,1,3,1,42044,4,1899-12-30 15:21:00,340,E10000024,6,0,6,30,0,-1,-1,0,0,0,1,2,2,0,0,1,1,E01027975,,,,,,,,,,,,,,
2929,2015471506971,1,9,0,9,0,8,0,0,0,0,1,1,6,1,78,11,-1,-1,-1,-1,2,-1,2,2,515051.0,122892.0,-0.361976,50.993935,47,1,2,2,25/11/2015,4,1899-12-30 16:49:00,562,E10000032,3,272,6,60,3,4,6,0,0,0,6,1,1,0,0,2,1,E01031611,1.0,1.0,1.0,78.0,11.0,2.0,0.0,0.0,0.0,0.0,0.0,9.0,2.0,9.0