,accident_index,vehicle_reference,vehicle_type,towing_and_articulation,vehicle_manoeuvre,vehicle_location-restricted_lane,junction_location,skidding_and_overturning,hit_object_in_carriageway,vehicle_leaving_carriageway,hit_object_off_carriageway,1st_point_of_impact,was_vehicle_left_hand_drive?,journey_purpose_of_driver,sex_of_driver,age_of_driver,age_band_of_driver,engine_capacity_(cc),propulsion_code,age_of_vehicle,driver_imd_decile,driver_home_area_type,vehicle_imd_decile,NUmber_of_Casualities_unique_to_accident_index,No_of_Vehicles_involved_unique_to_accident_index,location_easting_osgr,location_northing_osgr,longitude,latitude,police_force,accident_severity,number_of_vehicles,number_of_casualties,date,day_of_week,time,local_authority_(district),local_authority_(highway),1st_road_class,1st_road_number,road_type,speed_limit,junction_detail,junction_control,2nd_road_class,2nd_road_number,pedestrian_crossing-human_control,pedestrian_crossing-physical_facilities,light_conditions,weather_conditions,road_surface_conditions,special_conditions_at_site,carriageway_hazards,urban_or_rural_area,did_police_officer_attend_scene_of_accident,lsoa_of_accident_location,casualty_reference,casualty_class,sex_of_casualty,age_of_casualty,age_band_of_casualty,casualty_severity,pedestrian_location,pedestrian_movement,car_passenger,bus_or_coach_passenger,pedestrian_road_maintenance_worker,casualty_type,casualty_home_area_type,casualty_imd_decile
2996,201501TD00035,1,21,0,7,0,8,0,0,0,0,4,1,1,1,60,9,12777,2,2,-1,1,-1,1,2,529080.0,179170.0,-0.141905,51.496743,1,1,2,1,19/02/2015,5,1899-12-30 07:55:00,1,E09000033,3,302,2,30,6,2,3,302,0,5,1,1,1,0,0,1,1,E01004731,,,,,,,,,,,,,,
2997,2015547434315,1,5,0,18,0,1,0,7,7,2,1,1,6,1,30,6,999,1,9,-1,2,-1,1,1,418400.0,183404.0,-1.736034,51.54923,54,1,1,1,16/08/2015,1,1899-12-30 21:35:00,633,E06000030,4,4006,6,40,1,4,6,0,0,0,4,1,1,0,0,1,1,E01015489,1.0,1.0,1.0,30.0,6.0,1.0,0.0,0.0,0.0,0.0,0.0,5.0,2.0,7.0
2998,2015521501816,2,9,0,18,0,0,0,0,0,0,1,1,6,1,29,6,-1,-1,-1,-1,1,-1,1,3,367283.0,175979.0,-2.472531,51.481812,52,1,3,1,29/01/2015,5,1899-12-30 15:17:00,612,E06000025,3,4174,3,70,0,-1,-1,0,0,0,1,1,1,0,0,2,1,E01033334,,,,,,,,,,,,,,
2999,201560S152191,1,9,0,5,8,0,0,0,0,0,3,1,6,2,71,10,-1,-1,-1,-1,-1,-1,2,2,279925.0,356071.0,-3.794358,53.088306,60,1,2,2,42104,1,1899-12-30 14:10:00,721,W06000003,3,470,6,60,0,-1,-1,0,0,0,1,1,1,0,0,2,1,W01000189,,,,,,,,,,,,,,
3000,201522F502891,2,9,0,10,0,8,0,0,0,0,2,1,6,1,32,6,1299,1,12,-1,-1,-1,4,3,352700.0,321800.0,-2.702862,52.791683,22,1,3,4,26/08/2015,4,1899-12-30 15:19:00,286,E06000051,3,49,6,60,9,4,6,0,0,0,1,1,1,0,0,2,1,E01028861,2.0,1.0,1.0,32.0,6.0,1.0,0.0,0.0,0.0,0.0,0.0,9.0,-1.0,-1.0
3001,2015160C01791,1,5,0,16,0,0,0,0,0,0,1,1,1,1,28,6,-1,-1,-1,-1,1,-1,2,2,522378.0,428832.0,-0.145958,53.741513,16,1,2,2,13/04/2015,2,1899-12-30 11:28:00,231,E06000011,4,1362,6,60,0,-1,-1,0,0,0,1,1,1,0,0,2,1,E01013028,1.0,1.0,1.0,28.0,6.0,1.0,0.0,0.0,0.0,0.0,0.0,5.0,1.0,9.0
3002,201501TD00007,1,11,0,18,2,8,0,0,0,0,1,1,1,2,54,8,-1,-1,-1,-1,1,-1,1,1,534080.0,192110.0,-0.064991,51.611862,1,1,1,1,15/01/2015,5,1899-12-30 08:19:00,32,E09000010,3,1010,6,30,3,4,6,0,0,4,1,1,2,0,0,1,1,,1.0,3.0,1.0,13.0,3.0,1.0,4.0,1.0,0.0,0.0,2.0,0.0,1.0,1.0
3003,201501TD00129,1,3,0,18,0,8,0,0,0,0,1,1,6,1,49,8,124,1,5,-1,1,-1,1,2,538410.0,183710.0,-0.005803,51.535334,1,1,2,1,25/10/2015,1,1899-12-30 21:19:00,17,E09000025,3,11,6,30,6,2,5,0,0,5,4,1,1,0,0,1,1,E01033578,1.0,1.0,1.0,49.0,8.0,1.0,0.0,0.0,0.0,0.0,0.0,3.0,1.0,3.0
3004,2015450027719,2,9,0,18,0,2,0,0,0,0,0,1,1,2,63,9,1200,1,-1,-1,2,-1,1,3,499294.0,149477.0,-0.579113,51.235846,45,1,3,1,13/08/2015,5,1899-12-30 11:33:00,511,E10000030,3,322,6,30,9,2,3,31,0,5,1,2,2,0,0,1,1,E01030452,,,,,,,,,,,,,,
3005,201531D243315,1,9,0,18,0,0,1,0,1,11,1,1,6,1,23,5,1910,2,8,-1,1,-1,4,2,472867.0,345785.0,-0.915574,53.004433,31,1,2,4,20/11/2015,6,1899-12-30 18:24:00,347,E10000024,3,46,3,60,0,-1,-1,0,0,0,6,1,2,0,0,2,1,E01028403,1.0,1.0,1.0,23.0,5.0,1.0,0.0,0.0,0.0,0.0,0.0,9.0,1.0,4.0
3006,2015360089255,1,9,0,18,6,0,0,4,0,0,1,1,6,1,53,8,1798,1,3,-1,3,-1,1,2,617653.0,306603.0,1.213495,52.613561,36,1,2,1,42312,7,1899-12-30 13:45:00,406,E10000020,3,47,3,70,0,-1,-1,0,0,0,1,1,1,0,0,2,1,E01026883,1.0,1.0,1.0,53.0,8.0,1.0,0.0,0.0,0.0,0.0,0.0,9.0,3.0,8.0
3007,2015521504241,2,3,0,17,0,8,0,0,0,0,1,1,6,2,43,7,125,1,1,-1,1,-1,1,3,359892.0,171877.0,-2.578493,51.444454,52,1,3,1,17/06/2015,4,1899-12-30 05:15:00,601,E06000023,3,4,6,30,3,2,3,37,0,5,1,1,1,0,0,1,1,E01014730,1.0,1.0,2.0,43.0,7.0,1.0,0.0,0.0,0.0,0.0,0.0,3.0,1.0,7.0
3008,2015120174331,2,5,0,18,0,0,0,0,1,0,1,1,6,1,62,9,1299,1,10,-1,1,-1,2,3,477522.0,472680.0,-0.814754,54.144112,12,1,3,2,42045,6,1899-12-30 11:52:00,185,E10000023,4,1257,6,60,0,-1,-1,0,0,0,1,1,1,0,0,2,1,E01027787,2.0,1.0,1.0,62.0,9.0,1.0,0.0,0.0,0.0,0.0,0.0,5.0,1.0,6.0
3009,20154100T1017,1,9,0,18,0,0,0,0,1,0,1,1,6,1,43,7,1598,1,2,-1,1,-1,4,2,511126.0,205212.0,-0.392178,51.734613,41,1,2,4,22/02/2015,1,1899-12-30 09:40:00,434,E10000015,1,1,3,70,0,-1,-1,0,0,0,1,1,1,0,0,2,1,E01023722,4.0,1.0,1.0,43.0,7.0,3.0,0.0,0.0,0.0,0.0,0.0,9.0,1.0,2.0
3010,201501TD00060,1,5,0,18,0,2,0,10,1,5,1,1,6,1,20,4,-1,-1,-1,-1,1,-1,3,1,542480.0,189340.0,0.055117,51.584911,1,1,1,3,18/04/2015,7,1899-12-30 17:30:00,14,E09000026,3,1400,3,40,3,4,6,0,0,4,1,1,1,0,0,1,1,E01003681,3.0,3.0,1.0,60.0,9.0,2.0,1.0,3.0,0.0,0.0,2.0,0.0,1.0,8.0
3011,2015120092365,1,9,0,16,0,0,0,0,7,11,1,1,6,2,74,10,1598,1,-1,-1,2,-1,2,1,499117.0,484838.0,-0.48028,54.249636,12,1,1,2,42069,4,1899-12-30 16:40:00,186,E10000023,6,544,6,30,0,-1,-1,0,0,0,1,1,1,0,0,2,1,E01027814,1.0,1.0,2.0,74.0,10.0,3.0,0.0,0.0,0.0,0.0,0.0,9.0,2.0,7.0
3012,2015440175317,2,9,0,17,0,0,1,0,0,0,1,1,6,1,44,7,1598,1,5,-1,3,-1,5,2,457532.0,79382.0,-1.188254,50.611323,44,1,2,5,24/05/2015,1,1899-12-30 16:55:00,505,E06000046,3,3055,6,60,0,-1,-1,0,0,0,1,1,1,0,0,2,1,E01017359,5.0,2.0,1.0,8.0,2.0,3.0,0.0,0.0,2.0,0.0,0.0,9.0,3.0,8.0
3013,201520M012225,2,9,0,18,0,0,0,0,0,0,1,1,6,2,49,8,1598,1,11,-1,1,-1,3,2,436790.0,281890.0,-1.460292,52.433755,20,1,2,3,25/07/2015,7,1899-12-30 20:03:00,302,E08000026,6,0,6,30,0,-1,-1,0,0,0,1,1,1,0,0,1,1,E01009579,2.0,1.0,2.0,49.0,8.0,3.0,0.0,0.0,0.0,0.0,0.0,9.0,1.0,1.0
3014,2015331501909,2,9,0,18,0,0,0,0,0,0,1,1,6,1,49,8,2143,2,3,-1,1,-1,1,2,495760.0,301275.0,-0.58754,52.600836,33,1,2,1,15/12/2015,3,1899-12-30 09:38:00,368,E06000017,3,47,6,60,0,-1,-1,0,0,0,1,7,2,0,0,2,1,E01013792,,,,,,,,,,,,,,
3015,2015075207169,1,21,1,18,0,0,0,0,0,0,1,1,1,1,41,7,10837,2,2,-1,-1,-1,5,4,374650.0,366078.0,-2.38086,53.19118,7,1,4,5,16/07/2015,5,1899-12-30 23:04:00,129,E06000049,1,6,3,70,0,-1,-1,0,0,0,6,1,1,0,0,2,1,E01018722,1.0,1.0,1.0,41.0,7.0,1.0,0.0,0.0,0.0,0.0,0.0,21.0,-1.0,-1.0
3016,201523N026470,2,9,0,18,0,8,0,0,0,0,1,1,2,1,43,7,1796,1,15,-1,1,-1,1,2,418673.0,291662.0,-1.726221,52.522519,23,1,2,1,42226,5,1899-12-30 22:12:00,290,E10000031,3,446,6,60,3,2,4,4118,0,0,4,1,1,0,0,2,1,E01031042,,,,,,,,,,,,,,
3017,201563BC02815,3,9,0,16,0,0,0,0,0,0,0,1,1,3,60,9,-1,-1,-1,-1,3,-1,3,3,263070.0,281460.0,-4.014689,52.413949,63,1,3,3,19/03/2015,5,1899-12-30 14:30:00,750,W06000008,3,4159,6,60,0,-1,-1,0,0,0,1,1,1,0,0,2,1,W01000543,,,,,,,,,,,,,,
3018,2015405BA0463,1,9,0,18,0,1,0,0,0,0,1,1,6,2,32,6,-1,-1,-1,-1,3,-1,5,2,496858.0,239151.0,-0.589203,52.042306,40,1,2,5,29/05/2015,6,1899-12-30 00:01:00,424,E06000056,5,94,6,60,3,4,6,86,0,0,6,1,1,0,0,2,1,E01017416,4.0,2.0,1.0,19.0,4.0,2.0,0.0,0.0,1.0,0.0,0.0,9.0,1.0,4.0
3019,201543R116105,1,9,0,18,0,0,5,0,1,4,4,1,6,1,60,9,1560,2,-1,-1,1,-1,7,1,485531.0,175464.0,-0.76996,51.471686,43,1,1,7,42348,2,1899-12-30 21:50:00,474,E06000040,1,4,3,70,0,-1,-1,0,0,0,6,1,1,0,0,2,1,E01016578,6.0,2.0,1.0,37.0,7.0,3.0,0.0,0.0,2.0,0.0,0.0,9.0,1.0,1.0
3020,201501TD00022,1,9,0,7,0,2,0,0,0,0,4,1,6,1,87,11,2499,1,6,-1,1,-1,2,1,516770.0,192150.0,-0.314847,51.616074,1,1,1,2,23/01/2015,6,1899-12-30 11:04:00,29,E09000015,5,0,6,30,6,4,6,0,0,0,1,1,1,0,0,1,1,E01002226,1.0,3.0,1.0,87.0,11.0,1.0,5.0,1.0,0.0,0.0,2.0,0.0,1.0,7.0
3021,20154100G0272,1,5,0,17,0,0,1,0,0,0,1,1,6,1,33,6,599,1,7,-1,1,-1,2,1,511829.0,225765.0,-0.37537,51.91919,41,1,1,2,42161,7,1899-12-30 17:11:00,433,E10000015,3,505,3,70,0,-1,-1,0,0,0,1,1,1,0,0,2,1,E01023624,1.0,2.0,1.0,35.0,6.0,1.0,0.0,0.0,0.0,0.0,0.0,5.0,1.0,7.0
3022,201543P296025,2,9,0,18,0,0,0,0,0,0,2,1,6,1,46,8,1364,1,1,-1,2,-1,36,37,455113.0,220016.0,-1.200828,51.875998,43,1,37,36,14/02/2015,7,1899-12-30 07:45:00,481,E10000025,1,40,3,70,0,-1,-1,0,0,0,1,7,2,0,3,2,1,E01028497,21.0,2.0,1.0,90.0,11.0,2.0,0.0,0.0,1.0,0.0,0.0,9.0,1.0,10.0
3023,201523S010609,1,9,0,17,0,0,1,0,7,10,3,1,6,1,20,4,1124,1,11,-1,1,-1,5,1,432870.0,265324.0,-1.519565,52.285079,23,1,1,5,20/06/2015,7,1899-12-30 02:45:00,294,E10000031,3,425,6,30,0,-1,-1,0,0,0,4,1,2,0,0,1,1,E01031337,5.0,2.0,1.0,21.0,5.0,2.0,0.0,0.0,1.0,0.0,0.0,9.0,2.0,9.0
3024,201543P296025,32,9,0,18,0,0,0,0,0,0,2,1,6,1,54,8,-1,-1,-1,-1,-1,-1,36,37,455113.0,220016.0,-1.200828,51.875998,43,1,37,36,14/02/2015,7,1899-12-30 07:45:00,481,E10000025,1,40,3,70,0,-1,-1,0,0,0,1,7,2,0,3,2,1,E01028497,19.0,1.0,1.0,54.0,8.0,3.0,0.0,0.0,0.0,0.0,0.0,9.0,-1.0,-1.0
3025,2015930000531,2,20,0,18,0,0,0,0,0,0,1,1,1,1,40,7,-1,-1,-1,-1,-1,-1,4,3,293704.0,723459.0,-3.723429,56.391403,93,1,3,4,24/10/2015,7,1899-12-30 18:20:00,934,S12000024,3,85,6,60,0,-1,-1,0,0,0,6,1,1,0,0,2,1,,3.0,2.0,2.0,24.0,5.0,3.0,0.0,0.0,0.0,0.0,0.0,20.0,3.0,-1.0
3026,201504EF15330,3,8,0,18,0,0,0,4,0,0,1,1,1,1,48,8,2402,2,10,-1,-1,-1,4,4,383310.0,431200.0,-2.254737,53.776862,4,1,4,4,42196,7,1899-12-30 01:00:00,72,E10000017,3,682,3,30,0,-1,-1,0,0,8,4,1,2,0,0,1,1,E01024871,4.0,2.0,2.0,38.0,7.0,2.0,0.0,0.0,2.0,0.0,0.0,8.0,-1.0,-1.0
3027,2015621501467,2,9,0,17,0,0,0,0,0,0,1,1,6,1,25,5,-1,-1,-1,-1,1,-1,4,2,275724.0,189691.0,-3.795428,51.592319,62,1,2,4,16/08/2015,1,1899-12-30 21:55:00,743,W06000012,4,4286,3,30,0,-1,-1,0,0,0,4,1,1,0,0,2,1,W01000960,2.0,1.0,1.0,25.0,5.0,2.0,0.0,0.0,0.0,0.0,0.0,9.0,1.0,-1.0
3028,2015230033364,1,5,0,13,0,0,1,6,0,0,1,1,6,1,49,8,998,1,3,-1,1,-1,1,3,434596.0,285409.0,-1.492198,52.465532,23,1,3,1,13/10/2015,3,1899-12-30 17:50:00,291,E10000031,6,0,6,30,0,-1,-1,0,0,0,6,1,1,0,0,2,1,E01031089,1.0,1.0,1.0,49.0,8.0,1.0,0.0,0.0,0.0,0.0,0.0,5.0,1.0,9.0
3029,2015350031115,1,9,0,13,0,0,1,0,0,0,1,1,6,1,27,6,1896,2,14,-1,-1,-1,3,4,560600.0,291510.0,0.364392,52.497849,35,1,4,3,18/02/2015,4,1899-12-30 06:45:00,391,E10000003,3,10,6,60,0,-1,-1,0,0,0,1,1,2,0,0,2,1,E01018044,1.0,1.0,1.0,27.0,6.0,2.0,0.0,0.0,0.0,0.0,0.0,9.0,-1.0,-1.0
3030,201531B211215,1,5,0,13,0,8,0,0,7,10,1,1,6,1,57,9,1293,1,3,-1,2,-1,2,2,459530.0,371251.0,-1.109579,53.234965,31,1,2,2,42257,6,1899-12-30 16:05:00,341,E10000024,3,616,6,60,8,4,6,0,0,0,1,1,1,0,0,2,1,E01028041,2.0,1.0,1.0,57.0,9.0,1.0,0.0,0.0,0.0,0.0,0.0,5.0,2.0,10.0
3031,201534TS80135,1,21,0,13,0,8,0,0,0,0,4,1,1,1,24,5,9200,2,9,-1,2,-1,1,2,450429.0,250335.0,-1.264408,52.149006,34,1,2,1,30/06/2015,3,1899-12-30 10:30:00,385,E10000021,3,361,6,50,6,4,5,19,0,0,1,1,1,0,0,2,1,E01027304,,,,,,,,,,,,,,
3032,2015405DA0987,1,9,0,18,0,0,1,0,2,0,4,1,6,1,20,4,1229,1,10,-1,1,-1,5,2,502087.0,228914.0,-0.516035,51.949362,40,1,2,5,42016,3,1899-12-30 23:18:00,424,E06000056,4,579,6,60,0,-1,-1,0,0,0,6,1,1,0,1,2,1,E01017620,4.0,2.0,2.0,18.0,4.0,1.0,0.0,0.0,2.0,0.0,0.0,9.0,1.0,2.0
3033,2015471502509,1,5,0,18,0,0,0,0,0,0,1,1,1,1,22,5,675,1,-1,-1,1,-1,3,1,581166.0,109145.0,0.572461,50.853447,47,1,1,3,42190,5,1899-12-30 21:04:00,552,E10000011,3,259,6,30,0,-1,-1,0,0,1,4,1,1,0,0,1,1,E01020979,2.0,3.0,2.0,90.0,11.0,3.0,5.0,3.0,0.0,0.0,0.0,0.0,1.0,6.0
3034,2015460254763,1,9,0,18,0,0,1,0,1,7,3,1,6,1,32,6,1997,2,3,-1,1,-1,1,1,568350.0,159690.0,0.414092,51.311422,46,1,1,1,31/03/2015,3,1899-12-30 11:25:00,542,E10000016,1,20,3,70,0,-1,-1,0,0,0,1,4,1,0,0,2,1,E01032829,1.0,1.0,1.0,32.0,6.0,1.0,0.0,0.0,0.0,0.0,0.0,9.0,1.0,6.0
3035,201542I149105,3,21,1,18,0,1,0,0,0,0,3,2,1,2,40,7,-1,-1,-1,-1,3,-1,1,5,613567.0,227692.0,1.10335,51.906807,42,1,5,1,27/05/2015,4,1899-12-30 13:00:00,461,E10000012,3,120,6,60,3,4,6,0,0,0,1,1,1,0,0,2,1,E01021978,,,,,,,,,,,,,,
3036,2015320021341,2,90,0,18,0,3,0,0,1,9,1,1,1,1,51,8,8970,2,9,-1,1,-1,2,2,513188.0,311267.0,-0.326902,52.687276,32,1,2,2,16/04/2015,5,1899-12-30 16:36:00,355,E10000019,3,15,1,60,1,4,3,1175,0,0,1,1,1,0,0,2,1,E01026334,2.0,1.0,1.0,51.0,8.0,3.0,0.0,0.0,0.0,0.0,0.0,90.0,1.0,3.0
3037,2015051500336,1,9,0,18,0,0,1,0,2,7,1,1,6,1,20,4,1598,1,7,-1,1,-1,3,2,332002.0,388856.0,-3.023965,53.392141,5,1,2,3,31/01/2015,7,1899-12-30 01:52:00,95,E08000015,3,553,3,30,0,-1,-1,0,0,5,4,2,2,0,0,1,1,E01007126,2.0,1.0,1.0,20.0,4.0,3.0,0.0,0.0,0.0,0.0,0.0,9.0,1.0,1.0
3038,2015210031451,1,19,0,17,0,0,0,0,0,0,1,1,6,1,22,5,2198,2,2,-1,3,-1,1,2,411335.0,307160.0,-1.833845,52.662043,21,1,2,1,17/10/2015,7,1899-12-30 20:56:00,252,E10000028,3,5127,3,50,0,-1,-1,0,0,0,6,1,1,0,0,2,1,E01029518,,,,,,,,,,,,,,
3039,2015471505617,2,9,0,10,0,1,0,0,0,0,2,1,6,2,47,8,998,1,12,-1,3,-1,4,5,589457.0,116920.0,0.694144,50.920631,47,1,5,4,27/09/2015,1,1899-12-30 11:45:00,555,E10000011,3,259,6,60,8,4,6,0,0,0,1,1,1,0,0,2,1,E01021101,3.0,2.0,2.0,7.0,2.0,3.0,0.0,0.0,1.0,0.0,0.0,9.0,3.0,5.0
3040,201501TD00075,2,8,0,18,0,8,0,0,0,0,3,1,1,1,52,8,2499,2,4,-1,-1,-1,1,2,544340.0,170190.0,0.074118,51.412365,1,1,2,1,42130,6,1899-12-30 03:24:00,19,E09000006,3,222,6,30,6,2,3,208,0,5,4,1,1,1,0,1,1,E01000696,1.0,1.0,1.0,52.0,8.0,1.0,0.0,0.0,0.0,0.0,0.0,8.0,-1.0,-1.0
3041,201543N134075,1,9,0,18,0,0,0,0,0,0,1,1,6,1,81,11,1149,1,10,-1,1,-1,4,2,479492.0,215252.0,-0.847856,51.830237,43,1,2,4,17/07/2015,6,1899-12-30 16:25:00,476,E10000002,3,41,6,40,0,-1,-1,0,0,0,1,1,1,0,0,2,1,E01017705,2.0,2.0,1.0,35.0,6.0,2.0,0.0,0.0,2.0,0.0,0.0,9.0,1.0,5.0
3042,2015551600188,2,9,0,18,0,0,0,0,1,0,1,1,6,1,49,8,1461,2,2,-1,3,-1,5,2,357454.0,91352.0,-2.604063,50.720226,55,1,2,5,20/12/2015,1,1899-12-30 18:32:00,645,E10000009,3,35,6,60,0,-1,-1,0,0,0,6,2,2,0,0,2,1,E01020512,2.0,2.0,2.0,44.0,7.0,2.0,0.0,0.0,1.0,0.0,0.0,9.0,3.0,7.0
3043,2015120068800,1,9,0,17,0,0,2,0,7,4,1,1,6,1,19,4,2495,2,11,-1,3,-1,4,1,444638.0,506644.0,-1.313043,54.453234,12,1,1,4,26/04/2015,1,1899-12-30 20:30:00,181,E10000023,5,22,6,60,0,-1,-1,0,0,0,1,1,1,0,0,2,1,E01027617,2.0,2.0,2.0,16.0,4.0,3.0,0.0,0.0,2.0,0.0,0.0,9.0,2.0,9.0
3044,2015075234697,1,9,0,18,0,2,0,0,0,0,1,1,6,1,53,8,2295,1,14,-1,1,-1,1,1,361502.0,389695.0,-2.580504,53.402663,7,1,1,1,42285,2,1899-12-30 00:03:00,128,E06000007,6,0,6,30,3,4,6,0,0,0,4,2,2,0,0,1,1,E01012523,1.0,3.0,1.0,59.0,9.0,1.0,9.0,9.0,0.0,0.0,0.0,0.0,1.0,2.0
3045,201501TD00019,2,5,0,18,0,8,0,0,0,0,1,1,6,1,47,8,599,1,12,-1,1,-1,1,2,537090.0,180840.0,-0.025939,51.509865,1,1,2,1,42037,2,1899-12-30 20:16:00,5,E09000030,3,1206,3,40,9,4,4,123,0,4,4,1,1,0,0,1,1,E01004255,1.0,1.0,1.0,47.0,8.0,1.0,0.0,0.0,0.0,0.0,0.0,5.0,1.0,7.0
3046,201522D501256,1,9,0,18,0,0,0,0,1,4,1,1,6,2,27,6,1896,2,11,-1,1,-1,1,1,407640.0,273760.0,-1.889232,52.361844,22,1,1,1,14/04/2015,3,1899-12-30 01:20:00,270,E10000034,3,435,7,70,0,-1,-1,0,0,0,6,1,1,0,0,2,1,E01032178,1.0,1.0,2.0,27.0,6.0,1.0,0.0,0.0,0.0,0.0,0.0,9.0,1.0,7.0
3047,2015160C04361,1,9,0,16,0,0,1,0,1,10,3,1,6,1,41,7,1596,1,14,-1,1,-1,2,2,513394.0,456905.0,-0.271739,53.995744,16,1,2,2,42012,7,1899-12-30 20:15:00,231,E06000011,3,165,6,60,0,-1,-1,0,0,0,1,1,2,0,0,2,1,E01012986,1.0,1.0,1.0,41.0,7.0,1.0,0.0,0.0,0.0,0.0,0.0,9.0,1.0,7.0
3048,201504EG15099,1,9,0,18,0,0,1,0,1,10,3,1,6,1,44,7,1242,1,14,-1,2,-1,1,1,378180.0,446110.0,-2.333644,53.910679,4,1,1,1,27/05/2015,4,1899-12-30 00:25:00,80,E10000017,3,59,6,60,0,-1,-1,0,0,0,4,1,1,0,0,2,1,E01025349,1.0,1.0,1.0,44.0,7.0,1.0,0.0,0.0,0.0,0.0,0.0,9.0,2.0,8.0
3049,201514K240415,1,9,0,7,9,1,0,0,7,4,1,1,6,1,21,5,1796,1,16,-1,1,-1,5,1,436427.0,388962.0,-1.453658,53.396238,14,1,1,5,42073,7,1899-12-30 03:43:00,215,E08000019,6,0,6,30,3,4,6,0,0,0,4,1,1,0,0,1,1,E01007874,1.0,1.0,1.0,21.0,5.0,1.0,0.0,0.0,0.0,0.0,0.0,9.0,1.0,1.0
3050,201514C110515,1,9,0,17,0,1,1,0,7,10,4,1,6,2,30,6,998,1,7,-1,1,-1,3,2,447427.0,397025.0,-1.287035,53.467836,14,1,2,3,28/10/2015,4,1899-12-30 14:41:00,213,E08000018,4,6090,6,60,3,4,6,0,0,0,1,1,2,0,0,2,1,E01007720,1.0,1.0,2.0,30.0,6.0,1.0,0.0,0.0,0.0,0.0,0.0,9.0,1.0,7.0
3051,201531A049615,1,9,0,16,0,0,0,0,8,4,1,1,6,1,48,8,1388,1,9,-1,2,-1,1,1,450007.0,363301.0,-1.25348,53.164489,31,1,1,1,22/03/2015,1,1899-12-30 20:02:00,344,E10000024,6,0,6,60,0,-1,-1,0,0,0,6,1,1,0,0,2,1,E01033392,1.0,1.0,1.0,48.0,8.0,1.0,0.0,0.0,0.0,0.0,0.0,9.0,2.0,4.0
3052,2015030002764,1,21,4,1,0,8,0,0,0,0,3,1,6,1,55,8,15607,2,3,-1,3,-1,2,3,327920.0,546730.0,-3.123032,54.810228,3,1,3,2,42166,6,1899-12-30 19:26:00,60,E10000006,4,5305,6,60,3,4,6,0,0,0,6,1,2,0,0,2,1,E01019131,1.0,1.0,1.0,55.0,8.0,3.0,0.0,0.0,0.0,0.0,0.0,21.0,3.0,6.0
3053,2015530209812,3,19,0,2,0,0,0,0,0,0,0,1,6,3,-1,-1,-1,-1,-1,-1,-1,-1,2,3,379447.0,211402.0,-2.29946,51.80088,53,1,3,2,15/09/2015,3,1899-12-30 09:42:00,624,E10000013,3,38,6,50,0,-1,-1,0,0,0,1,1,2,0,0,2,1,E01022396,,,,,,,,,,,,,,
3054,201514K333215,1,9,0,16,0,0,0,0,7,4,1,1,6,1,51,8,1995,2,12,-1,1,-1,4,1,430348.0,387063.0,-1.545255,53.379552,14,1,1,4,27/12/2015,1,1899-12-30 01:10:00,215,E08000019,3,57,6,50,0,-1,-1,0,0,0,6,2,2,0,0,2,1,E01007953,3.0,2.0,2.0,11.0,3.0,3.0,0.0,0.0,2.0,0.0,0.0,9.0,1.0,1.0
3055,2015051502221,1,9,0,16,0,1,0,0,0,0,1,1,6,1,20,4,1968,2,7,-1,1,-1,1,1,333851.0,390996.0,-2.996615,53.411609,5,1,1,1,15/09/2015,3,1899-12-30 10:37:00,91,E08000012,3,5052,3,30,3,2,3,5053,0,5,1,1,1,0,0,1,1,E01033753,1.0,3.0,1.0,72.0,10.0,1.0,10.0,1.0,0.0,0.0,0.0,0.0,1.0,1.0
3056,2015621501838,1,9,0,18,0,0,0,0,0,0,1,1,6,1,33,6,-1,-1,-1,-1,1,-1,3,4,307711.0,199625.0,-3.33645,51.687769,62,1,4,3,24/10/2015,7,1899-12-30 02:45:00,742,W06000024,3,4054,6,30,0,-1,-1,0,0,0,4,2,2,0,0,2,1,W01001302,2.0,2.0,1.0,27.0,6.0,2.0,0.0,0.0,1.0,0.0,0.0,9.0,1.0,-1.0
3057,2015120146715,1,5,0,16,0,1,1,0,0,0,1,1,2,1,22,5,-1,-1,-1,-1,1,-1,1,2,503274.0,483367.0,-0.417012,54.2356,12,1,2,1,21/08/2015,6,1899-12-30 19:22:00,186,E10000023,6,825,6,30,3,4,6,0,0,0,1,1,1,0,0,1,1,E01027859,1.0,1.0,1.0,22.0,5.0,1.0,0.0,0.0,0.0,0.0,0.0,5.0,1.0,7.0
3058,201543N145065,1,5,0,18,0,0,0,0,0,0,1,1,6,1,75,10,998,1,11,-1,1,-1,1,3,499692.0,192841.0,-0.561223,51.625566,43,1,3,1,21/06/2015,1,1899-12-30 11:53:00,478,E10000002,3,413,6,50,0,-1,-1,0,0,0,1,1,1,0,0,2,1,E01017759,1.0,1.0,1.0,75.0,10.0,1.0,0.0,0.0,0.0,0.0,0.0,5.0,1.0,9.0
3059,2015420035170,1,9,0,18,0,0,0,0,0,0,1,1,6,1,84,11,3199,1,17,-1,1,-1,2,2,542350.0,198974.0,0.057155,51.67151,42,1,2,2,42289,5,1899-12-30 16:48:00,456,E10000012,3,104,6,40,0,-1,-1,0,0,0,6,2,2,0,0,2,1,E01021787,1.0,2.0,2.0,83.0,11.0,1.0,0.0,0.0,1.0,0.0,0.0,9.0,-1.0,-1.0