,accident_index,vehicle_reference,vehicle_type,towing_and_articulation,vehicle_manoeuvre,vehicle_location-restricted_lane,junction_location,skidding_and_overturning,hit_object_in_carriageway,vehicle_leaving_carriageway,hit_object_off_carriageway,1st_point_of_impact,was_vehicle_left_hand_drive?,journey_purpose_of_driver,sex_of_driver,age_of_driver,age_band_of_driver,engine_capacity_(cc),propulsion_code,age_of_vehicle,driver_imd_decile,driver_home_area_type,vehicle_imd_decile,NUmber_of_Casualities_unique_to_accident_index,No_of_Vehicles_involved_unique_to_accident_index,location_easting_osgr,location_northing_osgr,longitude,latitude,police_force,accident_severity,number_of_vehicles,number_of_casualties,date,day_of_week,time,local_authority_(district),local_authority_(highway),1st_road_class,1st_road_number,road_type,speed_limit,junction_detail,junction_control,2nd_road_class,2nd_road_number,pedestrian_crossing-human_control,pedestrian_crossing-physical_facilities,light_conditions,weather_conditions,road_surface_conditions,special_conditions_at_site,carriageway_hazards,urban_or_rural_area,did_police_officer_attend_scene_of_accident,lsoa_of_accident_location,casualty_reference,casualty_class,sex_of_casualty,age_of_casualty,age_band_of_casualty,casualty_severity,pedestrian_location,pedestrian_movement,car_passenger,bus_or_coach_passenger,pedestrian_road_maintenance_worker,casualty_type,casualty_home_area_type,casualty_imd_decile
3060,201543N141085,3,9,0,17,0,0,0,0,0,0,2,1,6,1,40,7,2143,2,3,-1,2,-1,2,3,495591.0,194784.0,-0.619918,51.643741,43,1,3,2,25/08/2015,3,1899-12-30 18:36:00,478,E10000002,3,355,6,60,0,-1,-1,0,0,0,1,1,2,0,0,2,1,E01017783,,,,,,,,,,,,,,
3061,2015921501352,2,9,0,18,0,0,0,0,0,0,3,1,6,1,58,9,1896,2,7,-1,3,-1,2,2,374090.0,809450.0,-2.430158,57.175145,92,1,2,2,42136,7,1899-12-30 14:42:00,911,S12000034,3,944,6,60,0,-1,-1,0,0,0,1,2,2,0,0,2,1,,1.0,1.0,1.0,58.0,9.0,1.0,0.0,0.0,0.0,0.0,0.0,9.0,3.0,-1.0
3062,2015450026724,1,1,0,18,0,1,5,0,0,0,1,1,6,1,44,7,-1,-1,-1,-1,1,-1,1,2,521700.0,163882.0,-0.253411,51.360979,45,1,2,1,42345,1,1899-12-30 00:15:00,38,E10000030,3,240,6,40,3,4,6,0,0,0,4,1,1,0,0,1,1,E01030378,1.0,1.0,1.0,44.0,7.0,1.0,0.0,0.0,0.0,0.0,0.0,1.0,1.0,2.0
3063,2015551500120,2,9,0,2,0,2,0,0,1,10,1,1,6,3,-1,-1,2969,2,8,-1,-1,-1,1,2,400303.0,96112.0,-1.99707,50.764597,55,1,2,1,30/08/2015,1,1899-12-30 10:22:00,643,E06000029,6,0,6,30,3,4,6,0,0,0,1,1,1,0,0,1,1,E01015401,,,,,,,,,,,,,,
3064,201597NC70305,2,9,0,4,0,0,0,0,2,7,2,1,6,2,32,6,1149,1,2,-1,1,-1,4,3,270915.0,670242.0,-4.06651,55.907914,97,1,3,4,30/05/2015,7,1899-12-30 17:30:00,932,S12000044,1,73,3,70,0,-1,-1,0,0,0,1,1,1,0,0,2,1,,3.0,2.0,1.0,18.0,4.0,3.0,0.0,0.0,2.0,0.0,0.0,9.0,1.0,-1.0
3065,2015520503468,2,11,0,18,0,8,0,0,0,0,1,1,6,1,61,9,5880,2,11,-1,1,-1,1,2,324929.0,139156.0,-3.074601,51.146723,52,1,2,1,15/05/2015,6,1899-12-30 14:32:00,607,E10000027,3,39,1,30,1,4,6,0,0,0,1,1,1,0,0,2,1,E01029122,,,,,,,,,,,,,,
3066,201543P125075,4,9,0,18,0,0,0,0,0,0,2,1,6,1,42,7,1598,1,8,-1,2,-1,3,5,454032.0,217948.0,-1.216852,51.857512,43,1,5,3,42345,1,1899-12-30 15:27:00,481,E10000025,3,34,3,70,0,-1,-1,0,0,0,1,9,1,0,0,2,1,E01028497,3.0,1.0,1.0,42.0,7.0,3.0,0.0,0.0,0.0,0.0,0.0,9.0,2.0,10.0
3067,20154100D0283,3,9,0,2,0,0,0,4,0,0,4,1,6,3,-1,-1,-1,-1,-1,-1,-1,-1,1,4,498642.0,207392.0,-0.572277,51.75654,41,1,4,1,26/06/2015,6,1899-12-30 11:12:00,431,E10000015,3,416,6,30,0,-1,-1,0,0,0,1,1,1,0,0,1,1,E01023372,,,,,,,,,,,,,,
3068,201534TC80145,1,9,0,18,0,0,0,10,1,1,1,1,6,1,21,5,1199,1,16,-1,-1,-1,2,1,490077.0,288898.0,-0.674778,52.490569,34,1,1,2,42284,6,1899-12-30 02:20:00,380,E10000021,3,427,3,40,0,-1,-1,0,0,0,7,1,1,0,0,1,2,E01026957,2.0,2.0,1.0,16.0,4.0,1.0,0.0,0.0,1.0,0.0,0.0,9.0,-1.0,-1.0
3069,2015120174331,1,5,0,13,0,0,1,0,0,0,1,1,6,1,36,7,1340,1,5,-1,2,-1,2,3,477522.0,472680.0,-0.814754,54.144112,12,1,3,2,42045,6,1899-12-30 11:52:00,185,E10000023,4,1257,6,60,0,-1,-1,0,0,0,1,1,1,0,0,2,1,E01027787,1.0,1.0,1.0,36.0,7.0,1.0,0.0,0.0,0.0,0.0,0.0,5.0,2.0,10.0
3070,2015610059115,2,9,0,18,0,0,0,0,0,0,1,1,6,1,23,5,-1,-1,-1,-1,1,-1,1,2,332946.0,186689.0,-2.968986,51.575061,61,1,2,1,13/11/2015,6,1899-12-30 19:29:00,733,W06000022,3,455,6,30,0,-1,-1,0,0,0,1,8,2,0,0,2,1,W01001647,,,,,,,,,,,,,,
3071,201597NE70307,2,9,0,18,0,0,0,0,0,0,1,1,6,1,54,8,2993,2,6,-1,1,-1,4,2,280238.0,660067.0,-3.912972,55.818956,97,1,2,4,27/07/2015,2,1899-12-30 09:00:00,932,S12000044,3,73,6,60,0,-1,-1,0,0,0,1,1,2,2,0,2,1,,2.0,2.0,2.0,82.0,11.0,2.0,0.0,0.0,2.0,0.0,0.0,9.0,1.0,10.0
3072,2015120175659,1,1,0,18,0,0,0,0,0,0,0,1,6,1,55,8,-1,-1,-1,-1,1,-1,1,1,387253.0,495992.0,-2.197656,54.359292,12,1,1,1,42104,1,1899-12-30 11:35:00,184,E10000023,5,32,6,60,0,-1,-1,0,0,0,1,1,1,0,0,2,1,E01027773,1.0,1.0,1.0,55.0,8.0,1.0,0.0,0.0,0.0,0.0,0.0,1.0,1.0,6.0
3073,201514K145615,2,9,0,16,0,1,0,0,0,0,1,1,6,3,-1,-1,-1,-1,-1,-1,-1,-1,2,2,440497.0,390376.0,-1.392274,53.408652,14,1,2,2,19/06/2015,6,1899-12-30 01:38:00,215,E08000019,3,631,6,30,3,4,6,0,0,0,4,1,1,0,0,1,1,E01007903,,,,,,,,,,,,,,
3074,2015300016745,1,5,0,16,0,2,0,0,8,10,2,1,6,1,39,7,599,1,20,-1,1,-1,1,2,405250.0,382510.0,-1.922616,53.339467,30,1,2,1,16/11/2015,2,1899-12-30 13:00:00,325,E10000007,3,624,6,30,3,4,6,0,0,0,1,1,1,0,0,2,1,E01019712,1.0,1.0,1.0,39.0,7.0,1.0,0.0,0.0,0.0,0.0,0.0,5.0,1.0,10.0
3075,2015610030015,1,9,0,18,0,0,0,0,1,4,1,1,6,1,80,11,-1,-1,-1,-1,-1,-1,3,1,339959.0,201196.0,-2.870295,51.706274,61,1,1,3,25/06/2015,5,1899-12-30 15:36:00,733,W06000022,3,449,3,70,0,-1,-1,0,0,0,1,1,1,0,0,2,1,W01001565,3.0,2.0,1.0,82.0,11.0,1.0,0.0,0.0,2.0,0.0,0.0,9.0,1.0,-1.0
3076,2015930000265,1,19,0,18,0,0,0,0,0,0,1,1,1,1,34,6,1461,2,8,-1,1,-1,1,2,285444.0,765253.0,-3.875647,56.764742,93,1,2,1,42190,5,1899-12-30 02:25:00,934,S12000024,3,9,6,60,0,-1,-1,0,0,0,6,1,1,0,0,2,1,,1.0,1.0,1.0,34.0,6.0,1.0,0.0,0.0,0.0,0.0,0.0,19.0,1.0,-1.0
3077,2015941500425,1,9,0,16,0,0,2,0,1,4,4,1,6,1,18,4,1896,1,17,-1,1,-1,2,1,331197.0,694920.0,-3.108823,56.142001,94,1,1,2,42130,6,1899-12-30 00:50:00,925,S12000015,3,955,6,40,0,-1,-1,0,0,0,6,1,1,0,0,2,1,,2.0,1.0,1.0,18.0,4.0,2.0,0.0,0.0,0.0,0.0,0.0,9.0,1.0,-1.0
3078,2015551501110,1,9,0,18,0,0,1,0,0,0,3,1,6,2,24,5,1595,1,18,-1,1,-1,6,3,388748.0,108245.0,-2.161285,50.873592,55,1,3,6,42258,2,1899-12-30 15:05:00,642,E10000009,3,350,6,60,0,-1,-1,0,0,0,1,1,1,0,0,2,1,E01020442,1.0,1.0,2.0,24.0,5.0,2.0,0.0,0.0,0.0,0.0,0.0,9.0,1.0,9.0
3079,2015545129115,1,4,0,16,0,0,0,0,0,0,1,1,6,1,45,7,197,1,30,-1,1,-1,2,2,385175.0,133803.0,-2.213116,51.103333,54,1,2,2,42314,5,1899-12-30 14:04:00,635,E06000054,3,303,6,60,0,-1,-1,0,0,0,1,1,1,0,0,2,1,E01032010,1.0,1.0,1.0,45.0,7.0,1.0,0.0,0.0,0.0,0.0,0.0,4.0,1.0,10.0
3080,2015520508477,1,19,0,18,0,0,5,0,5,6,3,1,6,1,51,8,2461,2,10,-1,1,-1,3,2,324894.0,123561.0,-3.071855,51.006511,52,1,2,3,42318,1,1899-12-30 21:18:00,608,E10000027,1,5,3,70,0,-1,-1,0,0,0,7,1,1,0,0,2,1,E01029283,2.0,2.0,1.0,21.0,5.0,1.0,0.0,0.0,1.0,0.0,0.0,19.0,1.0,8.0
3081,2015215002062,1,21,0,18,0,0,0,0,0,0,1,1,1,1,45,7,4250,2,8,-1,1,-1,1,2,384969.0,350393.0,-2.225681,53.050582,21,1,2,1,21/04/2015,3,1899-12-30 05:30:00,253,E10000028,3,500,3,70,0,-1,-1,0,0,0,4,1,1,0,0,2,1,E01029536,1.0,3.0,1.0,62.0,9.0,1.0,9.0,5.0,0.0,0.0,0.0,0.0,1.0,4.0
3082,201591NM04997,1,90,0,18,0,0,1,0,0,0,1,1,1,1,23,5,-1,-1,-1,-1,-1,-1,5,4,289114.0,812999.0,-3.836636,57.194327,91,1,4,5,22/06/2015,2,1899-12-30 15:04:00,927,S12000017,3,9,6,60,0,-1,-1,0,0,0,1,4,2,0,0,2,1,,1.0,1.0,1.0,23.0,5.0,1.0,0.0,0.0,0.0,0.0,0.0,90.0,-1.0,-1.0
3083,201534TC80225,2,9,0,18,0,0,0,0,0,0,0,1,6,2,50,8,1498,1,4,-1,1,-1,2,2,487312.0,287017.0,-0.715982,52.474112,34,1,2,2,17/10/2015,7,1899-12-30 19:29:00,380,E10000021,3,6014,6,40,0,-1,-1,0,0,0,5,2,2,0,0,1,1,E01026963,1.0,3.0,2.0,29.0,6.0,1.0,8.0,1.0,0.0,0.0,0.0,0.0,-1.0,-1.0
3084,2015460264650,2,9,0,18,0,7,0,0,1,0,1,1,6,2,74,10,1461,2,2,-1,1,-1,1,2,577610.0,157430.0,0.545693,51.288309,46,1,2,1,42167,1,1899-12-30 05:00:00,536,E10000016,1,20,7,70,5,4,6,0,0,0,4,1,1,0,0,2,1,E01024336,1.0,1.0,2.0,74.0,10.0,1.0,0.0,0.0,0.0,0.0,0.0,9.0,1.0,6.0
3085,2015621501838,2,9,0,2,0,0,0,0,0,11,2,1,6,3,-1,-1,-1,-1,-1,-1,-1,-1,3,4,307711.0,199625.0,-3.33645,51.687769,62,1,4,3,24/10/2015,7,1899-12-30 02:45:00,742,W06000024,3,4054,6,30,0,-1,-1,0,0,0,4,2,2,0,0,2,1,W01001302,,,,,,,,,,,,,,
3086,201514C051315,2,9,0,18,0,0,0,0,1,0,1,1,6,1,74,10,1796,1,10,-1,2,-1,4,2,454829.0,392020.0,-1.176415,53.422136,14,1,2,4,17/05/2015,1,1899-12-30 13:14:00,213,E08000018,3,631,6,60,0,-1,-1,0,0,0,1,1,1,0,0,2,1,E01007764,3.0,2.0,2.0,70.0,10.0,3.0,0.0,0.0,1.0,0.0,0.0,9.0,2.0,7.0
3087,201531D258715,1,19,0,18,0,0,2,0,1,7,1,1,1,1,29,6,1560,2,6,-1,2,-1,3,1,465223.0,328276.0,-1.032979,52.848046,31,1,1,3,42075,5,1899-12-30 22:35:00,347,E10000024,3,46,3,70,0,-1,-1,0,0,0,6,5,5,0,3,2,1,E01028402,3.0,3.0,2.0,24.0,5.0,1.0,6.0,9.0,0.0,0.0,0.0,0.0,1.0,3.0
3088,201542I029301,1,9,0,17,0,0,5,0,1,3,1,1,6,1,32,6,2494,1,15,-1,1,-1,4,1,581423.0,191658.0,0.617842,51.594551,42,1,1,4,25/01/2015,1,1899-12-30 03:15:00,459,E10000012,4,1013,6,30,0,-1,-1,0,0,0,5,1,1,0,0,1,1,E01021960,2.0,1.0,1.0,32.0,6.0,3.0,0.0,0.0,0.0,0.0,0.0,9.0,1.0,2.0
3089,201506E006677,1,9,0,18,0,1,0,0,6,2,4,1,6,1,22,5,4398,1,10,-1,1,-1,1,1,385370.0,390050.0,-2.221533,53.40706,6,1,1,1,42195,4,1899-12-30 00:10:00,102,E08000003,3,34,3,40,3,4,6,0,0,0,4,2,2,0,0,1,1,E01005171,1.0,1.0,1.0,22.0,5.0,1.0,0.0,0.0,0.0,0.0,0.0,9.0,1.0,9.0
3090,201550JH2D001,2,9,0,18,0,0,0,0,1,0,1,1,6,2,31,6,1422,2,7,-1,3,-1,3,3,281054.0,52499.0,-3.673582,50.360344,50,1,3,3,31/01/2015,7,1899-12-30 11:37:00,584,E10000008,3,3122,6,60,0,-1,-1,0,0,0,1,1,2,0,0,2,1,E01020188,2.0,1.0,2.0,31.0,6.0,3.0,0.0,0.0,0.0,0.0,0.0,9.0,3.0,9.0
3091,2015220034155,1,9,0,18,0,0,0,0,1,0,1,1,2,1,19,4,-1,-1,-1,-1,-1,-1,3,4,405430.0,244433.0,-1.922147,52.098211,22,1,4,3,18/11/2015,4,1899-12-30 14:15:00,277,E10000034,4,4510,6,60,0,-1,-1,0,0,0,1,4,1,0,0,2,1,E01032340,2.0,2.0,1.0,20.0,4.0,1.0,0.0,0.0,1.0,0.0,0.0,9.0,-1.0,-1.0
3092,201554A373415,3,9,0,18,0,1,0,0,0,0,1,1,6,2,97,11,1910,2,9,-1,3,-1,2,3,414362.0,149187.0,-1.795642,51.241682,54,1,3,2,17/11/2015,3,1899-12-30 13:14:00,635,E06000054,3,345,6,50,3,4,6,0,0,0,1,1,2,0,0,2,1,E01031867,2.0,1.0,2.0,97.0,11.0,1.0,0.0,0.0,0.0,0.0,0.0,9.0,3.0,7.0
3093,2015460255468,2,9,0,18,0,1,2,0,0,0,1,1,6,1,20,4,1598,1,3,-1,3,-1,5,3,617460.0,167080.0,1.122233,51.361143,46,1,3,5,19/04/2015,1,1899-12-30 00:33:00,531,E10000016,3,2990,6,40,3,4,6,0,0,0,4,1,1,0,0,2,1,E01024064,2.0,1.0,1.0,20.0,4.0,3.0,0.0,0.0,0.0,0.0,0.0,9.0,3.0,4.0
3094,201522G502624,1,5,0,16,0,0,0,0,1,4,3,1,6,1,52,8,998,1,6,-1,1,-1,1,1,357280.0,291610.0,-2.631028,52.520684,22,1,1,1,30/07/2015,5,1899-12-30 16:58:00,286,E06000051,4,4368,6,60,0,-1,-1,0,0,0,1,1,1,0,0,2,1,E01028851,1.0,1.0,1.0,52.0,8.0,1.0,0.0,0.0,0.0,0.0,0.0,5.0,1.0,1.0
3095,201543P296025,20,9,0,18,0,0,0,0,0,0,2,1,6,1,51,8,3200,2,11,-1,2,-1,36,37,455113.0,220016.0,-1.200828,51.875998,43,1,37,36,14/02/2015,7,1899-12-30 07:45:00,481,E10000025,1,40,3,70,0,-1,-1,0,0,0,1,7,2,0,3,2,1,E01028497,12.0,1.0,1.0,51.0,8.0,3.0,0.0,0.0,0.0,0.0,0.0,9.0,2.0,7.0
3096,201520W045845,1,9,0,18,0,2,1,10,7,10,1,1,6,1,19,4,1948,1,17,-1,1,-1,5,1,408580.0,288070.0,-1.875066,52.490478,20,1,1,5,42043,1,1899-12-30 00:27:00,300,E08000025,6,0,6,30,3,4,6,0,0,0,4,1,1,0,0,1,1,E01009203,1.0,1.0,1.0,19.0,4.0,1.0,0.0,0.0,0.0,0.0,0.0,9.0,1.0,1.0
3097,2015120094589,1,9,0,17,0,8,1,0,7,3,4,1,6,2,30,6,1599,1,10,-1,1,-1,2,1,435999.0,506453.0,-1.4463,54.452201,12,1,1,2,42191,1,1899-12-30 03:54:00,181,E10000023,4,1264,6,60,3,4,5,254,0,0,1,1,1,0,0,2,1,E01027592,2.0,2.0,1.0,38.0,7.0,2.0,0.0,0.0,1.0,0.0,0.0,9.0,-1.0,-1.0
3098,2015440379984,2,9,0,18,0,8,0,0,0,0,4,1,6,1,63,9,1386,1,3,-1,1,-1,1,2,463076.0,153336.0,-1.097125,51.275688,44,1,2,1,42015,1,1899-12-30 14:22:00,490,E10000014,6,0,6,30,6,4,6,0,0,7,1,7,2,0,0,1,1,E01022525,,,,,,,,,,,,,,
3099,201591NE11450,1,9,0,16,0,0,1,0,7,0,4,1,2,2,30,6,1461,2,13,-1,3,-1,1,2,281536.0,875091.0,-3.992074,57.749842,91,1,2,1,26/06/2015,6,1899-12-30 07:23:00,927,S12000017,4,9175,6,60,0,-1,-1,0,0,0,1,1,2,0,0,2,1,,1.0,1.0,2.0,30.0,6.0,1.0,0.0,0.0,0.0,0.0,0.0,9.0,3.0,-1.0
3100,201537EA93611,2,9,0,18,0,0,0,0,0,0,1,1,6,1,73,10,1598,1,12,-1,3,-1,3,2,579533.0,270011.0,0.631475,52.298879,37,1,2,3,42347,7,1899-12-30 14:06:00,414,E10000029,3,1101,6,60,0,-1,-1,0,0,0,1,1,1,0,0,2,1,E01030135,2.0,1.0,1.0,73.0,10.0,3.0,0.0,0.0,0.0,0.0,0.0,9.0,3.0,5.0
3101,2015350154215,1,20,0,18,0,0,0,0,0,0,1,1,6,1,58,9,12900,2,4,-1,2,-1,3,3,549640.0,270080.0,0.1935,52.308449,35,1,3,3,42195,4,1899-12-30 15:26:00,395,E10000003,3,10,6,60,0,-1,-1,0,0,0,1,1,1,0,0,2,1,E01018298,,,,,,,,,,,,,,
3102,2015440262619,2,9,0,18,0,0,0,0,0,0,1,1,2,1,42,7,1868,2,11,-1,1,-1,2,2,438002.0,139234.0,-1.458053,51.151109,44,1,2,2,30/07/2015,5,1899-12-30 21:00:00,501,E10000014,3,3057,6,60,0,-1,-1,0,0,0,6,1,1,0,0,2,1,E01023178,2.0,1.0,1.0,42.0,7.0,3.0,0.0,0.0,0.0,0.0,0.0,9.0,1.0,9.0
3103,2015230036723,1,9,0,17,0,0,1,0,7,0,4,1,6,1,22,5,1896,2,10,-1,3,-1,8,2,446576.0,272914.0,-1.317608,52.352322,23,1,2,8,42227,1,1899-12-30 11:12:00,292,E10000031,4,4642,6,40,0,-1,-1,0,0,0,1,1,2,0,0,2,1,E01031147,3.0,2.0,2.0,5.0,1.0,1.0,0.0,0.0,2.0,0.0,0.0,9.0,3.0,9.0
3104,201501TD00115,2,9,0,7,0,1,0,0,0,0,4,1,6,1,61,9,1997,2,9,-1,1,-1,1,2,531170.0,176920.0,-0.11265,51.476042,1,1,2,1,42286,5,1899-12-30 08:16:00,9,E09000022,3,23,6,30,3,4,6,0,0,0,1,1,2,0,0,1,1,E01003185,,,,,,,,,,,,,,
3105,2015471500009,2,1,0,18,0,8,0,7,0,1,4,1,6,1,23,5,-1,-1,-1,-1,-1,-1,1,2,580352.0,108911.0,0.560794,50.851599,47,1,2,1,42005,5,1899-12-30 03:59:00,552,E10000011,3,259,6,30,3,2,3,2102,0,5,4,4,1,0,0,1,1,E01020984,1.0,1.0,1.0,23.0,5.0,1.0,0.0,0.0,0.0,0.0,0.0,1.0,-1.0,-1.0
3106,2015420032040,1,9,0,5,0,1,0,0,0,0,1,1,5,2,51,8,-1,-1,-1,-1,1,-1,1,2,593037.0,185152.0,0.781739,51.532266,42,1,2,1,42319,4,1899-12-30 13:35:00,460,E06000033,4,1016,6,30,3,4,6,0,0,0,1,1,1,0,0,1,1,E01015917,,,,,,,,,,,,,,
3107,2015941500153,2,9,0,18,0,1,0,0,1,0,1,1,6,2,47,8,998,1,1,-1,3,-1,2,2,328854.0,706902.0,-3.149736,56.249287,94,1,2,2,18/02/2015,4,1899-12-30 10:45:00,925,S12000015,3,92,6,40,6,3,5,0,0,0,1,1,2,0,0,2,1,,2.0,2.0,2.0,73.0,10.0,1.0,0.0,0.0,1.0,0.0,0.0,9.0,3.0,-1.0
3108,2015132CN0396,1,90,0,18,0,0,0,0,0,0,4,1,1,1,58,9,-1,-1,-1,-1,3,-1,1,1,409444.0,423329.0,-1.858412,53.706305,13,1,1,1,23/12/2015,4,1899-12-30 10:29:00,202,E08000033,6,0,6,30,0,-1,-1,0,0,0,1,1,1,0,0,1,1,E01010972,1.0,3.0,1.0,59.0,9.0,1.0,6.0,9.0,0.0,0.0,0.0,0.0,1.0,2.0
3109,2015440102000,1,21,0,18,0,0,0,0,0,0,1,1,6,1,53,8,12902,2,1,-1,1,-1,2,5,451974.0,108809.0,-1.262656,50.876448,44,1,5,2,26/03/2015,5,1899-12-30 09:00:00,492,E10000014,1,27,3,70,0,-1,-1,0,0,0,1,1,2,0,0,2,1,E01022774,,,,,,,,,,,,,,
3110,201537EA90621,1,5,0,13,0,0,1,0,0,0,1,1,6,1,47,8,599,1,16,-1,1,-1,2,3,580453.0,270130.0,0.645015,52.299646,37,1,3,2,30/05/2015,7,1899-12-30 13:29:00,414,E10000029,3,1101,6,60,0,-1,-1,0,0,0,1,1,1,0,0,2,1,E01030135,1.0,1.0,1.0,47.0,8.0,1.0,0.0,0.0,0.0,0.0,0.0,5.0,1.0,9.0
3111,2015549780415,1,9,0,13,0,0,1,0,0,0,1,1,2,1,57,9,998,1,12,-1,1,-1,2,2,404788.0,166629.0,-1.932564,51.398675,54,1,2,2,29/10/2015,5,1899-12-30 06:26:00,635,E06000054,3,361,6,60,0,-1,-1,0,0,0,1,1,2,0,0,2,1,E01031844,1.0,1.0,1.0,57.0,9.0,1.0,0.0,0.0,0.0,0.0,0.0,9.0,1.0,7.0
3112,2015030003014,1,5,0,13,0,8,2,0,0,0,1,1,6,1,48,8,955,1,9,-1,2,-1,1,2,321840.0,476350.0,-3.198954,54.176958,3,1,2,1,42228,3,1899-12-30 11:49:00,61,E10000006,3,595,6,60,6,4,6,0,0,0,1,1,1,0,0,2,1,E01019144,1.0,1.0,1.0,48.0,8.0,1.0,0.0,0.0,0.0,0.0,0.0,5.0,2.0,6.0
3113,2015350024315,1,9,0,11,0,0,0,4,1,0,1,1,6,1,54,8,1968,2,1,-1,1,-1,3,2,506550.0,301860.0,-0.428099,52.604087,35,1,2,3,30/03/2015,2,1899-12-30 15:45:00,394,E06000031,3,1,3,70,0,-1,-1,0,0,0,1,4,1,0,0,2,1,E01015628,2.0,2.0,2.0,27.0,6.0,3.0,0.0,0.0,1.0,0.0,0.0,9.0,-1.0,-1.0
3114,2015521504757,2,9,0,12,0,0,0,0,0,0,1,1,6,2,54,8,1389,1,13,-1,1,-1,4,2,361957.0,163370.0,-2.547867,51.368108,52,1,2,4,42192,3,1899-12-30 15:14:00,611,E06000022,3,37,6,60,0,-1,-1,0,0,0,1,1,1,0,0,2,1,E01014446,3.0,2.0,1.0,19.0,4.0,1.0,0.0,0.0,2.0,0.0,0.0,9.0,1.0,1.0
3115,201542I311309,1,5,0,18,0,0,1,0,1,4,1,1,6,1,36,7,1052,1,22,-1,1,-1,2,1,612896.0,214923.0,1.085754,51.792425,42,1,1,2,30/09/2015,4,1899-12-30 19:01:00,461,E10000012,6,0,6,60,0,-1,-1,0,0,0,6,1,1,0,0,2,1,E01022045,1.0,2.0,1.0,34.0,6.0,1.0,0.0,0.0,0.0,0.0,0.0,5.0,1.0,4.0
3116,201542I065202,1,20,5,18,0,1,0,0,1,11,1,1,1,1,40,7,-1,-1,-1,-1,1,-1,3,2,557643.0,177326.0,0.268427,51.472939,42,1,2,3,18/02/2015,4,1899-12-30 07:39:00,462,E06000034,6,0,6,30,1,4,6,0,0,8,1,1,1,0,0,1,1,E01016012,3.0,1.0,1.0,40.0,7.0,3.0,0.0,0.0,0.0,0.0,0.0,20.0,1.0,3.0
3117,2015521501395,1,11,0,18,0,0,0,4,0,0,1,1,1,1,47,8,5900,2,18,-1,1,-1,1,5,360248.0,177504.0,-2.574006,51.495071,52,1,5,1,42065,3,1899-12-30 11:46:00,601,E06000023,6,0,6,30,0,-1,-1,0,0,5,1,1,1,0,0,1,1,E01014659,1.0,1.0,1.0,47.0,8.0,1.0,0.0,0.0,0.0,0.0,0.0,11.0,1.0,1.0
3118,2015941500154,2,1,0,18,0,1,0,0,0,0,1,1,6,1,49,8,-1,-1,-1,-1,3,-1,1,2,329229.0,708120.0,-3.144012,56.260283,94,1,2,1,21/02/2015,7,1899-12-30 04:30:00,925,S12000015,3,92,6,60,9,4,6,0,0,0,6,1,1,0,0,2,1,,1.0,1.0,1.0,49.0,8.0,1.0,0.0,0.0,0.0,0.0,0.0,1.0,3.0,-1.0
3119,2015530209323,2,9,0,18,0,8,0,0,0,0,1,1,6,2,22,5,-1,-1,-1,-1,2,-1,2,2,369122.0,232469.0,-2.451081,51.989808,53,1,2,2,27/02/2015,6,1899-12-30 15:30:00,622,E10000013,4,4215,6,50,6,4,4,4024,0,0,1,1,1,0,0,2,1,E01022233,1.0,1.0,2.0,22.0,5.0,3.0,0.0,0.0,0.0,0.0,0.0,9.0,2.0,8.0
3120,2015440357164,2,9,0,18,0,0,2,0,1,0,1,1,6,1,42,7,1896,2,13,-1,3,-1,2,2,438212.0,134563.0,-1.455545,51.109095,44,1,2,2,14/10/2015,4,1899-12-30 11:19:00,501,E10000014,4,3049,6,60,0,-1,-1,0,0,0,1,1,1,0,0,2,1,E01023168,2.0,1.0,1.0,42.0,7.0,2.0,0.0,0.0,0.0,0.0,0.0,9.0,3.0,6.0
3121,2015300016684,1,9,0,18,0,0,5,0,1,4,4,1,6,1,27,6,2495,2,11,-1,3,-1,2,1,411040.0,367690.0,-1.836168,53.206167,30,1,1,2,42349,5,1899-12-30 00:50:00,325,E10000007,3,515,6,50,0,-1,-1,0,0,0,6,1,1,0,0,2,2,E01019714,2.0,1.0,1.0,27.0,6.0,1.0,0.0,0.0,0.0,0.0,0.0,9.0,3.0,8.0
3122,2015120146163,1,5,0,17,0,0,1,0,7,0,1,1,6,1,46,8,999,1,8,-1,-1,-1,1,1,456240.0,501299.0,-1.135133,54.404054,12,1,1,1,20/08/2015,5,1899-12-30 20:09:00,181,E10000023,4,1257,6,60,0,-1,-1,0,0,0,1,1,1,0,0,2,1,E01027627,1.0,1.0,1.0,46.0,8.0,1.0,0.0,0.0,0.0,0.0,0.0,5.0,-1.0,-1.0
3123,2015075011444,2,1,0,18,0,0,0,0,1,1,2,1,2,1,58,9,-1,-1,-1,-1,1,-1,1,2,366228.0,353852.0,-2.505612,53.080815,7,1,2,1,13/01/2015,3,1899-12-30 14:34:00,129,E06000049,3,530,6,50,0,-1,-1,0,0,0,1,1,2,0,0,2,1,E01018455,1.0,1.0,1.0,58.0,9.0,1.0,0.0,0.0,0.0,0.0,0.0,1.0,1.0,4.0
3124,201543R066015,2,9,0,18,0,0,0,0,1,9,1,1,6,1,56,9,1229,1,7,-1,1,-1,3,2,492373.0,170281.0,-0.672831,51.424021,43,1,2,3,42248,6,1899-12-30 08:40:00,474,E06000040,3,332,6,60,0,-1,-1,0,0,0,1,1,2,0,0,2,1,E01016524,1.0,2.0,2.0,56.0,9.0,1.0,0.0,0.0,1.0,0.0,0.0,9.0,1.0,4.0