,accident_index,vehicle_reference,vehicle_type,towing_and_articulation,vehicle_manoeuvre,vehicle_location-restricted_lane,junction_location,skidding_and_overturning,hit_object_in_carriageway,vehicle_leaving_carriageway,hit_object_off_carriageway,1st_point_of_impact,was_vehicle_left_hand_drive?,journey_purpose_of_driver,sex_of_driver,age_of_driver,age_band_of_driver,engine_capacity_(cc),propulsion_code,age_of_vehicle,driver_imd_decile,driver_home_area_type,vehicle_imd_decile,NUmber_of_Casualities_unique_to_accident_index,No_of_Vehicles_involved_unique_to_accident_index,location_easting_osgr,location_northing_osgr,longitude,latitude,police_force,accident_severity,number_of_vehicles,number_of_casualties,date,day_of_week,time,local_authority_(district),local_authority_(highway),1st_road_class,1st_road_number,road_type,speed_limit,junction_detail,junction_control,2nd_road_class,2nd_road_number,pedestrian_crossing-human_control,pedestrian_crossing-physical_facilities,light_conditions,weather_conditions,road_surface_conditions,special_conditions_at_site,carriageway_hazards,urban_or_rural_area,did_police_officer_attend_scene_of_accident,lsoa_of_accident_location,casualty_reference,casualty_class,sex_of_casualty,age_of_casualty,age_band_of_casualty,casualty_severity,pedestrian_location,pedestrian_movement,car_passenger,bus_or_coach_passenger,pedestrian_road_maintenance_worker,casualty_type,casualty_home_area_type,casualty_imd_decile
3125,201543R074055,1,19,0,13,0,0,0,0,7,0,1,1,6,1,23,5,2198,2,1,-1,1,-1,4,2,485720.0,164953.0,-0.769779,51.377169,43,1,2,4,14/05/2015,5,1899-12-30 20:17:00,470,E06000036,3,3095,6,60,0,-1,-1,0,0,0,1,2,2,0,0,2,1,E01016207,2.0,1.0,1.0,23.0,5.0,3.0,0.0,0.0,0.0,0.0,0.0,19.0,1.0,3.0
3126,201514C128415,3,9,0,18,0,1,0,0,0,0,1,1,6,2,58,9,998,1,9,-1,1,-1,4,3,454766.0,391998.0,-1.177367,53.421945,14,1,3,4,26/11/2015,5,1899-12-30 17:28:00,213,E08000018,3,631,6,60,8,4,6,0,0,0,6,1,1,0,0,2,1,E01007764,3.0,2.0,2.0,66.0,10.0,1.0,0.0,0.0,2.0,0.0,0.0,9.0,1.0,8.0
3127,2015210026549,5,9,0,18,0,0,0,0,0,0,1,1,6,1,32,6,-1,-1,-1,-1,2,-1,7,5,382611.0,310740.0,-2.258725,52.694059,21,1,5,7,42162,2,1899-12-30 14:20:00,254,E10000028,3,5,6,60,0,-1,-1,0,0,0,1,1,1,0,0,2,1,E01029670,,,,,,,,,,,,,,
3128,2015520508409,1,1,0,7,0,6,0,0,0,0,1,1,6,1,21,5,-1,-1,-1,-1,2,-1,1,2,331288.0,141307.0,-2.984118,51.166862,52,1,2,1,42102,3,1899-12-30 08:00:00,607,E10000027,3,39,3,50,3,4,6,0,0,0,1,1,1,0,0,2,1,E01029145,1.0,1.0,1.0,21.0,5.0,1.0,0.0,0.0,0.0,0.0,0.0,1.0,2.0,5.0
3129,201520S056895,1,9,0,9,0,6,0,0,0,0,0,1,6,3,-1,-1,-1,-1,-1,-1,-1,-1,1,2,401880.0,282610.0,-1.97377,52.441455,20,1,2,1,15/10/2015,5,1899-12-30 16:24:00,300,E08000025,6,0,6,30,6,4,6,0,0,0,1,1,1,0,0,1,1,E01009500,,,,,,,,,,,,,,
3130,2015440102000,2,9,0,4,0,0,0,0,0,0,2,1,2,1,45,7,1600,1,13,-1,1,-1,2,5,451974.0,108809.0,-1.262656,50.876448,44,1,5,2,26/03/2015,5,1899-12-30 09:00:00,492,E10000014,1,27,3,70,0,-1,-1,0,0,0,1,1,2,0,0,2,1,E01022774,1.0,1.0,1.0,45.0,7.0,1.0,0.0,0.0,0.0,0.0,0.0,9.0,1.0,9.0
3131,2015320018920,1,9,0,18,0,0,0,0,0,0,3,1,6,1,49,8,2993,2,10,-1,3,-1,2,4,517781.0,388551.0,-0.230788,53.380687,32,1,4,2,42220,4,1899-12-30 09:52:00,356,E10000019,3,631,6,60,0,-1,-1,0,0,0,1,1,1,0,0,2,1,E01026391,1.0,1.0,1.0,49.0,8.0,2.0,0.0,0.0,0.0,0.0,0.0,9.0,3.0,5.0
3132,201506A006679,2,3,0,18,0,0,0,0,0,0,1,1,6,1,18,4,-1,-1,-1,-1,1,-1,2,2,388960.0,395610.0,-2.167729,53.457124,6,1,2,2,13/10/2015,3,1899-12-30 19:45:00,102,E08000003,6,0,6,30,0,-1,-1,0,0,0,4,1,1,0,0,1,1,E01005196,2.0,1.0,1.0,18.0,4.0,1.0,0.0,0.0,0.0,0.0,0.0,3.0,1.0,5.0
3133,2015075173905,3,9,0,10,0,8,0,0,0,0,0,1,6,2,58,9,1598,1,3,-1,1,-1,1,3,361947.0,394737.0,-2.574422,53.448013,7,1,3,1,18/06/2015,5,1899-12-30 12:10:00,128,E06000007,3,579,6,60,3,4,6,0,0,0,1,1,1,0,0,2,1,E01012472,,,,,,,,,,,,,,
3134,201542I115304,1,9,0,18,0,1,0,0,0,0,1,1,2,2,23,5,1598,1,9,-1,1,-1,1,1,600357.0,226116.0,0.910669,51.897559,42,1,1,1,15/04/2015,4,1899-12-30 07:50:00,455,E10000012,3,133,3,40,3,2,6,0,0,4,1,1,1,0,0,1,1,E01021647,1.0,3.0,2.0,49.0,8.0,1.0,5.0,3.0,0.0,0.0,0.0,0.0,-1.0,-1.0
3135,2015075368513,1,21,0,18,0,0,0,0,0,0,4,1,1,1,49,8,12900,2,3,-1,-1,-1,1,1,343228.0,365231.0,-2.850949,53.181135,7,1,1,1,42289,5,1899-12-30 07:32:00,130,E06000050,3,55,3,70,0,-1,-1,0,0,0,6,1,2,0,0,2,1,E01018324,1.0,3.0,2.0,53.0,8.0,1.0,9.0,5.0,0.0,0.0,0.0,0.0,1.0,8.0
3136,201531B172115,1,9,0,18,0,0,0,0,7,4,1,1,6,1,70,10,1395,1,2,-1,1,-1,3,1,471197.0,356714.0,-0.938044,53.102882,31,1,1,3,18/08/2015,3,1899-12-30 12:10:00,345,E10000024,3,617,6,50,0,-1,-1,0,0,0,1,8,5,0,0,2,2,E01028312,3.0,2.0,1.0,10.0,2.0,3.0,0.0,0.0,1.0,0.0,0.0,9.0,-1.0,-1.0
3137,201597UA01501,2,9,0,18,0,0,0,0,0,0,1,1,2,1,25,5,1198,1,2,-1,1,-1,3,2,233855.0,652294.0,-4.647742,55.735457,97,1,2,3,42217,5,1899-12-30 16:30:00,931,S12000021,3,737,6,60,0,-1,-1,0,0,0,6,1,2,0,0,2,1,,2.0,2.0,2.0,30.0,6.0,2.0,0.0,0.0,1.0,0.0,0.0,9.0,1.0,-1.0
3138,201501TD00076,1,9,0,18,0,0,0,0,0,0,4,1,6,1,22,5,1364,1,9,-1,1,-1,4,1,540700.0,171490.0,0.022328,51.424961,1,1,1,4,42191,1,1899-12-30 18:20:00,19,E09000006,3,2212,6,30,0,-1,-1,0,0,8,1,1,1,0,0,1,1,E01000818,3.0,2.0,1.0,19.0,4.0,1.0,0.0,0.0,2.0,0.0,0.0,9.0,1.0,2.0
3139,2015051500496,1,11,0,18,0,1,0,0,0,0,1,1,1,1,52,8,6696,2,2,-1,1,-1,1,1,337840.0,388994.0,-2.936218,53.394102,5,1,1,1,42310,4,1899-12-30 15:12:00,91,E08000012,3,562,3,30,6,2,6,0,0,5,1,1,1,0,0,1,1,E01006557,1.0,3.0,1.0,24.0,5.0,1.0,1.0,1.0,0.0,0.0,0.0,0.0,-1.0,-1.0
3140,201543R066015,1,9,0,18,0,0,0,0,0,0,1,1,6,1,70,10,1998,1,8,-1,1,-1,3,2,492373.0,170281.0,-0.672831,51.424021,43,1,2,3,42248,6,1899-12-30 08:40:00,474,E06000040,3,332,6,60,0,-1,-1,0,0,0,1,1,2,0,0,2,1,E01016524,3.0,1.0,1.0,70.0,10.0,2.0,0.0,0.0,0.0,0.0,0.0,9.0,1.0,6.0
3141,201597UA70211,1,9,0,16,0,0,5,0,7,0,1,1,6,1,18,4,1461,2,-1,-1,1,-1,4,2,225500.0,657278.0,-4.783826,55.777248,97,1,2,4,42166,6,1899-12-30 22:30:00,931,S12000021,3,760,6,60,0,-1,-1,0,0,0,6,1,2,0,0,2,1,,3.0,1.0,1.0,18.0,4.0,2.0,0.0,0.0,0.0,0.0,0.0,9.0,1.0,3.0
3142,201506G009093,1,9,0,9,0,8,0,0,0,0,3,1,6,2,64,9,1242,1,-1,-1,1,-1,1,1,394130.0,399190.0,-2.089937,53.489387,6,1,1,1,14/12/2015,2,1899-12-30 09:10:00,110,E08000008,6,0,6,30,3,4,6,0,0,0,1,1,2,0,0,1,1,E01005948,1.0,3.0,1.0,66.0,10.0,1.0,10.0,9.0,0.0,0.0,0.0,0.0,-1.0,-1.0
3143,2015331500965,1,9,0,9,0,6,0,0,0,0,3,1,6,1,77,11,1399,2,2,-1,2,-1,1,2,447325.0,288590.0,-1.304398,52.493175,33,1,2,1,42223,4,1899-12-30 08:08:00,363,E10000018,3,5,3,70,3,4,5,7612,0,0,1,1,1,0,0,2,1,E01025816,1.0,1.0,1.0,77.0,11.0,1.0,0.0,0.0,0.0,0.0,0.0,9.0,2.0,5.0
3144,201506L004547,1,21,1,5,0,0,0,0,0,0,1,1,1,1,57,9,12870,2,7,-1,1,-1,1,1,357810.0,399090.0,-2.637294,53.486822,6,1,1,1,42224,7,1899-12-30 14:45:00,114,E08000010,3,58,6,20,0,-1,-1,0,0,4,1,1,1,0,0,1,1,E01006223,1.0,3.0,2.0,62.0,9.0,1.0,2.0,3.0,0.0,0.0,0.0,0.0,1.0,2.0
3145,201501TD00074,4,9,0,2,0,0,0,0,0,0,2,1,6,3,-1,-1,1590,1,12,-1,-1,-1,5,4,519040.0,188610.0,-0.283276,51.583785,1,1,4,5,31/05/2015,1,1899-12-30 03:05:00,28,E09000005,5,0,6,30,0,-1,-1,0,0,0,5,2,2,0,0,1,1,E01033463,,,,,,,,,,,,,,
3146,2015051501623,2,3,0,18,0,1,0,0,0,0,1,1,6,1,73,10,125,1,8,-1,1,-1,1,2,335217.0,416617.0,-2.981378,53.642036,5,1,2,1,29/06/2015,2,1899-12-30 16:20:00,93,E08000014,6,0,6,20,6,4,6,0,0,0,1,1,1,0,0,1,1,E01007061,1.0,1.0,1.0,73.0,10.0,1.0,0.0,0.0,0.0,0.0,0.0,3.0,1.0,3.0
3147,2015300015067,1,9,0,16,0,0,0,0,0,0,3,1,6,1,17,4,1390,1,9,-1,1,-1,6,2,439430.0,331090.0,-1.415598,52.875842,30,1,2,6,26/07/2015,1,1899-12-30 17:12:00,328,E10000007,5,292,6,60,0,-1,-1,0,0,0,1,2,2,0,0,2,1,E01019835,2.0,2.0,1.0,18.0,4.0,2.0,0.0,0.0,1.0,0.0,0.0,9.0,1.0,10.0
3148,2015440333288,2,21,1,17,0,0,0,0,0,0,3,1,1,1,29,6,12902,2,1,-1,-1,-1,1,2,431972.0,140970.0,-1.544109,51.167086,44,1,2,1,25/09/2015,6,1899-12-30 05:35:00,501,E10000014,3,343,6,60,0,-1,-1,0,0,0,6,1,1,0,0,2,1,E01032871,,,,,,,,,,,,,,
3149,201597UA70207,2,1,0,18,0,0,0,0,1,0,2,1,6,1,69,10,-1,-1,-1,-1,1,-1,1,2,233423.0,639302.0,-4.646723,55.618699,97,1,2,1,42254,5,1899-12-30 09:35:00,931,S12000021,3,78,3,70,0,-1,-1,0,0,0,1,1,1,0,0,1,1,,1.0,1.0,1.0,69.0,10.0,1.0,0.0,0.0,0.0,0.0,0.0,1.0,1.0,-1.0
3150,201506X002809,2,9,0,2,6,0,0,0,0,0,4,1,6,1,35,6,2993,2,5,-1,3,-1,1,3,368900.0,393650.0,-2.469629,53.438701,6,1,3,1,27/06/2015,7,1899-12-30 02:11:00,107,E08000006,1,62,3,70,0,-1,-1,0,0,0,6,1,1,0,0,2,1,E01005621,,,,,,,,,,,,,,
3151,2015555998940,2,1,0,18,0,0,0,0,0,0,2,1,2,1,46,8,-1,-1,-1,-1,1,-1,2,2,368510.0,91386.0,-2.447454,50.721239,55,1,2,2,42217,5,1899-12-30 18:42:00,645,E10000009,4,3147,6,60,0,-1,-1,0,0,0,6,4,1,0,0,2,1,E01020509,1.0,1.0,1.0,46.0,8.0,1.0,0.0,0.0,0.0,0.0,0.0,1.0,1.0,10.0
3152,2015930000531,2,20,0,18,0,0,0,0,0,0,1,1,1,1,40,7,-1,-1,-1,-1,-1,-1,4,3,293704.0,723459.0,-3.723429,56.391403,93,1,3,4,24/10/2015,7,1899-12-30 18:20:00,934,S12000024,3,85,6,60,0,-1,-1,0,0,0,6,1,1,0,0,2,1,,2.0,1.0,1.0,40.0,7.0,3.0,0.0,0.0,0.0,0.0,0.0,20.0,-1.0,-1.0
3153,201597UA70207,1,19,0,18,0,0,0,0,0,0,4,1,1,1,40,7,2299,2,-1,-1,1,-1,1,2,233423.0,639302.0,-4.646723,55.618699,97,1,2,1,42254,5,1899-12-30 09:35:00,931,S12000021,3,78,3,70,0,-1,-1,0,0,0,1,1,1,0,0,1,1,,,,,,,,,,,,,,,
3154,201543P296025,21,9,0,18,0,0,0,0,0,0,2,1,6,1,59,9,1339,1,5,-1,1,-1,36,37,455113.0,220016.0,-1.200828,51.875998,43,1,37,36,14/02/2015,7,1899-12-30 07:45:00,481,E10000025,1,40,3,70,0,-1,-1,0,0,0,1,7,2,0,3,2,1,E01028497,32.0,2.0,2.0,25.0,5.0,3.0,0.0,0.0,2.0,0.0,0.0,9.0,1.0,10.0
3155,2015450027156,2,9,0,17,0,0,0,0,1,0,1,1,6,1,59,9,3600,1,13,-1,1,-1,1,2,514857.0,158219.0,-0.353477,51.311503,45,1,2,1,21/07/2015,3,1899-12-30 20:42:00,512,E10000030,3,245,6,40,0,-1,-1,0,0,0,1,1,1,0,0,2,1,E01030548,,,,,,,,,,,,,,
3156,2015555998771,1,9,0,18,0,2,1,0,0,0,1,1,6,1,25,5,1124,1,14,-1,1,-1,2,1,410750.0,91555.0,-1.849072,50.723521,55,1,1,2,42252,7,1899-12-30 01:10:00,640,E06000028,3,35,6,30,6,2,6,0,0,4,4,1,1,0,0,1,1,E01015289,1.0,1.0,1.0,25.0,5.0,3.0,0.0,0.0,0.0,0.0,0.0,9.0,1.0,3.0
3157,20151322K0604,2,22,0,18,0,8,0,0,0,0,3,1,6,1,70,10,-1,-1,-1,-1,1,-1,1,2,419030.0,433403.0,-1.712581,53.79659,13,1,2,1,20/02/2015,6,1899-12-30 12:40:00,200,E08000032,3,647,6,30,9,4,6,0,0,8,1,1,1,0,0,1,1,E01010623,1.0,1.0,1.0,70.0,10.0,1.0,0.0,0.0,0.0,0.0,0.0,22.0,1.0,1.0
3158,2015921501192,1,9,0,18,0,4,0,9,6,1,1,1,6,1,51,8,1686,2,3,-1,3,-1,2,2,394655.0,812319.0,-2.090101,57.201622,92,1,2,2,24/10/2015,7,1899-12-30 09:18:00,910,S12000033,3,90,3,70,1,4,4,999,0,0,1,2,2,0,0,1,1,,1.0,1.0,1.0,51.0,8.0,1.0,0.0,0.0,0.0,0.0,0.0,9.0,3.0,-1.0
3159,2015132861531,2,90,5,18,0,0,0,0,0,0,1,1,6,1,26,6,-1,-1,-1,-1,-1,-1,6,2,445830.0,431302.0,-1.306057,53.776044,13,1,2,6,42163,5,1899-12-30 19:47:00,204,E08000035,3,63,3,70,0,-1,-1,0,0,0,1,1,1,0,0,2,1,E01011299,6.0,2.0,1.0,8.0,2.0,3.0,0.0,0.0,2.0,0.0,0.0,90.0,-1.0,-1.0
3160,201534TS80095,1,5,0,17,0,8,0,0,0,0,1,1,6,1,45,7,-1,-1,-1,-1,-1,-1,2,2,477582.0,240374.0,-0.869907,52.056328,34,1,2,2,18/05/2015,2,1899-12-30 23:50:00,385,E10000021,3,422,6,60,3,4,6,4115,0,0,6,1,1,0,0,2,1,E01027276,1.0,1.0,1.0,45.0,7.0,2.0,0.0,0.0,0.0,0.0,0.0,5.0,-1.0,-1.0
3161,2015360091762,2,9,0,17,0,0,0,0,1,0,3,1,6,2,62,9,1399,2,3,-1,2,-1,5,3,563967.0,317430.0,0.426787,52.729655,36,1,3,5,42345,1,1899-12-30 15:40:00,407,E10000020,3,47,6,60,0,-1,-1,0,0,0,1,1,1,0,0,2,1,E01026724,2.0,2.0,2.0,34.0,6.0,3.0,0.0,0.0,2.0,0.0,0.0,9.0,1.0,2.0
3162,201504WB15236,1,11,0,4,0,8,0,0,0,0,1,1,1,1,55,8,6871,2,15,-1,1,-1,1,1,347900.0,462020.0,-2.797277,54.051493,4,1,1,1,42223,4,1899-12-30 11:40:00,76,E10000017,3,6,6,30,9,4,3,6,2,4,1,1,1,0,0,1,1,E01025093,1.0,3.0,1.0,77.0,11.0,1.0,2.0,1.0,0.0,0.0,0.0,0.0,1.0,4.0
3163,201514B000315,3,9,0,3,0,1,0,0,0,0,3,1,2,1,20,4,-1,-1,-1,-1,2,-1,3,4,432753.0,406015.0,-1.507135,53.549752,14,1,4,3,42125,2,1899-12-30 16:04:00,210,E08000016,3,6133,6,40,3,4,6,0,0,0,1,1,1,0,0,1,1,E01007444,2.0,2.0,2.0,19.0,4.0,3.0,0.0,0.0,1.0,0.0,0.0,9.0,2.0,3.0
3164,2015210026549,3,9,0,18,0,0,0,0,0,0,1,1,6,1,67,10,5204,1,5,-1,-1,-1,7,5,382611.0,310740.0,-2.258725,52.694059,21,1,5,7,42162,2,1899-12-30 14:20:00,254,E10000028,3,5,6,60,0,-1,-1,0,0,0,1,1,1,0,0,2,1,E01029670,1.0,1.0,1.0,67.0,10.0,2.0,0.0,0.0,0.0,0.0,0.0,9.0,-1.0,-1.0
3165,201597ND70211,2,9,0,2,0,0,0,0,0,0,3,1,6,1,30,6,1229,1,4,-1,-1,-1,1,2,276268.0,660453.0,-3.976468,55.82142,97,1,2,1,42015,1,1899-12-30 00:36:00,932,S12000044,3,775,6,30,0,-1,-1,0,0,4,4,1,1,0,0,1,1,,,,,,,,,,,,,,,
3166,201514C034315,3,9,0,17,0,0,1,0,0,0,3,1,6,2,49,8,1596,1,8,-1,1,-1,4,4,456966.0,392463.0,-1.144182,53.425892,14,1,4,4,42159,2,1899-12-30 16:02:00,213,E08000018,3,631,6,60,0,-1,-1,0,0,0,1,1,1,0,0,2,1,E01007764,2.0,2.0,2.0,14.0,3.0,3.0,0.0,0.0,2.0,0.0,0.0,9.0,2.0,5.0
3167,2015450030048,1,9,0,18,0,0,2,0,2,0,1,1,6,1,44,7,1595,1,16,-1,1,-1,1,2,487728.0,156935.0,-0.742909,51.304785,45,1,2,1,42073,7,1899-12-30 21:37:00,515,E10000030,3,331,3,70,0,-1,-1,0,0,0,6,1,1,0,0,1,1,E01023103,1.0,2.0,2.0,71.0,10.0,1.0,0.0,0.0,1.0,0.0,0.0,9.0,1.0,6.0
3168,201543S036045,1,21,0,18,0,0,5,0,1,4,1,1,1,1,45,7,4500,2,-1,-1,1,-1,2,1,483882.0,245898.0,-0.776689,52.105064,43,1,1,2,14/04/2015,3,1899-12-30 07:42:00,479,E06000042,1,1,3,70,0,-1,-1,0,0,0,1,1,1,0,0,2,1,E01016802,1.0,1.0,1.0,45.0,7.0,1.0,0.0,0.0,0.0,0.0,0.0,21.0,1.0,2.0
3169,201501TD00041,1,90,0,18,0,8,0,0,0,0,4,1,1,1,32,6,-1,-1,-1,-1,1,-1,1,2,524640.0,179040.0,-0.205878,51.49657,1,1,2,1,42280,3,1899-12-30 10:04:00,12,E09000020,3,3220,2,30,6,2,3,315,0,5,1,1,1,0,0,1,1,E01002814,,,,,,,,,,,,,,
3170,2015450032642,2,9,0,18,0,0,0,0,0,0,1,1,6,1,57,9,2993,2,2,-1,-1,-1,2,2,502577.0,144877.0,-0.533418,51.193917,45,1,2,2,13/11/2015,6,1899-12-30 17:50:00,517,E10000030,4,2128,6,40,0,-1,-1,0,0,0,6,1,1,0,0,2,1,E01030863,2.0,1.0,1.0,57.0,9.0,2.0,0.0,0.0,0.0,0.0,0.0,9.0,3.0,10.0
3171,201522F503358,1,5,0,16,0,2,0,0,0,0,1,1,6,1,53,8,1340,1,5,-1,-1,-1,1,2,358010.0,334050.0,-2.625706,52.902237,22,1,2,1,42286,5,1899-12-30 19:00:00,286,E06000051,3,41,6,60,3,4,4,5065,0,0,1,1,1,0,0,2,1,E01028881,1.0,1.0,1.0,53.0,8.0,1.0,0.0,0.0,0.0,0.0,0.0,5.0,-1.0,-1.0
3172,201537EA93611,2,9,0,18,0,0,0,0,0,0,1,1,6,1,73,10,1598,1,12,-1,3,-1,3,2,579533.0,270011.0,0.631475,52.298879,37,1,2,3,42347,7,1899-12-30 14:06:00,414,E10000029,3,1101,6,60,0,-1,-1,0,0,0,1,1,1,0,0,2,1,E01030135,3.0,2.0,2.0,40.0,7.0,3.0,0.0,0.0,1.0,0.0,0.0,9.0,1.0,5.0
3173,201522E502719,1,9,0,16,0,0,2,0,7,4,1,1,6,1,23,5,1998,1,21,-1,3,-1,1,1,325860.0,247150.0,-3.084203,52.117677,22,1,1,1,42346,4,1899-12-30 19:05:00,285,E06000019,4,4350,6,60,0,-1,-1,0,0,0,6,1,1,0,0,2,1,E01014018,1.0,1.0,1.0,23.0,5.0,1.0,0.0,0.0,0.0,0.0,0.0,9.0,3.0,5.0
3174,201514K024615,1,9,0,18,0,2,0,0,0,0,1,1,6,1,21,5,1199,1,14,-1,1,-1,1,1,439105.0,387896.0,-1.413518,53.386466,14,1,1,1,28/01/2015,4,1899-12-30 22:18:00,215,E08000019,4,6200,6,30,3,4,6,0,0,0,4,3,3,0,0,1,1,E01007906,1.0,3.0,1.0,44.0,7.0,1.0,5.0,1.0,0.0,0.0,0.0,0.0,1.0,1.0
3175,201523S031145,1,9,0,18,0,0,0,0,0,0,1,1,6,1,23,5,1598,1,12,-1,1,-1,1,2,408327.0,253357.0,-1.87964,52.178406,23,1,2,1,28/10/2015,4,1899-12-30 16:45:00,293,E10000031,3,46,3,70,0,-1,-1,0,0,0,1,1,1,0,0,2,1,E01031189,,,,,,,,,,,,,,
3176,2015551500766,2,9,0,18,0,8,0,0,7,11,1,1,6,1,91,11,1498,1,6,-1,2,-1,2,2,394701.0,95363.0,-2.07649,50.757837,55,1,2,2,18/09/2015,6,1899-12-30 12:53:00,644,E10000009,5,26,6,30,6,4,5,63,0,0,1,1,1,0,0,2,1,E01020469,2.0,1.0,1.0,91.0,11.0,1.0,0.0,0.0,0.0,0.0,0.0,9.0,2.0,5.0
3177,2015520500438,1,9,0,17,0,0,0,0,7,0,1,-1,6,1,47,8,2000,1,11,-1,1,-1,3,2,339444.0,115030.0,-2.86308,50.931526,52,1,2,3,13/01/2015,3,1899-12-30 14:40:00,610,E10000027,6,0,6,60,0,-1,-1,0,0,0,1,1,2,0,0,2,1,E01029217,1.0,1.0,1.0,47.0,8.0,1.0,0.0,0.0,0.0,0.0,0.0,9.0,1.0,5.0
3178,2015460264466,1,9,0,9,0,1,0,0,0,0,1,1,6,1,57,9,-1,-1,-1,-1,3,-1,2,2,585300.0,139760.0,0.646731,51.127144,46,1,2,2,42016,3,1899-12-30 15:44:00,530,E10000016,3,274,6,60,8,4,6,0,0,0,1,1,1,0,0,2,1,E01023978,1.0,1.0,1.0,57.0,9.0,3.0,0.0,0.0,0.0,0.0,0.0,9.0,3.0,5.0
3179,2015360096298,1,9,0,9,0,6,0,0,0,0,3,1,6,2,21,5,1598,1,13,-1,1,-1,3,2,555076.0,319023.0,0.295989,52.746584,36,1,2,3,21/12/2015,2,1899-12-30 13:58:00,407,E10000020,3,17,6,60,3,4,5,12,0,0,1,2,2,0,0,2,1,E01026713,3.0,2.0,1.0,5.0,1.0,2.0,0.0,0.0,2.0,0.0,0.0,9.0,1.0,6.0
3180,201531D243315,2,9,0,2,0,0,0,0,0,0,0,1,2,1,30,6,1124,1,9,-1,-1,-1,4,2,472867.0,345785.0,-0.915574,53.004433,31,1,2,4,20/11/2015,6,1899-12-30 18:24:00,347,E10000024,3,46,3,60,0,-1,-1,0,0,0,6,1,2,0,0,2,1,E01028403,,,,,,,,,,,,,,
3181,2015460259656,1,9,0,6,0,0,0,0,0,0,3,1,6,1,82,11,1975,1,-1,-1,1,-1,3,2,620450.0,136730.0,1.146461,51.087502,46,1,2,3,42012,7,1899-12-30 16:00:00,539,E10000016,4,2064,2,30,0,-1,-1,0,0,8,1,1,1,0,0,1,1,E01024512,1.0,1.0,1.0,82.0,11.0,1.0,0.0,0.0,0.0,0.0,0.0,9.0,1.0,8.0
3182,2015460265360,1,9,0,18,0,0,0,0,0,0,1,1,6,1,47,8,-1,-1,-1,-1,1,-1,2,1,552580.0,173060.0,0.193747,51.435996,46,1,1,2,31/12/2015,5,1899-12-30 19:50:00,532,E10000016,5,361,6,60,0,-1,-1,0,0,0,6,1,2,0,0,2,1,E01024146,1.0,3.0,1.0,59.0,9.0,1.0,9.0,8.0,0.0,0.0,0.0,0.0,1.0,7.0
3183,201591NL02994,2,9,3,18,0,1,0,0,1,0,1,1,6,1,57,9,2231,2,-1,-1,2,-1,1,2,443317.0,1130636.0,-1.223844,60.058154,91,1,2,1,21/06/2015,1,1899-12-30 15:25:00,936,S12000027,3,970,6,50,9,4,-1,-1,0,0,1,2,2,0,0,2,1,,,,,,,,,,,,,,,
3184,201542I296609,3,19,0,18,0,0,0,0,0,0,3,1,6,1,20,4,1560,2,4,-1,1,-1,3,3,573739.0,187882.0,0.505157,51.563053,42,1,3,3,21/09/2015,2,1899-12-30 13:30:00,450,E10000012,3,13,3,70,0,-1,-1,0,0,0,1,1,1,0,0,2,1,E01021310,2.0,1.0,1.0,20.0,4.0,3.0,0.0,0.0,0.0,0.0,0.0,19.0,1.0,6.0
3185,2015030002076,1,4,0,16,0,0,2,0,0,0,1,1,6,1,18,4,-1,-1,-1,-1,3,-1,2,2,362000.0,534950.0,-2.591275,54.708121,3,1,2,2,16/08/2015,1,1899-12-30 17:11:00,64,E10000006,6,0,6,30,0,-1,-1,0,0,0,1,1,1,0,0,2,1,E01019314,1.0,1.0,1.0,18.0,4.0,1.0,0.0,0.0,0.0,0.0,0.0,4.0,3.0,5.0
3186,201501TD00015,2,19,0,18,0,0,0,0,0,0,3,1,1,1,26,6,2198,2,2,-1,1,-1,1,2,518970.0,185780.0,-0.285243,51.558365,1,1,2,1,28/01/2015,4,1899-12-30 06:54:00,28,E09000005,4,4565,6,30,0,-1,-1,0,0,0,4,1,2,0,0,1,1,E01033424,,,,,,,,,,,,,,
3187,201511NF09175,1,9,0,18,0,0,2,0,8,4,3,1,6,1,24,5,1910,2,10,-1,2,-1,3,1,440120.0,550054.0,-1.376783,54.843698,11,1,1,3,42221,6,1899-12-30 20:37:00,169,E06000047,3,1018,3,70,0,-1,-1,0,0,0,6,2,2,0,0,2,1,E01020786,3.0,2.0,1.0,24.0,5.0,3.0,0.0,0.0,2.0,0.0,0.0,9.0,2.0,3.0
3188,2015030000724,1,5,0,17,0,0,0,0,1,10,1,1,6,1,55,8,670,1,3,-1,1,-1,1,1,336770.0,492780.0,-2.973731,54.326657,3,1,1,1,21/03/2015,7,1899-12-30 18:05:00,65,E10000006,5,5026,6,60,0,-1,-1,0,0,0,1,1,1,0,0,2,1,E01019356,1.0,1.0,1.0,55.0,8.0,1.0,0.0,0.0,0.0,0.0,0.0,5.0,1.0,6.0
3189,2015120019982,1,17,0,1,0,0,0,0,0,0,1,1,1,1,34,6,4400,2,3,-1,1,-1,2,2,443515.0,461760.0,-1.336862,54.049973,12,1,2,2,42126,5,1899-12-30 17:50:00,182,E10000023,4,6265,6,60,0,-1,-1,0,0,0,6,1,1,7,0,2,1,E01027695,,,,,,,,,,,,,,