,accident_index,vehicle_reference,vehicle_type,towing_and_articulation,vehicle_manoeuvre,vehicle_location-restricted_lane,junction_location,skidding_and_overturning,hit_object_in_carriageway,vehicle_leaving_carriageway,hit_object_off_carriageway,1st_point_of_impact,was_vehicle_left_hand_drive?,journey_purpose_of_driver,sex_of_driver,age_of_driver,age_band_of_driver,engine_capacity_(cc),propulsion_code,age_of_vehicle,driver_imd_decile,driver_home_area_type,vehicle_imd_decile,NUmber_of_Casualities_unique_to_accident_index,No_of_Vehicles_involved_unique_to_accident_index,location_easting_osgr,location_northing_osgr,longitude,latitude,police_force,accident_severity,number_of_vehicles,number_of_casualties,date,day_of_week,time,local_authority_(district),local_authority_(highway),1st_road_class,1st_road_number,road_type,speed_limit,junction_detail,junction_control,2nd_road_class,2nd_road_number,pedestrian_crossing-human_control,pedestrian_crossing-physical_facilities,light_conditions,weather_conditions,road_surface_conditions,special_conditions_at_site,carriageway_hazards,urban_or_rural_area,did_police_officer_attend_scene_of_accident,lsoa_of_accident_location,casualty_reference,casualty_class,sex_of_casualty,age_of_casualty,age_band_of_casualty,casualty_severity,pedestrian_location,pedestrian_movement,car_passenger,bus_or_coach_passenger,pedestrian_road_maintenance_worker,casualty_type,casualty_home_area_type,casualty_imd_decile
3190,20154100T3082,1,21,1,18,0,0,0,0,1,7,4,2,1,1,41,7,-1,-1,-1,-1,-1,-1,1,1,516560.0,202780.0,-0.314337,51.711653,41,1,1,1,42311,4,1899-12-30 19:23:00,434,E10000015,1,25,3,70,0,-1,-1,0,0,0,4,1,1,0,0,2,1,E01033029,1.0,1.0,1.0,41.0,7.0,1.0,0.0,0.0,0.0,0.0,0.0,21.0,-1.0,-1.0
3191,201531A152115,2,19,0,18,0,8,0,0,0,0,3,1,1,1,36,7,-1,-1,-1,-1,1,-1,1,2,452094.0,348022.0,-1.224739,53.026959,31,1,2,1,29/07/2015,4,1899-12-30 13:12:00,340,E10000024,6,0,6,30,6,4,6,0,0,0,1,1,1,0,0,1,1,E01027942,,,,,,,,,,,,,,
3192,201591NE22236,1,21,0,16,0,0,5,0,7,9,1,1,1,1,48,8,-1,-1,-1,-1,1,-1,1,1,217022.0,889322.0,-5.085437,57.855819,91,1,1,1,19/12/2015,7,1899-12-30 13:05:00,927,S12000017,3,835,6,40,0,-1,-1,0,0,0,6,4,2,0,0,2,1,,1.0,1.0,1.0,48.0,8.0,1.0,0.0,0.0,0.0,0.0,0.0,21.0,1.0,-1.0
3193,201511SK15805,1,9,0,18,0,0,0,0,0,0,0,1,6,1,31,6,2967,2,7,-1,1,-1,1,2,430973.0,526842.0,-1.521675,54.635757,11,1,2,1,42224,7,1899-12-30 20:56:00,169,E06000047,2,1,3,70,0,-1,-1,0,0,0,6,1,1,0,0,2,1,E01020828,,,,,,,,,,,,,,
3194,2015950005734,1,9,0,18,0,1,1,0,1,10,1,1,6,1,17,4,1994,1,12,-1,1,-1,1,1,312020.0,670350.0,-3.409276,55.918162,95,1,1,1,17/12/2015,5,1899-12-30 10:41:00,923,S12000036,4,7030,6,30,9,4,6,0,0,0,1,1,2,0,0,2,1,,1.0,1.0,1.0,17.0,4.0,1.0,0.0,0.0,0.0,0.0,0.0,9.0,1.0,-1.0
3195,2015132910178,1,21,0,6,0,8,0,0,0,0,3,1,1,1,51,8,-1,-1,-1,-1,1,-1,1,2,427529.0,426263.0,-1.584193,53.732039,13,1,2,1,42013,3,1899-12-30 06:15:00,204,E08000035,3,650,3,40,9,4,3,650,0,0,1,1,2,0,0,2,1,E01011550,,,,,,,,,,,,,,
3196,2015921501173,1,5,0,16,0,0,0,0,7,0,1,1,6,1,26,6,600,1,9,-1,1,-1,1,2,374229.0,804027.0,-2.427297,57.126439,92,1,2,1,16/10/2015,6,1899-12-30 14:50:00,911,S12000034,4,977,6,60,0,-1,-1,0,0,0,1,1,1,0,0,2,1,,1.0,1.0,1.0,26.0,6.0,1.0,0.0,0.0,0.0,0.0,0.0,5.0,1.0,-1.0
3197,2015621501452,3,98,1,17,0,0,0,0,0,0,3,1,1,1,48,8,-1,-1,-1,-1,2,-1,1,4,322784.0,178477.0,-3.113792,51.499935,62,1,4,1,42285,2,1899-12-30 17:11:00,741,W06000015,6,0,6,40,0,-1,-1,0,0,0,1,1,1,0,0,1,1,W01001885,,,,,,,,,,,,,,
3198,2015320075678,1,9,0,13,0,0,0,0,0,0,3,1,6,1,34,6,1998,1,7,-1,1,-1,1,3,535732.0,362831.0,0.027944,53.145339,32,1,3,1,42255,1,1899-12-30 16:00:00,351,E10000019,3,155,6,60,0,-1,-1,0,0,0,1,1,1,0,0,2,1,E01026060,,,,,,,,,,,,,,
3199,201597GA70603,1,9,0,18,0,0,0,4,0,0,1,1,6,1,30,6,1995,2,5,-1,1,-1,2,3,257861.0,664183.0,-4.271974,55.849838,97,1,3,2,23/03/2015,2,1899-12-30 18:15:00,926,S12000043,6,0,3,30,0,-1,-1,0,0,4,1,1,1,0,0,1,1,,1.0,3.0,1.0,62.0,9.0,1.0,9.0,5.0,0.0,0.0,0.0,0.0,1.0,-1.0
3200,201597UA70211,2,9,0,18,0,0,0,0,0,0,1,1,6,1,32,6,1596,1,8,-1,1,-1,4,2,225500.0,657278.0,-4.783826,55.777248,97,1,2,4,42166,6,1899-12-30 22:30:00,931,S12000021,3,760,6,60,0,-1,-1,0,0,0,6,1,2,0,0,2,1,,2.0,2.0,2.0,28.0,6.0,2.0,0.0,0.0,1.0,0.0,0.0,9.0,1.0,-1.0
3201,201506J003801,1,9,0,16,0,0,2,0,7,0,1,1,6,1,35,6,1389,1,14,-1,1,-1,4,2,391910.0,392090.0,-2.12321,53.425539,6,1,2,4,26/07/2015,1,1899-12-30 16:25:00,109,E08000007,3,560,9,50,0,-1,-1,0,0,0,1,2,2,0,0,2,1,E01005744,3.0,2.0,2.0,23.0,5.0,2.0,0.0,0.0,1.0,0.0,0.0,9.0,1.0,2.0
3202,2015350147715,1,9,0,18,0,6,0,0,7,0,4,1,6,2,84,11,998,1,13,-1,1,-1,5,2,526490.0,278470.0,-0.142696,52.389652,35,1,2,5,19/09/2015,7,1899-12-30 19:40:00,393,E10000003,5,112,6,60,6,4,5,111,0,0,6,1,1,0,0,2,1,E01018196,3.0,2.0,2.0,51.0,8.0,2.0,0.0,0.0,2.0,0.0,0.0,9.0,1.0,10.0
3203,2015220034155,1,9,0,18,0,0,0,0,1,0,1,1,2,1,19,4,-1,-1,-1,-1,-1,-1,3,4,405430.0,244433.0,-1.922147,52.098211,22,1,4,3,18/11/2015,4,1899-12-30 14:15:00,277,E10000034,4,4510,6,60,0,-1,-1,0,0,0,1,4,1,0,0,2,1,E01032340,3.0,2.0,1.0,19.0,4.0,1.0,0.0,0.0,2.0,0.0,0.0,9.0,-1.0,-1.0
3204,2015921500374,1,5,0,18,0,8,0,0,1,0,1,1,6,1,23,5,640,1,14,-1,1,-1,2,3,392239.0,808470.0,-2.129966,57.167012,92,1,3,2,42008,4,1899-12-30 20:50:00,910,S12000033,6,0,6,30,6,4,6,0,0,1,4,1,2,0,0,1,1,,1.0,1.0,1.0,23.0,5.0,1.0,0.0,0.0,0.0,0.0,0.0,5.0,1.0,-1.0
3205,201520J008625,2,5,0,18,0,8,0,0,0,0,1,1,2,1,50,8,1000,1,7,-1,1,-1,2,2,392820.0,287920.0,-2.10717,52.489146,20,1,2,2,30/06/2015,3,1899-12-30 18:57:00,303,E08000027,3,4036,3,40,3,2,6,0,0,0,1,1,1,0,0,1,1,E01009746,2.0,1.0,1.0,50.0,8.0,1.0,0.0,0.0,0.0,0.0,0.0,5.0,1.0,9.0
3206,2015230036723,2,9,0,18,0,0,0,0,0,0,1,1,6,2,30,6,-1,-1,-1,-1,1,-1,8,2,446576.0,272914.0,-1.317608,52.352322,23,1,2,8,42227,1,1899-12-30 11:12:00,292,E10000031,4,4642,6,40,0,-1,-1,0,0,0,1,1,2,0,0,2,1,E01031147,2.0,1.0,2.0,30.0,6.0,3.0,0.0,0.0,0.0,0.0,0.0,9.0,1.0,9.0
3207,201543R074055,2,19,0,18,0,0,0,0,0,0,1,1,6,1,36,7,1896,2,15,-1,1,-1,4,2,485720.0,164953.0,-0.769779,51.377169,43,1,2,4,14/05/2015,5,1899-12-30 20:17:00,470,E06000036,3,3095,6,60,0,-1,-1,0,0,0,1,2,2,0,0,2,1,E01016207,4.0,1.0,1.0,36.0,7.0,3.0,0.0,0.0,0.0,0.0,0.0,19.0,1.0,10.0
3208,2015921500073,1,9,0,16,0,6,2,0,1,7,1,1,6,1,17,4,1422,2,6,-1,3,-1,1,1,335300.0,797081.0,-3.068406,57.060214,92,1,1,1,18/01/2015,1,1899-12-30 10:35:00,911,S12000034,3,93,6,60,8,4,-1,-1,0,0,1,1,3,0,0,2,1,,1.0,3.0,1.0,37.0,7.0,1.0,6.0,9.0,0.0,0.0,0.0,0.0,3.0,-1.0
3209,201520M000845,1,21,0,4,0,4,0,0,0,0,1,1,6,1,63,9,-1,2,12,-1,1,-1,1,2,436470.0,275670.0,-1.465675,52.377861,20,1,2,1,42156,3,1899-12-30 17:55:00,302,E08000026,3,45,1,40,1,4,6,0,0,0,4,1,1,0,0,1,1,E01032529,,,,,,,,,,,,,,
3210,2015540565115,1,9,0,17,0,0,2,0,7,9,2,1,6,1,25,5,973,1,14,-1,1,-1,2,1,384135.0,155816.0,-2.22895,51.301243,54,1,1,2,18/01/2015,1,1899-12-30 00:42:00,635,E06000054,3,361,6,40,0,-1,-1,0,0,0,4,2,2,0,0,2,1,E01032083,2.0,2.0,1.0,26.0,6.0,3.0,0.0,0.0,1.0,0.0,0.0,9.0,1.0,3.0
3211,2015030000368,2,9,0,18,0,1,0,0,0,0,3,1,6,1,61,9,1560,2,5,-1,2,-1,1,2,340310.0,500330.0,-2.920824,54.394928,3,1,2,1,42157,6,1899-12-30 16:33:00,65,E10000006,3,591,6,40,3,4,6,0,0,0,1,1,1,0,0,2,1,E01019395,,,,,,,,,,,,,,
3212,201501TD00027,2,1,0,15,0,8,0,0,0,0,3,1,6,2,26,6,-1,-1,-1,-1,1,-1,1,2,530400.0,181640.0,-0.121988,51.518637,1,1,2,1,42157,6,1899-12-30 21:18:00,2,E09000007,3,401,2,30,3,4,6,0,0,0,4,1,1,0,0,1,1,E01000914,1.0,1.0,2.0,26.0,6.0,1.0,0.0,0.0,0.0,0.0,0.0,1.0,1.0,2.0
3213,2015547108815,3,9,0,18,0,1,0,0,0,0,4,1,6,2,44,7,2967,2,-1,-1,2,-1,1,3,384204.0,133052.0,-2.226951,51.096554,54,1,3,1,42163,5,1899-12-30 10:52:00,635,E06000054,3,303,6,60,3,4,6,0,0,0,1,1,1,0,0,2,1,E01032035,,,,,,,,,,,,,,
3214,201534TS80075,1,9,0,9,0,8,0,0,1,0,2,1,6,1,78,11,998,1,16,-1,1,-1,1,2,469842.0,250313.0,-0.980738,52.146699,34,1,2,1,27/04/2015,2,1899-12-30 22:36:00,385,E10000021,3,43,3,70,3,4,5,188,0,0,7,1,1,0,0,2,1,E01027303,1.0,1.0,1.0,78.0,11.0,1.0,0.0,0.0,0.0,0.0,0.0,9.0,1.0,9.0
3215,201520K011035,1,9,0,18,0,0,0,0,0,0,1,1,6,3,-1,-1,-1,-1,-1,-1,-1,-1,1,1,398280.0,287910.0,-2.02676,52.489102,20,1,1,1,30/07/2015,5,1899-12-30 23:53:00,305,E08000028,3,4034,3,40,0,-1,-1,0,0,0,4,1,1,0,0,1,1,E01010004,1.0,3.0,1.0,50.0,8.0,1.0,8.0,1.0,0.0,0.0,0.0,0.0,-1.0,-1.0
3216,201514K319915,1,11,0,17,0,8,0,0,0,0,1,1,1,1,31,6,4461,2,1,-1,1,-1,2,1,435739.0,387619.0,-1.464155,53.384214,14,1,1,2,42320,6,1899-12-30 16:48:00,215,E08000019,6,0,2,30,3,4,6,0,0,0,4,1,1,0,0,1,1,E01033268,2.0,3.0,1.0,17.0,4.0,2.0,5.0,1.0,0.0,0.0,0.0,0.0,1.0,7.0
3217,2015440441338,1,9,0,17,0,0,5,0,1,4,4,1,6,2,26,6,1596,1,14,-1,1,-1,1,1,426757.0,110497.0,-1.620934,50.89334,44,1,1,1,16/12/2015,4,1899-12-30 23:53:00,496,E10000014,6,0,6,40,0,-1,-1,0,0,0,6,2,2,0,0,2,1,E01022993,1.0,1.0,2.0,26.0,6.0,1.0,0.0,0.0,0.0,0.0,0.0,9.0,1.0,10.0
3218,201514K329315,1,9,0,18,0,0,0,0,7,0,1,1,6,1,21,5,1896,2,6,-1,1,-1,7,2,435345.0,388724.0,-1.469955,53.394172,14,1,2,7,22/12/2015,3,1899-12-30 22:47:00,215,E08000019,6,0,6,30,0,-1,-1,0,0,0,4,1,2,0,0,1,1,E01007870,6.0,2.0,1.0,19.0,4.0,3.0,0.0,0.0,2.0,0.0,0.0,9.0,1.0,1.0
3219,201520K010185,1,21,1,18,0,4,0,0,0,0,1,1,6,1,49,8,12419,2,3,-1,1,-1,1,2,401800.0,290320.0,-1.974908,52.510768,20,1,2,1,42283,4,1899-12-30 06:52:00,305,E08000028,3,41,1,30,1,4,3,4252,0,0,1,1,1,0,0,1,1,E01010047,,,,,,,,,,,,,,
3220,2015460264411,1,9,0,18,0,1,0,0,0,0,1,1,2,1,46,8,1999,1,14,-1,-1,-1,1,1,632770.0,170210.0,1.343807,51.383178,46,1,1,1,27/11/2015,6,1899-12-30 17:20:00,541,E10000016,5,424,6,30,3,4,6,0,0,0,4,1,2,0,6,1,1,E01024715,1.0,3.0,1.0,14.0,3.0,1.0,5.0,2.0,0.0,0.0,0.0,0.0,1.0,3.0
3221,201501TD00153,1,90,0,18,0,8,0,0,0,0,3,1,6,1,15,3,-1,-1,-1,-1,1,-1,1,2,518020.0,183500.0,-0.299705,51.538073,1,1,2,1,42289,5,1899-12-30 18:27:00,28,E09000005,6,0,6,30,9,2,3,4005,0,5,4,2,2,0,0,1,1,E01000472,1.0,1.0,1.0,15.0,3.0,1.0,0.0,0.0,0.0,0.0,0.0,90.0,1.0,4.0
3222,2015360090720,3,19,0,17,0,0,0,0,1,0,3,1,1,1,37,7,1248,2,9,-1,1,-1,1,3,592656.0,299176.0,0.840476,52.556311,36,1,3,1,42069,4,1899-12-30 07:18:00,400,E10000020,3,1075,6,60,0,-1,-1,0,0,0,1,1,1,0,0,2,1,E01026490,,,,,,,,,,,,,,
3223,201560S057584,2,11,0,18,0,1,0,0,1,0,3,1,1,1,39,7,-1,-1,-1,-1,-1,-1,4,6,336599.0,348524.0,-2.946822,53.030226,60,1,6,4,23/04/2015,5,1899-12-30 14:15:00,725,W06000006,6,0,6,60,8,4,6,0,0,0,1,1,1,0,0,2,1,W01000383,4.0,2.0,2.0,63.0,9.0,2.0,0.0,0.0,0.0,4.0,0.0,11.0,-1.0,-1.0
3224,2015030000244,2,10,0,17,0,0,0,0,0,0,1,1,6,1,39,7,2464,2,7,-1,1,-1,3,2,374150.0,516640.0,-2.401092,54.544352,3,1,2,3,31/01/2015,7,1899-12-30 18:47:00,64,E10000006,3,66,6,40,0,-1,-1,0,0,0,6,1,1,0,0,2,1,E01019340,2.0,1.0,1.0,39.0,7.0,2.0,0.0,0.0,0.0,0.0,0.0,10.0,1.0,-1.0
3225,201534TS80135,2,1,0,9,0,8,0,0,0,0,3,1,6,1,74,10,-1,-1,-1,-1,-1,-1,1,2,450429.0,250335.0,-1.264408,52.149006,34,1,2,1,30/06/2015,3,1899-12-30 10:30:00,385,E10000021,3,361,6,50,6,4,5,19,0,0,1,1,1,0,0,2,1,E01027304,1.0,1.0,1.0,74.0,10.0,1.0,0.0,0.0,0.0,0.0,0.0,1.0,-1.0,-1.0
3226,201504ED15103,1,4,0,16,0,0,0,0,8,0,3,1,6,1,22,5,471,1,2,-1,1,-1,1,1,368860.0,415890.0,-2.472453,53.638593,4,1,1,1,20/03/2015,6,1899-12-30 00:11:00,70,E06000008,6,0,6,60,0,-1,-1,0,0,0,6,1,1,0,0,2,1,E01012628,1.0,1.0,1.0,22.0,5.0,1.0,0.0,0.0,0.0,0.0,0.0,4.0,1.0,8.0
3227,201511NG27295,1,9,0,18,0,0,1,0,1,11,3,1,6,2,70,10,1596,1,11,-1,2,-1,1,1,426809.0,549524.0,-1.584102,54.839822,11,1,1,1,42197,2,1899-12-30 11:56:00,169,E06000047,3,167,3,50,0,-1,-1,0,0,0,1,1,1,0,0,2,1,E01020604,1.0,1.0,2.0,70.0,10.0,1.0,0.0,0.0,0.0,0.0,0.0,9.0,2.0,4.0
3228,2015544111015,3,19,0,18,0,0,0,0,0,0,4,1,1,1,65,9,1968,2,1,-1,1,-1,3,3,387808.0,133864.0,-2.175513,51.103944,54,1,3,3,42313,2,1899-12-30 13:56:00,635,E06000054,3,303,6,60,0,-1,-1,0,0,0,1,1,1,0,0,2,1,E01032010,,,,,,,,,,,,,,
3229,201511SL10905,1,5,0,13,0,0,0,0,7,4,1,1,6,1,55,8,865,1,3,-1,1,-1,1,2,427193.0,527337.0,-1.580188,54.640423,11,1,2,1,42191,1,1899-12-30 13:50:00,169,E06000047,5,35,6,60,0,-1,-1,0,0,0,1,1,1,0,0,2,1,E01020803,1.0,1.0,1.0,55.0,8.0,1.0,0.0,0.0,0.0,0.0,0.0,5.0,1.0,3.0
3230,201550DE2I034,1,21,0,18,0,1,0,0,0,0,1,1,1,1,33,6,10518,2,3,-1,2,-1,1,1,291831.0,92465.0,-3.533744,50.72171,50,1,1,1,25/07/2015,7,1899-12-30 12:57:00,581,E10000008,6,0,6,30,6,2,6,0,0,0,1,1,1,0,0,1,1,E01020018,1.0,3.0,1.0,77.0,11.0,1.0,5.0,3.0,0.0,0.0,0.0,0.0,1.0,2.0
3231,2015160C06791,2,9,4,17,0,0,3,0,1,10,1,1,6,1,69,10,2495,2,10,-1,3,-1,3,2,521217.0,432282.0,-0.162199,53.772777,16,1,2,3,15/11/2015,1,1899-12-30 14:40:00,231,E06000011,6,0,6,60,0,-1,-1,0,0,0,1,1,1,0,0,2,1,E01013028,2.0,1.0,1.0,69.0,10.0,3.0,0.0,0.0,0.0,0.0,0.0,9.0,3.0,5.0
3232,2015030000155,5,9,0,16,0,0,0,0,0,0,0,1,2,1,22,5,1199,1,11,-1,2,-1,3,5,313580.0,534180.0,-3.342352,54.695208,3,1,5,3,21/01/2015,4,1899-12-30 15:12:00,60,E10000006,3,595,6,60,0,-1,-1,0,0,0,1,1,2,0,0,2,1,E01019090,,,,,,,,,,,,,,
3233,2015051502307,2,9,0,2,0,0,0,0,0,0,2,1,6,3,-1,-1,1461,2,10,-1,-1,-1,1,2,333409.0,415385.0,-3.008457,53.630737,5,1,2,1,25/09/2015,6,1899-12-30 21:25:00,93,E08000014,6,0,6,30,0,-1,-1,0,0,0,4,1,1,0,0,1,1,E01007001,,,,,,,,,,,,,,
3234,2015051503422,1,9,0,18,0,2,0,0,0,0,1,1,6,2,34,6,1229,1,-1,-1,1,-1,1,1,349494.0,394327.0,-2.761843,53.443279,5,1,1,1,18/12/2015,6,1899-12-30 13:50:00,92,E08000013,3,58,6,30,9,4,6,0,0,0,1,2,2,0,0,1,1,E01006835,1.0,3.0,2.0,85.0,11.0,1.0,5.0,1.0,0.0,0.0,0.0,0.0,1.0,4.0
3235,201597UA02203,2,21,0,18,0,0,2,0,1,11,1,1,1,1,54,8,12419,2,1,-1,3,-1,1,2,239099.0,651121.0,-4.563626,55.726699,97,1,2,1,42280,3,1899-12-30 13:30:00,931,S12000021,3,736,6,60,0,-1,-1,0,0,0,1,1,1,0,0,2,1,,,,,,,,,,,,,,,
3236,201597UD71008,2,19,0,9,0,8,0,0,0,0,3,1,1,1,23,5,2198,2,1,-1,1,-1,1,2,219574.0,597663.0,-4.839376,55.240075,97,1,2,1,23/08/2015,1,1899-12-30 10:15:00,937,S12000028,6,0,3,60,3,4,6,0,0,0,1,1,1,0,0,2,1,,,,,,,,,,,,,,,
3237,2015210026549,2,9,0,18,0,0,2,0,0,0,1,1,6,1,17,4,1390,1,4,-1,3,-1,7,5,382611.0,310740.0,-2.258725,52.694059,21,1,5,7,42162,2,1899-12-30 14:20:00,254,E10000028,3,5,6,60,0,-1,-1,0,0,0,1,1,1,0,0,2,1,E01029670,3.0,2.0,2.0,53.0,8.0,1.0,0.0,0.0,1.0,0.0,0.0,9.0,3.0,5.0
3238,201543P296025,12,9,0,18,0,0,0,0,0,0,1,1,6,1,43,7,1796,1,12,-1,1,-1,36,37,455113.0,220016.0,-1.200828,51.875998,43,1,37,36,14/02/2015,7,1899-12-30 07:45:00,481,E10000025,1,40,3,70,0,-1,-1,0,0,0,1,7,2,0,3,2,1,E01028497,28.0,2.0,1.0,12.0,3.0,3.0,0.0,0.0,1.0,0.0,0.0,9.0,-1.0,-1.0
3239,201542I149105,4,9,0,9,0,5,0,0,0,0,0,1,6,2,29,6,1149,1,12,-1,1,-1,1,5,613567.0,227692.0,1.10335,51.906807,42,1,5,1,27/05/2015,4,1899-12-30 13:00:00,461,E10000012,3,120,6,60,3,4,6,0,0,0,1,1,1,0,0,2,1,E01021978,,,,,,,,,,,,,,
3240,2015621501297,1,19,0,17,0,0,1,4,0,0,4,1,6,1,25,5,-1,-1,-1,-1,1,-1,5,4,298354.0,203540.0,-3.472904,51.72134,62,1,4,5,42071,2,1899-12-30 03:28:00,744,W06000016,6,0,6,30,0,-1,-1,0,0,0,4,1,2,0,0,1,1,W01001154,5.0,2.0,2.0,20.0,4.0,3.0,0.0,0.0,0.0,0.0,0.0,19.0,1.0,-1.0
3241,2015300015638,1,8,0,18,0,0,0,0,0,0,1,1,1,1,60,9,1968,2,9,-1,2,-1,1,1,440330.0,355200.0,-1.399229,53.092493,30,1,1,1,31/08/2015,2,1899-12-30 03:50:00,320,E10000007,3,615,6,40,0,-1,-1,0,0,0,4,2,2,0,0,2,1,E01019404,1.0,3.0,1.0,20.0,4.0,1.0,9.0,7.0,0.0,0.0,0.0,0.0,3.0,7.0
3242,201563CP10115,2,9,0,18,0,0,1,0,0,0,1,1,2,1,41,7,-1,-1,-1,-1,3,-1,2,2,192780.0,206000.0,-5.001052,51.714353,63,1,2,2,19/07/2015,1,1899-12-30 16:33:00,752,W06000009,4,4325,6,60,0,-1,-1,0,0,0,1,1,1,0,0,2,1,W01000588,1.0,1.0,1.0,41.0,7.0,3.0,0.0,0.0,0.0,0.0,0.0,9.0,3.0,-1.0
3243,201560S090687,2,21,0,2,0,0,0,0,0,0,0,1,1,1,23,5,-1,-1,-1,-1,-1,-1,1,2,313255.0,382343.0,-3.304007,53.330863,60,1,2,1,22/06/2015,2,1899-12-30 08:30:00,724,W06000005,6,0,6,30,0,-1,-1,0,0,0,1,1,2,0,0,2,1,W01000287,,,,,,,,,,,,,,
3244,2015350106315,2,19,0,18,0,0,0,0,0,0,1,1,1,1,71,10,2143,2,4,-1,1,-1,2,2,522500.0,302980.0,-0.192284,52.610792,35,1,2,2,23/06/2015,3,1899-12-30 12:07:00,394,E06000031,3,47,6,60,0,-1,-1,0,0,0,1,1,1,0,0,2,1,E01015619,2.0,1.0,1.0,71.0,10.0,2.0,0.0,0.0,0.0,0.0,0.0,19.0,1.0,10.0
3245,2015610070015,2,9,0,18,0,5,0,4,0,0,1,1,2,1,45,7,-1,-1,-1,-1,1,-1,1,2,327943.0,185282.0,-3.040878,51.561794,61,1,2,1,14/12/2015,2,1899-12-30 04:07:00,733,W06000022,1,4,3,70,5,4,1,4,0,0,7,9,1,0,0,2,1,W01001913,,,,,,,,,,,,,,
3246,201501TD00102,2,8,0,9,0,2,0,0,0,0,1,1,1,1,43,7,2143,2,4,-1,1,-1,1,2,531320.0,182190.0,-0.108531,51.523366,1,1,2,1,42255,1,1899-12-30 11:11:00,3,E09000019,3,201,6,30,3,4,6,0,0,4,1,9,1,0,0,1,1,E01002724,,,,,,,,,,,,,,
3247,2015521501170,5,9,0,18,0,0,0,0,0,0,1,-1,1,1,34,6,1984,2,2,-1,1,-1,9,7,372568.0,166920.0,-2.395722,51.400642,52,1,7,9,42249,2,1899-12-30 16:06:00,611,E06000022,6,0,6,30,0,-1,-1,0,0,4,1,1,2,0,0,1,1,E01014477,8.0,2.0,1.0,59.0,9.0,1.0,0.0,0.0,1.0,0.0,0.0,9.0,1.0,-1.0
3248,201550KC5F002,1,9,0,17,0,1,2,6,1,4,1,1,6,1,51,8,3000,1,7,-1,-1,-1,2,1,271501.0,109341.0,-3.827514,50.869247,50,1,1,2,17/02/2015,3,1899-12-30 12:12:00,586,E10000008,3,377,6,50,3,4,3,377,0,0,1,1,1,0,0,2,1,E01020073,2.0,2.0,1.0,28.0,6.0,1.0,0.0,0.0,1.0,0.0,0.0,9.0,-1.0,-1.0
3249,2015530209813,1,9,0,16,0,0,2,0,1,0,1,1,6,1,26,6,1598,1,15,-1,-1,-1,3,3,408046.0,211315.0,-1.884722,51.800424,53,1,3,3,23/07/2015,5,1899-12-30 01:15:00,621,E10000013,3,429,6,40,0,-1,-1,0,0,0,4,1,1,0,0,2,1,E01022186,1.0,1.0,1.0,26.0,6.0,1.0,0.0,0.0,0.0,0.0,0.0,9.0,-1.0,-1.0
3250,201501TD00049,1,5,0,18,0,0,0,0,4,1,3,1,6,1,25,5,849,1,4,-1,1,-1,1,1,520760.0,194970.0,-0.256274,51.640577,1,1,1,1,28/03/2015,7,1899-12-30 17:19:00,30,E09000003,3,1,3,50,0,-1,-1,0,0,0,1,1,1,0,0,2,1,E01000290,1.0,1.0,1.0,25.0,5.0,1.0,0.0,0.0,0.0,0.0,0.0,5.0,1.0,5.0
3251,201531B091915,1,9,0,13,0,0,0,0,0,0,0,1,1,1,58,9,1997,2,2,-1,2,-1,1,4,478102.0,352850.0,-0.835869,53.067191,31,1,4,1,22/05/2015,6,1899-12-30 08:10:00,345,E10000024,3,46,6,60,0,-1,-1,0,0,0,1,1,1,0,0,2,1,E01028336,,,,,,,,,,,,,,
3252,201506X002809,3,21,1,2,6,0,0,0,0,0,2,1,1,1,44,7,6370,2,14,-1,-1,-1,1,3,368900.0,393650.0,-2.469629,53.438701,6,1,3,1,27/06/2015,7,1899-12-30 02:11:00,107,E08000006,1,62,3,70,0,-1,-1,0,0,0,6,1,1,0,0,2,1,E01005621,,,,,,,,,,,,,,
3253,201520M014945,1,8,0,9,0,8,0,0,7,0,2,1,1,1,31,6,2499,2,7,-1,1,-1,2,2,435660.0,276580.0,-1.477477,52.386094,20,1,2,2,42318,1,1899-12-30 00:10:00,302,E08000026,4,4110,6,30,3,4,6,0,0,0,4,1,1,0,0,2,1,E01032530,2.0,1.0,1.0,31.0,6.0,3.0,0.0,0.0,0.0,0.0,0.0,8.0,1.0,2.0
3254,2015950004938,2,9,0,18,0,0,0,0,0,0,1,1,6,2,46,8,1198,1,3,-1,1,-1,1,2,301052.0,662764.0,-3.581921,55.847896,95,1,2,1,31/10/2015,7,1899-12-30 18:10:00,940,S12000040,3,71,6,30,0,-1,-1,0,0,8,4,1,1,0,0,2,1,,,,,,,,,,,,,,,
3255,2015350160015,2,4,0,13,0,8,0,0,7,10,1,1,6,1,35,6,647,1,9,-1,3,-1,1,2,550770.0,274230.0,0.211921,52.345421,35,1,2,1,28/10/2015,4,1899-12-30 15:53:00,391,E10000003,3,10,6,40,3,4,6,0,0,0,1,1,1,0,0,2,1,E01018054,1.0,1.0,1.0,35.0,6.0,1.0,0.0,0.0,0.0,0.0,0.0,4.0,3.0,2.0