,accident_index,vehicle_reference,vehicle_type,towing_and_articulation,vehicle_manoeuvre,vehicle_location-restricted_lane,junction_location,skidding_and_overturning,hit_object_in_carriageway,vehicle_leaving_carriageway,hit_object_off_carriageway,1st_point_of_impact,was_vehicle_left_hand_drive?,journey_purpose_of_driver,sex_of_driver,age_of_driver,age_band_of_driver,engine_capacity_(cc),propulsion_code,age_of_vehicle,driver_imd_decile,driver_home_area_type,vehicle_imd_decile,NUmber_of_Casualities_unique_to_accident_index,No_of_Vehicles_involved_unique_to_accident_index,location_easting_osgr,location_northing_osgr,longitude,latitude,police_force,accident_severity,number_of_vehicles,number_of_casualties,date,day_of_week,time,local_authority_(district),local_authority_(highway),1st_road_class,1st_road_number,road_type,speed_limit,junction_detail,junction_control,2nd_road_class,2nd_road_number,pedestrian_crossing-human_control,pedestrian_crossing-physical_facilities,light_conditions,weather_conditions,road_surface_conditions,special_conditions_at_site,carriageway_hazards,urban_or_rural_area,did_police_officer_attend_scene_of_accident,lsoa_of_accident_location,casualty_reference,casualty_class,sex_of_casualty,age_of_casualty,age_band_of_casualty,casualty_severity,pedestrian_location,pedestrian_movement,car_passenger,bus_or_coach_passenger,pedestrian_road_maintenance_worker,casualty_type,casualty_home_area_type,casualty_imd_decile
3256,201506K099123,1,9,0,18,0,0,0,0,0,0,1,1,6,1,78,11,1198,1,11,-1,1,-1,1,1,368990.0,407710.0,-2.46967,53.565079,6,1,1,1,42008,4,1899-12-30 20:00:00,100,E08000001,3,676,2,30,0,-1,-1,0,0,0,4,2,2,0,0,1,1,E01004836,1.0,3.0,1.0,78.0,11.0,1.0,5.0,3.0,0.0,0.0,0.0,0.0,1.0,1.0
3257,201543W249105,1,9,0,18,0,0,0,0,0,0,1,1,6,1,57,9,2198,2,8,-1,-1,-1,2,1,429712.0,176641.0,-1.573468,51.487943,43,1,1,2,31/10/2015,7,1899-12-30 19:04:00,471,E06000037,1,4,3,70,0,-1,-1,0,0,0,6,1,1,0,0,2,1,E01016304,2.0,1.0,1.0,57.0,9.0,3.0,0.0,0.0,0.0,0.0,0.0,9.0,-1.0,-1.0
3258,201550CH3A004,1,9,0,16,0,0,0,0,0,0,1,1,6,2,24,5,1896,2,13,-1,3,-1,2,2,242228.0,100914.0,-4.239586,50.786273,50,1,2,2,42344,6,1899-12-30 16:27:00,588,E10000008,3,3079,6,60,0,-1,-1,0,0,0,1,2,2,0,0,2,1,E01020290,1.0,1.0,2.0,24.0,5.0,1.0,0.0,0.0,0.0,0.0,0.0,9.0,3.0,6.0
3259,2015440262619,1,5,0,18,0,0,0,0,7,0,1,1,6,1,31,6,599,1,8,-1,1,-1,2,2,438002.0,139234.0,-1.458053,51.151109,44,1,2,2,30/07/2015,5,1899-12-30 21:00:00,501,E10000014,3,3057,6,60,0,-1,-1,0,0,0,6,1,1,0,0,2,1,E01023178,1.0,1.0,1.0,31.0,6.0,1.0,0.0,0.0,0.0,0.0,0.0,5.0,1.0,10.0
3260,201514A161415,1,9,0,18,0,0,2,0,7,2,3,1,6,1,18,4,1395,1,-1,-1,1,-1,2,1,463640.0,407317.0,-1.040752,53.558625,14,1,1,2,42196,7,1899-12-30 18:38:00,211,E08000017,3,18,6,50,0,-1,-1,0,0,0,4,1,2,0,0,2,1,E01007561,2.0,2.0,1.0,13.0,3.0,1.0,0.0,0.0,1.0,0.0,0.0,9.0,1.0,5.0
3261,2015440312702,4,9,0,12,0,8,0,0,0,0,1,1,6,1,73,10,3952,1,17,-1,1,-1,2,4,471950.0,105776.0,-0.979372,50.847041,44,1,4,2,42256,4,1899-12-30 09:50:00,495,E10000014,3,27,3,70,5,4,3,27,0,0,1,1,1,0,0,1,1,E01022954,2.0,1.0,1.0,73.0,10.0,1.0,0.0,0.0,0.0,0.0,0.0,9.0,1.0,8.0
3262,2015521505635,1,9,0,13,0,0,0,0,0,0,1,1,6,1,26,6,1587,1,14,-1,2,-1,1,3,371430.0,190740.0,-2.414018,51.614756,52,1,3,1,13/07/2015,2,1899-12-30 15:52:00,612,E06000025,4,4059,6,60,0,-1,-1,0,0,0,1,1,1,0,0,2,1,E01014884,1.0,1.0,1.0,26.0,6.0,1.0,0.0,0.0,0.0,0.0,0.0,9.0,2.0,10.0
3263,2015320116591,1,1,0,18,0,0,0,0,0,0,2,1,6,1,37,7,-1,-1,-1,-1,-1,-1,2,2,496495.0,373849.0,-0.555138,53.252889,32,1,2,2,42015,1,1899-12-30 02:37:00,356,E10000019,3,46,3,70,0,-1,-1,0,0,0,6,7,2,0,0,2,1,E01026397,1.0,1.0,1.0,37.0,7.0,1.0,0.0,0.0,0.0,0.0,0.0,1.0,-1.0,-1.0
3264,2015621600019,3,19,0,18,0,0,0,0,0,0,2,1,2,1,30,6,-1,-1,-1,-1,1,-1,4,4,321571.0,177961.0,-3.131148,51.495129,62,1,4,4,31/12/2015,5,1899-12-30 17:32:00,741,W06000015,6,0,6,40,0,-1,-1,0,0,0,4,1,2,0,0,2,1,W01001875,,,,,,,,,,,,,,
3265,2015941500107,1,9,0,18,0,0,0,0,0,0,1,1,6,2,21,5,1299,1,12,-1,3,-1,1,1,301972.0,689401.0,-3.576937,56.08732,94,1,1,1,42096,4,1899-12-30 21:11:00,925,S12000015,3,907,6,30,0,-1,-1,0,0,0,4,1,2,0,0,2,1,,1.0,3.0,1.0,63.0,9.0,1.0,5.0,3.0,0.0,0.0,0.0,0.0,2.0,-1.0
3266,201501TD00034,1,19,0,18,0,0,0,0,0,0,1,1,6,1,30,6,2198,2,2,-1,1,-1,1,1,527320.0,171430.0,-0.17003,51.427582,1,1,1,1,13/02/2015,6,1899-12-30 18:30:00,10,E09000032,6,0,6,30,0,-1,-1,0,0,0,4,1,2,0,0,1,1,E01004616,1.0,3.0,1.0,74.0,10.0,1.0,5.0,3.0,0.0,0.0,2.0,0.0,1.0,2.0
3267,2015521501395,2,9,0,2,0,0,0,4,0,0,1,1,6,3,-1,-1,1364,1,6,-1,-1,-1,1,5,360248.0,177504.0,-2.574006,51.495071,52,1,5,1,42065,3,1899-12-30 11:46:00,601,E06000023,6,0,6,30,0,-1,-1,0,0,5,1,1,1,0,0,1,1,E01014659,,,,,,,,,,,,,,
3268,2015051500072,1,9,0,18,0,0,0,0,0,0,1,1,2,1,58,9,1753,2,12,-1,1,-1,2,1,339513.0,385167.0,-2.910329,53.359902,5,1,1,2,42248,6,1899-12-30 21:05:00,91,E08000012,3,561,3,30,0,-1,-1,0,0,4,4,1,2,0,0,1,1,E01006688,1.0,3.0,1.0,77.0,11.0,2.0,1.0,3.0,0.0,0.0,0.0,0.0,1.0,5.0
3269,201501TD00059,1,11,0,7,0,2,0,0,0,0,4,1,1,2,44,7,7300,2,11,-1,1,-1,1,1,523760.0,179910.0,-0.218243,51.504582,1,1,1,1,15/04/2015,4,1899-12-30 07:19:00,11,E09000013,6,0,6,30,3,4,3,402,0,4,1,1,1,0,0,1,1,E01001943,1.0,3.0,2.0,50.0,8.0,1.0,4.0,3.0,0.0,0.0,2.0,0.0,1.0,4.0
3270,201543S139075,1,21,1,18,0,1,0,0,0,0,1,1,1,1,55,8,10837,2,-1,-1,3,-1,5,5,489702.0,240546.0,-0.693142,52.056047,43,1,5,5,29/07/2015,4,1899-12-30 07:55:00,479,E06000042,1,1,3,70,5,4,1,1,0,0,1,1,1,0,0,2,1,E01033503,1.0,1.0,1.0,55.0,8.0,3.0,0.0,0.0,0.0,0.0,0.0,21.0,3.0,7.0
3271,2015471504920,2,9,0,16,0,0,0,0,0,0,1,1,6,1,34,6,1998,1,8,-1,1,-1,2,2,511184.0,109055.0,-0.421272,50.870314,47,1,2,2,25/08/2015,3,1899-12-30 18:31:00,558,E10000032,3,280,6,60,0,-1,-1,0,0,0,1,1,2,0,0,2,1,E01031426,2.0,1.0,1.0,34.0,6.0,3.0,0.0,0.0,0.0,0.0,0.0,9.0,1.0,4.0
3272,201506L001840,1,9,0,16,0,0,0,0,0,0,1,1,6,1,55,8,1956,2,-1,-1,1,-1,2,2,360290.0,409490.0,-2.601245,53.580489,6,1,2,2,42222,2,1899-12-30 09:35:00,114,E08000010,4,5239,6,60,0,-1,-1,0,0,0,1,1,1,0,0,2,1,E01006231,1.0,1.0,1.0,55.0,8.0,3.0,0.0,0.0,0.0,0.0,0.0,9.0,1.0,6.0
3273,201597ND70211,1,9,0,16,0,0,2,4,1,1,3,1,6,1,28,6,2198,2,10,-1,-1,-1,1,2,276268.0,660453.0,-3.976468,55.82142,97,1,2,1,42015,1,1899-12-30 00:36:00,932,S12000044,3,775,6,30,0,-1,-1,0,0,4,4,1,1,0,0,1,1,,1.0,1.0,1.0,28.0,6.0,1.0,0.0,0.0,0.0,0.0,0.0,9.0,1.0,-1.0
3274,201563DP04115,1,9,0,16,0,0,2,0,0,0,1,1,6,1,17,4,-1,-1,-1,-1,1,-1,7,2,297170.0,222170.0,-3.495572,51.888569,63,1,2,7,42158,6,1899-12-30 22:10:00,753,W06000023,3,470,6,60,0,-1,-1,0,0,0,6,4,1,0,0,2,1,W01001897,7.0,2.0,2.0,17.0,4.0,1.0,0.0,0.0,1.0,0.0,0.0,9.0,1.0,-1.0
3275,2015471503310,1,19,0,17,0,0,1,0,1,4,1,1,6,1,31,6,2463,2,10,-1,1,-1,5,1,513798.0,105023.0,-0.385391,50.833563,47,1,1,5,13/06/2015,7,1899-12-30 00:52:00,564,E10000032,5,277,6,30,0,-1,-1,0,0,0,4,2,2,0,0,1,1,E01031822,2.0,1.0,1.0,31.0,6.0,3.0,0.0,0.0,0.0,0.0,0.0,19.0,1.0,2.0
3276,201563DP27115,2,19,0,17,0,0,1,0,0,0,3,1,1,1,40,7,-1,-1,-1,-1,1,-1,1,2,326850.0,320410.0,-3.085824,52.7763,63,1,2,1,42165,3,1899-12-30 08:10:00,753,W06000023,3,483,6,60,0,-1,-1,0,0,0,1,1,2,0,2,2,1,W01000458,,,,,,,,,,,,,,
3277,2015075138222,2,9,0,3,0,0,0,0,0,0,2,1,6,2,72,10,1396,1,15,-1,1,-1,2,4,372538.0,363534.0,-2.412249,53.168207,7,1,4,2,16/05/2015,7,1899-12-30 14:09:00,129,E06000049,3,533,6,60,0,-1,-1,0,0,0,1,1,1,0,0,2,1,E01018394,1.0,1.0,2.0,72.0,10.0,1.0,0.0,0.0,0.0,0.0,0.0,9.0,1.0,10.0
3278,201563DP05215,1,9,0,3,0,0,0,0,0,0,2,1,6,2,70,10,-1,-1,-1,-1,3,-1,2,2,329120.0,271450.0,-3.041701,52.336534,63,1,2,2,25/03/2015,4,1899-12-30 11:15:00,753,W06000023,4,4355,6,30,0,-1,-1,0,0,0,1,1,1,4,0,2,1,W01000449,2.0,2.0,1.0,82.0,11.0,1.0,0.0,0.0,1.0,0.0,0.0,9.0,3.0,-1.0
3279,201531B235215,2,9,0,18,0,1,0,0,0,0,1,1,6,1,25,5,2720,2,6,-1,1,-1,2,2,485852.0,360680.0,-0.718149,53.13637,31,1,2,2,42227,1,1899-12-30 16:32:00,345,E10000024,3,46,3,60,3,4,6,0,0,0,1,1,2,0,0,2,1,E01028316,2.0,1.0,1.0,25.0,5.0,3.0,0.0,0.0,0.0,0.0,0.0,9.0,1.0,7.0
3280,2015471505617,3,5,0,13,0,1,0,0,1,0,1,1,6,2,35,6,999,1,4,-1,3,-1,4,5,589457.0,116920.0,0.694144,50.920631,47,1,5,4,27/09/2015,1,1899-12-30 11:45:00,555,E10000011,3,259,6,60,8,4,6,0,0,0,1,1,1,0,0,2,1,E01021101,4.0,1.0,2.0,35.0,6.0,2.0,0.0,0.0,0.0,0.0,0.0,5.0,3.0,8.0
3281,2015215001461,1,9,0,18,0,8,0,0,7,4,1,1,6,1,48,8,1984,1,7,-1,1,-1,1,1,419990.0,311790.0,-1.705601,52.703416,21,1,1,1,13/03/2015,6,1899-12-30 11:05:00,252,E10000028,3,513,6,60,3,4,5,294,0,0,1,1,1,0,0,2,1,E01029516,1.0,1.0,1.0,48.0,8.0,1.0,0.0,0.0,0.0,0.0,0.0,9.0,1.0,10.0
3282,201504SA15205,2,9,0,2,0,1,0,0,0,0,2,1,6,2,34,6,1596,1,9,-1,1,-1,1,2,351610.0,428310.0,-2.735275,53.748901,4,1,2,1,42282,1,1899-12-30 17:00:00,83,E10000017,3,59,6,30,3,4,6,0,0,0,1,1,1,0,0,1,1,E01025425,,,,,,,,,,,,,,
3283,201501TD00066,1,11,0,18,0,2,0,0,0,0,1,1,1,1,50,8,9360,2,4,-1,1,-1,1,1,540020.0,176800.0,0.014653,51.472845,1,1,1,1,19/04/2015,1,1899-12-30 10:47:00,6,E09000011,4,212,6,30,3,4,4,212,0,0,1,1,1,0,0,1,1,E01003200,1.0,3.0,1.0,51.0,8.0,1.0,5.0,3.0,0.0,0.0,2.0,0.0,1.0,5.0
3284,2015132421270,3,9,0,18,0,1,0,0,0,0,0,1,1,1,46,8,-1,-1,-1,-1,1,-1,1,3,416998.0,419976.0,-1.744162,53.675979,13,1,3,1,42039,5,1899-12-30 17:39:00,203,E08000034,3,62,6,40,3,4,6,0,0,0,1,1,1,0,0,1,1,E01011103,,,,,,,,,,,,,,
3285,2015100288115,1,11,0,7,0,6,0,0,0,0,4,1,1,1,49,8,6871,2,12,-1,1,-1,1,1,425014.0,564525.0,-1.610752,54.974715,10,1,1,1,42129,3,1899-12-30 19:00:00,147,E08000021,6,1131,3,20,3,2,6,1131,0,5,1,1,1,0,0,1,1,E01008397,1.0,3.0,2.0,21.0,5.0,1.0,1.0,1.0,0.0,0.0,0.0,0.0,-1.0,-1.0
3286,201563AC39315,2,9,0,18,0,0,0,0,1,0,1,1,6,1,51,8,-1,-1,-1,-1,3,-1,3,3,227100.0,216250.0,-4.509915,51.818058,63,1,3,3,42350,7,1899-12-30 19:58:00,751,W06000010,3,40,6,60,0,-1,-1,0,0,0,4,2,2,0,0,2,1,W01000720,1.0,1.0,1.0,51.0,8.0,1.0,0.0,0.0,0.0,0.0,0.0,9.0,3.0,-1.0
3287,201542I329010,1,9,0,18,0,8,0,0,0,0,1,1,6,1,24,5,-1,-1,-1,-1,1,-1,1,1,587819.0,186442.0,0.707288,51.545611,42,1,1,1,15/10/2015,5,1899-12-30 19:53:00,460,E06000033,3,127,3,40,3,4,6,0,0,5,4,1,1,0,0,1,1,E01015895,1.0,3.0,1.0,23.0,5.0,1.0,10.0,9.0,0.0,0.0,0.0,0.0,-1.0,-1.0
3288,201501TD00013,1,8,0,18,0,0,0,0,0,0,1,1,1,1,67,10,2664,2,14,-1,1,-1,1,1,533060.0,182510.0,-0.083345,51.525835,1,1,1,1,26/01/2015,2,1899-12-30 02:04:00,4,E09000012,3,1202,6,30,0,-1,-1,0,0,5,4,1,2,0,0,1,1,E01033708,1.0,3.0,1.0,25.0,5.0,1.0,4.0,3.0,0.0,0.0,2.0,0.0,-1.0,-1.0
3289,201501TD00009,2,1,0,15,0,8,0,0,0,0,3,1,6,2,29,6,-1,-1,-1,-1,1,-1,1,2,532710.0,187900.0,-0.086356,51.574354,1,1,2,1,20/01/2015,3,1899-12-30 08:00:00,4,E09000012,3,503,6,30,3,4,3,107,0,4,1,1,1,0,0,1,1,E01001811,1.0,1.0,2.0,29.0,6.0,1.0,0.0,0.0,0.0,0.0,0.0,1.0,1.0,2.0
3290,201501TD00033,1,5,0,18,0,1,0,0,0,0,1,1,6,1,57,9,998,1,33,-1,1,-1,1,2,533840.0,177560.0,-0.073985,51.481169,1,1,2,1,42279,3,1899-12-30 09:20:00,8,E09000028,4,215,6,30,3,4,6,0,0,0,1,9,1,0,0,1,1,E01004014,1.0,1.0,1.0,57.0,9.0,1.0,0.0,0.0,0.0,0.0,0.0,5.0,1.0,4.0
3291,2015331500028,1,9,0,18,0,1,0,0,0,0,1,1,6,1,21,5,1797,1,16,-1,-1,-1,6,2,460720.0,305725.0,-1.103999,52.645873,33,1,2,6,42278,7,1899-12-30 20:25:00,364,E06000016,6,2161,6,30,3,4,6,2111,0,0,4,1,1,0,0,1,1,E01013655,1.0,1.0,1.0,21.0,5.0,1.0,0.0,0.0,0.0,0.0,0.0,9.0,-1.0,-1.0
3292,2015350196215,1,21,0,18,0,0,0,0,0,0,1,1,1,1,45,7,6692,2,4,-1,2,-1,2,2,541660.0,260960.0,0.072709,52.228626,35,1,2,2,42016,3,1899-12-30 13:57:00,395,E10000003,1,11,3,70,0,-1,-1,0,0,0,1,1,1,0,0,2,1,E01018224,1.0,1.0,1.0,45.0,7.0,1.0,0.0,0.0,0.0,0.0,0.0,21.0,2.0,6.0
3293,2015551600017,1,9,0,17,0,0,1,0,7,3,4,1,6,1,21,5,1796,1,17,-1,1,-1,1,2,399545.0,80085.0,-2.007793,50.620471,55,1,2,1,29/12/2015,3,1899-12-30 02:21:00,644,E10000009,3,351,6,30,0,-1,-1,0,0,0,6,1,1,0,0,2,1,E01020468,1.0,1.0,1.0,21.0,5.0,1.0,0.0,0.0,0.0,0.0,0.0,9.0,1.0,8.0
3294,2015350021815,3,19,0,18,0,0,1,0,1,4,1,1,1,1,21,5,1753,2,12,-1,1,-1,2,3,526740.0,273750.0,-0.140806,52.347183,35,1,3,2,42280,3,1899-12-30 14:34:00,393,E10000003,3,141,6,40,0,-1,-1,0,0,0,1,1,1,0,0,2,1,E01018206,,,,,,,,,,,,,,
3295,2015210034191,1,5,0,18,0,0,0,0,0,0,1,1,6,1,37,7,750,1,2,-1,1,-1,1,2,419650.0,302950.0,-1.711157,52.623961,21,1,2,1,20/11/2015,6,1899-12-30 15:10:00,258,E10000028,3,5,3,70,0,-1,-1,0,0,0,1,1,1,0,0,2,1,E01029503,1.0,1.0,1.0,37.0,7.0,1.0,0.0,0.0,0.0,0.0,0.0,5.0,1.0,5.0
3296,2015471506757,1,5,0,13,0,0,1,0,1,0,1,1,6,1,53,8,599,1,20,-1,1,-1,1,3,571162.0,118220.0,0.434725,50.938024,47,1,3,1,15/11/2015,1,1899-12-30 11:58:00,555,E10000011,4,2096,6,60,0,-1,-1,0,0,0,1,2,2,0,0,2,1,E01021100,1.0,1.0,1.0,53.0,8.0,1.0,0.0,0.0,0.0,0.0,0.0,5.0,1.0,2.0
3297,2015440027033,2,9,0,18,0,0,0,0,0,0,1,1,6,1,40,7,1995,2,14,-1,2,-1,4,2,446409.0,144654.0,-1.337166,51.199224,44,1,2,4,24/01/2015,7,1899-12-30 17:30:00,490,E10000014,3,34,3,70,0,-1,-1,0,0,0,6,1,1,0,0,2,1,E01022564,2.0,1.0,1.0,40.0,7.0,2.0,0.0,0.0,0.0,0.0,0.0,9.0,2.0,9.0
3298,201597QA70108,2,11,0,4,0,0,0,0,0,0,2,1,1,1,34,6,4250,2,-1,-1,1,-1,1,2,266896.0,649871.0,-4.120776,55.723913,97,1,2,1,42255,1,1899-12-30 15:47:00,938,S12000029,3,726,6,60,0,-1,-1,0,0,0,1,1,1,0,0,2,1,,,,,,,,,,,,,,,
3299,2015551500503,2,9,0,17,0,0,0,0,1,11,1,1,6,2,49,8,1399,2,6,-1,-1,-1,5,2,400405.0,99207.0,-1.995621,50.792429,55,1,2,5,42283,4,1899-12-30 16:13:00,643,E06000029,3,31,6,60,0,-1,-1,0,0,0,5,1,1,0,0,2,1,E01015433,1.0,1.0,2.0,49.0,8.0,1.0,0.0,0.0,0.0,0.0,0.0,9.0,-1.0,-1.0
3300,2015350121215,1,9,0,18,0,0,0,0,1,4,4,1,6,1,28,6,1398,1,3,-1,1,-1,1,1,544500.0,252180.0,0.110521,52.149006,35,1,1,1,28/08/2015,6,1899-12-30 19:16:00,395,E10000003,1,11,3,70,0,-1,-1,0,0,0,1,1,1,0,0,2,1,E01018291,1.0,1.0,1.0,28.0,6.0,1.0,0.0,0.0,0.0,0.0,0.0,9.0,1.0,9.0
3301,2015215000944,2,21,1,17,0,0,0,0,0,0,4,2,1,1,42,7,-1,-1,-1,-1,-1,-1,9,2,423318.0,326519.0,-1.655307,52.835688,21,1,2,9,15/02/2015,1,1899-12-30 06:56:00,251,E10000028,3,511,6,40,0,-1,-1,0,0,0,4,2,2,0,0,1,1,E01029466,,,,,,,,,,,,,,
3302,201550CI2E005,1,9,0,17,0,0,0,0,0,0,4,1,2,2,44,7,999,1,2,-1,3,-1,3,3,257713.0,144465.0,-4.037131,51.181659,50,1,3,3,20/07/2015,2,1899-12-30 07:32:00,582,E10000008,5,460,6,30,0,-1,-1,0,0,0,1,1,1,5,0,2,1,E01020099,1.0,1.0,2.0,44.0,7.0,3.0,0.0,0.0,0.0,0.0,0.0,9.0,3.0,5.0
3303,201543P296025,16,9,0,18,0,0,0,0,0,0,2,1,6,1,69,10,3839,1,32,-1,1,-1,36,37,455113.0,220016.0,-1.200828,51.875998,43,1,37,36,14/02/2015,7,1899-12-30 07:45:00,481,E10000025,1,40,3,70,0,-1,-1,0,0,0,1,7,2,0,3,2,1,E01028497,9.0,1.0,1.0,69.0,10.0,3.0,0.0,0.0,0.0,0.0,0.0,9.0,1.0,10.0
3304,201506F003319,1,5,0,18,0,1,0,0,0,10,3,1,6,1,19,4,-1,-1,-1,-1,1,-1,1,1,383430.0,401770.0,-2.251337,53.512346,6,1,1,1,42101,7,1899-12-30 21:33:00,107,E08000006,3,576,6,30,3,4,6,0,0,0,1,1,1,0,0,1,1,E01005651,1.0,1.0,1.0,19.0,4.0,1.0,0.0,0.0,0.0,0.0,0.0,5.0,1.0,5.0
3305,2015051503387,1,9,0,18,0,1,0,0,0,0,1,1,6,1,27,6,1596,1,4,-1,1,-1,1,1,337641.0,394719.0,-2.940345,53.445531,5,1,1,1,18/12/2015,6,1899-12-30 21:00:00,91,E08000012,6,0,6,30,3,4,6,0,0,0,4,1,1,0,0,1,1,E01006612,1.0,3.0,1.0,51.0,8.0,1.0,5.0,3.0,0.0,0.0,0.0,0.0,1.0,5.0
3306,201597GC70301,2,19,0,18,0,3,0,0,0,0,1,1,1,1,64,9,1995,2,3,-1,1,-1,2,2,254521.0,658802.0,-4.322394,55.800534,97,1,2,2,42339,2,1899-12-30 10:55:00,922,S12000011,3,727,3,30,1,4,4,769,0,0,1,5,2,0,0,2,1,,2.0,1.0,1.0,64.0,9.0,3.0,0.0,0.0,0.0,0.0,0.0,19.0,1.0,-1.0
3307,201514C034315,3,9,0,17,0,0,1,0,0,0,3,1,6,2,49,8,1596,1,8,-1,1,-1,4,4,456966.0,392463.0,-1.144182,53.425892,14,1,4,4,42159,2,1899-12-30 16:02:00,213,E08000018,3,631,6,60,0,-1,-1,0,0,0,1,1,1,0,0,2,1,E01007764,3.0,2.0,2.0,12.0,3.0,3.0,0.0,0.0,1.0,0.0,0.0,9.0,2.0,5.0
3308,201520T042295,1,9,0,18,0,0,1,0,0,0,1,1,6,1,15,3,1747,1,17,-1,1,-1,1,1,412210.0,287980.0,-1.821608,52.4896,20,1,1,1,14/07/2015,3,1899-12-30 14:07:00,300,E08000025,6,0,6,30,0,-1,-1,0,0,0,1,1,2,0,0,1,1,E01009490,1.0,3.0,2.0,68.0,10.0,1.0,5.0,3.0,0.0,0.0,0.0,0.0,1.0,1.0
3309,201506P002993,1,5,0,16,0,8,1,0,0,0,1,1,6,1,56,9,1164,1,10,-1,1,-1,1,2,386290.0,407550.0,-2.208465,53.564382,6,1,2,1,42101,7,1899-12-30 15:50:00,106,E08000005,5,0,6,30,3,4,6,0,0,0,1,1,1,0,0,2,1,E01005527,1.0,1.0,1.0,56.0,9.0,1.0,0.0,0.0,0.0,0.0,0.0,5.0,1.0,2.0
3310,2015030000034,1,9,0,18,0,0,5,0,1,0,1,1,1,1,73,10,2488,2,1,-1,1,-1,2,2,349360.0,532140.0,-2.786939,54.681755,3,1,2,2,42186,4,1899-12-30 12:50:00,64,E10000006,1,6,3,70,0,-1,-1,0,0,0,1,2,2,0,0,2,1,E01019329,1.0,1.0,1.0,73.0,10.0,3.0,0.0,0.0,0.0,0.0,0.0,9.0,1.0,10.0
3311,201522F502545,1,19,0,16,0,8,1,0,7,0,4,1,1,1,64,9,2477,2,6,-1,3,-1,1,2,347040.0,296090.0,-2.782645,52.560054,22,1,2,1,25/07/2015,7,1899-12-30 07:46:00,286,E06000051,3,49,6,60,7,4,6,0,0,0,1,1,2,0,0,2,1,E01028997,1.0,1.0,1.0,64.0,9.0,1.0,0.0,0.0,0.0,0.0,0.0,19.0,3.0,5.0
3312,20151326S1829,1,9,0,18,0,0,0,0,7,10,1,1,6,2,22,5,1498,1,16,-1,1,-1,3,3,407960.0,424543.0,-1.880862,53.717241,13,1,3,3,28/06/2015,1,1899-12-30 22:45:00,202,E08000033,6,0,6,30,0,-1,-1,0,0,0,4,1,1,0,0,1,1,E01011003,2.0,2.0,2.0,16.0,4.0,1.0,0.0,0.0,1.0,0.0,0.0,9.0,1.0,1.0
3313,2015300015496,1,5,0,13,0,8,5,0,7,10,4,1,6,1,46,8,999,1,5,-1,1,-1,2,2,419510.0,382790.0,-1.708437,53.341654,30,1,2,2,23/08/2015,1,1899-12-30 08:59:00,325,E10000007,3,6187,6,50,8,4,6,0,0,0,1,1,1,0,0,2,1,E01019735,1.0,1.0,1.0,46.0,8.0,1.0,0.0,0.0,0.0,0.0,0.0,5.0,1.0,6.0
3314,201501TD00140,1,5,0,18,0,2,0,0,0,0,1,1,2,1,43,7,599,1,11,-1,1,-1,2,1,527450.0,171460.0,-0.16815,51.427823,1,1,1,2,21/11/2015,7,1899-12-30 13:20:00,10,E09000032,3,217,6,30,6,2,3,217,0,5,1,1,2,0,0,1,1,E01004525,1.0,1.0,1.0,43.0,7.0,2.0,0.0,0.0,0.0,0.0,0.0,5.0,1.0,7.0
3315,2015450028527,1,9,0,18,0,0,2,0,1,0,1,1,6,1,72,10,4398,1,-1,-1,3,-1,1,1,500220.0,166973.0,-0.560942,51.392955,45,1,1,1,42013,3,1899-12-30 16:16:00,514,E10000030,1,3,3,50,0,-1,-1,0,0,0,1,1,1,0,0,2,1,E01030690,1.0,1.0,1.0,72.0,10.0,1.0,0.0,0.0,0.0,0.0,0.0,9.0,3.0,6.0
3316,201523S010259,1,9,0,18,0,0,2,0,1,4,1,1,2,1,40,7,-1,-1,-1,-1,1,-1,1,1,430880.0,271740.0,-1.54815,52.342873,23,1,1,1,13/03/2015,6,1899-12-30 04:51:00,294,E10000031,3,46,3,70,0,-1,-1,0,0,0,6,2,5,0,0,2,1,E01031299,1.0,1.0,1.0,40.0,7.0,1.0,0.0,0.0,0.0,0.0,0.0,9.0,1.0,9.0
3317,20151322E1383,4,9,0,18,0,0,0,0,0,0,1,1,6,1,46,8,1498,1,6,-1,3,-1,7,4,405153.0,422840.0,-1.923424,53.701969,13,1,4,7,14/02/2015,7,1899-12-30 20:30:00,202,E08000033,3,58,6,40,0,-1,-1,0,0,0,4,1,2,0,0,1,1,E01010959,7.0,2.0,1.0,15.0,3.0,3.0,0.0,0.0,2.0,0.0,0.0,9.0,3.0,6.0
3318,201514A024215,1,9,0,18,0,2,0,0,0,0,1,1,6,1,51,8,1398,2,11,-1,1,-1,1,1,456310.0,405389.0,-1.151739,53.542134,14,1,1,1,19/02/2015,5,1899-12-30 16:36:00,211,E08000017,5,178,6,30,3,4,6,0,0,0,1,2,2,0,0,1,1,E01007513,1.0,3.0,2.0,11.0,3.0,1.0,5.0,1.0,0.0,0.0,0.0,0.0,1.0,3.0
3319,2015460264863,1,9,0,17,0,0,0,0,7,10,4,1,6,1,34,6,1388,1,12,-1,2,-1,2,2,563990.0,156500.0,0.350127,51.284035,46,1,2,2,13/12/2015,1,1899-12-30 06:40:00,542,E10000016,4,2016,6,50,0,-1,-1,0,0,0,1,2,2,6,0,2,1,E01032620,1.0,1.0,1.0,34.0,6.0,1.0,0.0,0.0,0.0,0.0,0.0,9.0,2.0,7.0