,accident_index,vehicle_reference,vehicle_type,towing_and_articulation,vehicle_manoeuvre,vehicle_location-restricted_lane,junction_location,skidding_and_overturning,hit_object_in_carriageway,vehicle_leaving_carriageway,hit_object_off_carriageway,1st_point_of_impact,was_vehicle_left_hand_drive?,journey_purpose_of_driver,sex_of_driver,age_of_driver,age_band_of_driver,engine_capacity_(cc),propulsion_code,age_of_vehicle,driver_imd_decile,driver_home_area_type,vehicle_imd_decile,NUmber_of_Casualities_unique_to_accident_index,No_of_Vehicles_involved_unique_to_accident_index,location_easting_osgr,location_northing_osgr,longitude,latitude,police_force,accident_severity,number_of_vehicles,number_of_casualties,date,day_of_week,time,local_authority_(district),local_authority_(highway),1st_road_class,1st_road_number,road_type,speed_limit,junction_detail,junction_control,2nd_road_class,2nd_road_number,pedestrian_crossing-human_control,pedestrian_crossing-physical_facilities,light_conditions,weather_conditions,road_surface_conditions,special_conditions_at_site,carriageway_hazards,urban_or_rural_area,did_police_officer_attend_scene_of_accident,lsoa_of_accident_location,casualty_reference,casualty_class,sex_of_casualty,age_of_casualty,age_band_of_casualty,casualty_severity,pedestrian_location,pedestrian_movement,car_passenger,bus_or_coach_passenger,pedestrian_road_maintenance_worker,casualty_type,casualty_home_area_type,casualty_imd_decile
3320,201531D243315,1,9,0,18,0,0,1,0,1,11,1,1,6,1,23,5,1910,2,8,-1,1,-1,4,2,472867.0,345785.0,-0.915574,53.004433,31,1,2,4,20/11/2015,6,1899-12-30 18:24:00,347,E10000024,3,46,3,60,0,-1,-1,0,0,0,6,1,2,0,0,2,1,E01028403,2.0,2.0,1.0,24.0,5.0,3.0,0.0,0.0,1.0,0.0,0.0,9.0,1.0,4.0
3321,2015100085915,1,9,0,13,0,0,0,0,0,0,1,1,6,1,43,7,1984,1,12,-1,1,-1,2,3,418422.0,618705.0,-1.710221,55.461847,10,1,3,2,42157,6,1899-12-30 08:25:00,139,E06000048,3,1,6,60,0,-1,-1,0,0,0,1,1,2,0,0,2,1,E01027366,1.0,1.0,1.0,43.0,7.0,1.0,0.0,0.0,0.0,0.0,0.0,9.0,1.0,2.0
3322,2015530210206,2,9,0,18,0,0,0,0,0,0,1,1,6,1,30,6,1560,2,7,-1,1,-1,2,2,384782.0,207188.0,-2.221907,51.763164,53,1,2,2,42106,6,1899-12-30 06:43:00,624,E10000013,3,46,6,50,0,-1,-1,0,0,0,6,1,2,0,0,2,1,E01022391,2.0,1.0,1.0,30.0,6.0,3.0,0.0,0.0,0.0,0.0,0.0,9.0,1.0,4.0
3323,2015460255468,1,9,0,18,0,1,0,0,0,0,3,1,6,1,23,5,1984,1,18,-1,1,-1,5,3,617460.0,167080.0,1.122233,51.361143,46,1,3,5,19/04/2015,1,1899-12-30 00:33:00,531,E10000016,3,2990,6,40,3,4,6,0,0,0,4,1,1,0,0,2,1,E01024064,1.0,1.0,1.0,23.0,5.0,1.0,0.0,0.0,0.0,0.0,0.0,9.0,1.0,2.0
3324,201523N025715,3,9,0,18,0,0,0,0,0,0,2,1,6,1,67,10,1598,1,11,-1,1,-1,2,3,434432.0,285731.0,-1.494579,52.468437,23,1,3,2,21/05/2015,5,1899-12-30 15:54:00,291,E10000031,6,0,6,60,0,-1,-1,0,0,0,1,1,1,0,0,2,1,E01031089,2.0,1.0,1.0,67.0,10.0,3.0,0.0,0.0,0.0,0.0,0.0,9.0,1.0,6.0
3325,201501TD00047,1,90,0,9,0,6,0,0,0,0,4,1,1,1,53,8,12777,2,7,-1,3,-1,1,1,542310.0,176880.0,0.047635,51.472993,1,1,1,1,20/03/2015,6,1899-12-30 16:03:00,6,E09000011,6,0,6,30,3,4,6,0,0,0,1,1,1,0,0,1,1,E01001646,1.0,3.0,1.0,57.0,9.0,1.0,5.0,1.0,0.0,0.0,2.0,0.0,1.0,5.0
3326,201501TD00020,2,1,0,18,0,1,0,0,0,0,1,1,6,1,34,6,-1,-1,-1,-1,1,-1,1,2,535750.0,185090.0,-0.043599,51.54838,1,1,2,1,42037,2,1899-12-30 16:20:00,4,E09000012,3,102,6,30,3,4,6,0,0,0,1,1,1,0,0,1,1,E01001733,1.0,1.0,1.0,34.0,6.0,1.0,0.0,0.0,0.0,0.0,0.0,1.0,1.0,2.0
3327,201506F096163,2,9,0,18,0,8,0,0,0,0,1,1,6,1,52,8,1968,2,2,-1,3,-1,3,2,372640.0,393790.0,-2.413343,53.440167,6,1,2,3,13/01/2015,3,1899-12-30 12:15:00,107,E08000006,3,57,6,50,3,4,4,5311,0,0,1,1,2,0,0,2,1,E01005620,2.0,1.0,1.0,52.0,8.0,2.0,0.0,0.0,0.0,0.0,0.0,9.0,3.0,7.0
3328,2015405DA1089,1,9,0,18,0,0,2,0,5,9,1,1,6,1,32,6,2499,1,10,-1,1,-1,3,3,500889.0,243482.0,-0.529172,52.080513,40,1,3,3,25/12/2015,6,1899-12-30 23:10:00,420,E06000055,3,421,3,70,0,-1,-1,0,0,0,6,1,2,0,0,2,1,E01017551,1.0,1.0,1.0,32.0,6.0,1.0,0.0,0.0,0.0,0.0,0.0,9.0,1.0,4.0
3329,201501TD00074,1,9,0,18,0,0,0,4,1,0,2,1,6,1,19,4,1596,1,10,-1,1,-1,5,4,519040.0,188610.0,-0.283276,51.583785,1,1,4,5,31/05/2015,1,1899-12-30 03:05:00,28,E09000005,5,0,6,30,0,-1,-1,0,0,0,5,2,2,0,0,1,1,E01033463,2.0,1.0,1.0,19.0,4.0,2.0,0.0,0.0,0.0,0.0,0.0,9.0,1.0,4.0
3330,201531B063615,1,9,0,18,7,0,0,4,0,0,1,1,2,1,49,8,1968,2,1,-1,1,-1,1,2,464729.0,379379.0,-1.030047,53.307408,31,1,2,1,42312,7,1899-12-30 06:24:00,341,E10000024,3,1,3,70,0,-1,-1,0,0,0,1,1,1,0,0,2,1,E01028064,1.0,1.0,1.0,49.0,8.0,1.0,0.0,0.0,0.0,0.0,0.0,9.0,1.0,7.0
3331,2015621501375,2,9,0,18,0,0,0,0,1,0,1,1,6,1,73,10,-1,-1,-1,-1,1,-1,5,2,250046.0,190334.0,-4.166127,51.591843,62,1,2,5,31/07/2015,6,1899-12-30 22:55:00,745,W06000011,6,0,6,60,0,-1,-1,0,0,0,6,1,1,0,0,2,1,W01000776,2.0,1.0,1.0,73.0,10.0,1.0,0.0,0.0,0.0,0.0,0.0,9.0,1.0,9.0
3332,201514A055815,1,9,0,2,0,0,0,0,0,0,2,1,6,1,20,4,-1,-1,-1,-1,1,-1,3,2,458189.0,399364.0,-1.124505,53.487781,14,1,2,3,20/04/2015,2,1899-12-30 22:22:00,211,E08000017,1,18,3,70,0,-1,-1,0,0,0,6,1,1,0,0,2,1,E01007611,2.0,2.0,1.0,19.0,4.0,1.0,0.0,0.0,1.0,0.0,0.0,9.0,1.0,1.0
3333,201511SB00905,1,9,0,17,0,0,1,0,7,3,1,2,6,1,35,6,1124,1,7,-1,2,-1,1,1,419301.0,535463.0,-1.701931,54.713809,11,1,1,1,18/01/2015,1,1899-12-30 00:39:00,169,E06000047,3,690,6,30,0,-1,-1,0,0,0,4,1,2,0,0,2,1,E01020904,1.0,1.0,1.0,35.0,6.0,1.0,0.0,0.0,0.0,0.0,0.0,9.0,2.0,5.0
3334,2015521501170,2,9,0,2,0,0,0,0,0,0,3,-1,6,1,57,9,-1,-1,-1,-1,-1,-1,9,7,372568.0,166920.0,-2.395722,51.400642,52,1,7,9,42249,2,1899-12-30 16:06:00,611,E06000022,6,0,6,30,0,-1,-1,0,0,4,1,1,2,0,0,1,1,E01014477,6.0,1.0,1.0,57.0,9.0,3.0,0.0,0.0,0.0,0.0,0.0,9.0,3.0,9.0
3335,201550BW3S011,2,9,0,17,0,0,5,0,0,0,1,1,6,2,52,8,1390,1,1,-1,1,-1,5,2,204295.0,69736.0,-4.760644,50.494656,50,1,2,5,26/12/2015,7,1899-12-30 19:18:00,596,E06000052,4,3266,6,30,0,-1,-1,0,0,0,6,4,1,0,0,2,1,E01018924,3.0,2.0,2.0,3.0,1.0,3.0,0.0,0.0,2.0,0.0,0.0,9.0,1.0,5.0
3336,201537EA88090,1,21,1,18,0,0,0,0,0,0,4,1,1,1,36,7,12419,2,3,-1,3,-1,1,1,587959.0,241373.0,0.739046,52.038891,37,1,1,1,25/02/2015,4,1899-12-30 13:12:00,410,E10000029,3,134,6,30,0,-1,-1,0,0,0,1,1,2,0,0,1,1,E01029913,1.0,3.0,1.0,69.0,10.0,1.0,10.0,9.0,0.0,0.0,0.0,0.0,1.0,3.0
3337,201511SC05615,1,9,0,6,0,6,5,0,1,11,4,1,6,1,78,11,1390,1,4,-1,1,-1,3,2,401540.0,513661.0,-1.977722,54.518244,11,1,2,3,42008,4,1899-12-30 15:52:00,169,E06000047,3,66,3,70,9,4,3,66,0,0,1,1,1,0,0,2,1,E01020863,1.0,1.0,1.0,78.0,11.0,1.0,0.0,0.0,0.0,0.0,0.0,9.0,1.0,-1.0
3338,201597GA70603,3,20,0,2,0,0,0,0,0,0,2,1,1,1,62,9,-1,-1,-1,-1,1,-1,2,3,257861.0,664183.0,-4.271974,55.849838,97,1,3,2,23/03/2015,2,1899-12-30 18:15:00,926,S12000043,6,0,3,30,0,-1,-1,0,0,4,1,1,1,0,0,1,1,,,,,,,,,,,,,,,
3339,2015471503310,1,19,0,17,0,0,1,0,1,4,1,1,6,1,31,6,2463,2,10,-1,1,-1,5,1,513798.0,105023.0,-0.385391,50.833563,47,1,1,5,13/06/2015,7,1899-12-30 00:52:00,564,E10000032,5,277,6,30,0,-1,-1,0,0,0,4,2,2,0,0,1,1,E01031822,5.0,2.0,1.0,27.0,6.0,3.0,0.0,0.0,0.0,0.0,0.0,19.0,1.0,2.0
3340,2015555999496,1,21,0,9,0,6,0,0,0,0,3,1,1,1,23,5,5132,2,1,-1,1,-1,1,2,333812.0,95717.0,-2.939716,50.757257,55,1,2,1,26/02/2015,5,1899-12-30 17:27:00,645,E10000009,3,35,3,70,3,4,6,0,0,0,1,1,1,0,0,2,1,E01019961,,,,,,,,,,,,,,
3341,201501TD00025,1,5,0,18,0,0,1,10,6,0,3,1,6,1,36,7,899,1,16,-1,1,-1,1,2,504780.0,175780.0,-0.492823,51.471294,1,1,2,1,26/01/2015,2,1899-12-30 19:00:00,26,E09000017,3,3044,3,50,0,-1,-1,0,0,0,1,1,2,0,0,2,1,E01002444,1.0,1.0,1.0,36.0,7.0,1.0,0.0,0.0,0.0,0.0,0.0,5.0,1.0,5.0
3342,201597AB70405,1,11,0,7,0,8,0,0,0,0,4,1,1,1,59,9,8900,2,6,-1,1,-1,2,1,259093.0,665043.0,-4.252759,55.857921,97,1,1,2,29/05/2015,6,1899-12-30 14:33:00,926,S12000043,6,0,2,30,9,2,6,0,0,4,1,1,1,0,0,1,1,,2.0,3.0,1.0,76.0,11.0,2.0,1.0,1.0,0.0,0.0,0.0,0.0,1.0,2.0
3343,2015360094038,2,9,0,16,0,0,0,0,0,0,0,1,1,1,48,8,2231,2,8,-1,3,-1,1,2,561042.0,316043.0,0.382832,52.718075,36,1,2,1,42104,1,1899-12-30 17:40:00,407,E10000020,5,8,6,60,0,-1,-1,0,0,0,1,1,1,0,0,2,1,E01026726,,,,,,,,,,,,,,
3344,2015320075723,1,9,0,9,0,8,0,0,0,0,4,1,2,2,25,5,1781,1,12,-1,-1,-1,2,2,495581.0,369250.0,-0.57021,53.211728,32,1,2,2,42316,3,1899-12-30 15:47:00,352,E10000019,4,1003,6,30,6,2,4,1378,0,5,1,1,1,0,0,1,1,E01026172,2.0,1.0,2.0,25.0,5.0,3.0,0.0,0.0,0.0,0.0,0.0,9.0,-1.0,-1.0
3345,201537EA90814,1,5,0,13,0,0,0,0,0,0,1,1,6,1,42,7,750,1,27,-1,1,-1,2,2,587755.0,265754.0,0.749537,52.257905,37,1,2,2,42191,1,1899-12-30 11:45:00,414,E10000029,3,143,6,60,0,-1,-1,0,0,0,1,1,1,0,0,2,1,E01030104,1.0,1.0,1.0,42.0,7.0,1.0,0.0,0.0,0.0,0.0,0.0,5.0,1.0,10.0
3346,201504SB15001,3,9,0,18,0,0,1,0,1,0,1,1,6,2,51,8,1587,1,21,-1,3,-1,4,3,339310.0,410840.0,-2.918349,53.590609,4,1,3,4,42156,3,1899-12-30 17:58:00,84,E10000017,3,570,6,50,0,-1,-1,0,0,0,4,1,2,0,0,2,1,E01025515,2.0,1.0,2.0,51.0,8.0,2.0,0.0,0.0,0.0,0.0,0.0,9.0,3.0,6.0
3347,201534TS80195,1,9,0,18,0,0,5,0,8,4,1,1,6,1,30,6,1396,1,22,-1,3,-1,2,1,467572.0,245227.0,-1.014915,52.101262,34,1,1,2,42044,4,1899-12-30 19:28:00,385,E10000021,3,413,6,60,0,-1,-1,0,0,0,6,1,1,0,0,2,1,E01027295,1.0,1.0,1.0,30.0,6.0,1.0,0.0,0.0,0.0,0.0,0.0,9.0,3.0,8.0
3348,2015460256887,1,9,0,18,9,0,0,0,1,10,0,1,6,1,24,5,1598,1,14,-1,1,-1,3,1,617350.0,164990.0,1.11938,51.34242,46,1,1,3,22/05/2015,6,1899-12-30 01:55:00,531,E10000016,3,291,6,40,0,-1,-1,0,0,0,6,1,1,0,0,2,1,E01024077,2.0,2.0,1.0,19.0,4.0,1.0,0.0,0.0,1.0,0.0,0.0,9.0,1.0,7.0
3349,201542I207306,2,5,0,18,0,8,0,0,0,0,1,1,6,1,27,6,675,1,3,-1,1,-1,1,2,561578.0,177699.0,0.325206,51.475181,42,1,2,1,26/06/2015,6,1899-12-30 19:00:00,462,E06000034,4,189,6,30,3,4,6,0,0,1,1,1,1,0,0,1,1,E01015954,1.0,1.0,1.0,27.0,6.0,1.0,0.0,0.0,0.0,0.0,0.0,5.0,1.0,2.0
3350,2015440027033,2,9,0,18,0,0,0,0,0,0,1,1,6,1,40,7,1995,2,14,-1,2,-1,4,2,446409.0,144654.0,-1.337166,51.199224,44,1,2,4,24/01/2015,7,1899-12-30 17:30:00,490,E10000014,3,34,3,70,0,-1,-1,0,0,0,6,1,1,0,0,2,1,E01022564,4.0,2.0,1.0,38.0,7.0,2.0,0.0,0.0,2.0,0.0,0.0,9.0,2.0,7.0
3351,201501TD00076,1,9,0,18,0,0,0,0,0,0,4,1,6,1,22,5,1364,1,9,-1,1,-1,4,1,540700.0,171490.0,0.022328,51.424961,1,1,1,4,42191,1,1899-12-30 18:20:00,19,E09000006,3,2212,6,30,0,-1,-1,0,0,8,1,1,1,0,0,1,1,E01000818,1.0,1.0,1.0,22.0,5.0,2.0,0.0,0.0,0.0,0.0,0.0,9.0,1.0,9.0
3352,2015220035189,1,9,0,18,0,0,0,0,0,0,1,1,6,1,81,11,1461,2,5,-1,1,-1,2,2,355139.0,238092.0,-2.655439,52.039403,22,1,2,2,30/11/2015,2,1899-12-30 15:30:00,285,E06000019,4,4224,6,60,0,-1,-1,0,0,0,1,1,2,0,0,2,1,E01013990,1.0,1.0,1.0,81.0,11.0,1.0,0.0,0.0,0.0,0.0,0.0,9.0,1.0,8.0
3353,201543N024105,2,9,0,18,0,0,0,0,0,0,1,1,6,2,50,8,-1,-1,-1,-1,2,-1,3,2,481190.0,216953.0,-0.822822,51.845284,43,1,2,3,42104,1,1899-12-30 15:34:00,476,E10000002,3,413,6,60,0,-1,-1,0,0,0,1,1,1,0,0,2,1,E01032959,1.0,2.0,1.0,13.0,3.0,1.0,0.0,0.0,1.0,0.0,0.0,9.0,2.0,8.0
3354,2015460255468,3,9,0,9,0,8,0,0,0,0,4,1,6,1,48,8,2179,2,4,-1,1,-1,5,3,617460.0,167080.0,1.122233,51.361143,46,1,3,5,19/04/2015,1,1899-12-30 00:33:00,531,E10000016,3,2990,6,40,3,4,6,0,0,0,4,1,1,0,0,2,1,E01024064,5.0,2.0,1.0,50.0,8.0,2.0,0.0,0.0,1.0,0.0,0.0,9.0,1.0,7.0
3355,201522C500649,2,9,0,4,0,0,0,0,0,0,2,1,2,1,37,7,3301,1,9,-1,1,-1,8,3,391240.0,263410.0,-2.12979,52.268776,22,1,3,8,17/02/2015,3,1899-12-30 16:49:00,277,E10000034,1,5,3,70,0,-1,-1,0,0,0,1,1,1,0,0,2,1,E01032395,5.0,2.0,1.0,16.0,4.0,3.0,0.0,0.0,1.0,0.0,0.0,9.0,1.0,1.0
3356,201534TW80295,1,5,0,16,0,0,0,0,0,0,0,1,6,1,57,9,955,1,13,-1,1,-1,1,1,488816.0,261992.0,-0.700461,52.248949,34,1,1,1,29/12/2015,3,1899-12-30 13:59:00,386,E10000021,5,25,6,60,0,-1,-1,0,0,0,1,1,1,0,0,2,1,E01027354,1.0,1.0,1.0,57.0,9.0,1.0,0.0,0.0,0.0,0.0,0.0,5.0,1.0,5.0
3357,2015450023708,2,9,0,9,0,0,0,0,7,0,4,1,6,2,34,6,1461,2,1,-1,1,-1,2,4,523263.0,159818.0,-0.232379,51.324117,45,1,4,2,27/04/2015,2,1899-12-30 16:47:00,513,E10000030,3,240,6,30,0,-1,-1,0,0,0,1,1,1,0,0,1,1,E01030605,2.0,1.0,2.0,34.0,6.0,3.0,0.0,0.0,0.0,0.0,0.0,9.0,1.0,9.0
3358,2015075386102,3,9,0,18,0,1,0,0,0,0,0,1,1,1,36,7,2993,2,1,-1,1,-1,1,3,358000.0,391392.0,-2.6334,53.417648,7,1,3,1,27/12/2015,1,1899-12-30 04:02:00,128,E06000007,1,62,3,70,5,4,6,0,0,0,4,2,2,0,0,1,1,E01012469,,,,,,,,,,,,,,
3359,201522F500301,2,9,0,18,0,0,0,0,0,0,1,1,1,1,38,7,-1,-1,-1,-1,1,-1,2,2,360270.0,268900.0,-2.584259,52.316758,22,1,2,2,22/01/2015,5,1899-12-30 17:20:00,286,E06000051,3,456,6,60,0,-1,-1,0,0,0,6,1,1,0,0,2,1,E01028995,2.0,1.0,1.0,38.0,7.0,3.0,0.0,0.0,0.0,0.0,0.0,9.0,1.0,5.0
3360,2015460262731,2,3,0,18,0,1,0,0,0,0,4,1,6,1,64,9,124,1,9,-1,-1,-1,1,2,592720.0,173860.0,0.771018,51.430961,46,1,2,1,15/10/2015,5,1899-12-30 10:05:00,540,E10000016,3,250,6,40,9,4,6,0,0,0,1,8,2,0,0,2,1,E01024616,1.0,1.0,1.0,64.0,9.0,1.0,0.0,0.0,0.0,0.0,0.0,3.0,-1.0,-1.0
3361,2015460260317,1,9,0,18,0,0,0,0,2,7,1,1,6,1,19,4,1229,1,2,-1,1,-1,2,3,576710.0,157880.0,0.533022,51.292631,46,1,3,2,18/08/2015,3,1899-12-30 01:58:00,536,E10000016,1,20,3,70,0,-1,-1,0,0,0,4,1,1,0,0,2,1,E01024385,1.0,3.0,1.0,19.0,4.0,2.0,5.0,1.0,0.0,0.0,0.0,0.0,1.0,3.0
3362,2015320083821,1,9,0,18,0,0,0,0,1,11,1,1,6,1,62,9,998,1,16,-1,-1,-1,1,2,503087.0,306965.0,-0.477623,52.65063,32,1,2,1,22/08/2015,7,1899-12-30 02:52:00,355,E10000019,3,16,6,30,0,-1,-1,0,0,0,4,9,-1,0,0,1,1,E01026351,1.0,1.0,1.0,62.0,9.0,1.0,0.0,0.0,0.0,0.0,0.0,9.0,-1.0,-1.0
3363,2015230037674,1,9,0,18,0,0,0,0,0,0,3,1,6,1,30,6,1769,2,23,-1,3,-1,3,3,420719.0,251471.0,-1.698532,52.161127,23,1,3,3,42016,3,1899-12-30 13:55:00,293,E10000031,3,3400,6,50,0,-1,-1,0,0,0,1,1,1,0,0,2,1,E01031212,1.0,1.0,1.0,30.0,6.0,1.0,0.0,0.0,0.0,0.0,0.0,9.0,3.0,7.0
3364,201522C503976,1,3,0,11,0,0,0,10,1,1,1,1,6,1,20,4,124,1,11,-1,1,-1,2,2,405540.0,264910.0,-1.920213,52.282306,22,1,2,2,26/10/2015,2,1899-12-30 01:28:00,274,E10000034,6,0,6,40,0,-1,-1,0,0,0,4,1,1,0,0,2,1,E01032257,1.0,1.0,1.0,20.0,4.0,1.0,0.0,0.0,0.0,0.0,0.0,3.0,1.0,2.0
3365,2015950004047,1,19,0,18,0,0,0,0,0,0,1,1,1,1,32,6,2143,2,2,-1,1,-1,1,1,323422.0,662980.0,-3.224805,55.853911,95,1,1,1,42225,3,1899-12-30 17:45:00,929,S12000019,3,702,6,60,0,-1,-1,0,0,0,1,1,1,0,0,2,1,,1.0,3.0,1.0,66.0,10.0,1.0,5.0,1.0,0.0,0.0,0.0,0.0,3.0,-1.0
3366,20151322E1383,4,9,0,18,0,0,0,0,0,0,1,1,6,1,46,8,1498,1,6,-1,3,-1,7,4,405153.0,422840.0,-1.923424,53.701969,13,1,4,7,14/02/2015,7,1899-12-30 20:30:00,202,E08000033,3,58,6,40,0,-1,-1,0,0,0,4,1,2,0,0,1,1,E01010959,4.0,2.0,2.0,52.0,8.0,3.0,0.0,0.0,1.0,0.0,0.0,9.0,3.0,10.0
3367,201550CI2C001,1,9,0,17,0,0,0,0,7,0,4,1,6,1,30,6,1995,1,13,-1,1,-1,3,2,249534.0,139540.0,-4.152003,51.135309,50,1,2,3,21/08/2015,6,1899-12-30 17:45:00,582,E10000008,3,361,6,60,0,-1,-1,0,0,0,1,2,2,0,0,2,1,E01020090,3.0,2.0,2.0,26.0,6.0,1.0,0.0,0.0,1.0,0.0,0.0,9.0,1.0,3.0
3368,201542I030202,1,9,0,18,0,0,0,0,0,0,1,1,6,1,30,6,1781,1,15,-1,1,-1,1,1,601688.0,225017.0,0.929345,51.887211,42,1,1,1,42218,1,1899-12-30 03:45:00,455,E10000012,3,133,6,40,0,-1,-1,0,0,0,5,1,2,0,0,1,1,E01033722,1.0,3.0,1.0,25.0,5.0,1.0,5.0,9.0,0.0,0.0,0.0,0.0,1.0,10.0
3369,2015210026454,1,9,0,18,0,8,0,0,0,0,1,1,6,1,65,9,2597,1,12,-1,2,-1,1,2,396200.0,305350.0,-2.057598,52.645873,21,1,2,1,42042,5,1899-12-30 08:05:00,254,E10000028,1,6,3,70,5,4,1,6,0,0,1,1,1,4,0,2,2,E01029635,1.0,1.0,1.0,65.0,9.0,1.0,0.0,0.0,0.0,0.0,0.0,9.0,2.0,5.0
3370,2015961501320,1,5,0,18,0,1,1,10,3,1,1,1,2,1,22,5,649,1,2,-1,1,-1,1,1,281432.0,692967.0,-3.90842,56.114685,96,1,1,1,17/08/2015,2,1899-12-30 22:30:00,939,S12000030,6,0,6,30,1,4,6,0,0,0,4,1,1,0,0,1,1,,1.0,1.0,1.0,22.0,5.0,1.0,0.0,0.0,0.0,0.0,0.0,5.0,1.0,-1.0
3371,201563AC11415,1,9,0,18,0,1,0,0,0,0,1,1,6,1,84,11,-1,-1,-1,-1,1,-1,2,1,250750.0,200460.0,-4.160292,51.683011,63,1,1,2,42252,7,1899-12-30 23:17:00,751,W06000010,6,0,6,30,9,4,6,0,0,0,4,1,1,0,0,1,1,W01000653,2.0,1.0,1.0,84.0,11.0,3.0,0.0,0.0,0.0,0.0,0.0,9.0,1.0,-1.0
3372,201514B000315,1,9,0,18,0,6,0,0,0,0,1,1,6,1,75,10,3239,1,23,-1,1,-1,3,4,432753.0,406015.0,-1.507135,53.549752,14,1,4,3,42125,2,1899-12-30 16:04:00,210,E08000016,3,6133,6,40,3,4,6,0,0,0,1,1,1,0,0,1,1,E01007444,1.0,1.0,1.0,75.0,10.0,1.0,0.0,0.0,0.0,0.0,0.0,9.0,1.0,4.0
3373,2015051501539,2,21,0,5,0,1,0,0,0,0,1,1,1,1,43,7,3920,2,6,-1,1,-1,1,3,336087.0,379145.0,-2.960583,53.305376,5,1,3,1,16/06/2015,3,1899-12-30 19:10:00,95,E08000015,3,41,6,40,1,4,1,53,0,0,1,1,1,0,0,2,1,E01007169,,,,,,,,,,,,,,
3374,2015210027853,1,1,0,18,0,0,0,0,0,0,0,1,6,1,46,8,-1,-1,-1,-1,1,-1,1,1,389299.0,348802.0,-2.161034,53.036386,21,1,1,1,14/08/2015,6,1899-12-30 14:35:00,257,E06000021,6,0,6,30,0,-1,-1,0,0,0,1,2,2,0,0,1,2,E01014326,1.0,1.0,1.0,46.0,8.0,1.0,0.0,0.0,0.0,0.0,0.0,1.0,1.0,8.0
3375,2015215000944,1,10,0,16,0,0,0,0,1,10,3,2,2,1,27,6,-1,-1,-1,-1,3,-1,9,2,423318.0,326519.0,-1.655307,52.835688,21,1,2,9,15/02/2015,1,1899-12-30 06:56:00,251,E10000028,3,511,6,40,0,-1,-1,0,0,0,4,2,2,0,0,1,1,E01029466,4.0,2.0,1.0,28.0,6.0,3.0,0.0,0.0,0.0,0.0,0.0,10.0,3.0,9.0
3376,201591NM09195,1,21,1,5,0,1,0,0,0,0,4,1,1,1,48,8,12777,2,4,-1,1,-1,2,1,288173.0,856476.0,-3.871998,57.584431,91,1,1,2,29/10/2015,5,1899-12-30 15:30:00,927,S12000017,3,96,6,30,3,2,6,0,0,5,1,1,1,0,0,2,1,,2.0,3.0,2.0,82.0,11.0,2.0,1.0,1.0,0.0,0.0,0.0,0.0,3.0,-1.0
3377,2015350049315,2,1,0,18,0,0,0,0,0,0,4,1,6,2,29,6,-1,-1,-1,-1,1,-1,1,2,518760.0,298990.0,-0.24892,52.575769,35,1,2,1,23/04/2015,5,1899-12-30 00:49:00,394,E06000031,3,15,3,40,0,-1,-1,0,2,4,4,1,1,4,0,1,1,E01015599,1.0,1.0,2.0,29.0,6.0,1.0,0.0,0.0,0.0,0.0,0.0,1.0,1.0,1.0
3378,2015440175195,1,9,0,17,0,0,0,0,0,0,3,1,6,1,88,11,1587,1,6,-1,1,-1,7,4,446044.0,84605.0,-1.349956,50.659307,44,1,4,7,24/05/2015,1,1899-12-30 13:09:00,505,E06000046,4,3323,6,60,0,-1,-1,0,0,0,1,1,1,0,0,2,1,E01017294,1.0,1.0,1.0,88.0,11.0,3.0,0.0,0.0,0.0,0.0,0.0,9.0,1.0,4.0
3379,2015984125315,1,9,0,16,0,1,1,0,7,7,1,1,6,2,48,8,1598,2,1,-1,1,-1,5,1,330469.0,568884.0,-3.08874,55.009635,98,1,1,5,42043,1,1899-12-30 19:05:00,917,S12000006,2,74,3,70,5,4,6,0,0,0,1,1,1,0,0,2,1,,3.0,2.0,2.0,70.0,10.0,2.0,0.0,0.0,2.0,0.0,0.0,9.0,-1.0,-1.0
3380,2015120068800,1,9,0,17,0,0,2,0,7,4,1,1,6,1,19,4,2495,2,11,-1,3,-1,4,1,444638.0,506644.0,-1.313043,54.453234,12,1,1,4,26/04/2015,1,1899-12-30 20:30:00,181,E10000023,5,22,6,60,0,-1,-1,0,0,0,1,1,1,0,0,2,1,E01027617,3.0,2.0,1.0,18.0,4.0,2.0,0.0,0.0,1.0,0.0,0.0,9.0,2.0,9.0
3381,2015460260317,3,9,0,18,0,0,0,0,0,0,1,1,6,3,-1,-1,-1,-1,-1,-1,-1,-1,2,3,576710.0,157880.0,0.533022,51.292631,46,1,3,2,18/08/2015,3,1899-12-30 01:58:00,536,E10000016,1,20,3,70,0,-1,-1,0,0,0,4,1,1,0,0,2,1,E01024385,,,,,,,,,,,,,,
3382,2015921501176,2,9,0,18,0,0,0,0,1,11,1,1,6,2,39,7,2199,2,5,-1,1,-1,5,2,376291.0,824698.0,-2.395221,57.312232,92,1,2,5,17/10/2015,7,1899-12-30 18:48:00,911,S12000034,4,9001,6,60,0,-1,-1,0,0,0,6,1,1,0,0,2,1,,2.0,1.0,2.0,39.0,7.0,2.0,0.0,0.0,0.0,0.0,0.0,9.0,1.0,-1.0
3383,201511SA26425,1,19,0,18,0,0,0,0,0,0,1,1,1,1,52,8,2143,2,-1,-1,1,-1,2,1,421711.0,528074.0,-1.66507,54.64731,11,1,1,2,21/12/2015,2,1899-12-30 07:28:00,169,E06000047,6,0,6,30,0,-1,-1,0,0,0,4,1,2,0,0,1,1,E01020881,2.0,3.0,2.0,58.0,9.0,1.0,9.0,9.0,0.0,0.0,0.0,0.0,1.0,4.0