,accident_index,vehicle_reference,vehicle_type,towing_and_articulation,vehicle_manoeuvre,vehicle_location-restricted_lane,junction_location,skidding_and_overturning,hit_object_in_carriageway,vehicle_leaving_carriageway,hit_object_off_carriageway,1st_point_of_impact,was_vehicle_left_hand_drive?,journey_purpose_of_driver,sex_of_driver,age_of_driver,age_band_of_driver,engine_capacity_(cc),propulsion_code,age_of_vehicle,driver_imd_decile,driver_home_area_type,vehicle_imd_decile,NUmber_of_Casualities_unique_to_accident_index,No_of_Vehicles_involved_unique_to_accident_index,location_easting_osgr,location_northing_osgr,longitude,latitude,police_force,accident_severity,number_of_vehicles,number_of_casualties,date,day_of_week,time,local_authority_(district),local_authority_(highway),1st_road_class,1st_road_number,road_type,speed_limit,junction_detail,junction_control,2nd_road_class,2nd_road_number,pedestrian_crossing-human_control,pedestrian_crossing-physical_facilities,light_conditions,weather_conditions,road_surface_conditions,special_conditions_at_site,carriageway_hazards,urban_or_rural_area,did_police_officer_attend_scene_of_accident,lsoa_of_accident_location,casualty_reference,casualty_class,sex_of_casualty,age_of_casualty,age_band_of_casualty,casualty_severity,pedestrian_location,pedestrian_movement,car_passenger,bus_or_coach_passenger,pedestrian_road_maintenance_worker,casualty_type,casualty_home_area_type,casualty_imd_decile
3448,201543N144015,1,9,0,16,0,0,1,0,1,0,1,1,6,2,28,6,1341,1,11,-1,2,-1,2,2,480511.0,222664.0,-0.831347,51.896718,43,1,2,2,28/01/2015,4,1899-12-30 13:15:00,476,E10000002,3,413,6,60,0,-1,-1,0,0,0,1,1,2,0,0,2,1,E01017715,1.0,1.0,2.0,28.0,6.0,1.0,0.0,0.0,0.0,0.0,0.0,9.0,2.0,9.0
3449,2015030001496,3,9,0,17,0,0,1,0,1,9,1,1,1,1,55,8,1870,2,3,-1,3,-1,2,3,374490.0,516630.0,-2.395835,54.544279,3,1,3,2,16/06/2015,3,1899-12-30 16:50:00,64,E10000006,3,66,6,60,0,-1,-1,0,0,0,1,1,1,0,0,2,1,E01019340,2.0,1.0,1.0,55.0,8.0,3.0,0.0,0.0,0.0,0.0,0.0,9.0,3.0,6.0
3450,201501TD00113,1,21,0,5,0,2,0,0,0,0,1,1,6,1,35,6,5900,2,7,-1,1,-1,1,1,527150.0,182240.0,-0.168587,51.524769,1,1,1,1,42044,4,1899-12-30 11:32:00,1,E09000033,4,507,6,30,6,2,6,0,0,5,1,1,1,4,0,1,1,E01033602,1.0,3.0,1.0,76.0,11.0,1.0,1.0,1.0,0.0,0.0,2.0,0.0,1.0,1.0
3451,2015950002642,1,9,0,16,0,0,0,0,1,0,1,1,6,2,18,4,1108,1,9,-1,3,-1,2,2,389042.0,656377.0,-2.176365,55.800553,95,1,2,2,42010,2,1899-12-30 13:45:00,914,S12000026,3,6105,6,60,0,-1,4,6347,0,0,6,1,1,0,0,2,1,,1.0,2.0,1.0,19.0,4.0,3.0,0.0,0.0,1.0,0.0,0.0,9.0,1.0,-1.0
3452,2015551500503,1,9,0,16,0,0,0,0,0,0,1,1,2,1,24,5,1796,1,13,-1,1,-1,5,2,400405.0,99207.0,-1.995621,50.792429,55,1,2,5,42283,4,1899-12-30 16:13:00,643,E06000029,3,31,6,60,0,-1,-1,0,0,0,5,1,1,0,0,2,1,E01015433,5.0,1.0,1.0,24.0,5.0,2.0,0.0,0.0,0.0,0.0,0.0,9.0,-1.0,-1.0
3453,2015961500685,3,9,0,16,0,0,0,0,0,0,0,1,1,1,60,9,2496,1,12,-1,2,-1,2,3,242351.0,726603.0,-4.556378,56.405279,96,1,3,2,22/04/2015,4,1899-12-30 16:20:00,939,S12000030,3,85,6,60,0,-1,-1,0,0,0,1,1,1,0,0,2,1,,,,,,,,,,,,,,,
3454,2015132541576,2,5,0,18,0,8,0,0,0,0,1,1,6,1,38,7,748,1,26,-1,1,-1,2,2,434451.0,433699.0,-1.478446,53.798462,13,1,2,2,42099,2,1899-12-30 20:35:00,204,E08000035,4,6159,3,40,6,4,6,0,0,4,4,1,1,0,0,1,1,E01011616,1.0,1.0,1.0,38.0,7.0,1.0,0.0,0.0,0.0,0.0,0.0,5.0,1.0,1.0
3455,2015030000943,2,9,0,18,0,0,0,0,1,10,0,1,6,1,70,10,-1,-1,-1,-1,1,-1,2,2,344480.0,490320.0,-2.854739,54.30545,3,1,2,2,18/04/2015,7,1899-12-30 13:50:00,65,E10000006,3,5074,6,60,0,-1,-1,0,0,0,1,1,1,0,0,2,1,E01019381,2.0,1.0,1.0,70.0,10.0,3.0,0.0,0.0,0.0,0.0,0.0,9.0,1.0,8.0
3456,201501TD00079,1,9,0,3,0,0,0,0,0,0,3,1,6,1,41,7,1596,1,6,-1,1,-1,1,2,519820.0,192610.0,-0.270659,51.619568,1,1,2,1,21/05/2015,5,1899-12-30 18:25:00,30,E09000003,6,0,6,30,0,-1,-1,0,0,0,1,9,1,0,0,1,1,E01000186,,,,,,,,,,,,,,
3457,2015320004239,1,9,0,5,0,6,1,0,0,0,1,1,6,1,89,11,998,1,17,-1,1,-1,1,2,509201.0,336416.0,-0.377471,52.914079,32,1,2,1,20/01/2015,3,1899-12-30 13:07:00,353,E10000019,3,52,6,60,6,4,5,316,0,0,1,1,2,0,0,2,1,E01026221,1.0,1.0,1.0,89.0,11.0,1.0,0.0,0.0,0.0,0.0,0.0,9.0,1.0,5.0
3458,2015051500336,1,9,0,18,0,0,1,0,2,7,1,1,6,1,20,4,1598,1,7,-1,1,-1,3,2,332002.0,388856.0,-3.023965,53.392141,5,1,2,3,31/01/2015,7,1899-12-30 01:52:00,95,E08000015,3,553,3,30,0,-1,-1,0,0,5,4,2,2,0,0,1,1,E01007126,1.0,3.0,1.0,30.0,6.0,1.0,4.0,3.0,0.0,0.0,0.0,0.0,1.0,1.0
3459,201563AC23515,2,5,0,18,0,1,0,0,0,0,0,1,6,3,-1,-1,-1,-1,-1,-1,-1,-1,1,3,272300.0,232030.0,-3.86042,51.972025,63,1,3,1,16/08/2015,1,1899-12-30 11:03:00,751,W06000010,3,40,6,60,3,4,6,0,0,0,1,1,1,0,0,2,1,W01000647,,,,,,,,,,,,,,
3460,2015075338246,1,9,0,18,0,2,1,0,2,4,1,1,2,1,27,6,1995,1,12,-1,1,-1,2,1,382049.0,355538.0,-2.269529,53.09674,7,1,1,2,42349,5,1899-12-30 00:09:00,129,E06000049,3,50,6,40,3,4,6,0,0,0,6,1,2,0,0,2,1,E01018417,2.0,2.0,1.0,20.0,4.0,2.0,0.0,0.0,1.0,0.0,0.0,9.0,1.0,2.0
3461,201514K186915,2,9,0,15,0,0,0,0,0,0,0,1,6,3,-1,-1,-1,-1,-1,-1,-1,-1,3,3,444098.0,384284.0,-1.338956,53.353609,14,1,3,3,42193,6,1899-12-30 11:20:00,215,E08000019,3,57,6,60,0,-1,-1,0,0,0,1,1,1,0,0,2,1,E01008028,,,,,,,,,,,,,,
3462,2015320143538,1,4,0,17,0,0,1,0,1,1,4,1,6,1,21,5,599,1,22,-1,3,-1,1,1,525394.0,323596.0,-0.141715,52.795365,32,1,1,1,28/12/2015,2,1899-12-30 22:25:00,354,E10000019,3,151,6,30,0,-1,-1,0,0,0,4,1,1,0,0,1,1,E01032996,1.0,1.0,1.0,21.0,5.0,1.0,0.0,0.0,0.0,0.0,0.0,4.0,3.0,3.0
3463,201520T019335,1,20,0,5,0,6,0,0,0,10,4,1,1,1,37,7,3908,2,11,-1,1,-1,1,1,413860.0,286550.0,-1.797368,52.476706,20,1,1,1,16/03/2015,2,1899-12-30 17:03:00,300,E08000025,6,0,6,30,8,4,6,0,0,0,1,1,1,0,0,1,1,E01009516,1.0,3.0,1.0,1.0,1.0,1.0,6.0,9.0,0.0,0.0,0.0,0.0,1.0,3.0
3464,2015320101654,1,5,0,18,0,8,0,0,1,10,1,1,6,1,56,9,999,1,10,-1,1,-1,1,1,491773.0,390597.0,-0.621047,53.404224,32,1,1,1,42104,1,1899-12-30 11:50:00,356,E10000019,3,631,6,60,9,4,6,0,0,0,1,1,1,0,0,2,1,E01026385,1.0,1.0,1.0,56.0,9.0,1.0,0.0,0.0,0.0,0.0,0.0,5.0,1.0,7.0
3465,2015320056730,2,1,0,18,0,0,0,0,0,0,0,1,1,1,50,8,-1,-1,-1,-1,3,-1,1,2,491112.0,341971.0,-0.644832,52.967369,32,1,2,1,42070,6,1899-12-30 08:15:00,355,E10000019,5,420,6,60,0,-1,-1,0,0,0,1,1,1,0,0,2,1,E01026313,1.0,1.0,1.0,50.0,8.0,1.0,0.0,0.0,0.0,0.0,0.0,1.0,3.0,9.0
3466,2015621501453,1,9,0,18,0,0,2,0,8,4,3,1,6,1,18,4,-1,-1,-1,-1,3,-1,4,1,314301.0,183838.0,-3.237277,51.546903,62,1,1,4,42255,1,1899-12-30 02:56:00,741,W06000015,6,0,6,60,0,-1,-1,0,0,0,6,1,1,0,0,2,1,W01001893,2.0,2.0,1.0,19.0,4.0,3.0,0.0,0.0,1.0,0.0,0.0,9.0,1.0,-1.0
3467,2015405BA0108,1,21,0,18,2,0,0,0,0,0,1,-1,1,1,46,8,12580,2,9,-1,1,-1,1,1,504699.0,249925.0,-0.471617,52.137712,40,1,1,1,13/02/2015,6,1899-12-30 07:57:00,420,E06000055,6,0,2,30,0,-1,-1,0,0,1,1,1,2,4,0,1,1,E01017471,1.0,3.0,2.0,53.0,8.0,1.0,4.0,1.0,0.0,0.0,0.0,0.0,1.0,5.0
3468,2015350059815,2,9,0,4,0,1,0,0,7,0,2,1,6,1,35,6,2143,2,3,-1,3,-1,1,2,527300.0,274590.0,-0.132272,52.354601,35,1,2,1,20/05/2015,4,1899-12-30 15:48:00,393,E10000003,3,141,1,60,1,4,4,1090,0,0,1,1,1,0,0,2,1,E01018206,,,,,,,,,,,,,,
3469,2015160C01791,2,9,0,17,0,0,0,0,0,0,1,1,6,2,57,9,1998,8,-1,-1,1,-1,2,2,522378.0,428832.0,-0.145958,53.741513,16,1,2,2,13/04/2015,2,1899-12-30 11:28:00,231,E06000011,4,1362,6,60,0,-1,-1,0,0,0,1,1,1,0,0,2,1,E01013028,2.0,1.0,2.0,57.0,9.0,3.0,0.0,0.0,0.0,0.0,0.0,9.0,1.0,9.0
3470,201506J003801,1,9,0,16,0,0,2,0,7,0,1,1,6,1,35,6,1389,1,14,-1,1,-1,4,2,391910.0,392090.0,-2.12321,53.425539,6,1,2,4,26/07/2015,1,1899-12-30 16:25:00,109,E08000007,3,560,9,50,0,-1,-1,0,0,0,1,2,2,0,0,2,1,E01005744,4.0,2.0,2.0,6.0,2.0,1.0,0.0,0.0,2.0,0.0,0.0,9.0,1.0,2.0
3471,201523S030585,3,9,0,18,0,1,0,0,0,0,1,1,6,1,70,10,1560,2,5,-1,1,-1,1,3,418695.0,257447.0,-1.727793,52.214925,23,1,3,1,14/06/2015,1,1899-12-30 14:40:00,293,E10000031,3,3400,6,50,8,4,6,0,0,0,1,1,1,0,0,2,1,E01031188,,,,,,,,,,,,,,
3472,2015941500121,1,9,0,18,0,0,0,0,0,0,4,1,2,1,44,7,1364,1,7,-1,1,-1,1,1,328356.0,702740.0,-3.156644,56.211826,94,1,1,1,42279,3,1899-12-30 17:35:00,925,S12000015,3,92,6,50,0,-1,-1,0,0,0,4,1,2,0,0,1,1,,1.0,3.0,1.0,9.0,2.0,1.0,5.0,1.0,0.0,0.0,0.0,0.0,1.0,-1.0
3473,201520K004295,3,9,0,18,0,1,1,0,0,0,1,1,6,1,28,6,1997,2,9,-1,1,-1,1,3,401430.0,294700.0,-1.980342,52.550145,20,1,3,1,26/03/2015,5,1899-12-30 19:39:00,305,E08000028,3,4031,3,40,3,2,6,0,0,0,4,1,2,0,0,1,1,E01009994,,,,,,,,,,,,,,
3474,201523M400635,2,21,1,18,0,0,0,0,0,0,3,1,1,1,54,8,12740,2,-1,-1,1,-1,1,4,424561.0,263463.0,-1.641502,52.26878,23,1,4,1,26/06/2015,6,1899-12-30 00:01:00,294,E10000031,1,40,3,70,0,-1,-1,0,0,0,6,1,1,0,0,2,1,E01031267,,,,,,,,,,,,,,
3475,2015621600019,2,9,0,18,0,0,0,0,1,0,1,1,6,1,33,6,-1,-1,-1,-1,1,-1,4,4,321571.0,177961.0,-3.131148,51.495129,62,1,4,4,31/12/2015,5,1899-12-30 17:32:00,741,W06000015,6,0,6,40,0,-1,-1,0,0,0,4,1,2,0,0,2,1,W01001875,2.0,1.0,1.0,33.0,6.0,1.0,0.0,0.0,0.0,0.0,0.0,9.0,1.0,-1.0
3476,2015520505395,1,9,0,18,0,0,0,0,0,0,1,1,6,2,43,7,1461,2,2,-1,1,-1,4,2,335889.0,116567.0,-2.913932,50.94496,52,1,2,4,15/07/2015,4,1899-12-30 20:14:00,610,E10000027,3,303,6,60,0,-1,-1,0,0,0,1,1,1,0,0,2,1,E01029196,4.0,2.0,1.0,15.0,3.0,2.0,0.0,0.0,1.0,0.0,0.0,9.0,-1.0,-1.0
3477,201597AE01907,1,9,0,7,0,1,0,0,0,0,3,1,6,1,72,10,1388,1,14,-1,1,-1,1,1,252149.0,669217.0,-4.365874,55.893312,97,1,1,1,20/07/2015,2,1899-12-30 14:00:00,926,S12000043,6,0,6,30,7,2,6,0,0,5,1,1,1,0,0,1,1,,1.0,3.0,1.0,78.0,11.0,1.0,1.0,3.0,0.0,0.0,0.0,0.0,1.0,-1.0
3478,2015520508477,1,19,0,18,0,0,5,0,5,6,3,1,6,1,51,8,2461,2,10,-1,1,-1,3,2,324894.0,123561.0,-3.071855,51.006511,52,1,2,3,42318,1,1899-12-30 21:18:00,608,E10000027,1,5,3,70,0,-1,-1,0,0,0,7,1,1,0,0,2,1,E01029283,1.0,1.0,1.0,51.0,8.0,3.0,0.0,0.0,0.0,0.0,0.0,19.0,1.0,4.0
3479,2015621501887,3,9,0,18,0,0,1,0,4,6,4,1,6,2,32,6,-1,-1,-1,-1,2,-1,3,3,311387.0,180565.0,-3.278465,51.517031,62,1,3,3,42046,2,1899-12-30 17:44:00,741,W06000015,1,4,3,70,0,-1,-1,0,0,0,6,1,2,0,0,2,1,W01001948,3.0,1.0,2.0,32.0,6.0,3.0,0.0,0.0,0.0,0.0,0.0,9.0,2.0,-1.0
3480,201504SB15158,2,9,0,4,0,0,0,0,0,0,1,1,6,2,19,4,1299,1,12,-1,2,-1,5,2,345040.0,415060.0,-2.832539,53.629169,4,1,2,5,18/08/2015,3,1899-12-30 11:55:00,84,E10000017,6,0,6,60,0,-1,-1,0,0,0,1,1,1,0,0,2,1,E01025513,3.0,2.0,1.0,20.0,4.0,3.0,0.0,0.0,1.0,0.0,0.0,9.0,-1.0,-1.0
3481,2015120146715,2,9,0,9,0,6,0,0,0,0,3,1,2,2,21,5,1497,8,-1,-1,1,-1,1,2,503274.0,483367.0,-0.417012,54.2356,12,1,2,1,21/08/2015,6,1899-12-30 19:22:00,186,E10000023,6,825,6,30,3,4,6,0,0,0,1,1,1,0,0,1,1,E01027859,,,,,,,,,,,,,,
3482,201554A309515,2,9,0,18,0,0,0,0,0,0,3,1,6,2,30,6,1364,1,7,-1,1,-1,4,3,420227.0,174723.0,-1.710181,51.471114,54,1,3,4,15/11/2015,1,1899-12-30 23:43:00,635,E06000054,3,346,6,60,0,-1,-1,0,0,0,6,1,1,0,0,2,1,E01031868,2.0,1.0,2.0,30.0,6.0,3.0,0.0,0.0,0.0,0.0,0.0,9.0,1.0,4.0
3483,201550BW3S011,2,9,0,17,0,0,5,0,0,0,1,1,6,2,52,8,1390,1,1,-1,1,-1,5,2,204295.0,69736.0,-4.760644,50.494656,50,1,2,5,26/12/2015,7,1899-12-30 19:18:00,596,E06000052,4,3266,6,30,0,-1,-1,0,0,0,6,4,1,0,0,2,1,E01018924,1.0,1.0,2.0,52.0,8.0,2.0,0.0,0.0,0.0,0.0,0.0,9.0,1.0,3.0
3484,2015331502046,2,5,0,18,0,0,0,0,1,0,1,1,1,1,51,8,748,1,24,-1,1,-1,2,2,449860.0,285305.0,-1.267555,52.46342,33,1,2,2,29/12/2015,3,1899-12-30 18:13:00,363,E10000018,3,5,3,70,0,-1,-1,0,0,0,6,1,1,0,0,2,1,E01025816,2.0,1.0,1.0,51.0,8.0,1.0,0.0,0.0,0.0,0.0,0.0,5.0,1.0,10.0
3485,2015030000155,1,9,0,16,0,0,1,0,0,0,1,1,6,1,62,9,1995,2,8,-1,2,-1,3,5,313580.0,534180.0,-3.342352,54.695208,3,1,5,3,21/01/2015,4,1899-12-30 15:12:00,60,E10000006,3,595,6,60,0,-1,-1,0,0,0,1,1,2,0,0,2,1,E01019090,1.0,1.0,1.0,62.0,9.0,1.0,0.0,0.0,0.0,0.0,0.0,9.0,2.0,4.0
3486,2015300017217,2,9,0,17,0,0,0,0,0,0,1,1,6,1,45,7,2987,2,4,-1,1,-1,3,2,416820.0,341650.0,-1.750985,52.971945,30,1,2,3,19/12/2015,7,1899-12-30 14:55:00,329,E10000007,3,515,6,50,0,-1,-1,0,0,0,1,2,2,0,0,2,1,E01019629,2.0,2.0,2.0,46.0,8.0,3.0,0.0,0.0,1.0,0.0,0.0,9.0,1.0,6.0
3487,2015320021976,2,1,0,18,0,0,0,0,1,0,1,1,6,1,75,10,-1,-1,-1,-1,-1,-1,1,2,532395.0,349304.0,-0.027481,53.024655,32,1,2,1,23/04/2015,5,1899-12-30 14:25:00,351,E10000019,6,0,6,60,0,-1,-1,0,0,0,1,1,1,0,0,2,1,E01026057,1.0,1.0,1.0,75.0,10.0,1.0,0.0,0.0,0.0,0.0,0.0,1.0,-1.0,-1.0
3488,2015215000944,1,10,0,16,0,0,0,0,1,10,3,2,2,1,27,6,-1,-1,-1,-1,3,-1,9,2,423318.0,326519.0,-1.655307,52.835688,21,1,2,9,15/02/2015,1,1899-12-30 06:56:00,251,E10000028,3,511,6,40,0,-1,-1,0,0,0,4,2,2,0,0,1,1,E01029466,7.0,2.0,1.0,53.0,8.0,3.0,0.0,0.0,0.0,0.0,0.0,10.0,3.0,9.0
3489,201520L006345,2,9,0,18,0,0,0,0,2,7,2,1,6,2,30,6,1870,2,8,-1,1,-1,5,2,425670.0,282510.0,-1.623801,52.439962,20,1,2,5,25/10/2015,1,1899-12-30 11:16:00,306,E08000029,3,45,3,60,0,-1,-1,0,0,0,1,1,1,0,0,2,1,E01010164,1.0,1.0,2.0,30.0,6.0,2.0,0.0,0.0,0.0,0.0,0.0,9.0,1.0,1.0
3490,2015051502382,3,9,0,18,0,0,0,0,4,0,1,1,6,3,-1,-1,-1,-1,-1,-1,-1,-1,1,3,330037.0,391050.0,-3.053995,53.411602,5,1,3,1,42134,2,1899-12-30 02:08:00,95,E08000015,3,5139,3,50,0,-1,-1,0,0,0,5,1,1,0,0,1,1,E01007213,1.0,3.0,1.0,34.0,6.0,1.0,7.0,9.0,0.0,0.0,0.0,0.0,-1.0,-1.0
3491,2015210025459,3,9,0,18,0,1,0,0,0,0,3,1,6,1,42,7,1598,1,3,-1,3,-1,3,4,414918.0,324778.0,-1.780075,52.820334,21,1,4,3,42344,6,1899-12-30 22:00:00,251,E10000028,3,515,6,60,6,3,4,5234,0,0,6,2,2,0,0,2,1,E01029440,3.0,2.0,2.0,-1.0,-1.0,2.0,0.0,0.0,1.0,0.0,0.0,9.0,3.0,10.0
3492,2015621500300,1,9,0,18,6,1,0,0,1,0,1,1,6,1,85,11,-1,-1,-1,-1,1,-1,1,1,299317.0,202741.0,-3.458737,51.714332,62,1,1,1,17/02/2015,3,1899-12-30 20:17:00,744,W06000016,6,0,6,30,3,4,6,0,0,0,4,1,1,0,0,1,1,W01001151,1.0,1.0,1.0,85.0,11.0,1.0,0.0,0.0,0.0,0.0,0.0,9.0,1.0,-1.0
3493,2015230036723,2,9,0,18,0,0,0,0,0,0,1,1,6,2,30,6,-1,-1,-1,-1,1,-1,8,2,446576.0,272914.0,-1.317608,52.352322,23,1,2,8,42227,1,1899-12-30 11:12:00,292,E10000031,4,4642,6,40,0,-1,-1,0,0,0,1,1,2,0,0,2,1,E01031147,8.0,2.0,2.0,7.0,2.0,3.0,0.0,0.0,2.0,0.0,0.0,9.0,1.0,9.0
3494,2015300012453,1,90,0,18,9,0,0,0,0,0,1,1,6,1,80,11,-1,3,-1,-1,1,-1,1,1,446470.0,342340.0,-1.3094,52.976403,30,1,1,1,42065,3,1899-12-30 10:45:00,324,E10000007,6,0,2,30,0,-1,-1,0,0,0,1,9,1,0,0,1,2,E01019672,1.0,3.0,1.0,88.0,11.0,1.0,6.0,9.0,0.0,0.0,0.0,0.0,3.0,7.0
3495,201501TD00141,2,5,0,13,0,1,0,10,7,1,1,1,6,1,56,9,1255,1,6,-1,1,-1,1,2,534580.0,169120.0,-0.066541,51.405148,1,1,2,1,21/11/2015,7,1899-12-30 13:11:00,19,E09000006,3,213,6,30,3,4,6,0,0,0,1,1,1,0,0,1,1,E01000705,1.0,1.0,1.0,56.0,9.0,1.0,0.0,0.0,0.0,0.0,0.0,5.0,1.0,3.0
3496,2015984109715,1,20,0,18,0,0,0,0,7,0,4,1,6,1,70,10,-1,-1,-1,-1,3,-1,2,2,326594.0,566989.0,-3.148831,54.992052,98,1,2,2,21/03/2015,7,1899-12-30 11:04:00,917,S12000006,3,75,6,60,0,-1,-1,0,0,0,1,1,1,0,0,2,1,,1.0,2.0,2.0,67.0,10.0,1.0,0.0,0.0,1.0,0.0,0.0,20.0,3.0,-1.0
3497,201597UA02203,1,9,0,18,0,0,0,0,1,0,1,1,6,1,42,7,1591,1,6,-1,1,-1,1,2,239099.0,651121.0,-4.563626,55.726699,97,1,2,1,42280,3,1899-12-30 13:30:00,931,S12000021,3,736,6,60,0,-1,-1,0,0,0,1,1,1,0,0,2,1,,1.0,1.0,1.0,42.0,7.0,1.0,0.0,0.0,0.0,0.0,0.0,9.0,1.0,-1.0
3498,2015440333288,1,9,0,16,0,0,1,0,0,0,3,1,6,1,43,7,1995,2,10,-1,1,-1,1,2,431972.0,140970.0,-1.544109,51.167086,44,1,2,1,25/09/2015,6,1899-12-30 05:35:00,501,E10000014,3,343,6,60,0,-1,-1,0,0,0,6,1,1,0,0,2,1,E01032871,1.0,1.0,1.0,43.0,7.0,1.0,0.0,0.0,0.0,0.0,0.0,9.0,1.0,4.0
3499,201522D500122,2,9,0,18,0,0,0,0,0,0,1,1,6,2,27,6,1598,1,11,-1,1,-1,1,2,383980.0,278750.0,-2.236914,52.406519,22,1,2,1,42309,1,1899-12-30 18:53:00,278,E10000034,4,4189,6,40,0,-1,-1,0,0,0,6,1,1,0,0,1,1,E01032479,,,,,,,,,,,,,,
3500,201501CP00181,2,1,0,18,0,8,0,0,0,0,3,1,2,2,26,6,-1,-1,-1,-1,-1,-1,1,2,532700.0,181110.0,-0.089058,51.513339,48,1,2,1,22/06/2015,2,1899-12-30 08:59:00,570,E09000001,5,0,6,30,7,2,5,0,0,5,1,1,1,0,0,1,1,E01032739,1.0,1.0,2.0,26.0,6.0,1.0,0.0,0.0,0.0,0.0,0.0,1.0,-1.0,-1.0
3501,201537EA94849,1,9,0,18,0,0,0,0,0,0,1,1,6,1,71,10,1397,1,12,-1,1,-1,2,4,652656.0,290668.0,1.717307,52.455473,37,1,4,2,29/10/2015,5,1899-12-30 10:55:00,416,E10000029,3,12,6,40,0,-1,-1,0,0,0,1,1,1,0,0,1,1,E01030273,,,,,,,,,,,,,,
3502,2015300015040,2,9,0,17,0,0,1,0,0,0,4,1,6,1,54,8,1794,1,14,-1,-1,-1,2,2,416440.0,371210.0,-1.755141,53.237669,30,1,2,2,24/07/2015,6,1899-12-30 23:20:00,329,E10000007,3,6,6,50,0,-1,-1,0,0,0,6,1,2,0,0,2,2,E01019613,2.0,2.0,1.0,26.0,6.0,3.0,0.0,0.0,1.0,0.0,0.0,9.0,1.0,5.0
3503,2015440265027,1,9,0,17,0,0,0,0,0,0,1,1,6,1,36,7,1686,2,4,-1,1,-1,4,2,463241.0,106740.0,-1.102893,50.856724,44,1,2,4,42012,7,1899-12-30 18:30:00,498,E06000044,6,0,6,40,0,-1,-1,0,0,0,1,1,1,0,0,2,1,E01017116,4.0,2.0,2.0,29.0,6.0,3.0,0.0,0.0,1.0,0.0,0.0,9.0,1.0,9.0
3504,201501TD00055,2,1,0,15,0,1,0,0,0,0,3,1,6,2,55,8,-1,-1,-1,-1,1,-1,1,2,530250.0,178970.0,-0.125134,51.494677,1,1,2,1,42251,5,1899-12-30 09:33:00,1,E09000033,3,3203,1,30,1,4,3,3212,0,1,1,1,1,0,0,1,1,E01004745,1.0,1.0,2.0,55.0,8.0,1.0,0.0,0.0,0.0,0.0,0.0,1.0,1.0,4.0
3505,201520Z000765,2,9,0,18,0,0,0,0,0,0,1,1,2,1,47,8,2499,1,3,-1,1,-1,3,3,408810.0,290120.0,-1.871625,52.508903,20,1,3,3,23/03/2015,2,1899-12-30 12:30:00,300,E08000025,2,38,3,50,0,-1,-1,0,0,0,1,1,1,0,0,1,1,E01008899,2.0,1.0,1.0,47.0,8.0,3.0,0.0,0.0,0.0,0.0,0.0,9.0,1.0,10.0
3506,2015460262429,1,9,0,18,0,0,0,0,0,0,4,1,6,1,24,5,1198,1,13,-1,1,-1,3,2,629830.0,139670.0,1.282039,51.110217,46,1,2,3,13/08/2015,5,1899-12-30 20:20:00,533,E10000016,3,20,3,40,0,-1,-1,0,0,0,1,1,1,0,0,2,1,E01024249,1.0,1.0,1.0,24.0,5.0,3.0,0.0,0.0,0.0,0.0,0.0,9.0,1.0,1.0
3507,201543R208065,1,2,0,17,0,0,0,0,2,1,1,1,6,1,43,7,125,1,10,-1,1,-1,1,1,488442.0,173280.0,-0.728605,51.451607,43,1,1,1,29/06/2015,2,1899-12-30 18:58:00,470,E06000036,3,330,6,60,0,-1,-1,0,0,0,1,1,1,0,0,2,1,E01032727,1.0,1.0,1.0,43.0,7.0,1.0,0.0,0.0,0.0,0.0,0.0,2.0,1.0,7.0
3508,201543P295075,1,9,0,17,0,0,1,0,7,4,4,1,6,1,27,6,-1,-1,-1,-1,1,-1,2,1,449204.0,194046.0,-1.290324,51.643069,43,1,1,2,27/07/2015,2,1899-12-30 15:14:00,483,E10000025,4,4016,6,40,0,-1,-1,0,0,0,1,1,1,0,0,2,1,E01028754,1.0,1.0,1.0,27.0,6.0,2.0,0.0,0.0,0.0,0.0,0.0,9.0,1.0,10.0
3509,201501TD00032,1,9,0,18,0,0,0,0,1,10,3,1,6,1,55,8,2835,2,15,-1,1,-1,1,2,545450.0,190830.0,0.098572,51.597541,1,1,2,1,42279,3,1899-12-30 04:33:00,14,E09000026,5,0,6,40,0,-1,-1,0,0,0,4,1,1,0,0,2,1,E01003640,1.0,1.0,1.0,55.0,8.0,1.0,0.0,0.0,0.0,0.0,0.0,9.0,1.0,6.0
3510,2015215000944,1,10,0,16,0,0,0,0,1,10,3,2,2,1,27,6,-1,-1,-1,-1,3,-1,9,2,423318.0,326519.0,-1.655307,52.835688,21,1,2,9,15/02/2015,1,1899-12-30 06:56:00,251,E10000028,3,511,6,40,0,-1,-1,0,0,0,4,2,2,0,0,1,1,E01029466,6.0,2.0,1.0,35.0,6.0,3.0,0.0,0.0,0.0,0.0,0.0,10.0,3.0,9.0
3511,201542I296609,2,17,5,18,0,0,0,7,6,0,2,1,1,1,68,10,-1,-1,-1,-1,2,-1,3,3,573739.0,187882.0,0.505157,51.563053,42,1,3,3,21/09/2015,2,1899-12-30 13:30:00,450,E10000012,3,13,3,70,0,-1,-1,0,0,0,1,1,1,0,0,2,1,E01021310,1.0,1.0,1.0,68.0,10.0,1.0,0.0,0.0,0.0,0.0,0.0,17.0,2.0,9.0
3512,2015051502187,2,8,0,18,0,8,0,0,0,0,4,1,1,1,24,5,1896,2,8,-1,1,-1,3,2,335058.0,381244.0,-2.976453,53.324115,5,1,2,3,13/09/2015,1,1899-12-30 05:04:00,95,E08000015,6,0,6,30,7,2,6,0,0,0,4,1,1,0,0,1,1,E01007171,2.0,1.0,1.0,24.0,5.0,3.0,0.0,0.0,0.0,0.0,0.0,8.0,1.0,1.0