,accident_index,vehicle_reference,vehicle_type,towing_and_articulation,vehicle_manoeuvre,vehicle_location-restricted_lane,junction_location,skidding_and_overturning,hit_object_in_carriageway,vehicle_leaving_carriageway,hit_object_off_carriageway,1st_point_of_impact,was_vehicle_left_hand_drive?,journey_purpose_of_driver,sex_of_driver,age_of_driver,age_band_of_driver,engine_capacity_(cc),propulsion_code,age_of_vehicle,driver_imd_decile,driver_home_area_type,vehicle_imd_decile,NUmber_of_Casualities_unique_to_accident_index,No_of_Vehicles_involved_unique_to_accident_index,location_easting_osgr,location_northing_osgr,longitude,latitude,police_force,accident_severity,number_of_vehicles,number_of_casualties,date,day_of_week,time,local_authority_(district),local_authority_(highway),1st_road_class,1st_road_number,road_type,speed_limit,junction_detail,junction_control,2nd_road_class,2nd_road_number,pedestrian_crossing-human_control,pedestrian_crossing-physical_facilities,light_conditions,weather_conditions,road_surface_conditions,special_conditions_at_site,carriageway_hazards,urban_or_rural_area,did_police_officer_attend_scene_of_accident,lsoa_of_accident_location,casualty_reference,casualty_class,sex_of_casualty,age_of_casualty,age_band_of_casualty,casualty_severity,pedestrian_location,pedestrian_movement,car_passenger,bus_or_coach_passenger,pedestrian_road_maintenance_worker,casualty_type,casualty_home_area_type,casualty_imd_decile
3513,2015030002872,1,9,0,13,0,0,0,0,7,4,1,1,6,1,25,5,1896,2,12,-1,2,-1,3,2,317120.0,482150.0,-3.272849,54.22833,3,1,2,3,23/11/2015,2,1899-12-30 21:36:00,63,E10000006,3,5093,6,60,0,-1,-1,0,0,0,6,2,2,0,0,2,1,E01019293,3.0,2.0,1.0,26.0,6.0,2.0,0.0,0.0,2.0,0.0,0.0,9.0,-1.0,-1.0
3514,2015621501755,1,9,0,16,0,0,2,0,1,3,1,1,6,1,20,4,-1,-1,-1,-1,2,-1,5,1,304422.0,206293.0,-3.385845,51.747154,62,1,1,5,42318,1,1899-12-30 22:31:00,742,W06000024,6,0,6,30,0,-1,-1,0,0,0,4,1,1,0,0,1,1,W01001307,2.0,2.0,1.0,20.0,4.0,3.0,0.0,0.0,1.0,0.0,0.0,9.0,1.0,-1.0
3515,20151326S1829,3,9,0,18,0,0,0,0,0,0,0,1,6,2,37,7,2993,2,9,-1,1,-1,3,3,407960.0,424543.0,-1.880862,53.717241,13,1,3,3,28/06/2015,1,1899-12-30 22:45:00,202,E08000033,6,0,6,30,0,-1,-1,0,0,0,4,1,1,0,0,1,1,E01011003,,,,,,,,,,,,,,
3516,201543P102075,1,9,0,18,0,8,0,0,0,0,3,1,6,1,90,11,1149,1,11,-1,1,-1,6,2,474126.0,178978.0,-0.933394,51.504884,43,1,2,6,42284,6,1899-12-30 15:30:00,484,E10000025,6,341,6,30,6,4,6,0,0,0,1,1,1,0,0,2,1,E01028660,1.0,1.0,1.0,90.0,11.0,1.0,0.0,0.0,0.0,0.0,0.0,9.0,1.0,10.0
3517,201543N220015,2,4,0,3,0,0,0,0,0,0,2,1,6,1,50,8,124,1,8,-1,1,-1,1,3,504583.0,185436.0,-0.492796,51.558121,43,1,3,1,20/01/2015,3,1899-12-30 12:44:00,477,E10000002,3,4020,6,40,0,-1,-1,0,0,0,1,1,1,0,0,2,1,E01017812,1.0,1.0,1.0,50.0,8.0,1.0,0.0,0.0,0.0,0.0,0.0,4.0,1.0,3.0
3518,2015546288415,1,9,0,18,0,0,0,0,7,4,1,2,6,1,61,9,2495,2,13,-1,3,-1,4,3,390341.0,142937.0,-2.139581,51.185577,54,1,3,4,13/07/2015,2,1899-12-30 16:38:00,635,E06000054,3,36,6,60,0,-1,-1,0,0,0,1,1,2,0,0,2,1,E01032082,3.0,2.0,2.0,28.0,6.0,1.0,0.0,0.0,2.0,0.0,0.0,9.0,1.0,7.0
3519,2015132150935,1,1,0,12,0,0,0,0,0,0,2,1,2,1,47,8,-1,-1,-1,-1,-1,-1,1,2,427750.0,426259.0,-1.580843,53.731992,13,1,2,1,42125,2,1899-12-30 16:10:00,204,E08000035,3,650,3,40,0,-1,-1,0,0,0,4,1,2,0,0,2,1,E01011550,1.0,1.0,1.0,47.0,8.0,1.0,0.0,0.0,0.0,0.0,0.0,1.0,-1.0,-1.0
3520,2015950005640,1,19,0,18,0,0,0,0,7,11,1,1,1,1,63,9,4116,2,10,-1,2,-1,2,2,341500.0,606140.0,-2.923998,55.345791,95,1,2,2,42289,5,1899-12-30 09:20:00,914,S12000026,3,7,6,60,0,-1,-1,0,0,0,1,1,2,0,0,2,1,,1.0,1.0,1.0,63.0,9.0,3.0,0.0,0.0,0.0,0.0,0.0,19.0,2.0,-1.0
3521,201550JC2B008,1,9,0,17,0,0,2,0,1,4,3,1,6,1,22,5,1753,2,10,-1,3,-1,1,1,287929.0,81151.0,-3.585569,50.619265,50,1,1,1,16/09/2015,4,1899-12-30 00:11:00,585,E10000008,3,38,3,70,0,-1,-1,0,0,0,6,1,1,0,0,2,1,E01020221,1.0,1.0,1.0,22.0,5.0,1.0,0.0,0.0,0.0,0.0,0.0,9.0,3.0,5.0
3522,2015215000944,1,10,0,16,0,0,0,0,1,10,3,2,2,1,27,6,-1,-1,-1,-1,3,-1,9,2,423318.0,326519.0,-1.655307,52.835688,21,1,2,9,15/02/2015,1,1899-12-30 06:56:00,251,E10000028,3,511,6,40,0,-1,-1,0,0,0,4,2,2,0,0,1,1,E01029466,2.0,2.0,1.0,41.0,7.0,1.0,0.0,0.0,0.0,0.0,0.0,10.0,3.0,9.0
3523,201522D502644,1,9,0,13,0,0,1,0,0,0,4,1,6,1,41,7,1896,2,13,-1,1,-1,1,1,383040.0,275680.0,-2.250575,52.378891,22,1,1,1,29/07/2015,4,1899-12-30 11:00:00,278,E10000034,3,442,3,40,0,-1,-1,0,0,0,1,1,1,0,0,1,1,E01032450,1.0,3.0,2.0,74.0,10.0,1.0,5.0,1.0,0.0,0.0,0.0,0.0,1.0,2.0
3524,201501TD00114,1,21,0,5,0,1,0,0,0,0,1,1,6,1,40,7,10837,2,6,-1,1,-1,1,1,534120.0,176700.0,-0.070281,51.473374,1,1,1,1,42103,6,1899-12-30 14:04:00,8,E09000028,3,202,3,30,3,4,3,2215,0,4,1,1,1,0,0,1,1,E01004010,1.0,3.0,2.0,76.0,11.0,1.0,4.0,2.0,0.0,0.0,2.0,0.0,1.0,2.0
3525,2015551600017,2,9,0,18,0,0,0,0,0,0,0,1,1,3,-1,-1,1686,2,2,-1,-1,-1,1,2,399545.0,80085.0,-2.007793,50.620471,55,1,2,1,29/12/2015,3,1899-12-30 02:21:00,644,E10000009,3,351,6,30,0,-1,-1,0,0,0,6,1,1,0,0,2,1,E01020468,,,,,,,,,,,,,,
3526,2015621501453,1,9,0,18,0,0,2,0,8,4,3,1,6,1,18,4,-1,-1,-1,-1,3,-1,4,1,314301.0,183838.0,-3.237277,51.546903,62,1,1,4,42255,1,1899-12-30 02:56:00,741,W06000015,6,0,6,60,0,-1,-1,0,0,0,6,1,1,0,0,2,1,W01001893,1.0,1.0,1.0,18.0,4.0,1.0,0.0,0.0,0.0,0.0,0.0,9.0,3.0,-1.0
3527,2015521501170,5,9,0,18,0,0,0,0,0,0,1,-1,1,1,34,6,1984,2,2,-1,1,-1,9,7,372568.0,166920.0,-2.395722,51.400642,52,1,7,9,42249,2,1899-12-30 16:06:00,611,E06000022,6,0,6,30,0,-1,-1,0,0,4,1,1,2,0,0,1,1,E01014477,3.0,1.0,1.0,34.0,6.0,1.0,0.0,0.0,0.0,0.0,0.0,9.0,1.0,-1.0
3528,201504ED15165,1,9,0,18,0,8,0,0,1,10,1,1,6,1,62,9,1229,1,1,-1,1,-1,1,1,375700.0,429560.0,-2.370081,53.761821,4,1,1,1,29/04/2015,4,1899-12-30 05:25:00,75,E10000017,3,680,6,30,3,4,6,0,0,4,1,1,2,0,0,1,1,E01025059,1.0,1.0,1.0,62.0,9.0,1.0,0.0,0.0,0.0,0.0,0.0,9.0,1.0,2.0
3529,2015460258816,1,11,0,17,0,0,0,0,0,0,1,1,1,2,49,8,9360,2,5,-1,1,-1,4,3,612970.0,158300.0,1.052595,51.284008,46,1,3,4,42284,6,1899-12-30 12:20:00,531,E10000016,3,2050,6,50,0,-1,-1,0,0,0,1,1,1,0,0,1,1,E01024068,3.0,1.0,2.0,49.0,8.0,3.0,0.0,0.0,0.0,0.0,0.0,11.0,1.0,3.0
3530,201543P296025,21,9,0,18,0,0,0,0,0,0,2,1,6,1,59,9,1339,1,5,-1,1,-1,36,37,455113.0,220016.0,-1.200828,51.875998,43,1,37,36,14/02/2015,7,1899-12-30 07:45:00,481,E10000025,1,40,3,70,0,-1,-1,0,0,0,1,7,2,0,3,2,1,E01028497,31.0,2.0,2.0,65.0,9.0,3.0,0.0,0.0,1.0,0.0,0.0,9.0,1.0,10.0
3531,2015621501294,2,9,0,18,0,0,0,0,0,0,2,1,6,1,58,9,-1,-1,-1,-1,1,-1,3,2,310995.0,186955.0,-3.285731,51.57441,62,1,2,3,42043,1,1899-12-30 12:37:00,744,W06000016,3,470,3,70,0,-1,-1,0,0,0,1,1,1,0,0,1,1,W01001184,2.0,1.0,1.0,58.0,9.0,3.0,0.0,0.0,0.0,0.0,0.0,9.0,1.0,-1.0
3532,2015460253283,1,9,0,17,0,0,0,0,1,4,3,1,6,1,18,4,1396,1,12,-1,2,-1,4,2,563880.0,161730.0,0.350952,51.331054,46,1,2,4,42340,5,1899-12-30 19:10:00,535,E10000016,6,1793,6,60,0,-1,-1,0,0,0,6,1,2,0,0,2,1,E01024274,4.0,2.0,2.0,20.0,4.0,2.0,0.0,0.0,2.0,0.0,0.0,9.0,2.0,9.0
3533,2015160C04051,1,9,0,16,0,0,1,0,8,4,1,1,6,1,25,5,1968,2,9,-1,3,-1,3,1,509371.0,439571.0,-0.33927,53.840882,16,1,1,3,26/07/2015,1,1899-12-30 01:27:00,231,E06000011,6,0,6,40,0,-1,-1,0,0,0,6,1,1,0,0,2,1,E01013027,2.0,2.0,1.0,20.0,4.0,2.0,0.0,0.0,2.0,0.0,0.0,9.0,1.0,1.0
3534,2015210026549,3,9,0,18,0,0,0,0,0,0,1,1,6,1,67,10,5204,1,5,-1,-1,-1,7,5,382611.0,310740.0,-2.258725,52.694059,21,1,5,7,42162,2,1899-12-30 14:20:00,254,E10000028,3,5,6,60,0,-1,-1,0,0,0,1,1,1,0,0,2,1,E01029670,5.0,2.0,1.0,31.0,6.0,2.0,0.0,0.0,1.0,0.0,0.0,9.0,-1.0,-1.0
3535,201501TD00112,1,11,0,18,0,0,0,0,0,0,1,1,1,1,40,7,9360,2,3,-1,1,-1,1,1,526590.0,190740.0,-0.173596,51.601283,1,1,1,1,25/08/2015,3,1899-12-30 07:30:00,30,E09000003,3,1000,3,30,0,-1,-1,0,0,0,1,1,1,0,0,1,1,E01000184,1.0,3.0,1.0,38.0,7.0,1.0,5.0,1.0,0.0,0.0,2.0,0.0,1.0,3.0
3536,201543N045055,1,9,0,16,0,0,1,0,0,0,1,1,6,1,31,6,2000,1,8,-1,1,-1,3,3,484972.0,194727.0,-0.773357,51.644932,43,1,3,3,42099,2,1899-12-30 02:45:00,480,E10000002,6,2085,6,30,0,-1,-1,0,0,0,4,1,1,0,0,1,1,E01017862,1.0,2.0,1.0,27.0,6.0,1.0,0.0,0.0,2.0,0.0,0.0,9.0,1.0,6.0
3537,2015051502187,2,8,0,18,0,8,0,0,0,0,4,1,1,1,24,5,1896,2,8,-1,1,-1,3,2,335058.0,381244.0,-2.976453,53.324115,5,1,2,3,13/09/2015,1,1899-12-30 05:04:00,95,E08000015,6,0,6,30,7,2,6,0,0,0,4,1,1,0,0,1,1,E01007171,3.0,2.0,1.0,34.0,6.0,3.0,0.0,0.0,2.0,0.0,0.0,8.0,1.0,9.0
3538,2015300015349,1,5,0,13,0,0,2,0,7,2,1,1,6,1,25,5,748,1,6,-1,1,-1,1,2,436410.0,373100.0,-1.45573,53.253668,30,1,2,1,13/08/2015,5,1899-12-30 10:10:00,322,E10000007,4,6051,6,30,0,-1,-1,0,0,0,1,1,1,6,0,1,1,E01019557,1.0,1.0,1.0,25.0,5.0,1.0,0.0,0.0,0.0,0.0,0.0,5.0,1.0,3.0
3539,201504EF15274,1,9,0,13,0,0,1,0,1,3,1,1,2,1,19,4,1968,2,4,-1,1,-1,2,4,381650.0,422760.0,-2.279422,53.700948,4,1,4,2,18/09/2015,6,1899-12-30 17:05:00,82,E10000017,6,0,6,30,0,-1,-1,0,0,0,1,1,1,0,0,1,1,E01033281,1.0,3.0,2.0,9.0,2.0,1.0,6.0,9.0,0.0,0.0,0.0,0.0,1.0,4.0
3540,201531C149515,1,9,0,1,0,1,0,4,0,0,2,1,6,1,19,4,1997,2,8,-1,1,-1,3,2,456207.0,340456.0,-1.164734,52.958539,31,1,2,3,21/06/2015,1,1899-12-30 01:47:00,346,E06000018,6,0,6,30,6,4,6,0,0,0,4,1,1,0,0,1,1,E01013814,2.0,3.0,1.0,-1.0,-1.0,2.0,5.0,3.0,0.0,0.0,0.0,0.0,1.0,2.0
3541,201501TD00077,1,20,0,5,0,1,0,0,0,0,3,1,1,1,49,8,10837,2,3,-1,1,-1,1,2,530140.0,172000.0,-0.129281,51.432065,1,1,2,1,42222,2,1899-12-30 17:22:00,9,E09000022,3,23,6,30,6,2,6,0,0,5,1,1,1,0,0,1,1,E01003118,,,,,,,,,,,,,,
3542,2015320105400,3,17,4,18,0,8,0,0,0,0,1,1,1,1,32,6,-1,2,4,-1,1,-1,1,4,540878.0,349941.0,0.099186,53.028214,32,1,4,1,42318,1,1899-12-30 13:00:00,350,E10000019,3,52,6,50,3,4,6,0,0,0,1,1,1,0,0,2,1,E01026024,,,,,,,,,,,,,,
3543,201591NL00807,1,9,0,16,0,0,1,0,1,0,1,1,6,2,47,8,-1,-1,-1,-1,3,-1,2,1,441985.0,1154870.0,-1.242776,60.275864,91,1,1,2,14/02/2015,7,1899-12-30 11:30:00,936,S12000027,3,970,6,60,0,-1,-1,0,0,0,1,1,1,0,0,2,1,,1.0,1.0,2.0,47.0,8.0,1.0,0.0,0.0,0.0,0.0,0.0,9.0,3.0,-1.0
3544,201550DE2I046,1,1,0,18,5,1,0,0,0,0,1,1,6,2,71,10,-1,-1,-1,-1,1,-1,1,2,291758.0,92212.0,-3.534703,50.719422,50,1,2,1,15/10/2015,5,1899-12-30 17:16:00,581,E10000008,3,3015,3,30,3,2,6,0,0,4,1,1,1,0,0,1,1,E01020016,1.0,1.0,2.0,71.0,10.0,1.0,0.0,0.0,0.0,0.0,0.0,1.0,1.0,4.0
3545,201520W058555,2,5,0,18,0,8,0,0,0,0,1,1,6,1,22,5,636,1,14,-1,1,-1,1,2,408400.0,289760.0,-1.877675,52.505673,20,1,2,1,20/10/2015,3,1899-12-30 20:21:00,300,E08000025,6,0,6,30,3,4,6,0,0,0,4,1,1,0,0,1,1,E01008901,1.0,1.0,1.0,22.0,5.0,1.0,0.0,0.0,0.0,0.0,0.0,5.0,1.0,1.0
3546,2015331501113,1,1,0,17,0,0,0,0,1,1,1,1,6,1,45,7,-1,-1,-1,-1,3,-1,1,1,479790.0,332030.0,-0.815809,52.879827,33,1,1,1,20/06/2015,7,1899-12-30 15:53:00,365,E10000018,5,8307,6,60,0,-1,-1,0,0,0,1,1,1,0,0,2,1,E01025887,1.0,1.0,1.0,45.0,7.0,1.0,0.0,0.0,0.0,0.0,0.0,1.0,3.0,10.0
3547,201514C067815,1,9,0,18,0,0,0,0,1,4,1,1,6,1,76,11,1198,1,4,-1,1,-1,2,1,441736.0,389209.0,-1.373791,53.398066,14,1,1,2,42042,5,1899-12-30 13:55:00,213,E08000018,1,1,3,70,0,-1,-1,0,0,0,1,1,1,0,0,1,1,E01007707,1.0,1.0,1.0,76.0,11.0,1.0,0.0,0.0,0.0,0.0,0.0,9.0,1.0,1.0
3548,2015120025569,3,1,0,18,0,0,0,0,0,0,3,1,6,1,16,4,-1,-1,-1,-1,-1,-1,2,5,407396.0,454418.0,-1.8887,53.985762,12,1,5,2,15/02/2015,1,1899-12-30 11:34:00,180,E10000023,4,6160,6,60,0,-1,-1,0,0,0,1,1,2,0,0,2,1,E01027557,2.0,1.0,1.0,16.0,4.0,3.0,0.0,0.0,0.0,0.0,0.0,1.0,-1.0,-1.0
3549,2015941500332,2,9,0,18,0,0,0,0,1,0,1,1,6,2,30,6,1910,2,11,-1,1,-1,3,2,325313.0,708208.0,-3.207236,56.260473,94,1,2,3,42040,7,1899-12-30 20:35:00,925,S12000015,4,936,6,50,0,-1,-1,0,0,0,1,1,2,0,0,2,1,,2.0,1.0,2.0,30.0,6.0,3.0,0.0,0.0,0.0,0.0,0.0,9.0,1.0,-1.0
3550,2015610067515,1,4,0,12,0,0,0,0,2,6,3,1,2,1,49,8,-1,-1,-1,-1,1,-1,1,1,333789.0,188798.0,-2.957222,51.594121,61,1,1,1,25/12/2015,6,1899-12-30 17:58:00,733,W06000022,1,4,3,70,0,-1,-1,0,0,0,4,2,2,0,0,2,1,W01001606,1.0,1.0,1.0,49.0,8.0,1.0,0.0,0.0,0.0,0.0,0.0,4.0,1.0,-1.0
3551,201522E502376,1,9,0,7,0,6,0,0,0,0,3,1,6,2,64,9,1197,1,1,-1,2,-1,3,2,369120.0,236170.0,-2.451445,52.023081,22,1,2,3,42284,6,1899-12-30 15:19:00,285,E06000019,3,449,6,60,9,4,6,0,0,0,1,1,1,0,0,2,1,E01014036,1.0,1.0,2.0,64.0,9.0,1.0,0.0,0.0,0.0,0.0,0.0,9.0,2.0,7.0
3552,201563DP10615,2,5,0,18,0,1,1,0,0,0,1,1,6,1,62,9,-1,-1,-1,-1,1,-1,1,2,317060.0,221470.0,-3.20647,51.885595,63,1,2,1,23/05/2015,7,1899-12-30 17:58:00,753,W06000023,3,40,6,60,8,4,6,0,0,0,1,1,1,0,0,2,1,W01001905,1.0,1.0,1.0,62.0,9.0,1.0,0.0,0.0,0.0,0.0,0.0,5.0,1.0,-1.0
3553,2015460262773,1,9,0,18,9,3,0,0,3,10,1,1,6,1,58,9,2143,2,2,-1,1,-1,2,1,560230.0,169120.0,0.301933,51.398488,46,1,1,2,18/10/2015,1,1899-12-30 17:10:00,532,E10000016,4,260,1,30,1,4,6,0,0,4,1,1,1,0,0,1,1,E01024158,1.0,1.0,1.0,58.0,9.0,1.0,0.0,0.0,0.0,0.0,0.0,9.0,1.0,9.0
3554,2015961501099,1,9,0,18,0,1,1,0,1,4,3,1,6,1,28,6,1149,1,10,-1,1,-1,2,1,279653.0,689354.0,-3.935383,56.081797,96,1,1,2,42223,4,1899-12-30 09:51:00,939,S12000030,1,9,3,70,5,4,1,80,0,0,1,1,2,0,0,2,1,,2.0,1.0,1.0,28.0,6.0,1.0,0.0,0.0,0.0,0.0,0.0,9.0,1.0,-1.0
3555,2015621501574,3,9,0,18,0,0,1,0,1,0,3,1,6,2,26,6,-1,-1,-1,-1,1,-1,9,3,315064.0,177506.0,-3.224749,51.490098,62,1,3,9,13/09/2015,1,1899-12-30 11:49:00,741,W06000015,3,48,3,40,0,-1,-1,0,0,4,1,1,1,0,0,1,1,W01001782,9.0,2.0,1.0,3.0,1.0,3.0,0.0,0.0,2.0,0.0,0.0,9.0,1.0,-1.0
3556,201591NE08555,2,90,0,16,0,0,0,0,0,0,1,1,6,1,58,9,2800,2,9,-1,3,-1,1,4,187410.0,886468.0,-5.580912,57.817136,91,1,4,1,15/05/2015,6,1899-12-30 12:55:00,927,S12000017,3,832,6,60,0,-1,-1,0,0,0,1,2,2,0,0,2,1,,,,,,,,,,,,,,,
3557,2015100204015,3,9,0,17,0,0,0,0,0,0,1,1,6,1,62,9,999,1,-1,-1,1,-1,3,3,424241.0,579994.0,-1.62152,55.113756,10,1,3,3,42220,4,1899-12-30 12:00:00,139,E06000048,3,192,6,60,0,-1,-1,0,0,0,1,1,1,0,0,2,1,E01027514,,,,,,,,,,,,,,
3558,2015921501420,1,21,0,7,0,8,0,0,0,0,1,1,1,1,60,9,6692,2,3,-1,1,-1,1,1,394388.0,805924.0,-2.094373,57.144173,92,1,1,1,23/12/2015,4,1899-12-30 08:20:00,910,S12000033,3,956,3,30,3,2,6,0,0,5,1,1,2,0,0,1,1,,1.0,3.0,2.0,51.0,8.0,1.0,1.0,1.0,0.0,0.0,0.0,0.0,1.0,-1.0
3559,2015132AS1122,1,19,0,18,0,0,0,0,0,0,1,1,6,1,49,8,2461,2,11,-1,1,-1,1,1,430642.0,420355.0,-1.537589,53.678766,13,1,1,1,28/10/2015,4,1899-12-30 18:22:00,206,E08000036,3,638,6,30,0,-1,-1,0,0,0,4,2,2,0,0,1,1,E01011918,1.0,3.0,2.0,74.0,10.0,1.0,5.0,3.0,0.0,0.0,0.0,0.0,1.0,1.0
3560,2015230036723,1,9,0,17,0,0,1,0,7,0,4,1,6,1,22,5,1896,2,10,-1,3,-1,8,2,446576.0,272914.0,-1.317608,52.352322,23,1,2,8,42227,1,1899-12-30 11:12:00,292,E10000031,4,4642,6,40,0,-1,-1,0,0,0,1,1,2,0,0,2,1,E01031147,5.0,2.0,1.0,1.0,1.0,2.0,0.0,0.0,2.0,0.0,0.0,9.0,3.0,9.0
3561,201542I288609,2,5,0,18,0,0,0,0,0,0,1,1,6,1,52,8,1157,1,9,-1,1,-1,1,3,540697.0,199716.0,0.033565,51.678593,42,1,3,1,16/09/2015,4,1899-12-30 22:04:00,456,E10000012,6,0,6,40,0,-1,-1,0,0,0,4,2,2,0,0,2,1,E01021810,1.0,1.0,1.0,52.0,8.0,1.0,0.0,0.0,0.0,0.0,0.0,5.0,1.0,5.0
3562,201506J097103,1,9,0,18,0,8,0,0,0,0,1,1,1,1,38,7,1984,1,2,-1,1,-1,1,1,391090.0,391890.0,-2.135545,53.423728,6,1,1,1,42126,5,1899-12-30 18:55:00,109,E08000007,5,0,6,30,3,4,6,0,0,0,4,1,1,0,0,1,1,E01005757,1.0,3.0,1.0,84.0,11.0,1.0,5.0,3.0,0.0,0.0,0.0,0.0,1.0,1.0
3563,201543P296025,36,9,0,18,0,0,0,0,0,0,2,1,6,1,22,5,1199,1,13,-1,1,-1,36,37,455113.0,220016.0,-1.200828,51.875998,43,1,37,36,14/02/2015,7,1899-12-30 07:45:00,481,E10000025,1,40,3,70,0,-1,-1,0,0,0,1,7,2,0,3,2,1,E01028497,,,,,,,,,,,,,,
3564,201543P296025,25,19,0,18,0,0,0,0,0,0,2,1,1,1,60,9,-1,-1,-1,-1,-1,-1,36,37,455113.0,220016.0,-1.200828,51.875998,43,1,37,36,14/02/2015,7,1899-12-30 07:45:00,481,E10000025,1,40,3,70,0,-1,-1,0,0,0,1,7,2,0,3,2,1,E01028497,16.0,1.0,1.0,60.0,9.0,3.0,0.0,0.0,0.0,0.0,0.0,19.0,-1.0,-1.0
3565,2015360091762,1,9,0,16,0,0,0,0,7,9,1,1,6,1,88,11,2799,1,21,-1,1,-1,5,3,563967.0,317430.0,0.426787,52.729655,36,1,3,5,42345,1,1899-12-30 15:40:00,407,E10000020,3,47,6,60,0,-1,-1,0,0,0,1,1,1,0,0,2,1,E01026724,5.0,1.0,1.0,88.0,11.0,3.0,0.0,0.0,0.0,0.0,0.0,9.0,1.0,9.0
3566,2015551501110,1,9,0,18,0,0,1,0,0,0,3,1,6,2,24,5,1595,1,18,-1,1,-1,6,3,388748.0,108245.0,-2.161285,50.873592,55,1,3,6,42258,2,1899-12-30 15:05:00,642,E10000009,3,350,6,60,0,-1,-1,0,0,0,1,1,1,0,0,2,1,E01020442,2.0,2.0,2.0,4.0,1.0,2.0,0.0,0.0,1.0,0.0,0.0,9.0,1.0,9.0
3567,2015460264626,2,9,0,18,0,0,0,0,0,0,1,1,6,1,53,8,1798,1,6,-1,-1,-1,7,2,570320.0,172720.0,0.448568,51.427891,46,1,2,7,42136,7,1899-12-30 20:30:00,535,E10000016,5,2,6,50,0,-1,-1,0,0,0,6,1,2,0,0,2,1,E01024300,7.0,2.0,2.0,53.0,8.0,3.0,0.0,0.0,1.0,0.0,0.0,9.0,1.0,2.0
3568,2015331500468,2,9,0,9,0,5,0,0,0,0,4,1,1,1,54,8,1229,1,8,-1,2,-1,1,2,432590.0,313210.0,-1.518997,52.715572,33,1,2,1,42220,4,1899-12-30 16:25:00,366,E10000018,5,7119,6,30,3,4,6,8427,0,0,1,1,1,0,0,2,1,E01025953,,,,,,,,,,,,,,
3569,201543P296025,8,9,0,18,0,0,0,0,0,0,1,1,6,1,47,8,998,1,1,-1,1,-1,36,37,455113.0,220016.0,-1.200828,51.875998,43,1,37,36,14/02/2015,7,1899-12-30 07:45:00,481,E10000025,1,40,3,70,0,-1,-1,0,0,0,1,7,2,0,3,2,1,E01028497,26.0,2.0,1.0,74.0,10.0,3.0,0.0,0.0,2.0,0.0,0.0,9.0,1.0,7.0
3570,2015921501095,2,20,1,17,0,0,1,0,0,0,1,1,1,1,43,7,-1,-1,-1,-1,1,-1,3,3,396933.0,821100.0,-2.052512,57.280522,92,1,3,3,28/09/2015,2,,911,S12000034,3,90,6,60,0,-1,-1,0,0,0,1,1,1,0,0,2,1,,2.0,1.0,1.0,43.0,7.0,1.0,0.0,0.0,0.0,0.0,0.0,20.0,1.0,-1.0
3571,201501TD00038,1,5,0,18,0,8,0,0,0,0,1,1,6,1,22,5,599,1,19,-1,1,-1,1,2,510820.0,175980.0,-0.405835,51.471942,1,1,2,1,27/02/2015,6,1899-12-30 21:11:00,25,E09000018,3,30,3,40,6,2,3,312,0,5,4,1,1,0,0,1,1,E01002586,1.0,1.0,1.0,22.0,5.0,1.0,0.0,0.0,0.0,0.0,0.0,5.0,1.0,7.0
3572,2015546288415,3,9,0,18,0,0,0,0,1,4,3,1,6,1,58,9,1896,2,12,-1,1,-1,4,3,390341.0,142937.0,-2.139581,51.185577,54,1,3,4,13/07/2015,2,1899-12-30 16:38:00,635,E06000054,3,36,6,60,0,-1,-1,0,0,0,1,1,2,0,0,2,1,E01032082,2.0,1.0,1.0,58.0,9.0,3.0,0.0,0.0,0.0,0.0,0.0,9.0,1.0,7.0
3573,2015450021727,1,9,0,18,0,0,0,0,0,0,0,1,1,1,57,9,1896,2,12,-1,2,-1,1,1,491138.0,134039.0,-0.699812,51.098424,45,1,1,1,42187,7,1899-12-30 01:45:00,517,E10000030,3,286,6,40,0,-1,-1,0,0,0,4,1,1,0,0,1,1,E01030932,1.0,3.0,1.0,37.0,7.0,1.0,9.0,5.0,0.0,0.0,0.0,0.0,3.0,9.0
3574,201501TD00032,2,21,0,18,0,0,0,0,0,0,3,1,1,1,66,10,11946,2,15,-1,1,-1,1,2,545450.0,190830.0,0.098572,51.597541,1,1,2,1,42279,3,1899-12-30 04:33:00,14,E09000026,5,0,6,40,0,-1,-1,0,0,0,4,1,1,0,0,2,1,E01003640,,,,,,,,,,,,,,
3575,2015471501991,1,9,0,16,0,8,2,0,1,11,3,1,6,1,20,4,1149,1,13,-1,1,-1,2,1,553620.0,129713.0,0.190117,51.046232,47,1,1,2,42342,1,1899-12-30 00:42:00,556,E10000011,4,2100,6,30,3,4,6,0,0,0,4,1,1,0,0,1,1,E01021155,2.0,2.0,1.0,21.0,5.0,1.0,0.0,0.0,1.0,0.0,0.0,9.0,1.0,10.0
3576,2015530209321,2,9,0,18,0,0,0,0,1,0,1,1,3,1,25,5,1995,2,1,-1,2,-1,5,3,357192.0,197604.0,-2.620481,51.675563,53,1,3,5,42310,4,1899-12-30 08:19:00,622,E10000013,3,48,6,60,0,-1,-1,0,0,0,1,1,2,0,0,2,1,E01022274,2.0,2.0,1.0,3.0,1.0,2.0,0.0,0.0,2.0,0.0,0.0,9.0,2.0,3.0