,accident_index,vehicle_reference,vehicle_type,towing_and_articulation,vehicle_manoeuvre,vehicle_location-restricted_lane,junction_location,skidding_and_overturning,hit_object_in_carriageway,vehicle_leaving_carriageway,hit_object_off_carriageway,1st_point_of_impact,was_vehicle_left_hand_drive?,journey_purpose_of_driver,sex_of_driver,age_of_driver,age_band_of_driver,engine_capacity_(cc),propulsion_code,age_of_vehicle,driver_imd_decile,driver_home_area_type,vehicle_imd_decile,NUmber_of_Casualities_unique_to_accident_index,No_of_Vehicles_involved_unique_to_accident_index,location_easting_osgr,location_northing_osgr,longitude,latitude,police_force,accident_severity,number_of_vehicles,number_of_casualties,date,day_of_week,time,local_authority_(district),local_authority_(highway),1st_road_class,1st_road_number,road_type,speed_limit,junction_detail,junction_control,2nd_road_class,2nd_road_number,pedestrian_crossing-human_control,pedestrian_crossing-physical_facilities,light_conditions,weather_conditions,road_surface_conditions,special_conditions_at_site,carriageway_hazards,urban_or_rural_area,did_police_officer_attend_scene_of_accident,lsoa_of_accident_location,casualty_reference,casualty_class,sex_of_casualty,age_of_casualty,age_band_of_casualty,casualty_severity,pedestrian_location,pedestrian_movement,car_passenger,bus_or_coach_passenger,pedestrian_road_maintenance_worker,casualty_type,casualty_home_area_type,casualty_imd_decile
3577,2015210028138,2,98,1,18,0,0,0,0,0,0,2,1,1,1,36,7,12900,2,6,-1,1,-1,3,3,386518.0,346735.0,-2.202419,53.017742,21,1,3,3,22/08/2015,7,1899-12-30 04:44:00,257,E06000021,3,500,3,50,0,-1,-1,0,0,0,4,1,2,0,0,1,1,E01014291,,,,,,,,,,,,,,
3578,201591NL00068,2,11,0,8,0,0,0,0,0,0,2,1,1,1,64,9,8268,2,10,-1,3,-1,2,2,435976.0,1167690.0,-1.349115,60.391536,91,1,2,2,42125,2,1899-12-30 11:46:00,936,S12000027,3,970,6,30,0,-1,-1,0,0,0,1,1,2,0,0,2,1,,,,,,,,,,,,,,,
3579,201523M400635,1,9,0,18,0,0,5,0,0,0,1,1,4,1,42,7,1997,1,13,-1,1,-1,1,4,424561.0,263463.0,-1.641502,52.26878,23,1,4,1,26/06/2015,6,1899-12-30 00:01:00,294,E10000031,1,40,3,70,0,-1,-1,0,0,0,6,1,1,0,0,2,1,E01031267,1.0,1.0,1.0,42.0,7.0,1.0,0.0,0.0,0.0,0.0,0.0,9.0,1.0,7.0
3580,201543P296025,27,9,0,18,0,0,0,0,0,0,2,1,6,1,50,8,1999,1,18,-1,1,-1,36,37,455113.0,220016.0,-1.200828,51.875998,43,1,37,36,14/02/2015,7,1899-12-30 07:45:00,481,E10000025,1,40,3,70,0,-1,-1,0,0,0,1,7,2,0,3,2,1,E01028497,35.0,2.0,1.0,29.0,6.0,3.0,0.0,0.0,1.0,0.0,0.0,9.0,1.0,8.0
3581,201563CP04415,4,9,0,2,0,1,0,0,0,0,0,1,6,3,-1,-1,-1,-1,-1,-1,-1,-1,3,4,202510.0,202770.0,-4.858567,51.688859,63,1,4,3,16/04/2015,5,1899-12-30 16:21:00,752,W06000009,3,477,6,60,8,4,6,0,0,0,1,1,1,0,0,2,1,W01000557,,,,,,,,,,,,,,
3582,2015331501108,1,3,0,18,0,0,0,0,1,9,1,1,6,1,45,7,999,1,6,-1,1,-1,1,1,466120.0,311880.0,-1.022967,52.700567,33,1,1,1,42193,6,1899-12-30 17:28:00,362,E10000018,5,4303,3,60,0,-1,-1,0,0,0,1,1,1,0,0,2,1,E01025730,1.0,1.0,1.0,45.0,7.0,1.0,0.0,0.0,0.0,0.0,0.0,3.0,1.0,1.0
3583,2015350154215,2,9,0,18,0,0,0,0,0,0,1,1,6,1,50,8,-1,-1,-1,-1,3,-1,3,3,549640.0,270080.0,0.1935,52.308449,35,1,3,3,42195,4,1899-12-30 15:26:00,395,E10000003,3,10,6,60,0,-1,-1,0,0,0,1,1,1,0,0,2,1,E01018298,2.0,2.0,1.0,-1.0,-1.0,2.0,0.0,0.0,1.0,0.0,0.0,9.0,3.0,3.0
3584,2015521504757,2,9,0,12,0,0,0,0,0,0,1,1,6,2,54,8,1389,1,13,-1,1,-1,4,2,361957.0,163370.0,-2.547867,51.368108,52,1,2,4,42192,3,1899-12-30 15:14:00,611,E06000022,3,37,6,60,0,-1,-1,0,0,0,1,1,1,0,0,2,1,E01014446,4.0,2.0,2.0,57.0,9.0,2.0,0.0,0.0,1.0,0.0,0.0,9.0,3.0,6.0
3585,2015220034628,2,9,0,18,0,0,0,0,0,0,1,1,5,1,36,7,1796,1,13,-1,1,-1,1,2,382721.0,261459.0,-2.254526,52.251032,22,1,2,1,21/11/2015,7,1899-12-30 16:58:00,273,E10000034,3,443,6,60,0,-1,-1,0,0,0,6,1,1,0,0,2,1,E01032181,,,,,,,,,,,,,,
3586,201514C034315,3,9,0,17,0,0,1,0,0,0,3,1,6,2,49,8,1596,1,8,-1,1,-1,4,4,456966.0,392463.0,-1.144182,53.425892,14,1,4,4,42159,2,1899-12-30 16:02:00,213,E08000018,3,631,6,60,0,-1,-1,0,0,0,1,1,1,0,0,2,1,E01007764,4.0,2.0,2.0,14.0,3.0,3.0,0.0,0.0,2.0,0.0,0.0,9.0,1.0,8.0
3587,201501TD00038,2,11,0,9,0,8,0,0,0,0,4,1,1,1,54,8,4500,2,4,-1,1,-1,1,2,510820.0,175980.0,-0.405835,51.471942,1,1,2,1,27/02/2015,6,1899-12-30 21:11:00,25,E09000018,3,30,3,40,6,2,3,312,0,5,4,1,1,0,0,1,1,E01002586,,,,,,,,,,,,,,
3588,201543N155075,2,5,0,16,0,0,0,0,0,0,4,1,6,1,41,7,1170,1,10,-1,2,-1,2,3,471711.0,233387.0,-0.956979,51.99431,43,1,3,2,19/07/2015,1,1899-12-30 14:19:00,476,E10000002,3,421,6,60,0,-1,-1,0,0,0,1,1,1,0,0,2,1,E01017650,2.0,1.0,1.0,41.0,7.0,2.0,0.0,0.0,0.0,0.0,0.0,5.0,2.0,10.0
3589,201514C110515,2,9,0,16,0,2,0,0,0,0,1,1,6,1,18,4,1248,1,-1,-1,2,-1,3,2,447427.0,397025.0,-1.287035,53.467836,14,1,2,3,28/10/2015,4,1899-12-30 14:41:00,213,E08000018,4,6090,6,60,3,4,6,0,0,0,1,1,2,0,0,2,1,E01007720,2.0,1.0,1.0,18.0,4.0,3.0,0.0,0.0,0.0,0.0,0.0,9.0,3.0,1.0
3590,2015520601046,1,9,0,18,0,8,1,0,0,4,4,1,6,3,-1,-1,1796,1,22,-1,-1,-1,2,1,330948.0,141106.0,-2.988942,51.165014,52,1,1,2,20/12/2015,1,1899-12-30 01:10:00,607,E10000027,3,38,9,50,1,4,6,0,0,0,7,1,1,0,0,2,1,E01029145,2.0,2.0,1.0,-1.0,-1.0,2.0,0.0,0.0,2.0,0.0,0.0,9.0,-1.0,-1.0
3591,2015521507603,1,9,0,13,0,0,0,0,0,0,4,1,6,1,40,7,1390,2,12,-1,1,-1,1,2,354814.0,176329.0,-2.652125,51.484098,52,1,2,1,17/10/2015,7,1899-12-30 06:18:00,601,E06000023,3,4,3,30,0,-1,-1,0,0,0,6,1,1,0,0,1,1,E01014643,1.0,1.0,1.0,40.0,7.0,1.0,0.0,0.0,0.0,0.0,0.0,9.0,1.0,1.0
3592,2015621501887,2,90,0,18,0,0,5,0,1,4,2,1,1,1,50,8,-1,-1,-1,-1,3,-1,3,3,311387.0,180565.0,-3.278465,51.517031,62,1,3,3,42046,2,1899-12-30 17:44:00,741,W06000015,1,4,3,70,0,-1,-1,0,0,0,6,1,2,0,0,2,1,W01001948,2.0,1.0,1.0,50.0,8.0,1.0,0.0,0.0,0.0,0.0,0.0,90.0,3.0,-1.0
3593,2015075386102,2,9,0,18,0,1,0,0,0,0,2,1,1,1,71,10,-1,-1,-1,-1,1,-1,1,3,358000.0,391392.0,-2.6334,53.417648,7,1,3,1,27/12/2015,1,1899-12-30 04:02:00,128,E06000007,1,62,3,70,5,4,6,0,0,0,4,2,2,0,0,1,1,E01012469,,,,,,,,,,,,,,
3594,2015530209301,1,21,1,12,0,6,0,0,0,0,1,1,1,1,60,9,12900,2,7,-1,1,-1,1,2,389203.0,221062.0,-2.158285,51.888008,53,1,2,1,42339,2,1899-12-30 22:05:00,625,E10000013,3,40,3,70,5,4,3,40,0,0,6,5,2,0,0,1,1,E01022427,,,,,,,,,,,,,,
3595,2015460255713,1,9,0,13,0,0,2,0,7,9,3,1,6,1,34,6,1798,1,7,-1,-1,-1,2,3,577220.0,159550.0,0.541158,51.307474,46,1,3,2,25/04/2015,7,1899-12-30 20:29:00,536,E10000016,5,97,6,40,0,-1,-1,0,0,0,6,1,1,0,0,2,1,E01024335,1.0,1.0,1.0,34.0,6.0,1.0,0.0,0.0,0.0,0.0,0.0,9.0,-1.0,-1.0
3596,2015460264513,1,90,0,18,0,0,0,0,0,0,1,1,6,2,85,11,-1,-1,-1,-1,1,-1,1,2,618130.0,167540.0,1.132123,51.365016,46,1,2,1,28/11/2015,7,1899-12-30 10:00:00,531,E10000016,4,2205,6,30,0,-1,-1,0,0,8,1,1,1,0,0,1,1,E01024083,1.0,1.0,2.0,85.0,11.0,1.0,0.0,0.0,0.0,0.0,0.0,90.0,1.0,3.0
3597,2015941500522,1,5,0,13,0,1,0,0,7,4,3,1,6,1,38,7,599,1,5,-1,3,-1,1,1,326719.0,712578.0,-3.185759,56.299945,94,1,1,1,42345,1,1899-12-30 11:30:00,925,S12000015,3,91,6,60,3,4,6,0,0,0,1,1,1,0,0,2,1,,1.0,1.0,1.0,38.0,7.0,1.0,0.0,0.0,0.0,0.0,0.0,5.0,3.0,-1.0
3598,201501TD00074,1,9,0,18,0,0,0,4,1,0,2,1,6,1,19,4,1596,1,10,-1,1,-1,5,4,519040.0,188610.0,-0.283276,51.583785,1,1,4,5,31/05/2015,1,1899-12-30 03:05:00,28,E09000005,5,0,6,30,0,-1,-1,0,0,0,5,2,2,0,0,1,1,E01033463,4.0,2.0,1.0,29.0,6.0,2.0,0.0,0.0,2.0,0.0,0.0,9.0,1.0,9.0
3599,201514C051315,2,9,0,18,0,0,0,0,1,0,1,1,6,1,74,10,1796,1,10,-1,2,-1,4,2,454829.0,392020.0,-1.176415,53.422136,14,1,2,4,17/05/2015,1,1899-12-30 13:14:00,213,E08000018,3,631,6,60,0,-1,-1,0,0,0,1,1,1,0,0,2,1,E01007764,4.0,2.0,2.0,16.0,4.0,3.0,0.0,0.0,2.0,0.0,0.0,9.0,3.0,9.0
3600,201560S166072,1,9,0,18,0,0,0,0,0,0,4,1,6,1,29,6,-1,-1,-1,-1,-1,-1,4,2,277123.0,370141.0,-3.841576,53.214077,60,1,2,4,29/10/2015,5,1899-12-30 20:45:00,721,W06000003,4,5106,6,60,0,-1,-1,0,0,0,6,1,1,0,0,2,1,W01000124,1.0,1.0,1.0,29.0,6.0,1.0,0.0,0.0,0.0,0.0,0.0,9.0,-1.0,-1.0
3601,201522G501012,1,9,0,18,0,0,0,0,0,0,1,1,6,1,43,7,4197,1,8,-1,1,-1,1,1,371250.0,303340.0,-2.426171,52.627051,22,1,1,1,17/03/2015,3,1899-12-30 23:00:00,286,E06000051,3,442,6,60,0,-1,-1,0,0,0,6,1,2,0,0,2,1,E01028847,1.0,3.0,1.0,33.0,6.0,1.0,10.0,9.0,0.0,0.0,0.0,0.0,-1.0,-1.0
3602,2015440175195,3,9,0,18,0,0,0,0,0,0,1,1,6,2,57,9,1596,1,11,-1,2,-1,7,4,446044.0,84605.0,-1.349956,50.659307,44,1,4,7,24/05/2015,1,1899-12-30 13:09:00,505,E06000046,4,3323,6,60,0,-1,-1,0,0,0,1,1,1,0,0,2,1,E01017294,4.0,1.0,2.0,57.0,9.0,3.0,0.0,0.0,0.0,0.0,0.0,9.0,2.0,4.0
3603,2015950003303,1,9,0,18,0,0,0,0,0,0,1,1,6,2,67,10,1422,2,7,-1,3,-1,4,2,344283.0,645789.0,-2.888111,55.702334,95,1,2,4,14/07/2015,3,1899-12-30 16:30:00,914,S12000026,3,7,6,60,0,-1,-1,0,0,0,1,1,1,0,0,2,1,,3.0,2.0,2.0,68.0,10.0,2.0,0.0,0.0,2.0,0.0,0.0,9.0,2.0,10.0
3604,2015621501957,1,9,0,18,0,0,0,0,0,0,1,1,2,2,37,7,-1,-1,-1,-1,1,-1,1,1,314584.0,180895.0,-3.232482,51.52049,62,1,1,1,42319,4,1899-12-30 16:12:00,741,W06000015,3,4054,6,30,0,-1,-1,0,0,0,4,1,1,0,0,1,1,W01001894,1.0,3.0,1.0,75.0,10.0,1.0,5.0,1.0,0.0,0.0,0.0,0.0,1.0,-1.0
3605,2015551500799,2,5,0,18,0,1,1,0,0,0,1,1,2,1,50,8,849,1,7,-1,3,-1,1,2,367937.0,83333.0,-2.45487,50.648791,55,1,2,1,23/06/2015,3,1899-12-30 07:55:00,646,E10000009,3,353,6,40,3,4,5,0,0,0,1,1,1,0,0,1,1,E01020552,1.0,1.0,1.0,50.0,8.0,1.0,0.0,0.0,0.0,0.0,0.0,5.0,-1.0,-1.0
3606,2015120178366,1,9,0,18,0,8,0,0,0,0,4,1,6,2,44,7,1398,1,1,-1,1,-1,1,2,446232.0,442765.0,-1.298239,53.879029,12,1,2,1,42226,5,1899-12-30 17:20:00,187,E10000023,5,306,6,40,6,4,6,746,0,0,1,1,1,0,0,2,1,E01027922,,,,,,,,,,,,,,
3607,201501TD00067,1,9,0,16,0,0,0,0,0,0,3,1,6,1,74,10,1399,2,5,-1,1,-1,3,3,523210.0,187460.0,-0.223524,51.572554,1,1,3,3,29/04/2015,4,1899-12-30 19:18:00,30,E09000003,6,0,6,30,0,-1,-1,0,0,0,1,1,1,0,0,1,1,E01000221,1.0,1.0,1.0,74.0,10.0,1.0,0.0,0.0,0.0,0.0,0.0,9.0,1.0,1.0
3608,201504SB15001,2,9,0,18,0,0,0,0,0,0,1,1,6,2,80,11,1560,2,1,-1,1,-1,4,3,339310.0,410840.0,-2.918349,53.590609,4,1,3,4,42156,3,1899-12-30 17:58:00,84,E10000017,3,570,6,50,0,-1,-1,0,0,0,4,1,2,0,0,2,1,E01025515,1.0,1.0,2.0,80.0,11.0,2.0,0.0,0.0,0.0,0.0,0.0,9.0,1.0,3.0
3609,201563DP08415,1,9,0,18,0,0,5,0,0,0,3,1,6,1,44,7,-1,-1,-1,-1,1,-1,4,1,304900.0,215280.0,-3.381389,51.828014,63,1,1,4,28/04/2015,3,1899-12-30 23:15:00,753,W06000023,6,0,6,60,0,-1,-1,0,0,0,6,2,2,0,0,2,1,W01001897,4.0,2.0,1.0,24.0,5.0,3.0,0.0,0.0,2.0,0.0,0.0,9.0,1.0,3.0
3610,2015621501297,1,19,0,17,0,0,1,4,0,0,4,1,6,1,25,5,-1,-1,-1,-1,1,-1,5,4,298354.0,203540.0,-3.472904,51.72134,62,1,4,5,42071,2,1899-12-30 03:28:00,744,W06000016,6,0,6,30,0,-1,-1,0,0,0,4,1,2,0,0,1,1,W01001154,4.0,2.0,2.0,25.0,5.0,3.0,0.0,0.0,0.0,0.0,0.0,19.0,1.0,-1.0
3611,201543P187125,1,9,0,13,0,2,0,0,0,0,1,1,2,1,20,4,998,1,-1,-1,1,-1,2,4,446683.0,233724.0,-1.321417,52.000003,43,1,4,2,18/12/2015,6,1899-12-30 07:28:00,481,E10000025,3,4260,6,60,8,4,6,0,0,0,6,1,1,0,0,2,1,E01028423,1.0,1.0,1.0,20.0,4.0,1.0,0.0,0.0,0.0,0.0,0.0,9.0,1.0,7.0
3612,201504SB15158,2,9,0,4,0,0,0,0,0,0,1,1,6,2,19,4,1299,1,12,-1,2,-1,5,2,345040.0,415060.0,-2.832539,53.629169,4,1,2,5,18/08/2015,3,1899-12-30 11:55:00,84,E10000017,6,0,6,60,0,-1,-1,0,0,0,1,1,1,0,0,2,1,E01025513,5.0,2.0,1.0,14.0,3.0,3.0,0.0,0.0,2.0,0.0,0.0,9.0,2.0,5.0
3613,2015520507651,1,9,0,18,0,0,0,0,0,0,1,1,6,1,25,5,1997,1,15,-1,-1,-1,5,3,353440.0,114976.0,-2.663928,50.932343,52,1,3,5,16/10/2015,6,1899-12-30 19:55:00,610,E10000027,3,3088,6,60,0,-1,-1,0,0,0,6,1,1,0,0,2,1,E01029180,5.0,2.0,2.0,22.0,5.0,3.0,0.0,0.0,2.0,0.0,0.0,9.0,-1.0,-1.0
3614,201563DP08415,1,9,0,18,0,0,5,0,0,0,3,1,6,1,44,7,-1,-1,-1,-1,1,-1,4,1,304900.0,215280.0,-3.381389,51.828014,63,1,1,4,28/04/2015,3,1899-12-30 23:15:00,753,W06000023,6,0,6,60,0,-1,-1,0,0,0,6,2,2,0,0,2,1,W01001897,2.0,2.0,1.0,29.0,6.0,3.0,0.0,0.0,2.0,0.0,0.0,9.0,1.0,-1.0
3615,2015440175195,2,1,0,18,0,0,1,0,1,0,3,1,6,2,27,6,-1,-1,-1,-1,1,-1,7,4,446044.0,84605.0,-1.349956,50.659307,44,1,4,7,24/05/2015,1,1899-12-30 13:09:00,505,E06000046,4,3323,6,60,0,-1,-1,0,0,0,1,1,1,0,0,2,1,E01017294,3.0,1.0,2.0,27.0,6.0,2.0,0.0,0.0,0.0,0.0,0.0,1.0,1.0,2.0
3616,201514C039515,3,9,0,18,0,0,0,0,0,0,0,1,6,1,39,7,-1,-1,-1,-1,1,-1,2,3,445528.0,385081.0,-1.31736,53.360652,14,1,3,2,17/04/2015,6,1899-12-30 22:20:00,213,E08000018,3,618,6,40,0,-1,-1,0,0,0,4,1,1,0,0,1,1,E01007674,,,,,,,,,,,,,,
3617,201537EA95200,1,9,0,18,0,0,1,0,1,4,4,1,6,1,27,6,2979,1,15,-1,3,-1,2,1,646491.0,281606.0,1.620094,52.376983,37,1,1,2,42349,5,1899-12-30 01:30:00,416,E10000029,6,0,6,60,0,-1,-1,0,0,0,6,1,1,0,0,2,1,E01030295,2.0,2.0,1.0,25.0,5.0,1.0,0.0,0.0,1.0,0.0,0.0,9.0,1.0,2.0
3618,2015160C00031,1,9,0,18,0,0,1,0,1,4,3,1,6,1,27,6,1598,1,7,-1,1,-1,1,1,512243.0,448426.0,-0.292404,53.919822,16,1,1,1,42005,5,1899-12-30 19:10:00,231,E06000011,3,165,6,60,0,-1,-1,0,0,0,6,5,2,0,0,2,1,E01012988,1.0,1.0,1.0,27.0,6.0,1.0,0.0,0.0,0.0,0.0,0.0,9.0,1.0,6.0
3619,2015542512915,1,9,0,18,0,2,0,0,0,0,2,1,6,3,-1,-1,-1,-1,-1,-1,-1,-1,1,3,386682.0,141253.0,-2.19187,51.170361,54,1,3,1,21/03/2015,7,1899-12-30 16:12:00,635,E06000054,3,350,6,40,3,4,6,0,0,0,1,1,1,0,0,2,1,E01032081,,,,,,,,,,,,,,
3620,201501TD00141,1,19,0,9,0,1,0,0,0,0,3,1,6,1,41,7,1968,2,2,-1,1,-1,1,2,534580.0,169120.0,-0.066541,51.405148,1,1,2,1,21/11/2015,7,1899-12-30 13:11:00,19,E09000006,3,213,6,30,3,4,6,0,0,0,1,1,1,0,0,1,1,E01000705,,,,,,,,,,,,,,
3621,201531D041115,2,5,0,4,0,0,1,0,5,6,3,1,6,1,21,5,599,1,17,-1,1,-1,3,3,447473.0,345268.0,-1.294035,53.002634,31,1,3,3,42096,4,1899-12-30 14:55:00,342,E10000024,3,610,3,70,0,-1,-1,0,0,0,1,1,1,0,0,2,1,E01028115,2.0,2.0,2.0,21.0,5.0,1.0,0.0,0.0,0.0,0.0,0.0,5.0,-1.0,-1.0
3622,2015210034308,1,9,0,18,0,0,0,0,0,0,1,1,2,1,50,8,2000,2,9,-1,1,-1,1,2,383421.0,351251.0,-2.248818,53.058249,21,1,2,1,25/11/2015,4,1899-12-30 02:25:00,253,E10000028,3,34,3,70,0,-1,-1,0,0,0,6,1,2,0,0,2,1,E01029545,,,,,,,,,,,,,,
3623,2015100664715,3,5,0,18,0,1,1,0,1,0,1,1,6,1,39,7,599,1,13,-1,1,-1,2,3,422825.0,629336.0,-1.63972,55.557184,10,1,3,2,25/10/2015,1,1899-12-30 13:44:00,139,E06000048,4,1340,6,60,3,4,6,2036,0,0,1,1,1,0,0,2,1,E01027384,2.0,1.0,1.0,39.0,7.0,2.0,0.0,0.0,0.0,0.0,0.0,5.0,1.0,9.0
3624,2015075138222,1,9,0,18,0,0,1,0,0,0,1,1,6,1,20,4,2982,2,2,-1,3,-1,2,4,372538.0,363534.0,-2.412249,53.168207,7,1,4,2,16/05/2015,7,1899-12-30 14:09:00,129,E06000049,3,533,6,60,0,-1,-1,0,0,0,1,1,1,0,0,2,1,E01018394,2.0,1.0,1.0,20.0,4.0,3.0,0.0,0.0,0.0,0.0,0.0,9.0,3.0,6.0
3625,2015075239666,1,21,1,16,0,8,0,0,0,0,3,1,1,1,45,7,12777,2,7,-1,1,-1,2,3,354362.0,348995.0,-2.682049,53.036273,7,1,3,2,14/08/2015,6,1899-12-30 09:25:00,130,E06000050,3,49,6,60,3,4,6,0,0,0,1,2,2,0,0,2,1,E01018356,2.0,1.0,1.0,45.0,7.0,3.0,0.0,0.0,0.0,0.0,0.0,21.0,1.0,8.0
3626,2015520507463,2,9,0,2,0,0,0,0,0,0,3,1,6,3,-1,-1,1984,1,15,-1,-1,-1,2,2,368471.0,134964.0,-2.451787,51.113094,52,1,2,2,27/09/2015,1,1899-12-30 15:00:00,610,E10000027,3,359,6,30,0,-1,-1,0,0,0,1,1,1,0,0,2,1,E01029157,,,,,,,,,,,,,,
3627,2015350042415,2,9,0,18,0,0,0,0,0,0,1,1,6,1,45,7,2000,2,5,-1,1,-1,1,2,523070.0,269100.0,-0.196355,52.306235,35,1,2,1,26/03/2015,5,1899-12-30 20:50:00,393,E10000003,4,1043,6,60,0,-1,-1,0,0,0,6,1,1,0,0,2,1,E01018132,,,,,,,,,,,,,,
3628,201563AC39315,1,9,0,13,0,0,0,0,0,0,1,1,6,1,39,7,-1,-1,-1,-1,2,-1,3,3,227100.0,216250.0,-4.509915,51.818058,63,1,3,3,42350,7,1899-12-30 19:58:00,751,W06000010,3,40,6,60,0,-1,-1,0,0,0,4,2,2,0,0,2,1,W01000720,3.0,2.0,1.0,6.0,2.0,3.0,0.0,0.0,1.0,0.0,0.0,9.0,2.0,-1.0
3629,201534TS80185,1,9,0,18,0,0,0,0,7,10,1,1,6,1,71,10,1000,1,2,-1,-1,-1,1,1,456821.0,247339.0,-1.1715,52.121454,34,1,1,1,18/08/2015,3,1899-12-30 13:25:00,385,E10000021,5,19,6,60,0,-1,-1,0,0,0,1,1,1,0,0,2,1,E01027306,1.0,1.0,1.0,71.0,10.0,1.0,0.0,0.0,0.0,0.0,0.0,9.0,-1.0,-1.0
3630,201522F502891,3,19,0,18,0,8,0,0,0,0,1,1,6,1,63,9,2463,2,11,-1,-1,-1,4,3,352700.0,321800.0,-2.702862,52.791683,22,1,3,4,26/08/2015,4,1899-12-30 15:19:00,286,E06000051,3,49,6,60,9,4,6,0,0,0,1,1,1,0,0,2,1,E01028861,4.0,2.0,2.0,60.0,9.0,3.0,0.0,0.0,1.0,0.0,0.0,19.0,-1.0,-1.0
3631,201501TD00080,1,9,0,18,0,1,0,0,0,0,4,1,6,1,22,5,1956,2,1,-1,1,-1,1,1,538270.0,172470.0,-0.012218,51.434365,1,1,1,1,17/06/2015,4,1899-12-30 16:55:00,7,E09000023,6,0,6,30,3,4,6,0,0,0,1,2,2,0,0,1,1,E01003223,1.0,3.0,1.0,18.0,4.0,1.0,5.0,2.0,0.0,0.0,2.0,0.0,1.0,2.0
3632,2015460258149,3,9,0,16,0,1,0,0,0,0,1,1,6,1,56,9,1910,2,8,-1,1,-1,2,4,600810.0,131250.0,0.863372,51.045494,46,1,4,2,24/06/2015,4,1899-12-30 16:10:00,530,E10000016,3,2070,6,60,3,4,6,0,0,0,1,1,1,0,0,2,1,E01024037,,,,,,,,,,,,,,
3633,201506Q000863,1,9,0,16,0,0,5,0,8,7,3,1,6,1,24,5,1995,2,4,-1,-1,-1,1,1,398030.0,412690.0,-2.031249,53.610759,6,1,1,1,42313,2,1899-12-30 02:40:00,104,E08000004,3,672,6,50,0,-1,-1,0,0,0,6,1,1,0,0,2,1,E01005414,1.0,1.0,1.0,24.0,5.0,1.0,0.0,0.0,0.0,0.0,0.0,9.0,-1.0,-1.0
3634,2015120143801,2,21,0,18,0,0,0,0,1,4,0,1,1,1,23,5,-1,-1,-1,-1,-1,-1,2,2,417024.0,494558.0,-1.739621,54.346287,12,1,2,2,17/08/2015,2,1899-12-30 13:45:00,184,E10000023,5,104,6,60,0,-1,-1,0,0,0,1,1,1,0,0,2,1,E01027758,2.0,1.0,1.0,23.0,5.0,3.0,0.0,0.0,0.0,0.0,0.0,21.0,-1.0,-1.0
3635,201531A235115,2,9,0,18,0,0,0,0,0,0,1,1,6,2,58,9,1299,1,14,-1,1,-1,5,2,451502.0,361561.0,-1.2314,53.148708,31,1,2,5,42227,1,1899-12-30 10:13:00,344,E10000024,3,6075,6,40,0,-1,-1,0,0,0,1,1,2,0,0,1,1,E01033392,3.0,2.0,1.0,27.0,6.0,2.0,0.0,0.0,2.0,0.0,0.0,9.0,1.0,1.0
3636,2015471506757,2,19,0,18,0,0,0,0,0,0,0,1,6,1,28,6,2402,2,12,-1,1,-1,1,3,571162.0,118220.0,0.434725,50.938024,47,1,3,1,15/11/2015,1,1899-12-30 11:58:00,555,E10000011,4,2096,6,60,0,-1,-1,0,0,0,1,2,2,0,0,2,1,E01021100,,,,,,,,,,,,,,
3637,2015030001304,1,9,0,17,0,0,5,0,1,0,1,1,6,1,25,5,1360,1,13,-1,3,-1,3,2,365560.0,522610.0,-2.534569,54.597488,3,1,2,3,25/05/2015,2,1899-12-30 17:10:00,64,E10000006,3,66,6,60,0,-1,-1,0,0,0,1,1,1,0,0,2,1,E01019323,1.0,1.0,1.0,25.0,5.0,1.0,0.0,0.0,0.0,0.0,0.0,9.0,3.0,5.0
3638,2015120055894,3,19,0,17,0,0,1,0,1,0,1,1,6,1,43,7,1995,2,5,-1,1,-1,4,3,452258.0,452080.0,-1.204997,53.962171,12,1,3,4,42159,2,1899-12-30 13:00:00,189,E06000014,4,1224,6,60,0,-1,-1,0,0,0,1,1,1,0,0,2,1,E01013421,4.0,2.0,2.0,22.0,5.0,3.0,0.0,0.0,0.0,0.0,0.0,19.0,2.0,9.0
3639,20154100G0272,1,5,0,17,0,0,1,0,0,0,1,1,6,1,33,6,599,1,7,-1,1,-1,2,1,511829.0,225765.0,-0.37537,51.91919,41,1,1,2,42161,7,1899-12-30 17:11:00,433,E10000015,3,505,3,70,0,-1,-1,0,0,0,1,1,1,0,0,2,1,E01023624,2.0,1.0,1.0,33.0,6.0,2.0,0.0,0.0,0.0,0.0,0.0,5.0,1.0,4.0
3640,201560S178591,1,9,0,17,0,0,2,0,0,0,3,1,6,1,22,5,-1,-1,-1,-1,-1,-1,5,2,303861.0,343548.0,-3.433356,52.980623,60,1,2,5,21/11/2015,7,1899-12-30 11:39:00,723,W06000004,3,5,6,60,0,-1,-1,0,0,0,1,1,2,0,0,2,1,W01000193,3.0,2.0,1.0,20.0,4.0,1.0,0.0,0.0,1.0,0.0,0.0,9.0,-1.0,-1.0
3641,2015950004128,1,9,0,9,0,0,0,0,0,0,4,1,6,1,78,11,-1,-1,-1,-1,2,-1,1,2,345460.0,679314.0,-2.876138,56.003651,95,1,2,1,15/09/2015,3,1899-12-30 16:15:00,921,S12000010,3,198,6,60,0,-1,-1,0,0,5,1,1,1,0,0,2,1,,,,,,,,,,,,,,,