,accident_index,vehicle_reference,vehicle_type,towing_and_articulation,vehicle_manoeuvre,vehicle_location-restricted_lane,junction_location,skidding_and_overturning,hit_object_in_carriageway,vehicle_leaving_carriageway,hit_object_off_carriageway,1st_point_of_impact,was_vehicle_left_hand_drive?,journey_purpose_of_driver,sex_of_driver,age_of_driver,age_band_of_driver,engine_capacity_(cc),propulsion_code,age_of_vehicle,driver_imd_decile,driver_home_area_type,vehicle_imd_decile,NUmber_of_Casualities_unique_to_accident_index,No_of_Vehicles_involved_unique_to_accident_index,location_easting_osgr,location_northing_osgr,longitude,latitude,police_force,accident_severity,number_of_vehicles,number_of_casualties,date,day_of_week,time,local_authority_(district),local_authority_(highway),1st_road_class,1st_road_number,road_type,speed_limit,junction_detail,junction_control,2nd_road_class,2nd_road_number,pedestrian_crossing-human_control,pedestrian_crossing-physical_facilities,light_conditions,weather_conditions,road_surface_conditions,special_conditions_at_site,carriageway_hazards,urban_or_rural_area,did_police_officer_attend_scene_of_accident,lsoa_of_accident_location,casualty_reference,casualty_class,sex_of_casualty,age_of_casualty,age_band_of_casualty,casualty_severity,pedestrian_location,pedestrian_movement,car_passenger,bus_or_coach_passenger,pedestrian_road_maintenance_worker,casualty_type,casualty_home_area_type,casualty_imd_decile
3709,201520M009005,1,9,0,18,0,2,0,0,0,0,1,1,6,1,32,6,1995,2,3,-1,1,-1,1,1,429020.0,276770.0,-1.575018,52.388193,20,2,1,1,13/05/2015,4,1899-12-30 08:50:00,302,E08000026,6,0,6,30,3,4,6,0,0,0,1,1,1,0,0,1,1,E01032533,1.0,3.0,1.0,19.0,4.0,2.0,5.0,3.0,0.0,0.0,0.0,0.0,1.0,6.0
3710,2015300015198,1,9,0,18,0,4,0,0,0,0,1,1,2,1,40,7,1560,2,3,-1,1,-1,1,2,447900.0,332740.0,-1.289519,52.889987,30,2,2,1,42102,3,1899-12-30 16:53:00,324,E10000007,4,6002,1,30,2,4,6,0,0,0,1,1,1,0,0,1,1,E01019708,,,,,,,,,,,,,,
3711,2015160B04521,1,9,0,18,0,0,0,0,0,0,1,1,2,2,52,8,1598,1,8,-1,1,-1,1,2,487336.0,409047.0,-0.68264,53.570769,16,2,2,1,23/12/2015,4,1899-12-30 06:57:00,232,E06000013,6,0,6,40,0,-1,-1,0,0,8,4,4,2,0,0,2,1,E01013280,1.0,3.0,2.0,48.0,8.0,2.0,7.0,5.0,0.0,0.0,0.0,0.0,1.0,1.0
3712,2015405BA1118,3,9,0,3,0,1,0,0,0,0,3,1,6,1,48,8,-1,-1,-1,-1,3,-1,2,3,516837.0,257830.0,-0.291625,52.206319,40,2,3,2,42319,4,1899-12-30 13:15:00,420,E06000055,3,428,6,60,3,2,6,0,0,5,1,1,1,0,0,2,1,E01017543,,,,,,,,,,,,,,
3713,201514B015815,4,9,0,2,0,0,0,0,0,0,4,1,6,3,-1,-1,1497,1,13,-1,-1,-1,3,4,440554.0,404037.0,-1.389658,53.531432,14,2,4,3,15/02/2015,1,1899-12-30 03:18:00,210,E08000016,6,0,6,30,0,-1,-1,0,0,0,7,1,2,0,0,1,1,E01007449,,,,,,,,,,,,,,
3714,2015930000423,1,9,0,16,0,2,0,0,7,4,1,1,6,1,18,4,1332,1,10,-1,2,-1,3,1,353794.0,757577.0,-2.75631,56.707595,93,2,1,3,13/08/2015,5,1899-12-30 20:20:00,912,S12000041,6,455,6,60,8,4,-1,-1,0,0,1,1,1,7,0,2,1,,3.0,2.0,1.0,17.0,4.0,3.0,0.0,0.0,2.0,0.0,0.0,9.0,2.0,-1.0
3715,201506E098725,1,9,0,18,0,0,0,0,0,0,1,1,6,2,21,5,1595,1,11,-1,1,-1,1,1,384510.0,396770.0,-2.234803,53.467438,6,2,1,1,22/03/2015,1,1899-12-30 03:59:00,102,E08000003,4,5117,6,30,0,-1,-1,0,0,0,4,1,1,0,0,1,1,E01005210,1.0,3.0,1.0,40.0,7.0,2.0,5.0,1.0,0.0,0.0,0.0,0.0,1.0,3.0
3716,2015521504376,2,9,0,18,0,1,0,0,0,0,1,1,6,1,49,8,1598,1,13,-1,1,-1,2,2,359841.0,175625.0,-2.579654,51.478148,52,2,2,2,16/06/2015,3,1899-12-30 16:05:00,601,E06000023,4,4052,6,20,3,4,6,0,0,4,1,1,1,0,0,1,1,E01014509,2.0,1.0,1.0,49.0,8.0,3.0,0.0,0.0,0.0,0.0,0.0,9.0,1.0,8.0
3717,201520G010205,1,19,0,12,0,1,0,0,0,0,0,1,6,3,-1,-1,2143,2,3,-1,-1,-1,1,2,390370.0,296790.0,-2.143511,52.568848,20,2,2,1,42317,6,1899-12-30 14:30:00,309,E08000031,3,449,6,30,6,2,3,4039,0,0,1,1,1,0,0,1,1,E01010467,,,,,,,,,,,,,,
3718,20151327C0244,1,9,0,18,9,8,1,0,1,2,4,1,6,1,24,5,1956,2,6,-1,1,-1,1,1,425852.0,418536.0,-1.610254,53.662675,13,2,1,1,42345,1,1899-12-30 01:50:00,203,E08000034,4,6117,6,30,3,4,6,0,0,0,4,1,1,0,0,2,1,E01011256,1.0,1.0,1.0,24.0,5.0,2.0,0.0,0.0,0.0,0.0,0.0,9.0,1.0,2.0
3719,201543S001025,3,9,0,18,0,1,0,0,0,0,1,1,6,1,44,7,1560,2,11,-1,1,-1,4,3,486968.0,236335.0,-0.734076,52.018632,43,2,3,4,42006,1,1899-12-30 11:35:00,479,E06000042,4,4034,6,40,3,4,6,1069,0,0,1,1,1,0,0,1,1,,2.0,2.0,2.0,40.0,7.0,2.0,0.0,0.0,1.0,0.0,0.0,9.0,1.0,5.0
3720,201501PL61006,1,19,0,18,0,0,0,0,0,0,1,1,6,1,48,8,2287,2,8,-1,1,-1,1,1,536610.0,177680.0,-0.034073,51.481585,1,2,1,1,30/11/2015,2,1899-12-30 06:10:00,7,E09000023,6,0,6,30,0,-1,-1,0,0,0,4,1,2,0,0,1,1,E01003246,1.0,1.0,1.0,48.0,8.0,2.0,0.0,0.0,0.0,0.0,0.0,19.0,1.0,4.0
3721,2015120087619,2,5,0,18,0,0,1,0,0,0,1,1,6,1,57,9,1050,1,8,-1,1,-1,3,3,512924.0,474804.0,-0.27224,54.156642,12,2,3,3,27/05/2015,4,1899-12-30 07:55:00,186,E10000023,3,165,6,60,0,-1,-1,0,0,0,1,1,1,4,0,2,1,E01027833,2.0,1.0,1.0,57.0,9.0,2.0,0.0,0.0,0.0,0.0,0.0,5.0,1.0,3.0
3722,2015100313315,2,5,0,4,0,0,0,0,0,0,2,1,6,1,57,9,583,1,21,-1,1,-1,1,3,423163.0,560634.0,-1.639981,54.939839,10,2,3,1,42130,6,1899-12-30 15:00:00,146,E08000020,4,6317,6,30,0,-1,-1,0,0,0,1,1,1,0,0,1,1,E01008256,1.0,1.0,1.0,57.0,9.0,2.0,0.0,0.0,0.0,0.0,0.0,5.0,1.0,8.0
3723,2015300014022,1,9,0,17,0,0,0,0,1,10,1,1,6,2,17,4,1229,1,10,-1,1,-1,2,1,438820.0,354550.0,-1.421854,53.086762,30,2,1,2,24/05/2015,1,1899-12-30 20:00:00,320,E10000007,4,6013,6,50,0,-1,-1,0,0,0,1,4,1,0,0,2,1,E01019477,1.0,1.0,2.0,17.0,4.0,2.0,0.0,0.0,0.0,0.0,0.0,9.0,1.0,2.0
3724,2015460262105,1,9,0,9,0,2,0,0,0,0,3,1,6,2,64,9,998,1,3,-1,3,-1,1,2,610500.0,138030.0,1.005355,51.102911,46,2,2,1,27/09/2015,1,1899-12-30 11:04:00,539,E10000016,3,20,6,40,3,4,6,0,0,0,1,1,1,0,0,2,1,E01024546,,,,,,,,,,,,,,
3725,201501GD10930,2,9,0,18,0,1,0,0,0,0,1,1,6,2,-1,-1,999,1,6,-1,-1,-1,1,2,533690.0,184790.0,-0.073404,51.546175,1,2,2,1,42196,7,1899-12-30 15:15:00,4,E09000012,3,104,6,30,6,4,6,0,0,0,1,1,1,0,0,1,2,E01033700,,,,,,,,,,,,,,
3726,2015170M23135,2,9,0,18,0,8,0,0,0,0,1,1,6,1,42,7,1995,2,1,-1,1,-1,2,2,452233.0,519905.0,-1.193571,54.571675,17,2,2,2,42047,4,1899-12-30 17:13:00,243,E06000002,6,0,6,30,6,4,6,0,0,0,4,1,1,0,0,1,1,E01012060,,,,,,,,,,,,,,
3727,2015547953015,2,9,0,4,0,1,0,0,1,0,3,1,2,1,34,6,2497,1,14,-1,2,-1,4,3,412642.0,187312.0,-1.818935,51.584526,54,2,3,4,42044,4,1899-12-30 08:48:00,633,E06000030,4,4587,6,40,1,4,5,16,0,0,1,1,1,0,0,1,1,E01015581,2.0,1.0,1.0,34.0,6.0,3.0,0.0,0.0,0.0,0.0,0.0,9.0,2.0,3.0
3728,2015350167015,1,9,0,17,0,0,2,0,0,4,1,1,6,1,49,8,1398,2,12,-1,1,-1,2,1,558350.0,260700.0,0.316751,52.221748,35,2,1,2,42316,3,1899-12-30 09:05:00,391,E10000003,3,11,3,70,0,-1,-1,0,0,0,1,1,1,0,0,2,1,E01018057,1.0,1.0,1.0,49.0,8.0,2.0,0.0,0.0,0.0,0.0,0.0,9.0,1.0,4.0
3729,2015921500328,2,3,0,18,0,1,0,0,0,0,1,1,2,1,20,4,125,1,1,-1,3,-1,1,2,323311.0,862553.0,-3.286439,57.646343,92,2,2,1,20/03/2015,6,1899-12-30 19:30:00,930,S12000020,3,96,6,40,5,4,6,0,0,8,4,1,2,0,0,1,1,,,,,,,,,,,,,,,
3730,201504WD15178,1,9,0,18,0,8,1,0,0,0,1,1,2,1,21,5,1896,2,13,-1,-1,-1,1,2,331600.0,442230.0,-3.041761,53.871747,4,2,2,1,42226,5,1899-12-30 17:15:00,71,E06000009,6,0,6,30,6,4,6,0,0,0,1,1,1,0,0,1,1,E01012663,,,,,,,,,,,,,,
3731,2015320097751,1,9,0,9,0,6,5,0,0,0,1,1,6,1,67,10,1461,2,-1,-1,2,-1,4,2,524333.0,358362.0,-0.144117,53.107967,32,2,2,4,26/09/2015,7,1899-12-30 11:55:00,351,E10000019,4,1192,6,50,3,4,5,18,0,0,1,1,1,0,0,2,1,E01026051,2.0,1.0,1.0,67.0,10.0,3.0,0.0,0.0,0.0,0.0,0.0,9.0,2.0,6.0
3732,2015621501915,1,9,0,18,0,0,0,0,0,0,1,1,6,1,26,6,-1,-1,-1,-1,1,-1,1,1,294779.0,197667.0,-3.522866,51.667894,62,2,1,1,14/10/2015,4,1899-12-30 16:41:00,744,W06000016,6,0,6,30,0,-1,-1,0,0,0,1,1,1,0,0,1,1,W01001272,1.0,3.0,1.0,4.0,1.0,2.0,5.0,1.0,0.0,0.0,0.0,0.0,1.0,-1.0
3733,2015170S20855,2,1,0,18,0,8,0,0,0,0,4,1,6,1,46,8,-1,-1,-1,-1,1,-1,1,2,446035.0,524572.0,-1.288703,54.614213,17,2,2,1,42251,5,1899-12-30 15:14:00,245,E06000004,6,0,6,30,3,4,6,0,0,0,1,1,1,0,0,1,1,E01012277,1.0,1.0,1.0,46.0,8.0,2.0,0.0,0.0,0.0,0.0,0.0,1.0,1.0,2.0
3734,2015100699815,1,9,0,18,0,0,1,0,1,11,1,1,6,1,20,4,1198,1,11,-1,3,-1,3,2,383457.0,570785.0,-2.26034,55.031311,10,2,2,3,42166,6,1899-12-30 15:00:00,139,E06000048,4,6318,6,60,0,-1,-1,0,0,0,1,1,2,0,0,2,1,E01027510,1.0,1.0,1.0,20.0,4.0,2.0,0.0,0.0,0.0,0.0,0.0,9.0,3.0,6.0
3735,2015300015649,2,19,0,18,0,6,0,0,7,0,1,1,6,1,23,5,2198,2,1,-1,1,-1,2,2,447350.0,374030.0,-1.29163,53.261166,30,2,2,2,42072,5,1899-12-30 09:50:00,321,E10000007,4,6418,6,30,6,3,6,0,0,0,1,1,1,0,0,2,1,E01019484,2.0,1.0,1.0,23.0,5.0,3.0,0.0,0.0,0.0,0.0,0.0,19.0,1.0,2.0
3736,2015471503199,1,9,0,18,0,0,0,4,0,0,1,1,2,1,34,6,-1,-1,-1,-1,3,-1,1,3,584077.0,112391.0,0.615404,50.881687,47,2,3,1,42253,3,1899-12-30 08:35:00,552,E10000011,3,259,6,40,0,-1,-1,0,0,0,1,1,1,0,0,1,1,E01021004,1.0,1.0,1.0,34.0,6.0,2.0,0.0,0.0,0.0,0.0,0.0,9.0,3.0,4.0
3737,2015460261586,1,9,0,18,0,4,5,0,3,1,1,1,6,2,37,7,1461,2,3,-1,1,-1,1,1,561200.0,142170.0,0.303718,51.156081,46,2,1,1,18/09/2015,6,1899-12-30 04:25:00,543,E10000016,3,21,1,40,1,1,6,0,0,0,5,2,2,4,0,2,1,E01024825,1.0,1.0,2.0,37.0,7.0,2.0,0.0,0.0,0.0,0.0,0.0,9.0,1.0,5.0
3738,2015440035961,1,9,0,16,0,0,1,0,1,0,1,1,6,2,23,5,-1,-1,-1,-1,2,-1,1,2,431788.0,139192.0,-1.546897,51.151109,44,2,2,1,42006,1,1899-12-30 18:29:00,501,E10000014,6,0,6,60,0,-1,-1,0,0,0,6,1,1,0,0,2,1,E01023167,1.0,1.0,2.0,23.0,5.0,2.0,0.0,0.0,0.0,0.0,0.0,9.0,2.0,9.0
3739,2015120203887,2,9,0,9,0,5,0,0,0,0,3,1,6,1,57,9,1996,1,19,-1,1,-1,1,2,435258.0,458183.0,-1.463383,54.018455,12,2,2,1,16/11/2015,2,1899-12-30 19:00:00,182,E10000023,3,6055,6,30,3,4,6,989,0,4,4,1,2,0,0,1,1,E01027675,,,,,,,,,,,,,,
3740,201542I265708,1,3,0,18,0,1,0,0,1,0,0,1,6,1,29,6,124,1,9,-1,1,-1,1,1,572924.0,205135.0,0.50193,51.718282,42,2,1,1,22/08/2015,7,1899-12-30 10:30:00,454,E10000012,6,0,6,30,3,4,6,0,0,0,1,1,1,0,0,1,1,E01021560,1.0,1.0,1.0,29.0,6.0,2.0,0.0,0.0,0.0,0.0,0.0,3.0,1.0,5.0
3741,201520W059925,2,3,0,18,0,8,0,0,0,0,1,1,6,2,31,6,-1,-1,-1,-1,1,-1,2,2,409130.0,289890.0,-1.866917,52.506831,20,2,2,2,19/11/2015,5,1899-12-30 18:30:00,300,E08000025,3,5127,6,30,3,2,4,4137,0,5,4,8,2,0,0,1,1,E01008899,2.0,1.0,2.0,31.0,6.0,2.0,0.0,0.0,0.0,0.0,0.0,3.0,1.0,1.0
3742,201531B155615,1,5,0,13,0,8,1,0,7,0,1,1,6,1,29,6,599,1,3,-1,1,-1,1,2,459018.0,356488.0,-1.119967,53.102334,31,2,2,1,42132,4,1899-12-30 10:30:00,345,E10000024,4,6020,6,30,3,4,6,0,0,8,1,1,1,0,0,2,1,E01028298,1.0,1.0,1.0,29.0,6.0,2.0,0.0,0.0,0.0,0.0,0.0,5.0,1.0,5.0
3743,2015521507775,3,9,0,18,0,0,0,0,0,0,0,1,6,1,62,9,-1,-1,-1,-1,1,-1,1,3,372295.0,163354.0,-2.399367,51.368565,52,2,3,1,42226,5,1899-12-30 07:58:00,611,E06000022,6,0,6,30,0,-1,-1,0,0,0,1,1,1,0,0,1,1,E01014455,,,,,,,,,,,,,,
3744,201597AB01711,2,9,0,7,0,8,0,0,0,0,1,1,6,1,26,6,1242,1,2,-1,1,-1,1,2,258975.0,666377.0,-4.255337,55.869863,97,2,2,1,42349,5,1899-12-30 23:10:00,926,S12000043,6,0,6,30,3,2,3,804,0,5,4,2,2,0,0,1,1,,,,,,,,,,,,,,,
3745,2015450027557,1,9,0,18,0,0,0,0,2,0,1,1,6,1,28,6,1994,1,11,-1,3,-1,2,2,508578.0,152635.0,-0.445224,51.262543,45,2,2,2,42193,6,1899-12-30 21:42:00,511,E10000030,3,246,6,50,0,-1,-1,0,0,0,6,1,1,0,0,2,1,E01030441,1.0,1.0,1.0,28.0,6.0,3.0,0.0,0.0,0.0,0.0,0.0,9.0,3.0,10.0
3746,2015621501008,1,9,0,5,0,0,0,0,0,0,1,1,6,2,20,4,-1,-1,-1,-1,3,-1,1,2,318240.0,178084.0,-3.179148,51.495762,62,2,2,1,14/06/2015,1,1899-12-30 15:35:00,741,W06000015,3,469,6,30,0,-1,-1,0,0,5,1,1,1,0,0,1,1,W01001720,1.0,3.0,1.0,20.0,4.0,2.0,4.0,3.0,0.0,0.0,0.0,0.0,1.0,-1.0
3747,2015546714215,3,9,0,18,0,0,0,0,0,0,1,1,6,2,46,8,1598,1,2,-1,2,-1,4,4,416826.0,141489.0,-1.760704,51.172396,54,2,4,4,25/07/2015,7,1899-12-30 16:47:00,635,E06000054,5,32,6,40,0,-1,-1,0,0,0,1,1,1,0,0,1,1,E01031977,4.0,1.0,2.0,46.0,8.0,3.0,0.0,0.0,0.0,0.0,0.0,9.0,2.0,7.0
3748,201501CP00075,1,11,0,18,0,0,0,0,0,0,4,1,1,1,70,10,6700,2,3,-1,1,-1,1,1,532790.0,180490.0,-0.087995,51.507746,48,2,1,1,27/03/2015,6,1899-12-30 02:20:00,570,E09000001,3,3,6,30,0,-1,-1,0,0,0,4,1,1,0,0,2,1,E01003929,1.0,3.0,1.0,31.0,6.0,2.0,10.0,9.0,0.0,0.0,2.0,0.0,1.0,5.0
3749,201501MM70051,2,2,0,18,0,1,0,0,0,0,1,1,6,1,32,6,124,1,3,-1,1,-1,1,2,534060.0,179500.0,-0.070082,51.49855,1,2,2,1,42278,7,1899-12-30 20:45:00,8,E09000028,3,200,3,30,3,2,3,2207,0,5,4,1,1,0,0,1,2,E01004028,1.0,1.0,1.0,32.0,6.0,2.0,0.0,0.0,0.0,0.0,0.0,2.0,1.0,1.0
3750,20154100G0333,1,9,0,11,0,0,2,0,1,4,4,1,6,1,37,7,1149,1,12,-1,1,-1,3,2,513237.0,226904.0,-0.354531,51.929142,41,2,2,3,42191,1,1899-12-30 12:35:00,433,E10000015,3,505,3,70,0,-1,-1,0,0,0,1,1,1,0,0,2,1,E01023624,1.0,1.0,1.0,37.0,7.0,3.0,0.0,0.0,0.0,0.0,0.0,9.0,1.0,7.0
3751,201501RG40198,2,1,0,18,0,1,0,0,0,0,1,1,6,1,13,3,-1,-1,-1,-1,1,-1,1,2,542670.0,174420.0,0.051823,51.450797,1,2,2,1,19/04/2015,1,1899-12-30 15:45:00,6,E09000011,3,210,6,30,6,2,3,208,0,5,1,1,1,0,0,1,1,E01001615,1.0,1.0,1.0,13.0,3.0,2.0,0.0,0.0,0.0,0.0,0.0,1.0,1.0,5.0
3752,2015360089059,1,9,0,18,0,0,1,0,0,0,1,1,6,1,52,8,1997,2,14,-1,1,-1,3,2,638074.0,308971.0,1.516244,52.626251,36,2,2,3,22/03/2015,1,1899-12-30 21:15:00,401,E10000020,4,1140,6,60,0,-1,-1,0,0,0,6,1,2,0,0,2,1,E01026539,1.0,1.0,1.0,52.0,8.0,2.0,0.0,0.0,0.0,0.0,0.0,9.0,1.0,4.0
3753,201542I238407,1,1,0,18,0,0,0,4,0,0,1,1,6,1,14,3,-1,-1,-1,-1,3,-1,1,2,560337.0,217316.0,0.325502,51.831448,42,2,2,1,28/07/2015,3,1899-12-30 19:45:00,463,E10000012,4,184,6,30,0,-1,-1,0,0,0,1,1,1,0,0,2,1,E01022096,1.0,1.0,1.0,14.0,3.0,2.0,0.0,0.0,0.0,0.0,0.0,1.0,3.0,7.0
3754,2015950003651,1,9,0,18,0,2,0,0,0,0,1,1,6,1,67,10,1796,1,7,-1,1,-1,1,1,326450.0,672770.0,-3.179113,55.942325,95,2,1,1,42071,2,1899-12-30 18:00:00,923,S12000036,6,0,6,30,3,4,6,0,0,8,1,1,1,0,0,1,1,,1.0,3.0,1.0,20.0,4.0,2.0,4.0,1.0,0.0,0.0,0.0,0.0,1.0,-1.0
3755,201511NE04935,1,9,0,18,0,1,1,0,0,0,1,1,1,1,50,8,-1,-1,-1,-1,1,-1,2,2,442306.0,540664.0,-1.344113,54.759142,11,2,2,2,42341,5,1899-12-30 09:35:00,169,E06000047,4,1320,6,40,3,4,6,0,0,0,1,1,1,0,0,2,1,E01020780,1.0,1.0,1.0,50.0,8.0,2.0,0.0,0.0,0.0,0.0,0.0,9.0,1.0,1.0
3756,2015051501383,2,9,0,18,0,8,0,0,0,0,1,1,6,1,20,4,1299,1,15,-1,3,-1,2,2,340239.0,401993.0,-2.902622,53.511206,5,2,2,2,27/05/2015,4,1899-12-30 14:18:00,93,E08000014,3,506,6,40,3,4,6,0,0,0,1,1,1,0,0,2,1,E01007040,1.0,1.0,1.0,20.0,4.0,2.0,0.0,0.0,0.0,0.0,0.0,9.0,3.0,4.0
3757,2015450025110,1,9,0,18,0,2,0,0,0,0,1,1,6,1,33,6,2993,2,10,-1,1,-1,3,2,502608.0,158966.0,-0.528939,51.320556,45,2,2,3,42130,6,1899-12-30 20:28:00,518,E10000030,4,382,6,40,3,4,6,0,0,0,4,1,1,0,0,1,1,E01030990,1.0,1.0,1.0,33.0,6.0,3.0,0.0,0.0,0.0,0.0,0.0,9.0,1.0,10.0
3758,201522F504056,3,9,0,18,0,0,0,0,0,0,4,1,1,2,45,7,2191,2,-1,-1,3,-1,1,3,332810.0,327550.0,-2.998958,52.841251,22,2,3,1,22/10/2015,5,1899-12-30 16:40:00,286,E06000051,3,5,6,60,0,-1,-1,0,0,0,1,1,1,0,0,2,1,E01028922,,,,,,,,,,,,,,
3759,2015460259548,1,1,0,18,9,0,0,0,0,0,0,1,6,1,19,4,-1,-1,-1,-1,1,-1,1,2,575669.0,167257.0,0.522729,51.377186,46,2,2,1,27/07/2015,2,1899-12-30 13:30:00,544,E06000035,3,230,6,30,0,-1,-1,0,0,0,1,1,1,0,0,1,1,E01016016,1.0,1.0,1.0,19.0,4.0,2.0,0.0,0.0,0.0,0.0,0.0,1.0,1.0,7.0
3760,201504ED15585,1,11,0,7,0,4,0,0,0,0,3,1,1,2,53,8,4250,2,16,-1,1,-1,2,2,375140.0,429970.0,-2.378608,53.76548,4,2,2,2,42136,7,1899-12-30 12:35:00,75,E10000017,4,6231,1,30,2,4,6,0,0,0,1,2,2,0,0,1,1,E01025034,2.0,2.0,2.0,88.0,11.0,3.0,0.0,0.0,0.0,4.0,0.0,11.0,1.0,1.0
3761,2015200038076,1,9,0,18,0,0,0,0,0,0,4,1,6,1,-1,-1,-1,-1,-1,-1,-1,-1,1,1,389410.0,302443.0,-2.157858,52.619649,20,2,1,1,30/09/2015,4,1899-12-30 23:50:00,309,E08000031,6,0,6,30,0,-1,-1,0,0,0,4,9,1,0,0,1,1,E01010543,1.0,3.0,1.0,47.0,8.0,2.0,5.0,1.0,0.0,0.0,0.0,0.0,1.0,1.0
3762,201511SC06215,3,9,0,18,0,0,0,0,0,0,3,1,6,1,24,5,1398,1,1,-1,2,-1,1,3,413275.0,521974.0,-1.796072,54.592782,11,2,3,1,27/03/2015,6,1899-12-30 09:50:00,169,E06000047,3,688,6,60,0,-1,-1,0,0,0,1,1,1,0,0,2,1,E01020867,,,,,,,,,,,,,,
3763,2015075378762,1,9,0,9,0,1,0,0,0,0,1,1,6,1,49,8,998,1,13,-1,-1,-1,1,2,384230.0,381127.0,-2.238233,53.326823,7,2,2,1,19/12/2015,7,1899-12-30 16:45:00,129,E06000049,6,0,6,30,3,4,3,538,0,4,4,1,2,0,0,1,1,E01018652,,,,,,,,,,,,,,
3764,201563AC17615,2,3,0,7,0,1,1,0,0,0,1,1,2,1,33,6,-1,-1,-1,-1,3,-1,1,2,257140.0,212130.0,-4.072722,51.789532,63,2,2,1,42223,4,1899-12-30 06:55:00,751,W06000010,6,0,1,30,1,4,6,0,0,0,1,8,2,0,0,2,1,W01000699,1.0,1.0,1.0,33.0,6.0,2.0,0.0,0.0,0.0,0.0,0.0,3.0,3.0,-1.0
3765,201501GD10342,1,8,0,4,0,1,0,0,0,0,1,1,1,1,36,7,1797,8,6,-1,1,-1,1,1,534950.0,184850.0,-0.055222,51.546415,1,2,1,1,42313,2,1899-12-30 11:15:00,4,E09000012,3,107,6,30,3,2,3,107,0,5,1,1,1,0,0,1,1,E01001762,1.0,3.0,1.0,56.0,9.0,2.0,4.0,4.0,0.0,0.0,2.0,0.0,-1.0,-1.0
3766,2015450026759,1,2,0,18,0,1,0,0,0,0,1,1,6,1,18,4,-1,-1,-1,-1,1,-1,3,2,520563.0,163082.0,-0.270005,51.354031,45,2,2,3,42345,1,1899-12-30 16:44:00,38,E10000030,4,2200,6,30,8,4,-1,-1,0,0,1,1,1,0,0,1,1,E01030416,1.0,1.0,1.0,18.0,4.0,2.0,0.0,0.0,0.0,0.0,0.0,2.0,1.0,4.0
3767,2015540396915,2,19,0,18,0,4,0,0,0,0,3,1,1,1,56,9,1461,2,2,-1,1,-1,1,2,414222.0,183985.0,-1.796264,51.554574,54,2,2,1,42339,2,1899-12-30 14:30:00,633,E06000030,3,4289,1,30,2,4,6,0,0,4,1,3,2,0,0,1,2,E01015498,,,,,,,,,,,,,,
3768,2015350190815,1,3,0,16,0,0,2,0,7,9,3,1,6,1,17,4,124,1,-1,-1,3,-1,1,1,515230.0,309260.0,-0.297408,52.668812,35,2,1,1,16/07/2015,5,1899-12-30 14:08:00,394,E06000031,5,6,6,30,0,-1,-1,0,0,0,1,1,1,0,0,1,1,E01015635,1.0,1.0,1.0,17.0,4.0,2.0,0.0,0.0,0.0,0.0,0.0,3.0,3.0,5.0
3769,201560S047839,1,8,0,18,0,0,0,0,0,0,1,1,1,1,57,9,-1,-1,-1,-1,-1,-1,1,1,229799.0,339318.0,-4.533302,52.924228,60,2,1,1,42159,2,1899-12-30 02:45:00,722,W06000002,3,497,6,60,0,-1,-1,0,0,0,6,7,2,0,0,2,1,W01000095,1.0,3.0,1.0,31.0,6.0,2.0,9.0,9.0,0.0,0.0,0.0,0.0,-1.0,-1.0
3770,2015520502160,2,9,0,13,0,0,0,0,0,0,4,-1,6,2,53,8,1598,1,8,-1,2,-1,1,3,340264.0,110768.0,-2.850714,50.89329,52,2,3,1,42341,5,1899-12-30 17:20:00,610,E10000027,6,0,6,60,0,-1,-1,0,0,0,1,1,1,0,0,2,1,E01029230,,,,,,,,,,,,,,
3771,201591NN07227,1,9,0,3,0,1,0,0,0,0,2,1,6,1,24,5,1246,1,9,-1,3,-1,6,2,268772.0,844582.0,-4.189821,57.47245,91,2,2,6,15/03/2015,1,1899-12-30 19:00:00,927,S12000017,4,8082,6,30,1,4,-1,-1,0,4,4,1,1,0,0,1,1,,1.0,1.0,1.0,24.0,5.0,3.0,0.0,0.0,0.0,0.0,0.0,9.0,3.0,-1.0
3772,201520K003365,1,8,0,18,0,0,0,0,0,0,4,1,1,1,44,7,1794,1,6,-1,1,-1,1,1,402280.0,287460.0,-1.967854,52.485055,20,2,1,1,13/02/2015,6,1899-12-30 15:43:00,305,E08000028,6,0,6,30,0,-1,-1,0,0,0,1,1,1,0,0,1,1,E01010060,1.0,3.0,1.0,13.0,3.0,2.0,5.0,1.0,0.0,0.0,0.0,0.0,1.0,2.0
3773,2015440291668,1,9,0,3,0,8,0,0,0,0,2,1,6,2,17,4,1496,2,-1,-1,1,-1,2,2,462296.0,152233.0,-1.108498,51.265857,44,2,2,2,20/08/2015,5,1899-12-30 19:25:00,490,E10000014,3,340,1,50,1,4,4,3400,0,0,1,1,1,0,0,1,2,E01022550,1.0,1.0,2.0,17.0,4.0,2.0,0.0,0.0,0.0,0.0,0.0,9.0,1.0,9.0