,accident_index,vehicle_reference,vehicle_type,towing_and_articulation,vehicle_manoeuvre,vehicle_location-restricted_lane,junction_location,skidding_and_overturning,hit_object_in_carriageway,vehicle_leaving_carriageway,hit_object_off_carriageway,1st_point_of_impact,was_vehicle_left_hand_drive?,journey_purpose_of_driver,sex_of_driver,age_of_driver,age_band_of_driver,engine_capacity_(cc),propulsion_code,age_of_vehicle,driver_imd_decile,driver_home_area_type,vehicle_imd_decile,NUmber_of_Casualities_unique_to_accident_index,No_of_Vehicles_involved_unique_to_accident_index,location_easting_osgr,location_northing_osgr,longitude,latitude,police_force,accident_severity,number_of_vehicles,number_of_casualties,date,day_of_week,time,local_authority_(district),local_authority_(highway),1st_road_class,1st_road_number,road_type,speed_limit,junction_detail,junction_control,2nd_road_class,2nd_road_number,pedestrian_crossing-human_control,pedestrian_crossing-physical_facilities,light_conditions,weather_conditions,road_surface_conditions,special_conditions_at_site,carriageway_hazards,urban_or_rural_area,did_police_officer_attend_scene_of_accident,lsoa_of_accident_location,casualty_reference,casualty_class,sex_of_casualty,age_of_casualty,age_band_of_casualty,casualty_severity,pedestrian_location,pedestrian_movement,car_passenger,bus_or_coach_passenger,pedestrian_road_maintenance_worker,casualty_type,casualty_home_area_type,casualty_imd_decile
3839,2015100105915,2,9,0,18,0,0,0,0,0,0,1,1,6,1,57,9,1560,2,8,-1,1,-1,5,3,420880.0,564385.0,-1.675344,54.973646,10,2,3,5,25/02/2015,4,1899-12-30 19:00:00,147,E08000021,4,1311,6,30,0,-1,-1,0,0,0,4,1,2,0,0,1,1,E01033547,5.0,2.0,2.0,55.0,8.0,2.0,0.0,0.0,1.0,0.0,0.0,9.0,-1.0,-1.0
3840,2015405BA0570,2,9,0,9,0,8,0,0,0,0,3,1,6,1,52,8,1968,2,2,-1,2,-1,1,2,499457.0,261864.0,-0.544683,52.245981,40,2,2,1,42100,5,1899-12-30 14:00:00,420,E06000055,3,6,6,60,3,4,6,16,0,0,1,1,1,0,0,2,1,E01017545,,,,,,,,,,,,,,
3841,201520M002695,3,9,0,2,9,0,0,0,0,0,3,1,6,3,-1,-1,-1,-1,-1,-1,-1,-1,1,3,433070.0,279810.0,-1.515212,52.415293,20,2,3,1,42096,4,1899-12-30 22:16:00,302,E08000026,4,4098,6,30,0,-1,-1,0,0,0,4,1,2,0,0,1,1,E01009630,,,,,,,,,,,,,,
3842,201501MM70173,1,20,1,7,0,8,0,0,0,0,4,1,1,1,53,8,11705,2,8,-1,1,-1,1,2,533810.0,175170.0,-0.075321,51.459698,1,2,2,1,16/02/2015,2,1899-12-30 08:51:00,8,E09000028,3,2216,6,30,3,4,3,2214,0,0,1,1,1,0,0,1,1,E01003952,,,,,,,,,,,,,,
3843,201501EK40912,1,8,0,4,0,2,0,0,0,0,2,1,1,1,29,6,1956,2,1,-1,1,-1,1,2,526440.0,184520.0,-0.177997,51.545418,1,2,2,1,42014,5,1899-12-30 16:40:00,2,E09000007,3,41,3,30,3,4,5,0,0,0,1,1,1,0,0,1,1,E01000960,,,,,,,,,,,,,,
3844,2015551501329,1,9,0,9,0,6,0,0,0,0,3,1,2,2,36,7,1956,2,1,-1,2,-1,1,2,372202.0,91439.0,-2.395159,50.721904,55,2,2,1,23/07/2015,5,1899-12-30 16:54:00,645,E10000009,5,80,6,60,6,4,6,0,0,0,1,1,1,0,0,2,1,E01020509,,,,,,,,,,,,,,
3845,2015120118878,1,1,0,18,4,1,0,0,0,0,1,1,6,1,31,6,-1,-1,-1,-1,1,-1,1,2,460876.0,449699.0,-1.074137,53.939834,12,2,2,1,42345,1,1899-12-30 21:20:00,189,E06000014,3,19,6,30,3,4,6,4810,0,0,1,1,1,0,0,1,1,E01013362,1.0,1.0,1.0,31.0,6.0,2.0,0.0,0.0,0.0,0.0,0.0,1.0,1.0,9.0
3846,201597NE01511,1,9,0,18,0,0,0,0,0,0,3,1,3,2,44,7,1560,2,1,-1,1,-1,1,1,282092.0,656089.0,-3.881676,55.783689,97,2,1,1,42319,4,1899-12-30 08:55:00,932,S12000044,6,0,6,30,0,-1,-1,0,0,0,1,1,2,0,0,1,1,,1.0,3.0,1.0,5.0,1.0,2.0,5.0,4.0,0.0,0.0,0.0,0.0,1.0,-1.0
3847,2015170M20465,1,8,0,18,0,0,0,0,0,0,3,1,1,1,28,6,1896,2,7,-1,1,-1,1,1,452011.0,519235.0,-1.197123,54.565677,17,2,1,1,42219,1,1899-12-30 17:20:00,243,E06000002,6,0,6,20,0,-1,-1,0,0,0,1,1,1,0,0,1,1,E01012076,1.0,3.0,1.0,4.0,1.0,2.0,5.0,4.0,0.0,0.0,0.0,0.0,1.0,1.0
3848,2015120130985,2,9,0,18,0,0,0,0,0,0,1,1,6,1,-1,-1,-1,-1,-1,-1,-1,-1,1,2,443114.0,440103.0,-1.346037,53.855373,12,2,2,1,42254,5,1899-12-30 11:18:00,187,E10000023,2,1,3,70,0,-1,-1,0,0,0,1,1,1,0,0,2,1,E01027922,1.0,2.0,1.0,22.0,5.0,2.0,0.0,0.0,1.0,0.0,0.0,9.0,2.0,3.0
3849,2015300013337,5,9,0,17,0,8,1,0,0,0,0,1,6,1,-1,-1,1794,1,14,-1,1,-1,1,5,434850.0,351610.0,-1.481442,53.060608,30,2,5,1,18/04/2015,7,1899-12-30 16:34:00,320,E10000007,3,6,6,40,3,4,3,610,0,0,1,1,1,0,0,2,1,E01019430,,,,,,,,,,,,,,
3850,201504SC15180,1,3,0,18,0,0,0,0,0,0,0,1,6,1,42,7,124,1,5,-1,1,-1,2,1,353980.0,422640.0,-2.698493,53.698158,4,2,1,2,14/07/2015,3,1899-12-30 04:49:00,83,E10000017,4,5256,6,30,0,-1,-1,0,0,0,1,1,1,0,0,1,1,E01025422,1.0,1.0,1.0,42.0,7.0,3.0,0.0,0.0,0.0,0.0,0.0,3.0,1.0,10.0
3851,201501PY20882,1,1,0,18,0,8,0,0,0,0,4,1,6,1,51,8,-1,-1,-1,-1,1,-1,1,2,538900.0,165140.0,-0.006028,51.368342,1,2,2,1,26/12/2015,7,1899-12-30 10:30:00,19,E09000006,5,0,1,30,2,4,3,2022,0,0,1,1,1,0,0,2,1,E01000840,1.0,1.0,1.0,51.0,8.0,2.0,0.0,0.0,0.0,0.0,0.0,1.0,1.0,9.0
3852,20154100A0735,2,1,0,18,0,0,0,0,0,0,2,1,6,1,36,7,-1,-1,-1,-1,1,-1,1,2,532899.0,206474.0,-0.076576,51.741219,41,2,2,1,19/12/2015,7,1899-12-30 10:00:00,432,E10000015,5,56,6,60,0,-1,-1,0,0,0,1,9,2,0,0,2,2,E01023481,1.0,1.0,1.0,36.0,7.0,2.0,0.0,0.0,0.0,0.0,0.0,1.0,1.0,2.0
3853,2015120012389,2,1,0,18,0,0,0,0,0,0,4,1,4,1,11,3,-1,-1,-1,-1,1,-1,2,2,459062.0,450408.0,-1.10163,53.946415,12,2,2,2,23/01/2015,6,1899-12-30 08:11:00,189,E06000014,3,1036,6,30,0,-1,-1,0,0,4,1,1,1,0,0,1,1,E01013358,2.0,1.0,1.0,11.0,3.0,2.0,0.0,0.0,0.0,0.0,0.0,1.0,1.0,10.0
3854,2015961500986,1,3,0,4,0,0,0,0,0,0,1,1,6,1,21,5,124,1,1,-1,2,-1,2,1,289208.0,693225.0,-3.783543,56.11887,96,2,1,2,13/05/2015,4,1899-12-30 01:20:00,915,S12000005,6,0,6,30,0,-1,-1,0,0,1,4,1,1,0,0,1,1,,1.0,3.0,2.0,17.0,4.0,2.0,1.0,9.0,0.0,0.0,0.0,0.0,1.0,-1.0
3855,201531B166015,1,3,0,18,0,8,0,0,0,0,1,1,6,1,17,4,124,1,15,-1,2,-1,1,2,459244.0,378480.0,-1.112519,53.299969,31,2,2,1,19/07/2015,1,1899-12-30 18:00:00,341,E10000024,6,0,6,30,6,3,6,0,0,0,1,1,1,0,0,1,1,E01028065,1.0,1.0,1.0,17.0,4.0,2.0,0.0,0.0,0.0,0.0,0.0,3.0,2.0,1.0
3856,2015132AP1002,1,9,0,7,0,0,0,0,0,0,4,1,6,2,-1,-1,1598,2,3,-1,1,-1,1,1,417727.0,430610.0,-1.732522,53.771533,13,2,1,1,25/10/2015,1,1899-12-30 14:50:00,200,E08000032,3,6177,3,40,0,-1,-1,0,0,0,1,1,1,0,0,1,1,E01010615,1.0,3.0,1.0,69.0,10.0,2.0,5.0,1.0,0.0,0.0,0.0,0.0,1.0,1.0
3857,2015360090624,2,9,0,17,0,0,0,0,0,0,3,1,6,1,44,7,3628,2,8,-1,3,-1,1,2,603073.0,319767.0,1.006577,52.737381,36,2,2,1,24/05/2015,1,1899-12-30 14:35:00,400,E10000020,4,1147,6,60,0,-1,-1,0,0,0,1,2,2,0,0,2,1,E01026436,,,,,,,,,,,,,,
3858,201550EC2E048,2,9,0,18,0,4,0,0,0,0,2,1,6,1,44,7,1753,2,9,-1,1,-1,1,2,248174.0,54658.0,-4.1364,50.372179,50,2,2,1,42011,4,1899-12-30 19:05:00,583,E06000026,6,0,1,30,1,4,6,0,0,0,1,1,1,0,0,1,1,E01032658,,,,,,,,,,,,,,
3859,2015075352939,2,3,0,18,0,8,0,0,0,0,4,1,6,1,23,5,124,1,3,-1,1,-1,1,2,340358.0,368191.0,-2.894442,53.207424,7,2,2,1,25/11/2015,4,1899-12-30 21:52:00,130,E06000050,3,5116,1,30,1,4,3,5480,0,8,4,1,2,0,0,1,1,E01018374,1.0,1.0,1.0,23.0,5.0,2.0,0.0,0.0,0.0,0.0,0.0,3.0,1.0,4.0
3860,2015450030158,1,9,0,17,0,0,2,0,1,9,1,1,6,1,19,4,1390,1,6,-1,1,-1,2,1,538488.0,142320.0,-0.020773,51.163372,45,2,1,2,42134,2,1899-12-30 17:55:00,516,E10000030,5,88,6,40,0,-1,-1,0,0,0,7,2,2,0,0,2,1,E01030822,1.0,2.0,1.0,19.0,4.0,3.0,0.0,0.0,1.0,0.0,0.0,9.0,3.0,7.0
3861,2015521507973,1,9,0,18,0,8,0,0,0,0,1,1,6,2,45,7,1896,2,5,-1,1,-1,1,2,343727.0,163857.0,-2.80979,51.370969,52,2,2,1,23/10/2015,6,1899-12-30 07:37:00,605,E06000024,3,370,6,30,3,2,4,3133,0,4,1,1,2,0,0,1,1,E01014765,,,,,,,,,,,,,,
3862,2015547362015,2,9,0,18,0,0,0,0,1,0,3,1,6,1,68,10,1560,2,6,-1,3,-1,3,2,419348.0,140291.0,-1.724694,51.161545,54,2,2,3,14/08/2015,6,1899-12-30 08:15:00,635,E06000054,6,0,6,60,0,-1,-1,0,0,0,1,2,2,0,0,2,1,E01032032,3.0,2.0,2.0,55.0,8.0,3.0,0.0,0.0,1.0,0.0,0.0,9.0,3.0,9.0
3863,201550BB2K022,2,3,0,18,0,8,0,0,0,0,1,1,6,1,17,4,125,1,-1,-1,1,-1,1,2,207187.0,67107.0,-4.718562,50.471999,50,2,2,1,42316,3,1899-12-30 22:50:00,596,E06000052,6,0,6,30,3,4,6,0,0,0,4,1,1,0,0,1,1,E01018933,1.0,1.0,1.0,17.0,4.0,2.0,0.0,0.0,0.0,0.0,0.0,3.0,1.0,4.0
3864,201543R053015,1,9,0,9,0,8,0,0,0,0,4,1,6,1,57,9,1910,2,7,-1,1,-1,1,2,496377.0,180339.0,-0.612522,51.513766,43,2,2,1,42186,4,1899-12-30 15:05:00,473,E06000039,3,355,6,30,3,4,6,7302,0,0,1,2,2,0,0,1,1,E01016465,,,,,,,,,,,,,,
3865,2015530209313,1,9,0,6,0,0,0,0,0,0,3,1,6,2,59,9,1560,2,3,-1,3,-1,1,2,389079.0,227667.0,-2.160299,51.947389,53,2,2,1,21/03/2015,7,1899-12-30 15:35:00,625,E10000013,3,38,3,70,0,-1,-1,0,0,1,1,1,1,0,0,2,1,E01022441,,,,,,,,,,,,,,
3866,2015210035692,2,9,0,18,0,1,0,0,0,0,2,1,6,1,32,6,-1,-1,-1,-1,1,-1,1,2,,,,,21,2,2,1,42259,4,1899-12-30 17:10:00,257,E06000021,6,0,6,30,9,4,6,0,0,0,4,1,1,0,0,2,1,,,,,,,,,,,,,,,
3867,2015460263662,2,9,0,18,0,2,0,0,0,0,2,1,6,1,61,9,1560,2,1,-1,1,-1,2,2,637990.0,168100.0,1.417271,51.362076,46,2,2,2,42258,2,1899-12-30 16:10:00,541,E10000016,3,255,6,30,8,4,-1,-1,0,8,1,1,1,0,0,1,2,E01024689,1.0,1.0,1.0,61.0,9.0,3.0,0.0,0.0,0.0,0.0,0.0,9.0,1.0,2.0
3868,201501EO40351,1,5,0,14,0,0,0,0,0,0,4,1,6,1,44,7,-1,-1,-1,-1,1,-1,2,1,529380.0,186790.0,-0.134789,51.565152,1,2,1,2,21/05/2015,5,1899-12-30 18:11:00,3,E09000019,3,400,6,20,0,-1,-1,0,0,0,1,1,1,0,0,1,1,E01002770,2.0,3.0,2.0,19.0,4.0,2.0,5.0,2.0,0.0,0.0,2.0,0.0,-1.0,-1.0
3869,2015480038764,1,9,0,18,0,2,0,0,0,0,1,1,5,1,18,4,1197,1,2,-1,1,-1,1,1,532140.0,181434.0,-0.097002,51.516382,48,2,1,1,42136,7,1899-12-30 00:42:00,570,E09000001,6,0,2,20,3,4,6,0,0,4,4,1,1,0,0,1,1,E01000001,1.0,3.0,2.0,35.0,6.0,2.0,1.0,3.0,0.0,0.0,0.0,0.0,1.0,2.0
3870,2015051500713,2,9,0,18,0,2,0,0,0,0,1,1,6,1,49,8,1399,2,5,-1,1,-1,1,2,335800.0,393125.0,-2.967734,53.430984,5,2,2,1,42311,4,1899-12-30 18:27:00,91,E08000012,6,0,6,30,6,2,3,5089,0,0,4,1,1,0,0,1,1,E01006558,,,,,,,,,,,,,,
3871,2015320078712,2,9,0,17,0,0,0,0,1,0,1,1,6,1,45,7,1995,2,9,-1,1,-1,6,2,536403.0,363109.0,0.038088,53.147665,32,2,2,6,42224,7,1899-12-30 19:28:00,351,E10000019,3,155,6,40,0,-1,-1,0,0,0,6,1,1,0,0,2,1,E01026060,6.0,2.0,1.0,9.0,2.0,3.0,0.0,0.0,2.0,0.0,0.0,9.0,1.0,3.0
3872,201597NA00412,2,9,0,2,0,0,0,0,0,0,2,1,6,3,-1,-1,1246,1,10,-1,1,-1,1,2,271605.0,666663.0,-4.053781,55.875963,97,2,2,1,42016,3,1899-12-30 17:25:00,932,S12000044,6,0,6,30,0,-1,-1,0,0,0,4,1,2,0,0,1,1,,,,,,,,,,,,,,,
3873,2015521501635,1,9,0,6,0,0,0,0,0,0,3,1,6,1,22,5,1910,2,11,-1,1,-1,1,2,374423.0,164511.0,-2.368883,51.379068,52,2,2,1,42006,1,1899-12-30 08:45:00,611,E06000022,3,36,6,30,0,-1,-1,0,0,0,1,1,1,0,0,1,1,E01014484,,,,,,,,,,,,,,
3874,2015471502180,2,9,0,18,0,1,0,0,0,0,1,1,6,2,36,7,1299,1,13,-1,1,-1,2,2,522884.0,132750.0,-0.247075,51.08092,47,2,2,2,42189,3,1899-12-30 10:08:00,562,E10000032,6,0,6,30,3,4,6,0,0,0,1,1,1,0,0,2,1,E01031676,2.0,1.0,2.0,36.0,7.0,2.0,0.0,0.0,0.0,0.0,0.0,9.0,1.0,8.0
3875,201501GD10378,1,1,0,18,0,0,0,0,0,0,3,1,6,2,29,6,-1,-1,-1,-1,1,-1,1,2,533590.0,187850.0,-0.073684,51.573697,1,2,2,1,22/05/2015,6,1899-12-30 14:55:00,4,E09000012,3,107,6,30,0,-1,-1,0,0,0,1,1,1,0,0,1,1,E01001808,1.0,1.0,2.0,29.0,6.0,2.0,0.0,0.0,0.0,0.0,0.0,1.0,1.0,3.0
3876,2015331500054,1,3,0,18,0,0,0,0,0,0,2,1,2,1,45,7,125,1,1,-1,3,-1,1,2,434655.0,314077.0,-1.488338,52.723238,33,2,2,1,13/01/2015,3,1899-12-30 22:20:00,366,E10000018,4,4116,6,60,0,-1,-1,0,0,0,6,6,3,0,0,2,1,E01025921,1.0,1.0,1.0,45.0,7.0,2.0,0.0,0.0,0.0,0.0,0.0,3.0,3.0,7.0
3877,2015160B03661,1,9,0,16,0,0,1,0,0,0,1,1,2,2,24,5,1398,2,13,-1,2,-1,2,3,503643.0,417412.0,-0.433708,53.642964,16,2,3,2,21/10/2015,4,1899-12-30 08:42:00,232,E06000013,4,1206,6,60,0,-1,-1,0,0,0,1,2,2,0,0,2,1,E01013305,1.0,1.0,2.0,24.0,5.0,3.0,0.0,0.0,0.0,0.0,0.0,9.0,2.0,8.0
3878,2015300014056,1,9,0,18,0,0,0,0,0,0,3,1,6,3,-1,-1,-1,-1,-1,-1,-1,-1,1,2,429200.0,377980.0,-1.563346,53.297975,30,2,2,1,23/05/2015,7,1899-12-30 03:14:00,327,E10000007,4,6054,6,60,0,-1,-1,0,0,0,1,1,1,0,0,2,2,E01019770,,,,,,,,,,,,,,
3879,2015950003842,1,1,0,18,0,0,0,4,0,0,3,1,6,1,21,5,-1,-1,-1,-1,1,-1,1,3,325100.0,673040.0,-3.200797,55.944542,95,2,3,1,17/08/2015,2,1899-12-30 22:15:00,923,S12000036,5,0,6,30,0,-1,-1,0,0,0,4,1,1,0,0,1,1,,1.0,1.0,1.0,21.0,5.0,2.0,0.0,0.0,0.0,0.0,0.0,1.0,1.0,-1.0
3880,2015170M11565,2,1,0,18,0,0,0,0,0,0,1,1,6,1,40,7,-1,-1,-1,-1,1,-1,1,2,447813.0,517928.0,-1.262254,54.554345,17,2,2,1,14/07/2015,3,1899-12-30 16:39:00,243,E06000002,3,1032,6,30,0,-1,-1,0,0,5,1,1,1,0,0,1,1,E01012054,1.0,1.0,1.0,40.0,7.0,2.0,0.0,0.0,0.0,0.0,0.0,1.0,1.0,8.0
3881,201511SC08145,1,9,0,16,0,8,0,0,7,11,1,1,6,1,87,11,2179,2,6,-1,3,-1,2,1,388494.0,521609.0,-2.179566,54.58954,11,2,1,2,26/04/2015,1,1899-12-30 17:15:00,169,E06000047,6,0,6,60,3,4,4,6276,0,0,1,1,1,0,0,2,1,E01020865,2.0,2.0,2.0,84.0,11.0,2.0,0.0,0.0,1.0,0.0,0.0,9.0,3.0,5.0
3882,2015471503331,1,9,0,18,0,8,1,0,7,2,1,1,2,1,26,6,1242,1,16,-1,1,-1,4,2,540477.0,101489.0,-0.008111,50.795948,47,2,2,4,15/06/2015,2,1899-12-30 07:25:00,554,E10000011,6,0,6,30,6,4,6,0,0,0,1,1,2,0,0,1,1,E01021064,1.0,1.0,1.0,26.0,6.0,3.0,0.0,0.0,0.0,0.0,0.0,9.0,1.0,7.0
3883,201501PY20087,1,9,0,18,0,8,0,0,0,0,4,1,6,1,70,10,-1,-1,-1,-1,2,-1,4,2,547860.0,164280.0,0.122237,51.358355,1,2,2,4,31/01/2015,7,1899-12-30 14:57:00,19,E09000006,3,224,6,30,6,4,6,0,0,0,1,2,2,0,0,2,1,E01000685,2.0,2.0,2.0,69.0,10.0,2.0,0.0,0.0,1.0,0.0,0.0,9.0,-1.0,-1.0
3884,201520N059605,1,9,0,18,0,1,0,4,7,0,1,1,6,1,55,8,2979,1,13,-1,1,-1,2,2,409620.0,295470.0,-1.859538,52.556986,20,2,2,2,26/09/2015,7,1899-12-30 23:00:00,300,E08000025,6,0,6,30,3,4,6,0,0,0,5,1,1,0,0,1,1,E01009468,1.0,1.0,1.0,55.0,8.0,2.0,0.0,0.0,0.0,0.0,0.0,9.0,1.0,9.0
3885,2015621501267,1,9,0,16,0,0,5,0,8,11,3,1,6,2,64,9,-1,-1,-1,-1,1,-1,1,1,274569.0,200150.0,-3.815845,51.686056,62,2,1,1,31/07/2015,6,1899-12-30 19:46:00,743,W06000012,3,474,6,60,0,-1,-1,0,0,0,1,1,1,0,0,2,1,W01000902,1.0,1.0,2.0,64.0,9.0,2.0,0.0,0.0,0.0,0.0,0.0,9.0,1.0,-1.0
3886,2015471501424,2,1,0,18,0,8,0,0,0,0,4,1,6,1,48,8,-1,-1,-1,-1,1,-1,1,2,502659.0,103422.0,-0.543959,50.821251,47,2,2,1,42311,4,1899-12-30 17:16:00,558,E10000032,3,259,1,30,1,4,3,284,0,4,1,1,1,0,0,1,1,E01031469,1.0,1.0,1.0,48.0,8.0,2.0,0.0,0.0,0.0,0.0,0.0,1.0,1.0,7.0
3887,2015320050610,1,9,0,18,0,1,0,0,7,4,1,1,6,1,30,6,1910,2,7,-1,-1,-1,3,1,498259.0,371935.0,-0.529298,53.235367,32,2,1,3,20/06/2015,7,1899-12-30 19:57:00,352,E10000019,3,15,6,30,6,2,5,4,0,4,1,1,1,0,0,1,1,E01026122,2.0,1.0,1.0,30.0,6.0,3.0,0.0,0.0,0.0,0.0,0.0,9.0,-1.0,-1.0
3888,2015075184474,1,3,0,16,0,0,0,0,0,0,3,1,6,1,23,5,124,1,1,-1,1,-1,2,2,362733.0,393456.0,-2.562436,53.436556,7,2,2,2,27/06/2015,7,1899-12-30 19:30:00,128,E06000007,5,1004,6,30,0,-1,-1,0,0,0,1,1,1,0,0,2,1,E01012472,1.0,1.0,1.0,23.0,5.0,2.0,0.0,0.0,0.0,0.0,0.0,3.0,1.0,6.0
3889,201543W212085,1,9,0,18,0,0,0,0,0,0,1,1,6,1,44,7,2720,2,10,-1,1,-1,7,2,480133.0,177922.0,-0.847103,51.494572,43,2,2,7,27/08/2015,5,1899-12-30 14:37:00,475,E06000041,3,4,6,40,0,-1,-1,0,0,8,1,1,1,0,0,2,1,E01016678,4.0,2.0,1.0,8.0,2.0,2.0,0.0,0.0,1.0,0.0,0.0,9.0,1.0,10.0
3890,201520G009725,2,5,0,18,0,8,2,4,0,0,1,1,6,1,24,5,625,1,10,-1,1,-1,1,3,393220.0,295510.0,-2.101437,52.557385,20,2,3,1,13/05/2015,4,1899-12-30 14:25:00,309,E08000031,3,4126,6,30,3,4,6,0,0,0,1,1,1,0,0,1,1,E01010535,1.0,1.0,1.0,24.0,5.0,2.0,0.0,0.0,0.0,0.0,0.0,5.0,1.0,1.0
3891,201511SC09915,3,19,0,18,0,0,0,0,0,0,1,1,6,1,56,9,1248,2,5,-1,1,-1,4,3,405902.0,517247.0,-1.910269,54.55044,11,2,3,4,13/05/2015,4,1899-12-30 07:05:00,169,E06000047,3,688,6,30,0,-1,-1,0,0,0,1,1,1,0,0,2,1,E01020853,,,,,,,,,,,,,,
3892,201501GD10055,1,9,0,9,0,8,0,0,0,0,4,1,6,1,67,10,1596,1,3,-1,1,-1,1,2,536460.0,184710.0,-0.033513,51.544794,1,2,2,1,22/01/2015,5,1899-12-30 22:25:00,4,E09000012,3,106,3,40,3,2,3,106,0,5,4,1,1,0,0,1,1,E01001848,,,,,,,,,,,,,,
3893,2015331501923,1,9,0,18,0,0,0,0,2,7,0,1,6,1,23,5,1124,1,14,-1,1,-1,3,2,460353.0,311380.0,-1.108389,52.696745,33,2,2,3,29/11/2015,1,1899-12-30 01:22:00,362,E10000018,3,46,3,70,0,-1,-1,0,0,0,6,4,2,0,0,2,1,E01025679,1.0,1.0,1.0,23.0,5.0,3.0,0.0,0.0,0.0,0.0,0.0,9.0,1.0,4.0
3894,2015471506974,1,3,0,13,0,0,1,0,0,0,3,1,2,1,49,8,599,1,14,-1,1,-1,1,3,553216.0,132202.0,0.185411,51.068705,47,2,3,1,25/11/2015,4,1899-12-30 16:55:00,556,E10000011,3,26,6,50,0,-1,-1,0,0,0,4,1,2,0,3,2,1,E01021173,1.0,1.0,1.0,49.0,8.0,2.0,0.0,0.0,0.0,0.0,0.0,3.0,1.0,5.0
3895,2015440138560,2,9,0,9,0,8,0,0,0,0,4,1,6,1,80,11,1598,1,11,-1,1,-1,3,2,486550.0,151882.0,-0.761026,51.25954,44,2,2,3,24/04/2015,6,1899-12-30 22:12:00,499,E10000014,6,0,3,40,6,2,6,0,0,5,4,2,2,0,0,1,1,E01023142,3.0,1.0,1.0,80.0,11.0,3.0,0.0,0.0,0.0,0.0,0.0,9.0,1.0,6.0
3896,201542I056202,2,9,0,17,0,0,0,0,7,0,1,1,1,1,64,9,1595,1,2,-1,1,-1,2,2,577752.0,195290.0,0.566741,51.628344,42,2,2,2,16/02/2015,2,1899-12-30 08:03:00,454,E10000012,3,132,6,60,0,-1,-1,0,0,0,1,1,2,0,0,2,1,E01021594,2.0,1.0,1.0,64.0,9.0,3.0,0.0,0.0,0.0,0.0,0.0,9.0,1.0,7.0
3897,2015440021294,1,1,0,18,0,0,0,0,0,0,3,1,6,1,30,6,-1,-1,-1,-1,1,-1,1,2,470024.0,115173.0,-1.004926,50.931766,44,2,2,1,20/01/2015,3,1899-12-30 09:50:00,497,E10000014,6,0,6,60,0,-1,-1,0,0,0,1,1,1,0,0,2,1,E01022606,1.0,1.0,1.0,30.0,6.0,2.0,0.0,0.0,0.0,0.0,0.0,1.0,1.0,2.0
3898,201597BE03011,1,9,0,18,0,0,0,0,0,0,3,1,1,1,62,9,1896,2,6,-1,1,-1,1,1,257372.0,668123.0,-4.281852,55.885066,97,2,1,1,30/11/2015,2,1899-12-30 16:50:00,926,S12000043,3,81,6,30,0,-1,-1,0,0,0,4,1,2,0,0,1,1,,1.0,3.0,2.0,29.0,6.0,2.0,5.0,3.0,0.0,0.0,0.0,0.0,1.0,-1.0
3899,201501HT21126,1,9,0,18,0,8,0,0,0,0,1,1,6,1,19,4,998,1,13,-1,1,-1,1,2,537220.0,180740.0,-0.024105,51.508935,1,2,2,1,16/12/2015,4,1899-12-30 19:35:00,5,E09000030,3,1261,3,20,9,2,3,1261,0,0,4,1,1,0,0,1,1,E01004277,,,,,,,,,,,,,,
3900,2015132350297,1,9,0,17,0,0,1,0,0,0,3,1,2,1,48,8,-1,-1,-1,-1,1,-1,3,3,439673.0,415983.0,-1.401434,53.638867,13,2,3,3,42127,5,1899-12-30 08:48:00,206,E08000036,6,0,6,60,0,-1,-1,0,0,0,1,1,1,0,0,2,1,E01011771,1.0,1.0,1.0,48.0,8.0,3.0,0.0,0.0,0.0,0.0,0.0,9.0,1.0,4.0
3901,20154100K0139,3,9,0,4,0,0,0,0,0,0,2,1,6,2,33,6,1598,1,9,-1,1,-1,4,4,536310.0,209670.0,-0.025952,51.769119,41,2,4,4,42219,1,1899-12-30 20:00:00,430,E10000015,3,10,3,70,0,-1,-1,0,0,0,6,1,1,0,0,2,1,E01023322,2.0,1.0,2.0,33.0,6.0,3.0,0.0,0.0,0.0,0.0,0.0,9.0,1.0,5.0
3902,201501MM70292,1,11,0,18,0,8,0,0,0,0,3,1,1,1,35,6,7300,2,13,-1,-1,-1,1,2,534270.0,178820.0,-0.067318,51.49239,1,2,2,1,42220,4,1899-12-30 22:30:00,8,E09000028,3,2206,6,30,3,1,6,0,0,0,4,1,1,0,0,1,1,E01004043,,,,,,,,,,,,,,
3903,201543P185115,2,98,2,18,0,0,0,0,0,0,4,1,6,3,-1,-1,-1,-1,-1,-1,-1,-1,1,2,448411.0,196951.0,-1.301382,51.669256,43,2,2,1,16/11/2015,2,1899-12-30 11:58:00,483,E10000025,3,415,6,30,0,-1,-1,0,0,0,1,1,1,0,0,1,1,E01028698,,,,,,,,,,,,,,
3904,201534WD22235,2,5,0,18,0,0,0,0,0,0,1,1,2,1,27,6,675,1,2,-1,1,-1,1,3,479521.0,266718.0,-0.835467,52.292848,34,2,3,1,42072,5,1899-12-30 07:55:00,381,E10000021,3,43,6,60,0,-1,-1,0,0,0,1,1,2,0,0,2,1,E01027018,1.0,1.0,1.0,27.0,6.0,2.0,0.0,0.0,0.0,0.0,0.0,5.0,1.0,3.0
3905,2015075144735,2,9,0,18,0,0,0,0,0,4,1,1,6,2,49,8,1595,1,8,-1,3,-1,3,2,373284.0,368828.0,-2.401535,53.215831,7,2,2,3,22/05/2015,6,1899-12-30 17:20:00,129,E06000049,5,604,6,60,0,-1,-1,0,0,0,1,1,1,0,0,2,1,E01018411,3.0,1.0,2.0,49.0,8.0,2.0,0.0,0.0,0.0,0.0,0.0,9.0,3.0,10.0