,accident_index,vehicle_reference,vehicle_type,towing_and_articulation,vehicle_manoeuvre,vehicle_location-restricted_lane,junction_location,skidding_and_overturning,hit_object_in_carriageway,vehicle_leaving_carriageway,hit_object_off_carriageway,1st_point_of_impact,was_vehicle_left_hand_drive?,journey_purpose_of_driver,sex_of_driver,age_of_driver,age_band_of_driver,engine_capacity_(cc),propulsion_code,age_of_vehicle,driver_imd_decile,driver_home_area_type,vehicle_imd_decile,NUmber_of_Casualities_unique_to_accident_index,No_of_Vehicles_involved_unique_to_accident_index,location_easting_osgr,location_northing_osgr,longitude,latitude,police_force,accident_severity,number_of_vehicles,number_of_casualties,date,day_of_week,time,local_authority_(district),local_authority_(highway),1st_road_class,1st_road_number,road_type,speed_limit,junction_detail,junction_control,2nd_road_class,2nd_road_number,pedestrian_crossing-human_control,pedestrian_crossing-physical_facilities,light_conditions,weather_conditions,road_surface_conditions,special_conditions_at_site,carriageway_hazards,urban_or_rural_area,did_police_officer_attend_scene_of_accident,lsoa_of_accident_location,casualty_reference,casualty_class,sex_of_casualty,age_of_casualty,age_band_of_casualty,casualty_severity,pedestrian_location,pedestrian_movement,car_passenger,bus_or_coach_passenger,pedestrian_road_maintenance_worker,casualty_type,casualty_home_area_type,casualty_imd_decile
3906,201597KC00405,1,1,0,14,0,6,0,4,0,0,2,1,6,1,48,8,-1,-1,-1,-1,1,-1,1,3,225686.0,675923.0,-4.792852,55.944639,97,2,3,1,42099,2,1899-12-30 15:50:00,928,S12000018,6,0,6,30,3,4,6,0,0,0,1,1,1,0,0,1,1,,1.0,1.0,1.0,48.0,8.0,2.0,0.0,0.0,0.0,0.0,0.0,1.0,1.0,-1.0
3907,2015440355409,1,9,0,9,0,8,0,0,0,0,3,1,2,1,26,6,899,1,1,-1,1,-1,3,3,467351.0,152064.0,-1.036087,51.263764,44,2,3,3,13/10/2015,3,1899-12-30 08:43:00,490,E10000014,3,30,6,40,3,4,6,0,0,0,1,1,1,0,0,1,1,E01022468,1.0,1.0,1.0,26.0,6.0,2.0,0.0,0.0,0.0,0.0,0.0,9.0,1.0,8.0
3908,201506K000696,3,9,0,2,0,1,0,0,0,0,3,1,6,1,27,6,1229,1,10,-1,1,-1,1,3,373900.0,409420.0,-2.395683,53.580717,6,2,3,1,13/04/2015,2,1899-12-30 17:51:00,100,E08000001,3,58,6,30,3,4,5,0,0,4,1,1,1,0,0,1,1,E01004796,,,,,,,,,,,,,,
3909,201531C205115,1,9,0,16,0,0,0,0,0,0,1,1,6,2,23,5,1242,1,8,-1,1,-1,1,1,452720.0,342886.0,-1.216243,52.980734,31,2,1,1,42286,5,1899-12-30 18:43:00,346,E06000018,6,0,6,30,0,-1,-1,0,0,0,1,1,1,0,0,1,1,E01013818,1.0,3.0,1.0,3.0,1.0,2.0,5.0,4.0,0.0,0.0,0.0,0.0,-1.0,-1.0
3910,201550JC4U007,5,9,0,3,0,0,0,0,0,0,2,1,6,2,24,5,1299,1,11,-1,1,-1,5,7,290454.0,84037.0,-3.550743,50.645689,50,2,7,5,20/02/2015,6,1899-12-30 17:52:00,585,E10000008,3,38,3,70,0,-1,-1,0,0,0,1,1,1,0,0,2,1,E01020241,1.0,2.0,1.0,78.0,11.0,2.0,0.0,0.0,2.0,0.0,0.0,9.0,3.0,4.0
3911,2015331502139,1,9,0,18,9,6,0,0,0,0,4,1,2,1,37,7,1968,2,4,-1,3,-1,1,2,473908.0,287276.0,-0.913222,52.478416,33,2,2,1,23/12/2015,4,1899-12-30 17:20:00,363,E10000018,3,4304,6,30,8,4,6,6,0,5,4,1,1,0,0,1,1,E01025796,,,,,,,,,,,,,,
3912,201563DP34315,2,9,0,18,0,0,0,0,0,0,1,1,6,2,41,7,-1,-1,-1,-1,2,-1,2,2,321600.0,309460.0,-3.161016,52.677147,63,2,2,2,29/11/2015,1,1899-12-30 19:55:00,753,W06000023,3,490,6,60,0,-1,-1,0,0,0,6,1,2,0,0,2,1,W01000501,1.0,1.0,2.0,41.0,7.0,2.0,0.0,0.0,0.0,0.0,0.0,9.0,2.0,-1.0
3913,2015450021740,1,20,4,9,0,6,0,0,0,0,3,1,1,1,36,7,7790,2,5,-1,1,-1,1,1,508461.0,164233.0,-0.443376,51.366813,45,2,1,1,22/01/2015,5,1899-12-30 08:48:00,510,E10000030,3,317,6,30,3,4,6,0,0,8,1,1,1,0,0,1,1,E01030375,1.0,3.0,2.0,30.0,6.0,2.0,6.0,8.0,0.0,0.0,0.0,0.0,1.0,10.0
3914,201560S011683,2,9,0,4,0,0,0,0,0,0,2,1,6,2,44,7,-1,-1,-1,-1,-1,-1,2,3,329912.0,361857.0,-3.049426,53.149221,60,2,3,2,25/01/2015,1,1899-12-30 14:19:00,724,W06000005,3,550,6,60,0,-1,-1,0,0,0,1,1,2,0,0,2,1,W01000326,2.0,1.0,2.0,44.0,7.0,3.0,0.0,0.0,0.0,0.0,0.0,9.0,-1.0,-1.0
3915,201543P355065,2,9,0,3,0,1,0,0,0,0,2,1,6,1,55,8,2148,2,13,-1,1,-1,1,2,453075.0,207971.0,-1.232272,51.767909,43,2,2,1,24/06/2015,4,1899-12-30 17:11:00,482,E10000025,4,4495,6,30,2,4,4,4150,0,8,1,1,1,0,0,1,1,E01028562,,,,,,,,,,,,,,
3916,2015471503205,1,9,0,18,0,0,0,0,0,0,1,1,6,2,50,8,1461,2,5,-1,1,-1,1,1,528646.0,104435.0,-0.174857,50.825171,47,2,1,1,42253,3,1899-12-30 18:50:00,565,E06000043,3,259,3,30,0,-1,-1,0,0,0,1,1,1,0,0,1,1,E01016857,1.0,3.0,1.0,18.0,4.0,2.0,5.0,1.0,0.0,0.0,0.0,0.0,1.0,4.0
3917,201531C085915,1,9,0,18,0,8,0,4,7,1,4,1,6,1,48,8,1560,2,1,-1,1,-1,3,5,457803.0,338284.0,-1.141365,52.938847,31,2,5,3,25/04/2015,7,1899-12-30 21:13:00,346,E06000018,6,0,6,30,6,4,6,0,0,0,4,2,2,3,0,1,1,E01013874,1.0,1.0,1.0,48.0,8.0,2.0,0.0,0.0,0.0,0.0,0.0,9.0,1.0,1.0
3918,2015320055841,2,9,0,18,0,8,0,0,0,0,3,1,6,2,51,8,1997,2,9,-1,1,-1,3,2,491113.0,335640.0,-0.646593,52.910474,32,2,2,3,42042,5,1899-12-30 20:24:00,355,E10000019,5,374,3,30,6,2,3,52,0,5,1,1,1,0,0,1,1,E01026317,1.0,1.0,2.0,51.0,8.0,2.0,0.0,0.0,0.0,0.0,0.0,9.0,1.0,9.0
3919,201501EK40153,2,3,0,15,0,1,0,0,0,0,1,1,6,1,33,6,124,1,1,-1,1,-1,1,2,529430.0,184240.0,-0.135006,51.542225,1,2,2,1,42186,4,1899-12-30 16:45:00,2,E09000007,5,0,6,30,3,4,6,0,0,0,4,1,1,0,0,1,1,E01000957,1.0,1.0,1.0,33.0,6.0,2.0,0.0,0.0,0.0,0.0,0.0,3.0,1.0,6.0
3920,2015210024630,2,9,0,5,0,1,0,0,0,0,1,1,6,2,58,9,1390,1,5,-1,1,-1,1,2,386321.0,349310.0,-2.205466,53.040884,21,2,2,1,21/05/2015,5,1899-12-30 09:00:00,257,E06000021,6,0,6,30,3,3,6,0,0,0,1,2,1,0,0,1,2,E01014251,1.0,1.0,2.0,58.0,9.0,2.0,0.0,0.0,0.0,0.0,0.0,9.0,1.0,1.0
3921,201504EF15307,2,9,0,18,0,1,1,0,0,0,3,1,6,2,34,6,-1,-1,-1,-1,1,-1,3,2,379740.0,433140.0,-2.309036,53.794171,4,2,2,3,42008,4,1899-12-30 20:14:00,72,E10000017,6,0,6,30,3,4,6,0,0,0,4,2,2,0,0,1,1,E01024885,2.0,2.0,2.0,12.0,3.0,2.0,0.0,0.0,1.0,0.0,0.0,9.0,1.0,3.0
3922,201504WB15214,1,9,0,18,0,2,0,0,0,0,1,1,6,1,63,9,2435,1,14,-1,1,-1,1,2,348160.0,461270.0,-2.793178,54.044779,4,2,2,1,23/06/2015,3,1899-12-30 18:30:00,76,E10000017,6,0,6,20,3,4,6,0,0,0,1,1,1,0,0,1,1,E01025129,,,,,,,,,,,,,,
3923,2015300012235,2,9,0,4,0,0,0,0,0,0,3,1,6,2,67,10,1198,1,4,-1,2,-1,1,2,429910.0,367950.0,-1.553632,53.207781,30,2,2,1,15/02/2015,1,1899-12-30 11:00:00,329,E10000007,5,109,6,60,0,-1,-1,0,0,0,1,1,1,0,0,2,1,E01019606,,,,,,,,,,,,,,
3924,2015160C01051,2,9,0,18,0,0,2,0,0,0,1,1,2,2,37,7,-1,-1,-1,-1,3,-1,3,3,489216.0,441912.0,-0.6448,53.865764,16,2,3,3,13/02/2015,6,1899-12-30 07:25:00,231,E06000011,3,1079,6,60,0,-1,-1,0,0,0,1,1,2,0,0,2,1,E01013121,2.0,1.0,2.0,37.0,7.0,3.0,0.0,0.0,0.0,0.0,0.0,9.0,3.0,7.0
3925,2015360093476,1,5,0,18,0,0,0,0,1,9,4,1,6,1,45,7,779,1,2,-1,1,-1,2,1,612269.0,317136.0,1.140876,52.710236,36,2,1,2,13/09/2015,1,1899-12-30 22:00:00,401,E10000020,3,1067,6,50,0,-1,-1,0,0,0,6,1,1,0,0,2,1,E01026525,1.0,1.0,1.0,45.0,7.0,2.0,0.0,0.0,0.0,0.0,0.0,5.0,1.0,1.0
3926,2015132550406,2,9,0,11,0,0,0,0,0,0,1,1,6,2,34,6,1598,1,3,-1,1,-1,2,3,432242.0,427028.0,-1.512676,53.738646,13,2,3,2,42129,3,1899-12-30 10:00:00,204,E08000035,1,1,3,70,0,-1,-1,0,0,0,1,1,2,0,0,2,1,E01011499,2.0,1.0,2.0,34.0,6.0,2.0,0.0,0.0,0.0,0.0,0.0,9.0,1.0,10.0
3927,2015420031687,1,9,0,18,0,0,0,0,1,2,1,1,6,2,41,7,1596,1,10,-1,1,-1,4,2,563740.0,180074.0,0.357409,51.495897,42,2,2,4,42227,1,1899-12-30 11:20:00,462,E06000034,3,1089,3,70,0,-1,-1,0,0,0,1,1,2,0,0,2,2,E01015937,1.0,1.0,2.0,41.0,7.0,3.0,0.0,0.0,0.0,0.0,0.0,9.0,1.0,2.0
3928,20154100D0284,2,9,0,1,0,0,0,0,0,0,2,1,6,3,-1,-1,1598,1,8,-1,-1,-1,1,2,505335.0,205558.0,-0.4759,51.738839,41,2,2,1,28/05/2015,5,1899-12-30 20:45:00,431,E10000015,3,41,3,60,0,-1,-1,0,0,0,1,1,1,0,0,1,1,E01023354,1.0,3.0,1.0,27.0,6.0,2.0,9.0,5.0,0.0,0.0,0.0,0.0,3.0,10.0
3929,201501FH10227,1,20,0,18,0,0,0,0,0,0,4,1,1,1,59,9,-1,-1,-1,-1,1,-1,1,1,523320.0,178630.0,-0.225027,51.493174,1,2,1,1,30/04/2015,5,1899-12-30 07:34:00,11,E09000013,3,315,6,30,0,-1,-1,0,0,4,1,1,1,0,0,1,1,E01001898,1.0,3.0,2.0,53.0,8.0,2.0,10.0,9.0,0.0,0.0,2.0,0.0,1.0,3.0
3930,20154100D0065,1,19,0,7,0,5,0,0,7,0,1,1,1,1,44,7,1248,2,5,-1,1,-1,1,1,506720.0,207850.0,-0.455147,51.759178,41,2,1,1,28/01/2015,4,1899-12-30 06:34:00,431,E10000015,6,749,6,30,3,4,6,699,0,0,4,2,2,0,0,1,1,E01023347,1.0,3.0,2.0,51.0,8.0,2.0,5.0,2.0,0.0,0.0,0.0,0.0,-1.0,-1.0
3931,2015300016094,2,9,0,18,0,1,0,0,0,0,3,1,6,1,26,6,1398,1,4,-1,1,-1,1,2,436220.0,333250.0,-1.46305,52.895483,30,2,2,1,42073,7,1899-12-30 15:52:00,323,E06000015,3,5111,6,40,3,4,6,0,0,4,1,1,1,0,0,1,1,E01013584,,,,,,,,,,,,,,
3932,201501HT21231,2,3,0,18,0,8,0,0,0,0,1,1,6,1,19,4,124,1,2,-1,1,-1,1,2,538280.0,181060.0,-0.008716,51.511553,1,2,2,1,20/12/2015,1,1899-12-30 19:10:00,5,E09000030,3,13,6,30,7,2,3,13,0,5,4,2,2,0,0,1,1,E01004247,1.0,1.0,1.0,19.0,4.0,2.0,0.0,0.0,0.0,0.0,0.0,3.0,1.0,-1.0
3933,2015440302404,1,9,0,16,0,1,5,10,3,1,1,1,6,2,64,9,1299,1,13,-1,1,-1,1,1,446280.0,133699.0,-1.340417,51.100734,44,2,1,1,31/08/2015,2,1899-12-30 20:50:00,502,E10000014,3,34,7,70,3,4,3,272,0,0,4,1,1,0,0,2,1,E01023274,1.0,1.0,2.0,64.0,9.0,2.0,0.0,0.0,0.0,0.0,0.0,9.0,1.0,3.0
3934,201522G503012,1,9,0,13,0,0,0,0,0,0,1,1,1,1,38,7,1686,2,4,-1,1,-1,3,3,372030.0,280790.0,-2.412742,52.424375,22,2,3,3,42103,6,1899-12-30 07:18:00,286,E06000051,4,4363,6,60,0,-1,-1,0,0,0,1,2,2,0,0,2,1,E01028858,1.0,1.0,1.0,38.0,7.0,2.0,0.0,0.0,0.0,0.0,0.0,9.0,1.0,3.0
3935,2015471501056,1,9,0,18,0,1,0,10,0,0,1,1,6,1,32,6,1124,1,12,-1,1,-1,7,2,524675.0,136714.0,-0.220152,51.116162,47,2,2,7,20/02/2015,6,1899-12-30 20:17:00,560,E10000032,6,0,6,30,3,4,6,0,0,0,4,1,2,0,0,1,1,E01031567,1.0,1.0,1.0,32.0,6.0,3.0,0.0,0.0,0.0,0.0,0.0,9.0,1.0,3.0
3936,201514B080715,1,9,0,9,0,5,0,0,0,0,1,1,6,1,19,4,1398,2,11,-1,1,-1,1,3,436634.0,410191.0,-1.448074,53.58703,14,2,3,1,42347,7,1899-12-30 23:35:00,210,E08000016,4,6132,6,30,3,4,4,6132,0,0,4,1,1,0,0,1,1,E01007436,,,,,,,,,,,,,,
3937,20151327S1173,1,9,0,9,0,8,0,0,0,0,4,1,2,1,44,7,2401,2,8,-1,1,-1,1,2,419577.0,446222.0,-1.703464,53.911784,13,2,2,1,28/07/2015,3,1899-12-30 17:27:00,204,E08000035,6,0,6,30,3,4,6,0,0,0,1,1,1,0,0,1,1,E01011582,,,,,,,,,,,,,,
3938,2015460261497,1,9,0,18,0,0,1,0,0,0,3,1,1,2,70,10,1360,1,12,-1,3,-1,2,2,545040.0,144620.0,0.073795,51.182418,46,2,2,2,16/09/2015,4,1899-12-30 08:30:00,538,E10000016,4,2026,6,50,0,-1,-1,0,0,0,1,2,2,0,0,2,1,E01024430,1.0,1.0,2.0,70.0,10.0,3.0,0.0,0.0,0.0,0.0,0.0,9.0,3.0,6.0
3939,2015440055802,2,20,0,18,0,8,0,0,0,0,0,1,1,1,39,7,2402,2,14,-1,3,-1,1,2,460165.0,84611.0,-1.150199,50.658076,44,2,2,1,17/02/2015,3,1899-12-30 07:35:00,505,E06000046,4,3329,6,30,6,4,6,0,0,8,1,8,4,0,0,1,1,E01017348,,,,,,,,,,,,,,
3940,201531D069415,2,1,0,18,0,1,0,0,0,0,0,1,6,1,53,8,-1,-1,-1,-1,1,-1,1,2,458557.0,338237.0,-1.130156,52.938343,31,2,2,1,42281,6,1899-12-30 14:40:00,347,E10000024,3,6520,6,30,8,4,6,0,0,0,1,1,1,0,0,1,1,E01028416,1.0,1.0,1.0,53.0,8.0,2.0,0.0,0.0,0.0,0.0,0.0,1.0,1.0,9.0
3941,2015210030100,1,4,0,4,0,1,0,0,0,0,0,1,6,1,37,7,-1,-1,-1,-1,1,-1,1,2,393476.0,323451.0,-2.098224,52.808567,21,2,2,1,28/09/2015,2,1899-12-30 23:00:00,255,E10000028,3,518,6,30,3,4,6,18,0,0,4,1,1,0,0,1,2,E01029722,1.0,1.0,1.0,37.0,7.0,2.0,0.0,0.0,0.0,0.0,0.0,4.0,1.0,3.0
3942,2015132120605,2,23,0,16,0,0,5,0,0,0,1,1,6,1,10,2,-1,-1,-1,-1,1,-1,1,2,411939.0,415829.0,-1.820902,53.638844,13,2,2,1,42036,6,1899-12-30 13:15:00,203,E08000034,6,0,6,30,0,-1,-1,0,0,0,1,1,2,0,0,1,1,E01011149,1.0,1.0,1.0,10.0,2.0,2.0,0.0,0.0,0.0,0.0,0.0,23.0,1.0,2.0
3943,201501KF60294,1,9,0,9,0,8,0,0,0,0,1,1,6,1,26,6,1400,1,10,-1,1,-1,1,1,542430.0,183530.0,0.052045,51.532717,1,2,1,1,42129,3,1899-12-30 00:20:00,17,E09000025,3,124,6,30,3,4,6,0,0,4,4,2,2,0,0,1,1,E01003525,1.0,3.0,1.0,64.0,9.0,2.0,1.0,1.0,0.0,0.0,2.0,0.0,1.0,2.0
3944,2015521501933,1,11,0,3,0,0,0,0,0,0,0,1,1,1,36,7,6370,2,13,-1,1,-1,1,1,356342.0,173376.0,-2.629755,51.457668,52,2,1,1,42188,7,1899-12-30 14:00:00,601,E06000023,3,4,6,40,0,-1,-1,0,0,0,1,1,1,0,2,2,2,E01014709,1.0,2.0,2.0,54.0,8.0,2.0,0.0,0.0,0.0,4.0,0.0,11.0,1.0,3.0
3945,2015520506687,2,9,0,3,0,0,0,0,0,0,2,1,6,1,32,6,1242,1,17,-1,1,-1,2,4,337390.0,138921.0,-2.896442,51.146112,52,2,4,2,42286,5,1899-12-30 07:15:00,607,E10000027,3,39,6,50,0,-1,-1,0,0,0,1,1,2,0,0,2,1,E01029137,1.0,1.0,1.0,32.0,6.0,3.0,0.0,0.0,0.0,0.0,0.0,9.0,1.0,6.0
3946,2015331500262,1,9,0,2,0,0,0,0,0,0,0,1,6,1,42,7,1360,1,13,-1,1,-1,1,2,460522.0,298632.0,-1.108221,52.582139,33,2,2,1,42066,3,1899-12-30 18:52:00,367,E10000018,4,582,6,30,0,-1,-1,0,0,0,4,1,1,0,0,1,1,E01025992,,,,,,,,,,,,,,
3947,201563CP25515,1,9,0,16,0,0,1,0,0,0,1,1,6,1,18,4,-1,-1,-1,-1,1,-1,2,2,191540.0,211590.0,-5.022325,51.764083,63,2,2,2,24/12/2015,5,1899-12-30 08:54:00,752,W06000009,6,0,6,60,0,-1,-1,0,0,0,1,2,2,0,0,2,1,W01000575,2.0,1.0,1.0,18.0,4.0,2.0,0.0,0.0,0.0,0.0,0.0,9.0,1.0,-1.0
3948,2015170L12035,2,9,0,1,0,0,0,0,0,0,1,1,6,1,40,7,-1,-1,-1,-1,2,-1,5,2,464824.0,518779.0,-0.999091,54.560103,17,2,2,5,25/12/2015,6,1899-12-30 19:44:00,241,E06000003,3,173,6,60,0,-1,-1,0,0,0,6,2,2,0,0,2,1,E01012164,2.0,1.0,1.0,40.0,7.0,2.0,0.0,0.0,0.0,0.0,0.0,9.0,2.0,4.0
3949,2015440107775,1,11,0,5,0,0,0,0,0,0,0,1,1,3,-1,-1,-1,-1,-1,-1,-1,-1,1,1,451508.0,83773.0,-1.272776,50.651369,44,2,1,1,28/03/2015,7,1899-12-30 21:45:00,505,E06000046,3,3020,6,30,0,-1,-1,0,0,0,4,1,1,0,0,2,2,E01017297,1.0,2.0,1.0,35.0,6.0,2.0,0.0,0.0,0.0,1.0,0.0,11.0,1.0,3.0
3950,2015132671696,2,9,0,17,0,0,0,0,1,4,1,1,6,2,30,6,1560,2,8,-1,1,-1,8,2,422477.0,415049.0,-1.661578,53.631489,13,2,2,8,42191,1,1899-12-30 23:15:00,203,E08000034,3,637,6,50,0,-1,-1,0,0,0,4,1,1,0,0,2,1,E01011197,8.0,2.0,2.0,3.0,1.0,3.0,0.0,0.0,2.0,0.0,0.0,9.0,1.0,1.0
3951,201531C124615,1,2,0,18,1,1,0,0,0,0,1,1,6,1,57,9,49,1,16,-1,1,-1,1,2,457459.0,339581.0,-1.146254,52.950542,31,2,2,1,42344,6,1899-12-30 17:50:00,346,E06000018,6,0,6,30,9,2,6,0,0,0,1,2,2,0,6,1,1,E01033400,1.0,1.0,1.0,57.0,9.0,2.0,0.0,0.0,0.0,0.0,0.0,2.0,1.0,9.0
3952,20154100T1150,1,9,0,18,0,0,0,0,0,0,1,1,6,2,37,7,1968,2,1,-1,1,-1,1,2,511347.0,204361.0,-0.389251,51.72692,41,2,2,1,24/11/2015,3,1899-12-30 17:20:00,434,E10000015,1,1,7,70,0,-1,-1,0,0,0,4,1,2,0,0,2,1,E01023732,1.0,1.0,2.0,37.0,7.0,2.0,0.0,0.0,0.0,0.0,0.0,9.0,1.0,9.0
3953,201531D191315,1,9,0,16,0,3,1,10,7,0,3,1,6,2,22,5,1149,1,12,-1,1,-1,4,2,468336.0,339612.0,-0.984385,52.949548,31,2,2,4,22/08/2015,7,1899-12-30 17:44:00,347,E10000024,3,52,1,60,1,4,3,46,0,0,1,1,2,0,0,2,1,E01028419,1.0,1.0,2.0,22.0,5.0,2.0,0.0,0.0,0.0,0.0,0.0,9.0,1.0,2.0
3954,201542I226007,2,19,0,18,0,1,0,0,0,0,4,1,1,1,52,8,1995,2,2,-1,1,-1,4,3,578678.0,188644.0,0.576723,51.568355,42,2,3,4,25/07/2015,7,1899-12-30 10:00:00,453,E10000012,6,0,6,30,2,4,6,0,0,0,1,1,1,0,0,1,1,E01021512,,,,,,,,,,,,,,
3955,201560S105898,1,9,0,18,0,0,5,0,1,11,1,1,6,1,36,7,-1,-1,-1,-1,-1,-1,1,1,260677.0,368991.0,-4.087189,53.199688,60,2,1,1,17/07/2015,6,1899-12-30 02:05:00,722,W06000002,3,5,6,60,0,-1,-1,0,0,0,6,1,2,0,0,2,1,W01000115,1.0,1.0,1.0,36.0,7.0,2.0,0.0,0.0,0.0,0.0,0.0,9.0,-1.0,-1.0
3956,2015440138560,1,9,0,18,0,8,0,0,0,0,1,1,6,1,40,7,1997,2,1,-1,1,-1,3,2,486550.0,151882.0,-0.761026,51.25954,44,2,2,3,24/04/2015,6,1899-12-30 22:12:00,499,E10000014,6,0,3,40,6,2,6,0,0,5,4,2,2,0,0,1,1,E01023142,1.0,2.0,2.0,41.0,7.0,2.0,0.0,0.0,1.0,0.0,0.0,9.0,1.0,8.0
3957,201504SA15594,1,9,0,9,0,8,0,0,0,0,1,1,2,1,28,6,1389,1,13,-1,1,-1,2,2,354470.0,429720.0,-2.692117,53.761832,4,2,2,2,16/12/2015,4,1899-12-30 07:00:00,79,E10000017,3,59,6,30,7,2,3,59,0,5,4,2,2,0,0,1,1,E01025293,1.0,1.0,1.0,28.0,6.0,3.0,0.0,0.0,0.0,0.0,0.0,9.0,1.0,1.0
3958,2015440355750,2,1,0,18,0,1,0,0,0,0,1,1,6,1,43,7,-1,-1,-1,-1,1,-1,1,2,480914.0,153562.0,-0.841398,51.27547,44,2,2,1,13/10/2015,3,1899-12-30 13:02:00,494,E10000014,4,3013,6,30,3,4,6,0,0,4,1,1,1,0,0,1,1,E01022864,1.0,1.0,1.0,43.0,7.0,2.0,0.0,0.0,0.0,0.0,0.0,1.0,1.0,10.0
3959,201506K006913,1,9,0,9,0,8,0,0,0,0,3,1,1,2,21,5,1149,1,10,-1,1,-1,1,2,371650.0,410010.0,-2.429719,53.585902,6,2,2,1,42348,2,1899-12-30 07:40:00,100,E08000001,4,6206,6,30,3,4,6,0,0,0,1,1,1,0,0,1,1,E01033220,,,,,,,,,,,,,,
3960,2015420037117,1,9,0,16,0,0,1,0,7,11,1,1,5,1,25,5,1796,1,12,-1,1,-1,4,3,561872.0,195654.0,0.337693,51.636403,42,2,3,4,31/12/2015,5,1899-12-30 14:10:00,452,E10000012,6,0,6,20,0,-1,-1,0,0,0,1,1,1,0,0,1,1,E01021453,4.0,2.0,2.0,24.0,5.0,3.0,0.0,0.0,1.0,0.0,0.0,9.0,1.0,4.0
3961,201506Q007424,1,9,0,18,0,0,0,0,0,0,1,1,6,1,45,7,1461,2,11,-1,1,-1,1,1,392720.0,403300.0,-2.111285,53.526311,6,2,1,1,42318,1,1899-12-30 18:26:00,104,E08000004,3,627,6,30,0,-1,-1,0,0,0,1,1,1,0,0,1,1,E01005322,1.0,3.0,2.0,68.0,10.0,2.0,5.0,1.0,0.0,0.0,0.0,0.0,1.0,1.0
3962,201520M015415,1,9,0,15,0,3,0,0,0,0,3,1,6,3,-1,-1,-1,-1,-1,-1,-1,-1,1,2,434640.0,277170.0,-1.492402,52.391464,20,2,2,1,17/10/2015,7,1899-12-30 19:35:00,302,E08000026,3,4082,1,30,1,4,3,444,0,0,4,1,1,0,0,2,1,E01009544,,,,,,,,,,,,,,
3963,2015360095071,2,1,0,18,4,0,0,0,0,0,1,1,6,1,66,10,-1,-1,-1,-1,1,-1,1,2,619335.0,305657.0,1.23767,52.604394,36,2,2,1,42258,2,1899-12-30 18:10:00,405,E10000020,6,0,2,30,0,-1,-1,0,0,0,4,1,1,0,0,1,1,E01026881,1.0,1.0,1.0,66.0,10.0,2.0,0.0,0.0,0.0,0.0,0.0,1.0,1.0,2.0
3964,2015350116015,4,9,0,3,0,0,0,0,0,0,2,1,2,2,52,8,1598,1,4,-1,2,-1,4,7,546620.0,262140.0,0.145788,52.23793,35,2,7,4,30/06/2015,3,1899-12-30 08:20:00,395,E10000003,3,14,3,70,0,-1,-1,0,0,0,1,1,1,0,0,2,1,E01018274,4.0,1.0,2.0,52.0,8.0,3.0,0.0,0.0,0.0,0.0,0.0,9.0,2.0,10.0
3965,2015405DA0787,3,9,0,18,0,0,0,0,0,0,0,1,6,2,-1,-1,1796,1,9,-1,2,-1,1,3,497893.0,243032.0,-0.573006,52.077006,40,2,3,1,42104,1,1899-12-30 11:50:00,424,E06000056,5,70,6,60,0,-1,-1,0,0,0,1,1,1,0,0,2,1,E01017417,,,,,,,,,,,,,,
3966,201504SA15095,1,9,0,9,0,6,0,0,0,0,1,1,6,2,40,7,2199,2,4,-1,1,-1,1,2,354320.0,425860.0,-2.69382,53.727127,4,2,2,1,42066,3,1899-12-30 15:55:00,83,E10000017,4,5254,6,30,3,4,6,0,0,5,1,1,1,0,0,1,1,E01025411,,,,,,,,,,,,,,
3967,201542I200307,1,5,0,18,0,8,1,0,7,4,1,1,6,1,59,9,1301,1,-1,-1,1,-1,2,3,584618.0,188573.0,0.662295,51.565806,42,2,3,2,42192,3,1899-12-30 19:31:00,460,E06000033,3,1015,6,30,3,4,6,0,0,0,1,1,1,0,0,1,1,E01015835,1.0,1.0,1.0,59.0,9.0,2.0,0.0,0.0,0.0,0.0,0.0,5.0,1.0,9.0
3968,2015471504456,1,9,0,9,0,1,0,0,0,0,4,1,6,1,46,8,1584,1,14,-1,1,-1,4,4,574527.0,119460.0,0.483164,50.948156,47,2,4,4,42043,1,1899-12-30 15:53:00,555,E10000011,3,2100,6,60,8,4,6,0,0,0,1,1,1,0,0,2,1,E01021100,3.0,2.0,1.0,46.0,8.0,3.0,0.0,0.0,2.0,0.0,0.0,9.0,1.0,9.0
3969,201501SX20821,3,9,0,2,0,8,0,0,0,0,3,1,6,3,-1,-1,1598,1,9,-1,-1,-1,2,3,522150.0,187880.0,-0.238665,51.576559,1,2,3,2,23/08/2015,1,1899-12-30 02:36:00,30,E09000003,3,5,6,30,3,4,6,0,0,8,7,1,1,0,0,1,1,E01000305,,,,,,,,,,,,,,
3970,20154100C0011,1,9,0,18,0,0,0,0,0,0,1,1,6,2,25,5,1398,1,5,-1,3,-1,1,1,510702.0,199409.0,-0.400156,51.682541,41,2,1,1,42064,7,1899-12-30 20:55:00,437,E10000015,3,41,6,40,0,-1,-1,0,0,8,4,1,2,0,0,1,1,E01023872,1.0,3.0,2.0,16.0,4.0,2.0,5.0,1.0,0.0,0.0,0.0,0.0,1.0,3.0