,accident_index,vehicle_reference,vehicle_type,towing_and_articulation,vehicle_manoeuvre,vehicle_location-restricted_lane,junction_location,skidding_and_overturning,hit_object_in_carriageway,vehicle_leaving_carriageway,hit_object_off_carriageway,1st_point_of_impact,was_vehicle_left_hand_drive?,journey_purpose_of_driver,sex_of_driver,age_of_driver,age_band_of_driver,engine_capacity_(cc),propulsion_code,age_of_vehicle,driver_imd_decile,driver_home_area_type,vehicle_imd_decile,NUmber_of_Casualities_unique_to_accident_index,No_of_Vehicles_involved_unique_to_accident_index,location_easting_osgr,location_northing_osgr,longitude,latitude,police_force,accident_severity,number_of_vehicles,number_of_casualties,date,day_of_week,time,local_authority_(district),local_authority_(highway),1st_road_class,1st_road_number,road_type,speed_limit,junction_detail,junction_control,2nd_road_class,2nd_road_number,pedestrian_crossing-human_control,pedestrian_crossing-physical_facilities,light_conditions,weather_conditions,road_surface_conditions,special_conditions_at_site,carriageway_hazards,urban_or_rural_area,did_police_officer_attend_scene_of_accident,lsoa_of_accident_location,casualty_reference,casualty_class,sex_of_casualty,age_of_casualty,age_band_of_casualty,casualty_severity,pedestrian_location,pedestrian_movement,car_passenger,bus_or_coach_passenger,pedestrian_road_maintenance_worker,casualty_type,casualty_home_area_type,casualty_imd_decile
3971,201506L003490,3,9,0,18,0,0,0,0,0,0,1,1,6,2,51,8,1598,1,3,-1,1,-1,1,3,358620.0,405980.0,-2.626,53.548813,6,2,3,1,14/07/2015,3,1899-12-30 18:13:00,114,E08000010,3,49,6,30,0,-1,-1,0,0,0,1,1,1,0,0,1,1,E01006386,,,,,,,,,,,,,,
3972,2015930000291,1,9,0,16,0,0,0,0,1,4,4,1,6,1,23,5,1364,1,7,-1,2,-1,1,1,331696.0,738913.0,-3.112236,56.53724,93,2,1,1,29/05/2015,6,1899-12-30 17:50:00,912,S12000041,4,954,6,60,0,-1,-1,0,0,0,1,1,1,0,0,2,1,,1.0,2.0,2.0,23.0,5.0,2.0,0.0,0.0,1.0,0.0,0.0,9.0,2.0,-1.0
3973,2015521500456,1,9,0,9,0,5,0,0,0,0,3,1,6,1,58,9,1986,1,5,-1,1,-1,1,2,363007.0,174497.0,-2.533949,51.468223,52,2,2,1,42036,6,1899-12-30 20:24:00,601,E06000023,4,4465,6,30,3,4,6,0,0,8,4,1,1,0,0,1,1,E01014626,,,,,,,,,,,,,,
3974,201560S155642,2,9,0,18,0,8,0,0,0,0,3,1,6,1,65,9,-1,-1,-1,-1,-1,-1,1,2,324452.0,373122.0,-3.133717,53.249713,60,2,2,1,42287,7,1899-12-30 18:20:00,724,W06000005,3,548,6,30,6,2,3,5119,0,0,1,1,1,0,0,1,1,W01000288,,,,,,,,,,,,,,
3975,201542I014001,1,3,0,18,0,2,0,0,0,0,1,1,6,1,29,6,124,1,3,-1,2,-1,2,2,601566.0,214785.0,0.921617,51.79538,42,2,2,2,18/01/2015,1,1899-12-30 18:39:00,455,E10000012,4,1025,6,40,3,4,6,0,0,0,6,8,2,0,0,2,1,E01021733,2.0,2.0,1.0,-1.0,-1.0,2.0,0.0,0.0,0.0,0.0,0.0,3.0,-1.0,-1.0
3976,20154100D0423,1,9,0,18,0,0,0,0,0,0,1,1,6,1,18,4,1149,1,10,-1,1,-1,1,3,506238.0,204975.0,-0.463005,51.733429,41,2,3,1,14/08/2015,6,1899-12-30 04:25:00,33,E10000015,3,4251,6,30,0,-1,-1,0,0,0,4,8,2,0,0,1,1,E01033022,1.0,1.0,1.0,18.0,4.0,2.0,0.0,0.0,0.0,0.0,0.0,9.0,1.0,8.0
3977,2015621500888,1,9,0,17,0,0,5,0,0,0,1,2,6,2,37,7,-1,-1,-1,-1,1,-1,2,2,249973.0,188579.0,-4.166429,51.576055,62,2,2,2,23/05/2015,7,1899-12-30 23:17:00,745,W06000011,3,4118,6,60,0,-1,-1,0,0,0,6,1,1,0,0,2,1,W01000775,2.0,2.0,2.0,60.0,9.0,2.0,0.0,0.0,1.0,0.0,0.0,9.0,-1.0,-1.0
3978,201534WS17285,1,9,0,18,0,0,0,0,1,11,1,1,6,2,29,6,2993,2,3,-1,1,-1,1,1,451137.0,232454.0,-1.256734,51.988194,34,2,1,1,42345,1,1899-12-30 03:30:00,385,E10000021,6,0,6,30,0,-1,-1,0,0,0,6,2,2,0,0,2,1,E01027290,1.0,2.0,2.0,28.0,6.0,2.0,0.0,0.0,1.0,0.0,0.0,9.0,1.0,2.0
3979,201542I164806,2,9,0,18,0,3,0,0,0,0,4,1,6,1,69,10,2987,2,9,-1,1,-1,2,2,569468.0,205090.0,0.451927,51.718931,42,2,2,2,42130,6,1899-12-30 11:30:00,454,E10000012,3,414,3,40,1,4,6,0,0,0,1,1,1,0,0,1,1,E01021556,,,,,,,,,,,,,,
3980,2015471502925,1,9,0,18,0,0,1,0,1,4,1,1,6,1,55,8,1490,1,8,-1,3,-1,1,1,582033.0,112576.0,0.586471,50.883996,47,2,1,1,26/05/2015,3,1899-12-30 21:30:00,552,E10000011,6,0,6,60,0,-1,-1,0,0,0,6,1,1,7,7,1,2,E01021007,1.0,1.0,1.0,55.0,8.0,2.0,0.0,0.0,0.0,0.0,0.0,9.0,3.0,6.0
3981,201597LA04702,2,9,0,2,0,0,0,0,0,0,2,1,1,1,54,8,1995,2,3,-1,1,-1,2,2,240141.0,679255.0,-4.563635,55.979573,97,2,2,2,25/02/2015,4,1899-12-30 07:00:00,916,S12000039,6,0,6,30,0,-1,-1,0,0,0,1,1,4,0,0,1,1,,2.0,1.0,1.0,54.0,8.0,3.0,0.0,0.0,0.0,0.0,0.0,9.0,1.0,-1.0
3982,201522E501817,1,9,0,18,0,0,0,0,2,0,1,1,6,1,28,6,1461,2,1,-1,-1,-1,5,2,344160.0,257080.0,-2.818609,52.209098,22,2,2,5,24/05/2015,1,1899-12-30 14:44:00,285,E06000019,3,44,6,60,0,-1,-1,0,0,0,1,1,1,0,0,2,1,E01014017,4.0,2.0,1.0,28.0,6.0,2.0,0.0,0.0,2.0,0.0,0.0,9.0,3.0,-1.0
3983,2015921500356,2,9,0,5,0,1,0,0,0,0,1,1,6,1,49,8,-1,-1,-1,-1,1,-1,1,2,321978.0,864230.0,-3.309307,57.661173,92,2,2,1,13/03/2015,6,1899-12-30 15:15:00,930,S12000020,6,0,6,30,3,4,6,0,0,0,1,1,1,0,0,1,1,,,,,,,,,,,,,,,
3984,2015471501086,1,9,0,17,0,0,1,0,0,0,1,1,6,2,60,9,-1,-1,-1,-1,2,-1,1,2,555857.0,122480.0,0.218899,50.980639,47,2,2,1,22/02/2015,1,1899-12-30 08:04:00,556,E10000011,3,267,6,60,0,-1,-1,0,0,0,1,1,4,0,0,2,1,E01021149,1.0,1.0,2.0,60.0,9.0,2.0,0.0,0.0,0.0,0.0,0.0,9.0,2.0,10.0
3985,2015320072273,1,9,0,18,0,0,0,0,1,9,1,1,6,2,49,8,1560,2,10,-1,1,-1,2,1,549390.0,384627.0,0.242202,53.337459,32,2,1,2,42102,3,1899-12-30 15:49:00,351,E10000019,3,1104,6,40,0,-1,-1,0,0,0,1,1,1,0,0,2,1,E01026074,1.0,1.0,2.0,49.0,8.0,3.0,0.0,0.0,0.0,0.0,0.0,9.0,1.0,1.0
3986,201501YE80190,2,9,0,11,0,8,0,0,0,0,4,1,2,2,46,8,1995,1,4,-1,1,-1,1,3,534840.0,200010.0,-0.05098,51.68267,1,2,3,1,42127,5,1899-12-30 09:35:00,32,E09000010,3,10,1,30,1,2,1,25,0,0,1,1,1,0,0,2,1,E01001412,,,,,,,,,,,,,,
3987,2015132BR0616,1,8,0,18,0,8,0,0,0,0,1,1,1,1,32,6,1910,2,7,-1,-1,-1,1,1,414388.0,416261.0,-1.783843,53.642666,13,2,1,1,27/11/2015,6,1899-12-30 12:00:00,203,E08000034,3,62,3,30,6,2,3,62,0,4,1,1,1,0,0,1,1,E01011229,1.0,3.0,2.0,67.0,10.0,2.0,1.0,3.0,0.0,0.0,0.0,0.0,1.0,10.0
3988,201501BS70603,1,19,0,2,0,8,0,0,0,0,3,1,6,1,55,8,1560,2,6,-1,1,-1,1,3,524970.0,180370.0,-0.200656,51.50845,1,2,3,1,14/10/2015,4,1899-12-30 15:23:00,12,E09000020,3,402,6,30,3,4,6,0,0,1,1,2,2,0,0,1,1,E01002828,,,,,,,,,,,,,,
3989,201520W027715,2,1,0,5,0,1,0,0,0,0,4,1,6,1,10,2,-1,-1,-1,-1,1,-1,1,3,404270.0,288870.0,-1.938532,52.49772,20,2,3,1,15/05/2015,6,1899-12-30 18:30:00,300,E08000025,6,0,6,30,3,4,3,4040,0,0,1,1,1,0,0,1,1,E01009360,1.0,1.0,1.0,10.0,2.0,2.0,0.0,0.0,0.0,0.0,0.0,1.0,1.0,1.0
3990,2015450020934,5,19,0,18,0,0,1,0,0,0,1,1,1,1,38,7,-1,-1,-1,-1,-1,-1,2,5,502919.0,173791.0,-0.520185,51.453757,45,2,5,2,42309,1,1899-12-30 03:06:00,40,E10000030,1,25,3,70,0,-1,-1,0,0,0,4,4,1,0,3,2,1,E01030735,1.0,1.0,1.0,38.0,7.0,2.0,0.0,0.0,0.0,0.0,0.0,19.0,-1.0,-1.0
3991,201501MM70818,1,11,0,18,2,2,0,0,0,0,1,1,1,1,58,9,6700,2,3,-1,1,-1,1,1,534020.0,176700.0,-0.07172,51.473398,1,2,1,1,24/09/2015,5,1899-12-30 16:24:00,8,E09000028,3,202,6,20,3,2,6,0,0,5,1,1,1,0,0,1,1,E01004067,1.0,3.0,1.0,54.0,8.0,2.0,1.0,1.0,0.0,0.0,2.0,0.0,1.0,4.0
3992,201531A055515,1,9,0,2,0,0,0,0,1,2,2,1,6,1,49,8,2191,2,-1,-1,1,-1,1,1,453546.0,361792.0,-1.200803,53.150583,31,2,1,1,30/03/2015,2,1899-12-30 18:03:00,344,E10000024,6,0,6,30,0,-1,-1,0,0,0,1,2,2,0,0,1,1,E01028283,1.0,3.0,1.0,49.0,8.0,2.0,6.0,9.0,0.0,0.0,0.0,0.0,1.0,6.0
3993,2015460261246,2,1,0,18,0,0,0,0,1,0,3,1,6,1,58,9,-1,-1,-1,-1,-1,-1,1,2,553380.0,167460.0,0.202827,51.385465,46,2,2,1,42286,5,1899-12-30 15:30:00,538,E10000016,3,20,3,60,0,-1,-1,0,0,0,1,1,1,0,0,2,1,E01024433,1.0,1.0,1.0,58.0,9.0,2.0,0.0,0.0,0.0,0.0,0.0,1.0,-1.0,-1.0
3994,2015300011726,1,9,0,15,0,0,1,0,7,0,4,1,6,2,52,8,-1,-1,-1,-1,-1,-1,4,2,450390.0,364650.0,-1.24754,53.176578,30,2,2,4,17/01/2015,7,1899-12-30 12:40:00,321,E10000007,4,6407,6,60,0,-1,-1,0,0,0,1,1,2,0,0,2,1,E01019503,3.0,2.0,2.0,4.0,1.0,3.0,0.0,0.0,2.0,0.0,0.0,9.0,-1.0,-1.0
3995,2015921500893,2,5,0,13,0,0,1,0,0,0,4,1,6,2,44,7,-1,-1,-1,-1,-1,-1,1,2,321043.0,815407.0,-3.309213,57.222569,92,2,2,1,42346,4,1899-12-30 11:30:00,930,S12000020,3,939,6,60,0,-1,-1,0,0,0,1,1,1,0,0,2,1,,1.0,1.0,2.0,44.0,7.0,2.0,0.0,0.0,0.0,0.0,0.0,5.0,-1.0,-1.0
3996,201504ED15149,1,9,0,18,0,1,0,0,0,0,1,1,6,1,89,11,1587,1,8,-1,1,-1,1,3,366150.0,425980.0,-2.514543,53.72911,4,2,3,1,14/04/2015,3,1899-12-30 21:20:00,70,E06000008,6,0,6,30,3,4,6,0,0,8,4,1,1,0,0,1,1,E01012619,1.0,1.0,1.0,89.0,11.0,2.0,0.0,0.0,0.0,0.0,0.0,9.0,1.0,5.0
3997,2015100228215,1,9,0,18,0,6,0,0,1,0,1,1,6,1,42,7,1796,1,12,-1,1,-1,1,2,392166.0,570163.0,-2.124076,55.025937,10,2,2,1,20/04/2015,2,1899-12-30 12:00:00,139,E06000048,4,6318,6,40,6,4,3,6079,0,0,1,1,1,0,0,2,1,E01027495,,,,,,,,,,,,,,
3998,2015170M10385,1,9,0,9,0,8,0,0,0,0,1,1,1,1,49,8,1753,2,7,-1,1,-1,1,2,449378.0,520018.0,-1.237709,54.572976,17,2,2,1,27/02/2015,6,1899-12-30 08:40:00,243,E06000002,6,0,6,30,6,2,6,0,0,5,1,1,1,0,0,1,1,E01012068,,,,,,,,,,,,,,
3999,2015440204886,2,19,0,18,0,8,0,0,0,0,4,1,6,3,-1,-1,-1,-1,-1,-1,-1,-1,1,2,465188.0,98977.0,-1.076613,50.786709,44,2,2,1,17/06/2015,4,1899-12-30 12:25:00,498,E06000044,4,2154,6,30,6,2,4,2155,0,5,1,1,1,0,0,1,2,E01017027,,,,,,,,,,,,,,
4000,201501HT20647,2,5,0,17,0,8,0,0,0,0,3,1,2,1,42,7,535,1,20,-1,1,-1,1,2,538910.0,180960.0,0.000318,51.5105,1,2,2,1,23/07/2015,5,1899-12-30 11:56:00,5,E09000030,3,1261,1,30,1,4,3,1268,0,4,1,1,1,0,0,1,1,E01032778,1.0,1.0,1.0,42.0,7.0,2.0,0.0,0.0,0.0,0.0,0.0,5.0,1.0,1.0
4001,2015471505814,1,2,0,4,0,1,1,0,0,0,1,1,6,1,19,4,49,1,12,-1,2,-1,1,2,577547.0,117526.0,0.52517,50.92986,47,2,2,1,42134,2,1899-12-30 12:20:00,555,E10000011,6,0,6,60,3,4,3,21,0,0,1,2,2,0,0,2,1,E01021105,1.0,1.0,1.0,19.0,4.0,2.0,0.0,0.0,0.0,0.0,0.0,2.0,2.0,8.0
4002,2015440321651,2,9,0,7,0,8,0,0,0,0,1,1,6,3,-1,-1,-1,-1,-1,-1,-1,-1,1,2,464024.0,152403.0,-1.083703,51.267194,44,2,2,1,15/09/2015,3,1899-12-30 19:30:00,490,E10000014,3,3010,1,40,1,4,6,0,0,0,7,2,2,0,0,1,2,,,,,,,,,,,,,,,
4003,201506L097767,2,9,0,18,0,8,1,10,1,4,1,1,1,2,31,6,4197,1,8,-1,3,-1,1,2,361180.0,408420.0,-2.58767,53.570939,6,2,2,1,21/02/2015,7,1899-12-30 23:25:00,114,E08000010,4,5239,6,30,3,4,6,0,0,1,4,1,1,0,0,2,1,E01006235,1.0,2.0,1.0,37.0,7.0,2.0,0.0,0.0,1.0,0.0,0.0,9.0,1.0,2.0
4004,2015921500843,1,8,0,18,2,0,0,0,0,0,4,1,1,1,66,10,1956,2,4,-1,-1,-1,1,1,394129.0,806212.0,-2.09866,57.146757,92,2,1,1,30/07/2015,5,1899-12-30 13:50:00,910,S12000033,6,0,3,20,0,-1,-1,0,0,0,1,1,1,0,0,1,1,,1.0,3.0,2.0,82.0,11.0,2.0,5.0,1.0,0.0,0.0,0.0,0.0,-1.0,-1.0
4005,201542I126104,1,5,0,4,0,0,0,0,0,0,1,1,6,1,55,8,1170,1,9,-1,1,-1,2,2,586391.0,185293.0,0.68611,51.535764,42,2,2,2,42342,1,1899-12-30 13:50:00,460,E06000033,6,0,6,30,0,-1,-1,0,0,1,5,4,1,0,0,1,1,E01015827,1.0,1.0,1.0,55.0,8.0,2.0,0.0,0.0,0.0,0.0,0.0,5.0,1.0,3.0
4006,20154100G0311,3,9,0,18,0,1,0,0,1,0,1,1,6,2,36,7,-1,-1,-1,-1,1,-1,3,3,521385.0,218762.0,-0.238951,51.854258,41,2,3,3,16/06/2015,3,1899-12-30 09:56:00,433,E10000015,4,656,6,30,8,4,-1,-1,0,0,1,1,1,0,0,2,1,E01023596,3.0,1.0,2.0,36.0,7.0,3.0,0.0,0.0,0.0,0.0,0.0,9.0,1.0,6.0
4007,2015471502295,1,4,0,18,0,0,1,0,4,6,3,1,6,1,19,4,499,1,19,-1,1,-1,1,1,541157.0,109350.0,0.004556,50.86643,47,2,1,1,26/04/2015,1,1899-12-30 14:05:00,554,E10000011,3,27,3,70,0,-1,-1,0,0,0,1,1,1,0,0,2,1,E01021039,1.0,1.0,1.0,19.0,4.0,2.0,0.0,0.0,0.0,0.0,0.0,4.0,1.0,8.0
4008,201520H005755,1,9,0,18,0,0,0,0,0,0,1,1,6,1,36,7,2198,1,12,-1,1,-1,1,1,400150.0,301510.0,-1.999218,52.611367,20,2,1,1,18/06/2015,5,1899-12-30 20:13:00,307,E08000030,4,4210,6,30,0,-1,-1,0,0,0,1,1,1,0,0,1,1,E01010295,1.0,3.0,1.0,48.0,8.0,2.0,5.0,3.0,0.0,0.0,0.0,0.0,-1.0,-1.0
4009,2015520503028,2,1,0,18,0,0,0,0,0,0,3,1,6,1,24,5,-1,-1,-1,-1,-1,-1,1,2,379928.0,151463.0,-2.289048,51.261968,52,2,2,1,23/04/2015,5,1899-12-30 14:30:00,606,E10000027,6,0,6,20,0,-1,-1,0,0,0,1,1,1,0,0,2,1,E01029023,1.0,1.0,1.0,24.0,5.0,2.0,0.0,0.0,0.0,0.0,0.0,1.0,-1.0,-1.0
4010,2015360089681,2,1,0,18,0,0,0,0,1,0,3,1,6,1,61,9,-1,-1,-1,-1,3,-1,1,2,646072.0,318922.0,1.641588,52.711964,36,2,2,1,42220,4,1899-12-30 11:30:00,402,E10000020,5,640,6,30,0,-1,-1,0,0,0,1,1,1,0,0,2,2,E01026638,1.0,1.0,1.0,61.0,9.0,2.0,0.0,0.0,0.0,0.0,0.0,1.0,3.0,6.0
4011,2015460255105,3,9,0,18,0,1,0,0,0,0,2,1,6,1,22,5,1686,2,5,-1,1,-1,1,3,560740.0,166020.0,0.307856,51.370492,46,2,3,1,42159,2,1899-12-30 09:30:00,538,E10000016,6,1192,6,30,8,4,-1,-1,0,0,1,1,1,0,0,1,2,E01024413,,,,,,,,,,,,,,
4012,2015300017196,1,9,0,16,0,0,0,0,0,0,1,1,2,1,28,6,1242,1,3,-1,-1,-1,2,2,404170.0,397170.0,-1.938647,53.471249,30,2,2,2,18/12/2015,6,1899-12-30 08:00:00,325,E10000007,4,6105,6,50,0,-1,-1,0,0,0,1,1,1,0,0,2,1,E01019754,1.0,1.0,1.0,28.0,6.0,3.0,0.0,0.0,0.0,0.0,0.0,9.0,-1.0,-1.0
4013,2015120025775,2,9,0,18,0,8,0,0,0,0,1,1,6,1,74,10,-1,-1,-1,-1,2,-1,5,3,432664.0,451823.0,-1.50365,53.961466,12,2,3,5,15/02/2015,1,1899-12-30 18:05:00,182,E10000023,3,658,6,60,3,4,5,275,0,0,6,1,2,0,0,2,1,E01027704,3.0,2.0,2.0,70.0,10.0,3.0,0.0,0.0,1.0,0.0,0.0,9.0,2.0,8.0
4014,2015051500837,1,4,0,18,0,0,0,4,0,0,1,1,6,3,-1,-1,-1,-1,-1,-1,-1,-1,1,2,339009.0,392213.0,-2.919265,53.423169,5,2,2,1,25/03/2015,4,1899-12-30 22:58:00,91,E08000012,6,0,6,30,0,-1,-1,0,0,0,4,1,1,0,0,1,1,E01006768,1.0,3.0,1.0,38.0,7.0,2.0,5.0,3.0,0.0,0.0,0.0,0.0,1.0,1.0
4015,201543N154075,1,9,0,9,0,5,0,0,0,0,4,1,6,1,31,6,1396,1,6,-1,1,-1,1,2,470747.0,209695.0,-0.975868,51.781456,43,2,2,1,18/07/2015,7,1899-12-30 13:30:00,476,E10000002,5,57,6,60,8,4,6,217,0,0,1,1,1,0,0,2,1,E01017681,,,,,,,,,,,,,,
4016,2015440022254,2,9,0,9,0,8,0,0,0,0,4,1,6,1,59,9,1870,2,11,-1,1,-1,1,2,443556.0,115128.0,-1.381542,50.933962,44,2,2,1,20/01/2015,3,1899-12-30 23:50:00,500,E06000045,3,335,6,40,3,2,6,0,0,5,7,1,1,0,0,2,2,E01032756,,,,,,,,,,,,,,
4017,2015200032549,2,22,-1,-1,-1,0,-1,-1,-1,0,-1,1,5,1,86,11,-1,-1,-1,-1,1,-1,1,2,437236.0,282665.0,-1.453646,52.440692,20,2,2,1,14/10/2015,4,1899-12-30 11:30:00,302,E08000026,6,0,9,30,0,-1,-1,0,0,0,4,1,1,0,0,1,2,E01009584,,,,,,,,,,,,,,
4018,2015921500353,1,9,0,18,0,0,0,0,0,0,3,1,6,1,50,8,2497,2,18,-1,3,-1,3,3,396727.0,819437.0,-2.055905,57.265582,92,2,3,3,27/03/2015,6,1899-12-30 15:00:00,911,S12000034,3,90,6,60,0,-1,-1,0,0,0,1,1,1,0,0,2,1,,3.0,2.0,2.0,50.0,8.0,3.0,0.0,0.0,1.0,0.0,0.0,9.0,3.0,-1.0
4019,2015120002063,1,9,0,4,0,0,1,0,4,6,1,1,6,1,31,6,-1,-1,-1,-1,1,-1,3,3,438652.0,466993.0,-1.410467,54.097389,12,2,3,3,42095,1,1899-12-30 19:45:00,182,E10000023,2,1,3,70,0,-1,-1,0,0,0,6,1,1,0,0,2,1,E01027688,3.0,2.0,2.0,25.0,5.0,3.0,0.0,0.0,1.0,0.0,0.0,9.0,1.0,4.0
4020,2015350011815,1,9,0,17,0,8,0,0,0,0,1,1,6,1,44,7,-1,-1,-1,-1,1,-1,1,2,543900.0,259390.0,0.104815,52.21394,35,2,2,1,25/01/2015,1,1899-12-30 10:10:00,390,E10000003,6,0,6,30,8,4,6,0,0,0,1,1,2,0,0,1,1,E01017956,,,,,,,,,,,,,,
4021,201501WW50373,3,9,0,4,0,8,0,0,0,0,2,1,2,1,49,8,1586,1,9,-1,1,-1,3,3,527680.0,171850.0,-0.164703,51.431276,1,2,3,3,42099,2,1899-12-30 23:19:00,10,E09000032,3,24,6,20,3,2,6,0,0,5,4,2,2,0,0,1,1,E01004612,3.0,2.0,1.0,29.0,6.0,3.0,0.0,0.0,1.0,0.0,0.0,9.0,1.0,1.0
4022,201534NC30745,1,9,0,18,0,8,0,0,0,0,1,1,2,2,62,9,1299,1,10,-1,3,-1,1,1,487699.0,290175.0,-0.709455,52.502433,34,2,1,1,24/11/2015,3,1899-12-30 17:39:00,380,E10000021,6,5107,6,30,3,4,6,5105,0,1,4,2,2,0,0,1,1,E01026970,1.0,3.0,2.0,55.0,8.0,2.0,1.0,3.0,0.0,0.0,0.0,0.0,1.0,3.0
4023,201597QB00902,5,1,0,18,0,0,0,0,0,0,2,1,6,1,51,8,-1,-1,-1,-1,3,-1,4,5,275597.0,652514.0,-3.983543,55.749959,97,2,5,4,42187,7,1899-12-30 09:30:00,938,S12000029,4,7078,6,30,0,-1,-1,0,0,0,1,1,2,0,0,2,1,,2.0,1.0,1.0,51.0,8.0,3.0,0.0,0.0,0.0,0.0,0.0,1.0,3.0,-1.0
4024,20154100A0763,1,9,0,18,0,0,1,0,7,3,2,1,6,1,19,4,1229,1,4,-1,3,-1,2,1,529361.0,211785.0,-0.125812,51.789772,41,2,1,2,19/12/2015,7,1899-12-30 23:02:00,432,E10000015,5,152,6,40,0,-1,-1,0,0,0,4,1,1,0,0,2,1,E01023486,1.0,1.0,1.0,19.0,4.0,3.0,0.0,0.0,0.0,0.0,0.0,9.0,3.0,8.0
4025,2015051502170,2,3,0,18,0,8,0,0,0,0,4,1,6,1,80,11,192,1,-1,-1,1,-1,1,2,323381.0,385401.0,-3.152734,53.35991,5,2,2,1,42317,6,1899-12-30 15:35:00,95,E08000015,4,5141,6,30,3,4,6,0,0,0,1,1,1,0,0,1,1,E01007283,1.0,1.0,1.0,80.0,11.0,2.0,0.0,0.0,0.0,0.0,0.0,3.0,1.0,8.0
4026,2015555998185,1,9,0,9,0,8,0,0,0,0,3,1,6,1,42,7,1596,1,11,-1,1,-1,1,2,412291.0,91389.0,-1.827247,50.721998,55,2,2,1,42219,1,1899-12-30 18:20:00,640,E06000028,6,0,6,30,3,4,6,0,0,0,4,1,1,0,0,2,1,E01015272,,,,,,,,,,,,,,
4027,2015051502466,2,9,0,9,0,1,0,0,0,0,3,1,6,1,63,9,2143,2,2,-1,1,-1,1,2,330964.0,412320.0,-3.044743,53.602875,5,2,2,1,13/10/2015,3,1899-12-30 14:49:00,93,E08000014,6,0,6,30,9,4,6,0,0,0,1,1,1,0,0,1,1,E01006926,,,,,,,,,,,,,,
4028,2015170L31595,2,1,0,18,0,0,0,0,0,0,1,1,6,2,14,3,-1,-1,-1,-1,1,-1,1,2,460607.0,522413.0,-1.063543,54.593278,17,2,2,1,19/10/2015,2,1899-12-30 19:37:00,241,E06000003,6,0,6,30,0,-1,-1,0,0,0,4,1,1,0,0,1,1,E01012130,1.0,1.0,2.0,14.0,3.0,2.0,0.0,0.0,0.0,0.0,0.0,1.0,1.0,1.0
4029,2015440308481,1,9,0,18,0,8,0,0,0,0,3,1,6,1,30,6,1997,1,11,-1,1,-1,5,2,444181.0,118436.0,-1.372248,50.963659,44,2,2,5,42133,7,1899-12-30 15:45:00,491,E10000014,6,0,6,30,6,4,6,0,0,0,1,1,1,0,0,1,1,E01022678,2.0,2.0,1.0,29.0,6.0,3.0,0.0,0.0,1.0,0.0,0.0,9.0,1.0,10.0
4030,2015950004986,1,19,0,18,0,0,0,0,0,0,1,1,1,1,42,7,2148,2,6,-1,2,-1,1,1,324614.0,661910.0,-3.205471,55.844487,95,2,1,1,30/10/2015,6,1899-12-30 08:52:00,929,S12000019,3,701,6,30,0,-1,-1,0,0,0,1,2,2,0,0,1,1,,1.0,3.0,2.0,52.0,8.0,2.0,5.0,3.0,0.0,0.0,0.0,0.0,1.0,-1.0
4031,2015983108715,2,9,0,18,0,0,0,0,1,0,1,1,6,2,50,8,1198,1,8,-1,3,-1,1,2,302434.0,568867.0,-3.526949,55.00477,98,2,2,1,19/03/2015,5,1899-12-30 16:50:00,917,S12000006,5,12,6,60,0,-1,-1,0,0,0,1,1,1,0,0,2,1,,1.0,1.0,2.0,50.0,8.0,2.0,0.0,0.0,0.0,0.0,0.0,9.0,3.0,-1.0
4032,2015621500413,1,20,0,5,0,8,0,0,0,0,3,2,1,1,58,9,-1,-1,-1,-1,1,-1,1,2,305980.0,197578.0,-3.360931,51.669082,62,2,2,1,26/02/2015,5,1899-12-30 08:15:00,744,W06000016,4,4275,6,30,6,4,6,0,0,1,1,2,2,0,0,1,1,W01001210,,,,,,,,,,,,,,
4033,2015350141715,1,9,0,18,0,4,0,0,0,0,1,1,2,1,66,10,1686,2,5,-1,2,-1,1,2,516080.0,301980.0,-0.287401,52.603215,35,2,2,1,42194,2,1899-12-30 11:47:00,394,E06000031,5,285,1,40,1,4,5,40,0,0,1,1,1,0,0,2,1,E01015591,,,,,,,,,,,,,,
4034,201531B237015,1,3,0,9,0,6,1,0,0,0,3,1,2,1,29,6,125,1,-1,-1,2,-1,1,1,459498.0,380721.0,-1.108289,53.320081,31,2,1,1,42196,7,1899-12-30 04:42:00,341,E10000024,4,6045,6,30,3,2,4,6041,0,8,4,2,2,6,0,1,1,E01028044,1.0,1.0,1.0,29.0,6.0,2.0,0.0,0.0,0.0,0.0,0.0,3.0,2.0,5.0
4035,201504SA15282,1,9,0,18,0,0,0,0,1,5,1,1,6,1,30,6,1198,1,12,-1,1,-1,2,1,351290.0,427970.0,-2.740073,53.745816,4,2,1,2,26/06/2015,6,1899-12-30 15:18:00,83,E10000017,3,59,6,30,0,-1,-1,0,0,0,1,1,1,0,0,1,1,E01025467,2.0,3.0,1.0,40.0,7.0,2.0,6.0,9.0,0.0,0.0,0.0,0.0,1.0,10.0
4036,2015440411768,1,9,0,17,0,0,5,0,1,0,2,1,6,2,22,5,998,1,10,-1,3,-1,1,1,451104.0,120944.0,-1.273323,50.985639,44,2,1,1,22/11/2015,1,1899-12-30 09:12:00,502,E10000014,6,0,6,60,0,-1,-1,0,0,0,1,1,2,0,0,2,1,E01023246,1.0,1.0,2.0,22.0,5.0,2.0,0.0,0.0,0.0,0.0,0.0,9.0,3.0,9.0