,accident_index,vehicle_reference,vehicle_type,towing_and_articulation,vehicle_manoeuvre,vehicle_location-restricted_lane,junction_location,skidding_and_overturning,hit_object_in_carriageway,vehicle_leaving_carriageway,hit_object_off_carriageway,1st_point_of_impact,was_vehicle_left_hand_drive?,journey_purpose_of_driver,sex_of_driver,age_of_driver,age_band_of_driver,engine_capacity_(cc),propulsion_code,age_of_vehicle,driver_imd_decile,driver_home_area_type,vehicle_imd_decile,NUmber_of_Casualities_unique_to_accident_index,No_of_Vehicles_involved_unique_to_accident_index,location_easting_osgr,location_northing_osgr,longitude,latitude,police_force,accident_severity,number_of_vehicles,number_of_casualties,date,day_of_week,time,local_authority_(district),local_authority_(highway),1st_road_class,1st_road_number,road_type,speed_limit,junction_detail,junction_control,2nd_road_class,2nd_road_number,pedestrian_crossing-human_control,pedestrian_crossing-physical_facilities,light_conditions,weather_conditions,road_surface_conditions,special_conditions_at_site,carriageway_hazards,urban_or_rural_area,did_police_officer_attend_scene_of_accident,lsoa_of_accident_location,casualty_reference,casualty_class,sex_of_casualty,age_of_casualty,age_band_of_casualty,casualty_severity,pedestrian_location,pedestrian_movement,car_passenger,bus_or_coach_passenger,pedestrian_road_maintenance_worker,casualty_type,casualty_home_area_type,casualty_imd_decile
4102,2015555998905,1,9,0,18,0,0,0,0,0,0,0,1,6,3,-1,-1,-1,-1,-1,-1,-1,-1,1,2,411777.0,103894.0,-1.834131,50.83446,55,2,2,1,42156,3,1899-12-30 14:00:00,647,E10000009,6,0,6,30,0,-1,-1,0,0,0,1,1,1,0,0,2,1,E01020404,,,,,,,,,,,,,,
4103,201523S031014,2,9,0,18,0,0,0,0,1,0,1,1,6,1,49,8,1598,2,2,-1,-1,-1,4,2,451239.0,261857.0,-1.250832,52.25251,23,2,2,4,28/09/2015,2,1899-12-30 20:10:00,293,E10000031,3,425,6,60,0,-1,-1,0,0,0,6,1,1,0,0,2,1,E01031224,2.0,1.0,1.0,49.0,8.0,2.0,0.0,0.0,0.0,0.0,0.0,9.0,-1.0,-1.0
4104,201511SA08115,1,9,0,13,0,0,2,0,1,10,3,1,6,1,22,5,1994,1,16,-1,1,-1,1,2,418872.0,525840.0,-1.709208,54.627348,11,2,2,1,25/04/2015,7,1899-12-30 18:10:00,169,E06000047,3,688,6,60,0,-1,-1,0,0,0,1,1,1,0,0,2,1,E01020859,1.0,1.0,1.0,22.0,5.0,2.0,0.0,0.0,0.0,0.0,0.0,9.0,1.0,2.0
4105,2015030000042,1,9,0,18,0,0,1,0,6,0,4,1,6,1,30,6,-1,-1,-1,-1,1,-1,2,2,349810.0,493110.0,-2.773306,54.331074,3,2,2,2,42248,6,1899-12-30 15:43:00,65,E10000006,3,591,3,70,0,-1,-1,0,0,0,1,5,2,0,0,2,1,E01019346,1.0,1.0,1.0,30.0,6.0,2.0,0.0,0.0,0.0,0.0,0.0,9.0,1.0,8.0
4106,2015440243139,3,9,0,18,0,0,0,0,1,0,3,1,6,1,50,8,1598,1,10,-1,1,-1,2,6,480201.0,137871.0,-0.85512,51.134506,44,2,6,2,15/07/2015,4,1899-12-30 15:00:00,497,E10000014,3,325,6,60,0,-1,-1,0,0,0,1,1,1,0,0,2,1,E01022640,,,,,,,,,,,,,,
4107,2015471501879,1,9,0,18,0,1,0,0,0,0,1,1,6,1,84,11,1497,8,3,-1,1,-1,1,4,540638.0,102392.0,-0.005483,50.804025,47,2,4,1,42128,1,1899-12-30 10:03:00,554,E10000011,6,0,6,30,3,4,6,0,0,0,1,1,1,0,0,1,1,E01021028,1.0,3.0,2.0,84.0,11.0,2.0,9.0,5.0,0.0,0.0,0.0,0.0,1.0,10.0
4108,20151325N1003,1,5,0,18,9,0,1,0,1,11,1,1,6,1,34,6,849,1,5,-1,1,-1,1,1,434300.0,418673.0,-1.482399,53.663423,13,2,1,1,23/05/2015,7,1899-12-30 10:43:00,206,E08000036,4,6389,6,30,0,-1,-1,0,0,0,1,1,1,0,0,1,1,E01011945,1.0,1.0,1.0,34.0,6.0,2.0,0.0,0.0,0.0,0.0,0.0,5.0,1.0,3.0
4109,2015941500855,1,9,0,18,0,0,0,0,0,0,3,1,6,1,46,8,-1,-1,-1,-1,2,-1,1,1,319039.0,685317.0,-3.301514,56.053835,94,2,1,1,42074,3,1899-12-30 18:03:00,925,S12000015,3,921,6,30,0,-1,-1,0,0,4,4,1,1,0,0,2,1,,1.0,3.0,1.0,6.0,2.0,2.0,4.0,3.0,0.0,0.0,0.0,0.0,1.0,-1.0
4110,2015520504885,2,9,0,13,0,0,0,0,0,0,1,1,6,1,26,6,1984,1,4,-1,3,-1,1,2,381827.0,150695.0,-2.261793,51.255127,52,2,2,1,42314,5,1899-12-30 23:03:00,606,E10000027,3,36,6,60,0,-1,-1,0,0,0,6,1,1,0,0,2,1,E01029022,,,,,,,,,,,,,,
4111,201506P000857,2,9,0,7,0,1,0,0,0,0,2,1,6,2,36,7,1560,2,6,-1,1,-1,1,2,385140.0,407740.0,-2.225837,53.566058,6,2,2,1,30/04/2015,5,1899-12-30 18:50:00,106,E08000005,3,6045,6,30,3,4,5,0,0,0,1,1,1,0,0,2,1,E01005554,,,,,,,,,,,,,,
4112,2015320012976,1,9,0,18,0,6,0,0,0,0,1,1,6,1,57,9,1686,2,4,-1,1,-1,4,2,520576.0,386057.0,-0.189742,53.35765,32,2,2,4,42280,3,1899-12-30 10:27:00,351,E10000019,4,1225,6,60,6,4,3,157,0,0,1,1,1,0,0,2,1,E01026071,1.0,1.0,1.0,57.0,9.0,3.0,0.0,0.0,0.0,0.0,0.0,9.0,1.0,4.0
4113,201542I112904,1,9,0,18,0,0,2,0,1,4,4,1,6,1,18,4,1248,2,3,-1,1,-1,4,1,561429.0,204655.0,0.335455,51.717393,42,2,1,4,18/04/2015,7,1899-12-30 04:35:00,454,E10000012,3,414,6,60,0,-1,-1,0,0,0,6,1,1,0,0,2,1,E01021551,4.0,2.0,1.0,18.0,4.0,2.0,0.0,0.0,2.0,0.0,0.0,9.0,1.0,5.0
4114,201501PY20240,1,9,0,18,0,8,0,10,1,4,4,1,6,1,-1,-1,-1,-1,-1,-1,1,-1,1,1,540540.0,166400.0,0.018014,51.379262,1,2,1,1,42128,1,1899-12-30 02:40:00,19,E09000006,4,265,6,30,3,4,6,0,0,0,4,1,1,0,0,1,1,E01000765,1.0,1.0,1.0,-1.0,-1.0,2.0,0.0,0.0,0.0,0.0,0.0,9.0,1.0,10.0
4115,2015440135599,1,9,0,9,0,8,0,0,0,0,4,1,6,1,21,5,1781,1,12,-1,1,-1,1,2,468867.0,112178.0,-1.021953,50.904977,44,2,2,1,22/04/2015,4,1899-12-30 20:41:00,495,E10000014,6,0,6,30,3,4,6,0,0,0,4,1,1,0,0,1,1,E01032618,,,,,,,,,,,,,,
4116,2015132711439,1,9,0,2,0,0,0,0,0,0,3,1,6,2,53,8,1598,1,9,-1,1,-1,1,2,408133.0,432911.0,-1.878024,53.79245,13,2,2,1,30/06/2015,3,1899-12-30 21:10:00,200,E08000032,6,0,6,30,0,-1,-1,0,0,0,1,1,1,0,0,2,2,E01010595,,,,,,,,,,,,,,
4117,201501CW10830,2,8,0,9,0,5,0,0,0,0,0,1,1,1,35,6,2143,2,1,-1,1,-1,1,2,528020.0,181760.0,-0.156227,51.520259,1,2,2,1,17/06/2015,4,1899-12-30 22:21:00,1,E09000033,4,524,6,30,6,4,6,0,0,0,4,1,1,4,0,1,1,E01004712,,,,,,,,,,,,,,
4118,2015450031886,3,9,0,17,0,0,0,0,1,0,1,1,2,2,46,8,1910,2,8,-1,1,-1,3,3,518894.0,150572.0,-0.298125,51.241945,45,2,3,3,42105,4,1899-12-30 15:59:00,512,E10000030,3,25,6,40,0,-1,-1,0,0,0,1,1,1,0,0,2,1,E01030525,2.0,1.0,2.0,46.0,8.0,3.0,0.0,0.0,0.0,0.0,0.0,9.0,1.0,5.0
4119,201501CW10816,2,1,0,15,0,8,1,0,0,0,1,1,6,1,48,8,-1,-1,-1,-1,1,-1,1,2,529460.0,177910.0,-0.136896,51.485332,1,2,2,1,15/06/2015,2,1899-12-30 08:40:00,1,E09000033,3,3212,6,30,3,4,6,0,0,0,1,1,1,0,0,1,1,E01004738,1.0,1.0,1.0,48.0,8.0,2.0,0.0,0.0,0.0,0.0,0.0,1.0,1.0,7.0
4120,201520S059765,2,9,0,4,0,1,5,7,0,0,3,1,6,2,33,6,1995,2,5,-1,1,-1,2,2,399770.0,277920.0,-2.004806,52.399295,20,2,2,2,42046,2,1899-12-30 17:29:00,300,E08000025,6,0,6,30,1,4,6,0,0,0,4,7,2,0,0,1,1,E01009159,2.0,2.0,1.0,8.0,2.0,2.0,0.0,0.0,1.0,0.0,0.0,9.0,1.0,1.0
4121,2015350175615,1,9,0,14,0,8,0,0,0,0,3,1,6,2,-1,-1,-1,-1,-1,-1,-1,-1,1,2,543900.0,249450.0,0.100604,52.124635,35,2,2,1,16/10/2015,6,1899-12-30 09:15:00,395,E10000003,5,254,6,30,3,4,6,0,0,0,1,9,2,0,0,2,2,E01018291,,,,,,,,,,,,,,
4122,201520T034255,1,2,0,18,9,0,0,10,1,10,1,1,6,1,15,3,-1,-1,-1,-1,1,-1,2,2,412000.0,287900.0,-1.824704,52.488886,20,2,2,2,42191,1,1899-12-30 15:45:00,300,E08000025,6,0,6,30,0,-1,-1,0,0,0,1,1,1,0,0,1,1,E01009490,1.0,1.0,1.0,15.0,3.0,3.0,0.0,0.0,0.0,0.0,0.0,2.0,1.0,1.0
4123,2015440112319,1,1,0,18,0,0,0,0,0,0,1,1,6,1,20,4,-1,-1,-1,-1,1,-1,2,2,485860.0,154614.0,-0.770257,51.284204,44,2,2,2,42067,6,1899-12-30 17:15:00,499,E10000014,3,327,6,40,0,-1,-1,0,0,4,1,1,1,0,0,1,1,E01023095,1.0,1.0,1.0,20.0,4.0,2.0,0.0,0.0,0.0,0.0,0.0,1.0,1.0,10.0
4124,2015051501557,6,9,0,2,0,0,0,0,0,0,1,1,6,3,-1,-1,1596,1,8,-1,-1,-1,1,6,335264.0,396327.0,-2.976459,53.459695,5,2,6,1,42041,3,1899-12-30 19:50:00,93,E08000014,6,0,6,30,0,-1,-1,0,0,0,1,1,1,0,0,1,1,E01007052,,,,,,,,,,,,,,
4125,2015530209264,1,20,0,18,0,1,0,0,0,0,1,2,1,1,44,7,-1,-1,-1,-1,-1,-1,1,3,386317.0,219957.0,-2.200174,51.878009,53,2,3,1,42340,5,1899-12-30 11:00:00,623,E10000013,3,40,3,40,1,2,3,40,0,0,1,1,1,0,0,2,1,E01022295,1.0,1.0,1.0,44.0,7.0,2.0,0.0,0.0,0.0,0.0,0.0,20.0,-1.0,-1.0
4126,201550CB2Q010,1,9,0,9,0,6,0,0,0,0,1,1,2,1,27,6,1398,1,-1,-1,1,-1,2,2,246013.0,127046.0,-4.196964,51.022108,50,2,2,2,42257,6,1899-12-30 15:00:00,582,E10000008,4,3233,6,30,3,4,6,0,0,0,1,1,1,0,0,2,1,E01020119,1.0,1.0,1.0,27.0,6.0,3.0,0.0,0.0,0.0,0.0,0.0,9.0,1.0,4.0
4127,2015300012231,5,9,0,2,0,0,0,0,0,0,0,1,6,3,-1,-1,-1,-1,-1,-1,-1,-1,5,5,436870.0,352130.0,-1.451243,53.065147,30,2,5,5,14/02/2015,7,1899-12-30 12:58:00,320,E10000007,3,610,6,40,0,-1,-1,0,0,0,1,1,1,0,0,2,1,E01019429,,,,,,,,,,,,,,
4128,2015420035771,1,9,0,14,0,0,0,0,0,0,1,1,5,1,20,4,-1,-1,-1,-1,1,-1,2,3,541615.0,210150.0,0.051073,51.772116,42,2,3,2,16/12/2015,4,1899-12-30 15:22:00,456,E10000012,6,0,6,40,0,-1,-1,0,0,0,1,1,2,0,0,2,1,E01021801,,,,,,,,,,,,,,
4129,201501XD80581,2,9,0,17,0,8,0,0,0,0,3,1,6,1,67,10,2597,1,13,-1,1,-1,1,4,519430.0,183160.0,-0.279499,51.534721,1,2,4,1,27/06/2015,7,1899-12-30 16:10:00,27,E09000009,6,0,6,30,3,4,6,0,0,0,1,1,1,0,0,1,1,E01001276,,,,,,,,,,,,,,
4130,2015075098940,1,9,0,18,0,0,0,0,0,0,1,1,6,1,18,4,1398,1,5,-1,1,-1,1,1,370075.0,356391.0,-2.448422,53.103868,7,2,1,1,42251,5,1899-12-30 18:14:00,129,E06000049,5,527,6,30,0,-1,-1,0,0,5,1,1,1,0,0,1,1,E01018462,1.0,3.0,1.0,7.0,2.0,2.0,4.0,4.0,0.0,0.0,0.0,0.0,1.0,2.0
4131,2015051502697,1,9,0,18,0,0,0,0,0,0,1,1,6,2,74,10,999,1,3,-1,1,-1,5,4,333356.0,384105.0,-3.002605,53.349616,5,2,4,5,29/10/2015,5,1899-12-30 14:01:00,95,E08000015,4,5136,6,30,0,-1,-1,0,0,4,1,1,1,0,0,1,1,E01007152,1.0,1.0,2.0,74.0,10.0,2.0,0.0,0.0,0.0,0.0,0.0,9.0,1.0,10.0
4132,201506P097256,1,9,0,18,0,8,0,0,1,10,1,1,6,2,38,7,-1,-1,-1,-1,1,-1,3,2,386240.0,412880.0,-2.209457,53.612288,6,2,2,3,42187,7,1899-12-30 00:46:00,106,E08000005,5,0,6,30,3,4,5,0,0,0,4,1,1,0,0,1,1,E01005575,1.0,1.0,2.0,38.0,7.0,3.0,0.0,0.0,0.0,0.0,0.0,9.0,1.0,6.0
4133,2015450023008,4,9,0,4,0,0,0,0,0,0,1,1,6,1,33,6,1796,1,9,-1,1,-1,6,4,509506.0,158327.0,-0.430185,51.313528,45,2,4,6,42067,6,1899-12-30 13:34:00,510,E10000030,1,25,3,70,0,-1,-1,0,0,0,1,1,1,0,0,2,1,E01030302,4.0,1.0,1.0,33.0,6.0,3.0,0.0,0.0,0.0,0.0,0.0,9.0,1.0,3.0
4134,2015075086643,1,9,0,18,0,0,0,0,0,0,4,1,6,3,-1,-1,-1,-1,-1,-1,-1,-1,1,1,356264.0,380879.0,-2.65806,53.323016,7,2,1,1,28/03/2015,7,1899-12-30 22:10:00,124,E06000006,6,0,6,30,0,-1,-1,0,0,0,4,1,2,0,0,1,1,E01012433,1.0,3.0,1.0,17.0,4.0,2.0,5.0,3.0,0.0,0.0,0.0,0.0,1.0,2.0
4135,201550JC3L002,2,9,0,10,0,1,0,0,0,0,3,1,6,1,42,7,1598,1,10,-1,3,-1,1,2,270475.0,83726.0,-3.833069,50.638791,50,2,2,1,26/07/2015,1,1899-12-30 12:13:00,585,E10000008,4,3212,6,60,8,4,6,0,0,0,1,2,2,0,0,2,1,E01020259,,,,,,,,,,,,,,
4136,2015132480749,1,9,0,13,0,0,1,0,0,0,1,1,6,2,18,4,1240,1,9,-1,1,-1,2,3,434883.0,431172.0,-1.472172,53.775721,13,2,3,2,42220,4,1899-12-30 13:52:00,204,E08000035,1,1,3,70,0,-1,-1,0,0,0,1,1,1,0,0,2,1,E01011624,1.0,1.0,2.0,18.0,4.0,2.0,0.0,0.0,0.0,0.0,0.0,9.0,1.0,1.0
4137,201563AC05615,1,3,0,17,0,0,0,0,2,7,1,1,6,2,57,9,-1,-1,-1,-1,1,-1,1,1,280360.0,234660.0,-3.744064,51.997455,63,2,1,1,42159,2,1899-12-30 14:15:00,751,W06000010,3,40,6,60,0,-1,-1,0,0,0,1,1,1,0,0,2,1,W01000687,1.0,1.0,2.0,57.0,9.0,2.0,0.0,0.0,0.0,0.0,0.0,3.0,1.0,-1.0
4138,201506E003988,1,9,0,18,0,2,0,0,0,0,1,1,6,1,31,6,1598,1,9,-1,1,-1,1,2,381360.0,387140.0,-2.281679,53.380777,6,2,2,1,18/07/2015,7,1899-12-30 22:15:00,102,E08000003,6,0,6,30,3,4,6,0,0,0,4,1,1,0,0,1,1,E01005068,1.0,1.0,1.0,31.0,6.0,2.0,0.0,0.0,0.0,0.0,0.0,9.0,1.0,1.0
4139,201501XD80423,1,5,0,13,0,8,1,0,1,0,0,1,2,1,32,6,695,1,7,-1,1,-1,1,2,519210.0,179450.0,-0.283923,51.501424,1,2,2,1,28/05/2015,5,1899-12-30 09:10:00,27,E09000009,3,4000,6,30,2,4,6,0,0,0,1,1,1,0,0,1,2,E01001231,1.0,1.0,1.0,32.0,6.0,2.0,0.0,0.0,0.0,0.0,0.0,5.0,1.0,4.0
4140,2015921500659,1,9,0,9,0,6,0,0,0,0,1,1,6,1,71,10,1461,2,4,-1,1,-1,1,2,325621.0,861936.0,-3.24756,57.64119,92,2,2,1,42253,3,1899-12-30 14:39:00,930,S12000020,4,9103,6,60,3,4,6,0,0,0,1,1,1,0,0,2,1,,,,,,,,,,,,,,,
4141,2015120197277,2,9,0,18,0,0,0,0,0,0,0,1,1,1,28,6,1968,2,3,-1,1,-1,1,2,433204.0,481794.0,-1.492143,54.230786,12,2,2,1,42166,6,1899-12-30 12:23:00,181,E10000023,2,1,3,70,0,-1,-1,0,0,0,1,1,2,0,0,2,1,E01027628,,,,,,,,,,,,,,
4142,201550AH2D005,3,17,4,3,0,6,0,0,0,0,0,1,1,1,27,6,-1,-1,-1,-1,1,-1,1,4,163872.0,29279.0,-5.304352,50.116523,50,2,4,1,15/07/2015,4,1899-12-30 08:55:00,596,E06000052,4,3302,6,60,3,4,6,0,0,0,1,1,2,0,0,2,1,E01018905,,,,,,,,,,,,,,
4143,20151323A1318,2,3,0,8,0,8,5,0,0,0,1,1,6,1,24,5,125,1,1,-1,1,-1,1,2,432061.0,421143.0,-1.516027,53.685764,13,2,2,1,42280,3,1899-12-30 07:45:00,206,E08000036,6,0,6,30,3,4,6,0,0,0,1,1,1,0,0,1,2,E01011924,1.0,1.0,1.0,24.0,5.0,2.0,0.0,0.0,0.0,0.0,0.0,3.0,1.0,2.0
4144,201506L096437,1,9,0,18,0,0,0,0,0,0,1,1,1,1,21,5,1242,1,14,-1,1,-1,1,1,361930.0,402160.0,-2.575581,53.51473,6,2,1,1,20/01/2015,3,1899-12-30 17:00:00,114,E08000010,4,5237,6,30,0,-1,-1,0,0,0,4,1,2,0,0,2,1,E01006329,1.0,3.0,2.0,6.0,2.0,2.0,10.0,1.0,0.0,0.0,0.0,0.0,3.0,2.0
4145,201520T014005,2,9,0,18,0,0,0,0,0,0,1,1,6,2,70,10,1598,1,2,-1,1,-1,1,2,411700.0,289160.0,-1.829078,52.500219,20,2,2,1,42065,3,1899-12-30 22:54:00,300,E08000025,3,4040,3,30,0,-1,-1,0,0,0,4,1,4,0,0,1,1,E01009086,1.0,1.0,2.0,70.0,10.0,2.0,0.0,0.0,0.0,0.0,0.0,9.0,1.0,1.0
4146,201523N035115,2,9,0,18,0,0,0,0,0,0,1,1,2,2,58,9,1390,1,3,-1,3,-1,2,2,439555.0,271906.0,-1.4208,52.34381,23,2,2,2,26/01/2015,2,1899-12-30 17:15:00,292,E10000031,3,423,6,60,0,-1,-1,0,0,0,6,1,2,0,0,2,1,E01031150,2.0,1.0,2.0,58.0,9.0,2.0,0.0,0.0,0.0,0.0,0.0,9.0,3.0,8.0
4147,201543W045035,1,9,0,9,0,5,0,0,0,0,4,1,1,1,20,4,1956,2,2,-1,1,-1,1,2,468826.0,174026.0,-1.010706,51.461034,43,2,2,1,42158,6,1899-12-30 12:41:00,472,E06000038,3,329,6,30,8,4,6,0,0,0,1,1,1,0,0,1,1,E01016382,,,,,,,,,,,,,,
4148,2015440312050,2,9,0,9,0,0,0,0,0,0,4,1,6,1,16,4,1396,1,12,-1,1,-1,1,2,470174.0,108187.0,-1.004133,50.868936,44,2,2,1,42225,3,1899-12-30 20:00:00,495,E10000014,6,0,6,30,0,-1,-1,0,0,0,4,1,1,0,0,1,1,E01022902,,,,,,,,,,,,,,
4149,2015132A40150,1,2,0,16,0,0,2,7,0,0,1,1,6,1,27,6,125,1,12,-1,3,-1,2,1,422718.0,426595.0,-1.657092,53.735254,13,2,1,2,42104,1,1899-12-30 01:33:00,203,E08000034,3,62,6,40,0,-1,-1,0,0,0,4,1,1,0,0,1,1,E01011048,2.0,2.0,1.0,28.0,6.0,2.0,0.0,0.0,0.0,0.0,0.0,2.0,1.0,4.0
4150,201501FH10157,1,3,0,18,0,8,0,0,0,0,1,1,6,1,47,8,-1,-1,-1,-1,1,-1,2,1,523870.0,177080.0,-0.217652,51.479124,1,2,1,2,42341,5,1899-12-30 13:50:00,11,E09000013,3,219,6,30,3,4,6,0,0,0,1,1,1,0,0,1,1,E01001918,1.0,1.0,1.0,47.0,8.0,2.0,0.0,0.0,0.0,0.0,0.0,3.0,1.0,8.0
4151,2015621500992,1,9,0,17,0,0,0,0,1,3,1,1,6,2,31,6,-1,-1,-1,-1,2,-1,1,1,279754.0,206673.0,-3.743131,51.745813,62,2,1,1,42344,6,1899-12-30 20:51:00,743,W06000012,3,4109,6,40,0,-1,-1,0,0,0,1,2,2,0,0,2,1,W01000918,1.0,1.0,2.0,31.0,6.0,2.0,0.0,0.0,0.0,0.0,0.0,9.0,2.0,-1.0
4152,201501TW60069,2,9,0,9,0,8,0,0,0,0,4,1,6,2,-1,-1,999,1,16,-1,1,-1,1,2,514890.0,174040.0,-0.347891,51.453694,1,2,2,1,42188,7,1899-12-30 16:00:00,24,E09000027,4,361,6,30,3,4,6,0,0,0,1,1,1,0,0,1,2,E01003905,,,,,,,,,,,,,,
4153,201501TX20196,2,9,0,7,0,0,0,0,0,0,3,1,6,1,31,6,1995,2,4,-1,3,-1,1,3,517020.0,178730.0,-0.315699,51.495411,1,2,3,1,28/03/2015,7,1899-12-30 18:00:00,25,E09000018,6,0,6,30,0,-1,-1,0,0,0,4,1,1,0,0,1,1,E01002563,,,,,,,,,,,,,,
4154,2015100461515,1,9,0,9,0,6,0,0,7,0,1,1,6,1,84,11,1197,1,2,-1,1,-1,7,2,421818.0,576086.0,-1.659802,55.078751,10,2,2,7,42132,4,1899-12-30 13:15:00,139,E06000048,5,357,6,60,3,4,6,9130,0,0,1,1,1,0,0,2,1,E01027473,4.0,2.0,1.0,83.0,11.0,2.0,0.0,0.0,2.0,0.0,0.0,9.0,1.0,9.0
4155,20151328N0586,2,9,0,18,9,0,5,0,1,0,1,1,6,2,60,9,1360,1,13,-1,-1,-1,2,2,414114.0,412115.0,-1.788173,53.605408,13,2,2,2,23/08/2015,1,1899-12-30 10:00:00,203,E08000034,3,616,6,30,0,-1,-1,0,0,0,1,1,1,0,0,1,1,E01011171,2.0,1.0,2.0,60.0,9.0,2.0,0.0,0.0,0.0,0.0,0.0,9.0,-1.0,-1.0
4156,201520M007815,1,9,0,9,0,5,0,0,1,4,1,1,1,1,61,9,1998,1,8,-1,1,-1,3,2,436310.0,277690.0,-1.467807,52.39603,20,2,2,3,42100,5,1899-12-30 13:46:00,302,E08000026,3,4082,6,30,3,4,6,0,0,0,1,1,1,0,0,2,1,E01032528,3.0,2.0,2.0,36.0,7.0,3.0,0.0,0.0,2.0,0.0,0.0,9.0,1.0,4.0
4157,2015300012857,2,5,0,18,0,8,0,0,0,0,1,1,6,1,64,9,1202,1,2,-1,-1,-1,1,2,442280.0,334320.0,-1.372837,52.90466,30,2,2,1,20/03/2015,6,1899-12-30 16:25:00,324,E10000007,3,6005,6,30,3,4,3,6005,0,0,1,1,1,0,0,1,1,E01019684,1.0,1.0,1.0,64.0,9.0,2.0,0.0,0.0,0.0,0.0,0.0,5.0,-1.0,-1.0
4158,2015120130760,1,9,0,17,0,0,0,0,2,4,1,1,6,1,22,5,1490,1,8,-1,1,-1,2,2,460346.0,453990.0,-1.081362,53.978457,12,2,2,2,29/07/2015,4,1899-12-30 20:15:00,189,E06000014,4,1363,6,40,0,-1,-1,0,0,0,1,1,2,0,0,2,1,E01013431,1.0,1.0,1.0,22.0,5.0,2.0,0.0,0.0,0.0,0.0,0.0,9.0,1.0,2.0
4159,20154100K0427,1,2,0,18,0,8,0,0,0,0,1,1,6,1,16,4,49,1,1,-1,1,-1,1,2,533436.0,202311.0,-0.070396,51.703682,41,2,2,1,42224,7,1899-12-30 13:30:00,430,E10000015,6,123,6,30,3,4,6,271,0,0,1,1,1,0,0,1,1,E01023311,1.0,1.0,1.0,16.0,4.0,2.0,0.0,0.0,0.0,0.0,0.0,2.0,1.0,8.0
4160,2015051501320,1,9,0,18,0,2,0,0,0,0,3,1,2,1,40,7,1242,1,7,-1,1,-1,1,1,335221.0,393982.0,-2.976623,53.438615,5,2,1,1,18/05/2015,2,1899-12-30 17:00:00,91,E08000012,6,0,6,30,6,4,3,5090,0,5,1,1,1,0,0,1,1,E01006701,1.0,3.0,1.0,6.0,2.0,2.0,4.0,3.0,0.0,0.0,0.0,0.0,1.0,1.0
4161,2015460260618,5,9,0,4,0,0,0,0,0,0,2,1,6,2,45,7,1599,1,10,-1,1,-1,9,5,602000.0,159590.0,0.896237,51.299585,46,2,5,9,22/08/2015,7,1899-12-30 15:20:00,540,E10000016,1,2,3,70,0,-1,-1,0,0,0,1,1,1,0,0,2,1,E01024625,,,,,,,,,,,,,,
4162,201501YR90803,1,9,0,18,0,0,0,0,0,0,1,1,6,1,28,6,1800,1,15,-1,-1,-1,1,1,533030.0,188420.0,-0.081544,51.578952,1,2,1,1,15/09/2015,3,1899-12-30 09:13:00,31,E09000014,3,503,6,30,0,-1,-1,0,0,0,1,1,2,0,0,1,1,E01002054,1.0,3.0,2.0,61.0,9.0,2.0,5.0,4.0,0.0,0.0,2.0,0.0,1.0,2.0
4163,2015621501991,1,9,0,18,0,2,5,4,0,0,4,1,6,2,25,5,-1,-1,-1,-1,1,-1,2,8,299593.0,193088.0,-3.451966,51.627618,62,2,8,2,15/11/2015,1,1899-12-30 07:42:00,744,W06000016,4,4278,6,30,3,4,6,0,0,0,1,5,2,0,0,1,1,W01001260,1.0,1.0,2.0,25.0,5.0,3.0,0.0,0.0,0.0,0.0,0.0,9.0,1.0,-1.0
4164,201597UD70512,1,9,0,17,0,0,0,11,0,11,1,1,3,1,35,6,1596,1,6,-1,3,-1,4,2,235932.0,633133.0,-4.603257,55.564179,97,2,2,4,16/12/2015,4,1899-12-30 08:20:00,937,S12000028,6,0,3,60,0,-1,-1,0,0,0,1,2,2,6,2,2,1,,4.0,1.0,1.0,35.0,6.0,3.0,0.0,0.0,0.0,0.0,0.0,9.0,3.0,-1.0
4165,2015440146774,1,2,0,18,0,0,0,0,0,0,4,1,6,2,21,5,49,1,3,-1,1,-1,2,1,467999.0,109220.0,-1.034845,50.878483,44,2,1,2,42009,6,1899-12-30 16:18:00,495,E10000014,3,3,3,30,0,-1,-1,0,0,4,1,1,1,0,0,1,1,E01022973,1.0,3.0,1.0,60.0,9.0,2.0,1.0,1.0,0.0,0.0,0.0,0.0,1.0,2.0
4166,201504WB15373,1,9,0,9,0,6,0,0,0,0,1,1,6,2,24,5,1461,2,4,-1,1,-1,2,2,346090.0,465880.0,-2.825608,54.085995,4,2,2,2,20/10/2015,3,1899-12-30 19:08:00,76,E10000017,3,5105,6,40,3,4,6,0,0,0,4,1,1,0,0,2,1,E01025086,1.0,1.0,2.0,24.0,5.0,3.0,0.0,0.0,0.0,0.0,0.0,9.0,1.0,3.0
4167,2015621500048,2,9,0,17,0,8,0,0,1,10,3,1,6,1,49,8,-1,-1,-1,-1,2,-1,1,3,297766.0,189504.0,-3.477304,51.595074,62,2,3,1,42248,6,1899-12-30 21:10:00,744,W06000016,4,4564,6,30,3,4,6,0,0,0,4,5,2,0,0,2,1,W01000976,2.0,1.0,1.0,49.0,8.0,2.0,0.0,0.0,0.0,0.0,0.0,9.0,2.0,-1.0