,accident_index,vehicle_reference,vehicle_type,towing_and_articulation,vehicle_manoeuvre,vehicle_location-restricted_lane,junction_location,skidding_and_overturning,hit_object_in_carriageway,vehicle_leaving_carriageway,hit_object_off_carriageway,1st_point_of_impact,was_vehicle_left_hand_drive?,journey_purpose_of_driver,sex_of_driver,age_of_driver,age_band_of_driver,engine_capacity_(cc),propulsion_code,age_of_vehicle,driver_imd_decile,driver_home_area_type,vehicle_imd_decile,NUmber_of_Casualities_unique_to_accident_index,No_of_Vehicles_involved_unique_to_accident_index,location_easting_osgr,location_northing_osgr,longitude,latitude,police_force,accident_severity,number_of_vehicles,number_of_casualties,date,day_of_week,time,local_authority_(district),local_authority_(highway),1st_road_class,1st_road_number,road_type,speed_limit,junction_detail,junction_control,2nd_road_class,2nd_road_number,pedestrian_crossing-human_control,pedestrian_crossing-physical_facilities,light_conditions,weather_conditions,road_surface_conditions,special_conditions_at_site,carriageway_hazards,urban_or_rural_area,did_police_officer_attend_scene_of_accident,lsoa_of_accident_location,casualty_reference,casualty_class,sex_of_casualty,age_of_casualty,age_band_of_casualty,casualty_severity,pedestrian_location,pedestrian_movement,car_passenger,bus_or_coach_passenger,pedestrian_road_maintenance_worker,casualty_type,casualty_home_area_type,casualty_imd_decile
4433,2015961501599,1,9,0,18,0,0,0,0,0,0,1,1,2,1,36,7,998,1,1,-1,3,-1,3,3,279445.0,679306.0,-3.934203,55.991519,96,2,3,3,42045,6,1899-12-30 14:45:00,924,S12000014,3,803,6,30,0,-1,-1,0,0,0,1,1,1,4,0,1,1,,3.0,1.0,1.0,36.0,7.0,2.0,0.0,0.0,0.0,0.0,0.0,9.0,3.0,-1.0
4434,20154100E0609,2,9,0,18,0,0,0,0,0,0,1,1,6,2,39,7,1388,1,10,-1,3,-1,6,3,526089.0,222529.0,-0.169314,51.887068,41,2,3,6,16/12/2015,4,1899-12-30 15:58:00,435,E10000015,3,602,6,40,0,-1,-1,0,0,0,4,1,2,0,0,1,1,E01023765,3.0,1.0,2.0,39.0,7.0,2.0,0.0,0.0,0.0,0.0,0.0,9.0,3.0,7.0
4435,2015320045583,1,9,0,18,0,0,0,0,8,4,1,1,6,2,30,6,1686,2,17,-1,3,-1,2,1,490453.0,334374.0,-0.656756,52.899208,32,2,1,2,42344,6,1899-12-30 22:38:00,355,E10000019,3,607,6,30,0,-1,-1,0,0,0,4,2,2,0,0,1,1,E01026319,1.0,1.0,2.0,30.0,6.0,3.0,0.0,0.0,0.0,0.0,0.0,9.0,3.0,5.0
4436,2015170M10395,1,9,0,18,0,0,0,0,0,0,1,1,6,2,49,8,-1,-1,-1,-1,1,-1,3,2,447409.0,518775.0,-1.268364,54.561994,17,2,2,3,24/02/2015,3,1899-12-30 09:29:00,243,E06000002,3,19,7,70,0,-1,-1,0,0,0,1,1,1,0,0,2,1,E01012011,3.0,2.0,1.0,18.0,4.0,2.0,0.0,0.0,1.0,0.0,0.0,9.0,1.0,4.0
4437,201504WA15364,1,9,0,9,0,6,0,0,0,0,1,1,6,1,77,11,2497,2,16,-1,1,-1,1,2,335290.0,432950.0,-2.983694,53.788826,4,2,2,1,42286,5,1899-12-30 08:20:00,74,E10000017,4,5410,6,40,3,4,6,0,0,0,1,1,1,0,0,1,1,E01025031,,,,,,,,,,,,,,
4438,2015440446608,1,9,0,18,0,0,0,0,0,0,1,1,6,1,57,9,1586,1,6,-1,1,-1,2,1,472242.0,100007.0,-0.976359,50.795135,44,2,1,2,20/12/2015,1,1899-12-30 18:24:00,495,E10000014,6,0,6,30,0,-1,-1,0,0,0,4,2,2,0,0,1,1,E01022938,2.0,3.0,2.0,83.0,11.0,2.0,5.0,3.0,0.0,0.0,0.0,0.0,1.0,9.0
4439,201543P228045,2,2,0,9,0,6,0,0,0,0,3,1,6,1,19,4,49,1,9,-1,1,-1,1,3,450301.0,198405.0,-1.273846,51.682162,43,2,3,1,23/04/2015,5,1899-12-30 18:19:00,483,E10000025,3,4183,6,30,6,2,6,0,0,5,1,1,1,0,0,1,1,E01028699,1.0,1.0,1.0,19.0,4.0,2.0,0.0,0.0,0.0,0.0,0.0,2.0,1.0,3.0
4440,20151326L0021,2,20,0,2,0,0,0,0,0,0,0,1,1,1,52,8,7146,2,3,-1,1,-1,1,2,430925.0,433950.0,-1.53195,53.800938,13,2,2,1,21/06/2015,1,1899-12-30 00:15:00,204,E08000035,6,0,6,20,0,-1,-1,0,0,0,5,1,1,0,0,1,1,E01033031,,,,,,,,,,,,,,
4441,201591NE16910,2,9,0,18,0,8,5,0,0,0,4,1,6,2,53,8,1149,1,5,-1,3,-1,2,3,248196.0,854834.0,-4.538946,57.558027,91,2,3,2,19/09/2015,7,1899-12-30 13:05:00,927,S12000017,3,835,6,60,3,4,3,832,0,0,1,1,1,0,0,2,1,,1.0,1.0,2.0,53.0,8.0,2.0,0.0,0.0,0.0,0.0,0.0,9.0,3.0,-1.0
4442,201501MM70253,1,11,0,4,0,0,0,0,0,0,0,1,1,2,25,5,7300,2,12,-1,1,-1,1,1,532640.0,175330.0,-0.092092,51.461411,1,2,1,1,28/03/2015,7,1899-12-30 10:29:00,8,E09000028,3,215,6,30,0,-1,-1,0,0,0,1,1,1,0,0,1,1,E01003078,1.0,2.0,2.0,61.0,9.0,2.0,0.0,0.0,0.0,3.0,0.0,11.0,1.0,3.0
4443,2015556000245,1,4,0,16,0,0,0,0,0,0,3,1,2,1,34,6,599,1,19,-1,1,-1,1,1,366273.0,77706.0,-2.477892,50.598096,55,2,1,1,30/04/2015,5,1899-12-30 07:30:00,646,E10000009,4,3156,6,30,0,-1,-1,0,0,0,1,1,1,0,0,1,1,E01020589,1.0,1.0,1.0,34.0,6.0,2.0,0.0,0.0,0.0,0.0,0.0,4.0,1.0,5.0
4444,2015440449630,2,3,0,18,0,8,0,0,0,0,4,1,2,1,20,4,-1,-1,-1,-1,1,-1,1,2,441204.0,112058.0,-1.415357,50.906529,44,2,2,1,22/12/2015,3,1899-12-30 18:00:00,500,E06000045,3,3024,6,30,6,2,6,0,0,5,4,5,2,0,0,1,1,E01017194,1.0,1.0,1.0,20.0,4.0,2.0,0.0,0.0,0.0,0.0,0.0,3.0,1.0,10.0
4445,2015950002140,1,9,0,18,0,0,0,0,0,0,1,1,1,1,36,7,1986,2,9,-1,3,-1,1,1,340776.0,675863.0,-2.950474,55.972093,95,2,1,1,42160,4,1899-12-30 10:35:00,921,S12000010,6,0,6,30,0,-1,-1,0,0,0,1,2,2,0,0,2,1,,1.0,3.0,2.0,88.0,11.0,2.0,5.0,2.0,0.0,0.0,0.0,0.0,2.0,-1.0
4446,2015320042118,1,1,0,5,8,0,0,0,1,0,3,1,6,1,44,7,-1,-1,-1,-1,1,-1,1,2,509697.0,313569.0,-0.37776,52.708679,32,2,2,1,42130,6,1899-12-30 15:45:00,355,E10000019,6,0,6,60,0,-1,-1,0,0,0,1,1,1,0,0,2,2,E01026330,1.0,1.0,1.0,44.0,7.0,2.0,0.0,0.0,0.0,0.0,0.0,1.0,2.0,9.0
4447,2015440285919,1,9,0,17,0,0,2,0,1,11,4,1,6,1,46,8,1389,1,17,-1,-1,-1,2,1,471870.0,128486.0,-0.976032,51.051234,44,2,1,2,17/08/2015,2,1899-12-30 18:00:00,497,E10000014,6,0,6,60,0,-1,-1,0,0,0,1,1,1,0,0,2,1,E01022597,2.0,2.0,2.0,42.0,7.0,2.0,0.0,0.0,1.0,0.0,0.0,9.0,-1.0,-1.0
4448,201542I241108,3,8,0,16,0,0,0,0,0,0,1,1,6,1,47,8,1968,2,9,-1,2,-1,4,3,584623.0,223719.0,0.680984,51.881462,42,2,3,4,42255,1,1899-12-30 09:10:00,451,E10000012,3,120,6,60,0,-1,-1,0,0,0,1,1,1,0,0,2,1,E01021379,4.0,2.0,2.0,46.0,8.0,2.0,0.0,0.0,1.0,0.0,0.0,8.0,1.0,9.0
4449,201550KE5Q012,1,19,0,9,0,1,0,0,0,0,1,1,6,2,21,5,-1,-1,-1,-1,1,-1,2,2,298181.0,93423.0,-3.444083,50.731471,50,2,2,2,42194,2,1899-12-30 10:46:00,580,E10000008,6,0,6,40,3,4,6,0,0,0,1,1,1,0,0,2,1,E01019898,1.0,1.0,2.0,21.0,5.0,3.0,0.0,0.0,0.0,0.0,0.0,9.0,1.0,5.0
4450,2015210024521,3,98,0,16,0,0,0,0,0,0,1,1,6,1,64,9,2198,2,-1,-1,1,-1,1,3,393935.0,323172.0,-2.091409,52.806064,21,2,3,1,15/05/2015,6,1899-12-30 07:50:00,255,E10000028,5,28,6,30,0,-1,-1,0,0,0,1,1,1,0,0,2,1,E01029723,,,,,,,,,,,,,,
4451,201520W006625,1,9,0,18,0,0,0,0,0,0,1,1,6,1,-1,-1,-1,-1,-1,-1,-1,-1,1,1,407330.0,286760.0,-1.893504,52.478719,20,2,1,1,23/01/2015,6,1899-12-30 19:05:00,300,E08000025,4,4100,3,30,0,-1,-1,0,0,4,4,1,1,0,0,1,2,E01033620,1.0,3.0,1.0,29.0,6.0,2.0,3.0,2.0,0.0,0.0,0.0,0.0,1.0,1.0
4452,201543P249115,3,9,0,2,0,0,0,0,0,0,0,1,6,3,-1,-1,-1,-1,-1,-1,-1,-1,1,3,455095.0,205714.0,-1.203359,51.747423,43,2,3,1,42319,4,1899-12-30 08:22:00,482,E10000025,4,4495,6,30,0,-1,-1,0,0,0,1,1,1,0,0,1,1,E01028559,,,,,,,,,,,,,,
4453,201504WB15019,1,9,0,17,0,0,2,0,1,10,1,1,6,1,65,9,1988,2,12,-1,2,-1,1,1,352480.0,474200.0,-2.729247,54.161395,4,2,1,1,22/01/2015,5,1899-12-30 23:30:00,76,E10000017,3,6070,6,60,0,-1,-1,0,0,0,1,2,2,0,0,2,1,E01025130,1.0,1.0,1.0,65.0,9.0,2.0,0.0,0.0,0.0,0.0,0.0,9.0,2.0,8.0
4454,2015360095324,1,5,0,17,0,0,0,0,1,10,1,1,6,1,34,6,-1,-1,-1,-1,2,-1,1,1,591850.0,325854.0,0.844127,52.796128,36,2,1,1,42319,4,1899-12-30 17:35:00,400,E10000020,5,229,6,60,0,-1,-1,0,0,0,6,1,1,0,0,2,1,E01026442,1.0,1.0,1.0,34.0,6.0,2.0,0.0,0.0,0.0,0.0,0.0,5.0,2.0,4.0
4455,201514K079415,2,5,0,18,0,0,0,0,0,0,2,1,6,1,36,7,647,1,8,-1,1,-1,1,2,439698.0,391126.0,-1.404198,53.415453,14,2,2,1,42067,6,1899-12-30 17:25:00,215,E08000019,1,1,3,70,0,-1,-1,0,0,0,1,2,2,0,0,1,1,E01007913,1.0,1.0,1.0,36.0,7.0,2.0,0.0,0.0,0.0,0.0,0.0,5.0,1.0,3.0
4456,2015621500759,1,9,0,18,0,7,5,0,0,0,0,1,6,2,20,4,-1,-1,-1,-1,1,-1,2,1,317296.0,179220.0,-3.19301,51.505837,62,2,1,2,27/04/2015,2,1899-12-30 12:30:00,741,W06000015,3,48,3,70,5,4,6,0,0,0,1,1,1,4,0,1,1,W01001776,2.0,2.0,2.0,23.0,5.0,2.0,0.0,0.0,1.0,0.0,0.0,9.0,1.0,-1.0
4457,2015460259428,2,9,0,2,0,0,0,0,0,0,3,1,6,1,-1,-1,-1,-1,-1,-1,1,-1,2,3,637490.0,166080.0,1.408755,51.344154,46,2,3,2,14/07/2015,3,1899-12-30 15:00:00,541,E10000016,3,254,6,30,0,-1,-1,0,0,8,1,1,1,0,0,1,1,E01024687,,,,,,,,,,,,,,
4458,201523N026052,1,5,0,17,0,2,0,10,0,0,4,1,6,1,61,9,745,1,43,-1,2,-1,1,1,421417.0,297055.0,-1.685434,52.5709,23,2,1,1,24/07/2015,6,1899-12-30 12:50:00,290,E10000031,3,51,6,30,3,4,6,0,0,0,1,2,2,0,0,2,1,E01031033,1.0,1.0,1.0,61.0,9.0,2.0,0.0,0.0,0.0,0.0,0.0,5.0,2.0,3.0
4459,201550JO3C015,1,9,0,9,0,6,0,0,0,0,1,1,2,2,28,6,1587,1,14,-1,2,-1,2,2,252800.0,88831.0,-4.084889,50.680469,50,2,2,2,14/12/2015,2,1899-12-30 14:39:00,589,E10000008,3,386,6,40,3,4,6,0,0,0,1,2,2,0,0,2,1,E01020314,1.0,1.0,2.0,28.0,6.0,3.0,0.0,0.0,0.0,0.0,0.0,9.0,2.0,7.0
4460,201543N244065,2,9,0,13,0,0,0,0,0,0,1,1,6,2,37,7,3564,1,10,-1,1,-1,1,2,490829.0,187674.0,-0.690559,51.580618,43,2,2,1,17/06/2015,4,1899-12-30 15:37:00,480,E10000002,3,4094,9,30,0,-1,-1,0,0,0,1,1,1,0,0,1,1,E01017936,,,,,,,,,,,,,,
4461,2015961500795,2,19,0,2,0,0,0,0,0,0,0,1,6,3,45,7,-1,-1,-1,-1,-1,-1,1,2,302053.0,680353.0,-3.572326,56.006074,96,2,2,1,14/05/2015,5,1899-12-30 18:48:00,924,S12000014,6,0,6,30,0,-1,-1,0,0,0,1,1,1,0,0,1,1,,,,,,,,,,,,,,,
4462,201543P130095,1,9,0,18,0,0,5,0,1,4,1,1,6,1,20,4,1390,1,10,-1,2,-1,3,1,424140.0,190807.0,-1.652749,51.615577,43,2,1,3,13/09/2015,1,1899-12-30 02:18:00,483,E10000025,4,4508,6,60,0,-1,-1,0,0,0,6,1,1,0,0,2,1,E01028747,3.0,1.0,1.0,20.0,4.0,3.0,0.0,0.0,0.0,0.0,0.0,9.0,2.0,7.0
4463,201514C064815,3,9,0,18,0,1,0,0,0,0,0,1,6,1,32,6,1968,2,5,-1,1,-1,1,3,436554.0,398336.0,-1.450663,53.480484,14,2,3,1,25/06/2015,5,1899-12-30 18:35:00,210,E08000016,3,6135,6,50,3,4,4,6090,0,0,1,1,1,0,0,2,1,E01007424,,,,,,,,,,,,,,
4464,2015331505309,2,9,0,18,0,0,0,0,0,0,0,1,6,1,80,11,1896,2,15,-1,-1,-1,2,2,500220.0,308725.0,-0.519453,52.666984,33,2,2,2,13/06/2015,7,1899-12-30 11:48:00,368,E06000017,4,1081,6,40,0,-1,-1,0,0,0,1,1,1,0,0,2,1,E01013805,1.0,1.0,1.0,80.0,11.0,2.0,0.0,0.0,0.0,0.0,0.0,9.0,-1.0,-1.0
4465,201501BS70043,1,1,0,17,0,8,0,0,0,0,2,1,6,2,28,6,-1,-1,-1,-1,1,-1,1,2,523920.0,179920.0,-0.215936,51.504636,1,2,2,1,30/01/2015,6,1899-12-30 18:40:00,11,E09000013,3,3220,1,30,1,2,3,402,0,5,4,1,1,0,0,1,2,E01002869,1.0,1.0,2.0,28.0,6.0,2.0,0.0,0.0,0.0,0.0,0.0,1.0,1.0,9.0
4466,201506K001514,2,9,0,18,0,8,0,0,0,0,1,1,6,1,18,4,1587,1,12,-1,1,-1,2,2,371590.0,411700.0,-2.43078,53.601089,6,2,2,2,22/05/2015,6,1899-12-30 16:05:00,100,E08000001,3,58,3,40,8,4,6,0,0,0,1,1,1,0,0,1,1,E01004767,2.0,2.0,2.0,16.0,4.0,3.0,0.0,0.0,1.0,0.0,0.0,9.0,1.0,1.0
4467,2015450023294,1,1,0,18,0,0,0,0,0,0,1,1,6,1,52,8,-1,-1,-1,-1,1,-1,2,1,513818.0,168308.0,-0.365153,51.402392,45,2,1,2,14/03/2015,7,1899-12-30 14:27:00,510,E10000030,4,369,6,30,0,-1,-1,0,0,4,1,1,1,0,0,1,1,E01030337,1.0,1.0,1.0,52.0,8.0,2.0,0.0,0.0,0.0,0.0,0.0,1.0,1.0,10.0
4468,20154100F0757,1,9,0,18,0,2,0,0,0,0,1,1,1,1,23,5,1590,1,12,-1,1,-1,1,2,514961.0,208753.0,-0.335498,51.765664,41,2,2,1,30/10/2015,6,1899-12-30 05:25:00,434,E10000015,3,1081,6,30,6,2,5,62,0,5,4,2,2,0,0,1,1,E01023713,,,,,,,,,,,,,,
4469,201536T150001,1,5,0,4,0,0,0,0,0,0,0,1,6,1,38,7,992,1,10,-1,3,-1,1,1,628571.0,312584.0,1.378603,52.662755,36,2,1,1,42036,6,1899-12-30 11:15:00,401,E10000020,5,283,6,30,0,-1,-1,0,0,0,1,1,1,0,0,2,1,E01026578,1.0,1.0,1.0,38.0,7.0,2.0,0.0,0.0,0.0,0.0,0.0,5.0,3.0,8.0
4470,2015120090101,2,9,0,18,0,0,0,0,0,0,1,1,6,1,21,5,1896,2,5,-1,1,-1,1,3,430526.0,454016.0,-1.536016,53.981305,12,2,3,1,31/05/2015,1,1899-12-30 05:35:00,182,E10000023,3,61,6,30,0,-1,-1,0,0,0,1,2,2,0,0,1,1,E01027730,,,,,,,,,,,,,,
4471,2015132290545,3,9,0,7,0,0,0,0,0,0,0,1,6,2,57,9,1966,1,19,-1,3,-1,2,3,404722.0,424103.0,-1.929933,53.713325,13,2,3,2,42249,2,1899-12-30 11:41:00,202,E08000033,3,646,6,40,0,-1,-1,0,0,0,1,1,1,0,0,1,1,E01010922,,,,,,,,,,,,,,
4472,2015551501551,2,9,0,18,0,0,1,0,1,3,4,1,1,1,34,6,2987,2,9,-1,1,-1,1,2,419292.0,94555.0,-1.727905,50.750279,55,2,2,1,42105,4,1899-12-30 06:54:00,641,E10000009,3,35,6,60,0,-1,-1,0,0,0,6,1,2,0,0,2,1,E01020372,,,,,,,,,,,,,,
4473,2015961502108,1,9,0,17,0,0,0,0,1,0,1,1,2,1,46,8,1364,1,9,-1,1,-1,2,2,251231.0,689570.0,-4.391798,56.075736,96,2,2,2,24/12/2015,5,1899-12-30 06:50:00,939,S12000030,3,811,6,60,0,-1,-1,0,0,0,6,2,5,0,0,2,1,,1.0,1.0,1.0,46.0,8.0,2.0,0.0,0.0,0.0,0.0,0.0,9.0,3.0,-1.0
4474,201520W035935,1,19,0,1,0,1,0,0,0,0,2,1,1,1,47,8,1560,2,6,-1,1,-1,1,1,405220.0,286560.0,-1.924574,52.476945,20,2,1,1,42283,4,1899-12-30 11:25:00,300,E08000025,6,0,6,30,3,4,6,0,0,0,1,1,1,0,0,1,1,E01009143,1.0,3.0,2.0,67.0,10.0,2.0,5.0,3.0,0.0,0.0,0.0,0.0,1.0,2.0
4475,201520N009735,3,9,0,2,0,0,0,0,0,0,3,1,6,1,55,8,1389,1,16,-1,1,-1,1,3,408840.0,291790.0,-1.871139,52.523916,20,2,3,1,42249,2,1899-12-30 13:05:00,300,E08000025,3,4040,3,30,0,-1,-1,0,0,0,1,1,1,0,0,1,1,E01009410,,,,,,,,,,,,,,
4476,201563AC08815,2,9,0,18,0,0,1,0,7,0,1,1,6,2,23,5,-1,-1,-1,-1,3,-1,7,3,219950.0,217340.0,-4.614103,51.825589,63,2,3,7,42009,6,1899-12-30 20:39:00,751,W06000010,3,40,6,60,0,-1,-1,0,0,0,6,1,1,0,0,2,1,W01000735,2.0,1.0,2.0,23.0,5.0,2.0,0.0,0.0,0.0,0.0,0.0,9.0,3.0,-1.0
4477,2015320021703,4,9,0,18,0,0,0,0,0,0,1,1,6,2,69,10,1587,1,11,-1,3,-1,2,4,531802.0,389942.0,-0.019552,53.389874,32,2,4,2,20/04/2015,2,1899-12-30 04:57:00,351,E10000019,3,16,6,60,0,-1,-1,0,0,0,4,1,1,0,0,2,1,E01026045,,,,,,,,,,,,,,
4478,2015440320215,1,9,0,18,0,0,0,0,0,0,1,1,6,1,35,6,1753,2,7,-1,1,-1,4,2,420825.0,103236.0,-1.705686,50.82829,44,2,2,4,15/09/2015,3,1899-12-30 11:10:00,496,E10000014,6,0,6,30,0,-1,-1,0,0,0,1,1,1,0,0,2,1,E01022997,3.0,2.0,2.0,3.0,1.0,3.0,0.0,0.0,2.0,0.0,0.0,9.0,1.0,6.0
4479,201550BN2D016,1,9,0,4,0,0,0,0,0,0,0,1,6,1,77,11,1328,1,8,-1,3,-1,1,1,236015.0,69877.0,-4.313905,50.505668,50,2,1,1,23/06/2015,3,1899-12-30 15:11:00,596,E06000052,3,388,6,30,0,-1,-1,0,0,0,1,1,1,0,0,2,1,E01018752,1.0,3.0,1.0,12.0,3.0,2.0,5.0,1.0,0.0,0.0,0.0,0.0,2.0,6.0
4480,2015300012929,1,9,0,18,0,0,2,0,2,0,1,1,3,1,19,4,1590,1,14,-1,1,-1,3,1,409560.0,400510.0,-1.857347,53.501201,30,2,1,3,25/03/2015,4,1899-12-30 00:45:00,325,E10000007,3,6024,6,60,0,-1,-1,0,0,0,6,1,1,0,0,2,1,E01019763,3.0,2.0,1.0,19.0,4.0,2.0,0.0,0.0,2.0,0.0,0.0,9.0,-1.0,-1.0
4481,2015220037399,2,9,0,18,0,8,0,0,7,0,2,1,5,1,49,8,1396,1,14,-1,1,-1,2,3,377419.0,250366.0,-2.331446,52.15111,22,2,3,2,16/12/2015,4,1899-12-30 17:05:00,273,E10000034,3,4103,6,60,3,4,6,0,0,0,6,1,2,0,0,2,1,E01032180,2.0,2.0,1.0,16.0,4.0,2.0,0.0,0.0,1.0,0.0,0.0,9.0,2.0,4.0
4482,2015450024632,3,9,0,4,0,0,0,0,0,0,1,1,6,1,-1,-1,1596,1,13,-1,1,-1,2,3,531346.0,151539.0,-0.119483,51.247907,45,2,3,2,19/05/2015,3,1899-12-30 16:45:00,516,E10000030,1,23,3,70,0,-1,-1,0,0,0,1,2,2,0,1,2,1,E01030815,,,,,,,,,,,,,,
4483,2015471505195,2,19,0,18,0,0,0,0,0,0,4,1,1,1,24,5,2143,2,5,-1,1,-1,1,2,557884.0,104676.0,0.24006,50.820109,47,2,2,1,42286,5,1899-12-30 07:20:00,556,E10000011,3,2270,6,40,0,-1,-1,0,0,0,1,1,1,0,0,1,1,E01021214,,,,,,,,,,,,,,
4484,201563DP22815,2,9,0,16,0,1,0,0,0,0,1,1,6,1,27,6,-1,-1,-1,-1,1,-1,4,2,293290.0,280060.0,-3.570129,52.408104,63,2,2,4,42251,5,1899-12-30 19:33:00,753,W06000023,3,470,6,60,3,4,6,0,0,0,7,1,1,0,0,2,1,W01000429,4.0,2.0,1.0,25.0,5.0,3.0,0.0,0.0,1.0,0.0,0.0,9.0,-1.0,-1.0
4485,2015471505331,1,21,0,9,0,6,0,0,0,0,1,1,1,1,49,8,12809,2,1,-1,1,-1,1,2,563857.0,106212.0,0.325469,50.832252,47,2,2,1,15/09/2015,3,1899-12-30 07:18:00,556,E10000011,6,0,6,60,8,4,6,0,0,0,1,5,2,0,0,2,1,E01021206,,,,,,,,,,,,,,
4486,201543P008125,1,9,0,9,0,5,0,0,0,0,1,1,6,2,25,5,973,1,12,-1,1,-1,1,2,431330.0,210658.0,-1.547131,51.793702,43,2,2,1,42047,4,1899-12-30 17:26:00,485,E10000025,6,302,6,30,3,4,6,0,0,0,4,1,1,0,0,2,1,E01028794,,,,,,,,,,,,,,
4487,2015440102613,1,1,0,15,0,8,0,0,0,0,1,1,2,1,22,5,-1,-1,-1,-1,1,-1,1,2,440417.0,114667.0,-1.426261,50.930045,44,2,2,1,26/03/2015,5,1899-12-30 09:20:00,500,E06000045,3,35,6,30,8,4,6,0,0,0,1,1,1,0,0,1,2,E01017252,1.0,1.0,1.0,22.0,5.0,2.0,0.0,0.0,0.0,0.0,0.0,1.0,1.0,9.0
4488,2015471505567,2,5,0,18,0,1,0,0,0,0,1,1,6,1,20,4,1000,1,16,-1,3,-1,2,2,507390.0,123224.0,-0.470999,50.998398,47,2,2,2,42283,4,1899-12-30 22:09:00,562,E10000032,3,29,6,60,6,4,4,2133,0,0,7,9,1,0,0,2,2,E01031613,1.0,1.0,1.0,20.0,4.0,2.0,0.0,0.0,0.0,0.0,0.0,5.0,3.0,8.0
4489,201520L006155,1,9,0,9,0,5,0,0,0,0,1,1,6,1,48,8,1686,2,11,-1,1,-1,1,1,412010.0,278840.0,-1.82488,52.407436,20,2,1,1,42165,3,1899-12-30 21:48:00,306,E08000029,6,0,6,30,3,4,3,34,0,0,4,2,2,0,0,1,1,E01010223,1.0,3.0,1.0,84.0,11.0,2.0,8.0,1.0,0.0,0.0,0.0,0.0,1.0,9.0
4490,201514C128015,1,9,0,16,0,0,0,11,0,0,0,1,2,2,42,7,1461,2,8,-1,3,-1,1,1,444068.0,398112.0,-1.337479,53.477897,14,2,1,1,30/11/2015,2,1899-12-30 17:30:00,213,E08000018,4,6090,6,60,0,-1,-1,0,0,0,6,5,2,0,2,2,1,E01007818,1.0,1.0,2.0,42.0,7.0,2.0,0.0,0.0,0.0,0.0,0.0,9.0,3.0,6.0
4491,201534TM33175,3,21,0,18,0,0,0,0,0,0,1,1,1,1,43,7,2998,2,5,-1,1,-1,1,3,457687.0,273139.0,-1.154458,52.35329,34,2,3,1,16/12/2015,4,1899-12-30 07:15:00,381,E10000021,1,1,3,60,0,-1,-1,0,0,0,1,1,1,0,0,2,2,E01027006,,,,,,,,,,,,,,
4492,2015160D04831,2,19,0,2,0,0,0,0,0,0,3,1,6,3,-1,-1,2198,2,1,-1,-1,-1,1,2,507480.0,429507.0,-0.371503,53.750858,16,2,2,1,26/07/2015,1,1899-12-30 09:15:00,228,E06000010,6,0,6,30,0,-1,-1,0,0,0,1,1,1,0,0,1,1,E01012759,,,,,,,,,,,,,,
4493,2015440305402,1,9,0,18,0,1,0,0,0,0,1,1,6,2,36,7,1598,1,7,-1,1,-1,1,1,458106.0,103394.0,-1.176368,50.827176,44,2,1,1,42072,5,1899-12-30 08:30:00,493,E10000014,6,0,6,30,3,4,6,0,0,0,1,1,1,0,0,1,1,E01022803,1.0,3.0,1.0,6.0,2.0,2.0,5.0,1.0,0.0,0.0,0.0,0.0,1.0,1.0
4494,2015100449715,4,9,0,18,0,0,0,0,0,0,3,1,6,2,18,4,998,1,7,-1,2,-1,3,4,435396.0,551881.0,-1.450118,54.860471,10,2,4,3,19/07/2015,1,1899-12-30 17:40:00,150,E08000024,3,690,3,50,0,-1,-1,0,0,0,1,1,1,0,0,2,1,E01032483,2.0,1.0,2.0,18.0,4.0,3.0,0.0,0.0,0.0,0.0,0.0,9.0,2.0,2.0
4495,201531D103615,1,9,0,16,0,2,1,4,0,0,1,1,6,1,19,4,1781,1,13,-1,1,-1,2,3,460881.0,340802.0,-1.0951,52.96114,31,2,3,2,20/05/2015,4,1899-12-30 02:30:00,343,E10000024,6,0,6,30,3,4,6,0,0,0,4,1,1,0,0,1,1,E01028157,2.0,2.0,1.0,20.0,4.0,2.0,0.0,0.0,1.0,0.0,0.0,9.0,1.0,5.0
4496,201504SA15540,1,9,0,5,0,6,0,0,0,0,1,1,2,1,43,7,1364,1,9,-1,1,-1,1,2,357230.0,424980.0,-2.649597,53.719466,4,2,2,1,19/11/2015,5,1899-12-30 17:50:00,83,E10000017,6,0,6,30,8,4,6,0,0,0,4,2,2,0,0,1,1,E01025401,,,,,,,,,,,,,,
4497,201563BC08415,1,3,0,18,0,0,0,0,0,0,1,1,6,1,22,5,-1,-1,-1,-1,3,-1,1,2,250520.0,255550.0,-4.187565,52.177896,63,2,2,1,42283,4,1899-12-30 14:10:00,750,W06000008,4,4342,6,30,0,-1,-1,0,0,0,1,1,1,0,0,2,1,W01000535,1.0,1.0,1.0,22.0,5.0,2.0,0.0,0.0,0.0,0.0,0.0,3.0,3.0,-1.0
4498,2015548411715,1,9,0,17,0,0,2,0,1,4,1,1,6,1,85,11,1998,1,9,-1,2,-1,2,1,384507.0,133278.0,-2.222634,51.098594,54,2,1,2,16/09/2015,4,1899-12-30 15:30:00,635,E06000054,3,303,6,60,0,-1,-1,0,0,0,1,2,2,0,0,2,1,E01032010,1.0,1.0,1.0,85.0,11.0,2.0,0.0,0.0,0.0,0.0,0.0,9.0,2.0,6.0