,accident_index,vehicle_reference,vehicle_type,towing_and_articulation,vehicle_manoeuvre,vehicle_location-restricted_lane,junction_location,skidding_and_overturning,hit_object_in_carriageway,vehicle_leaving_carriageway,hit_object_off_carriageway,1st_point_of_impact,was_vehicle_left_hand_drive?,journey_purpose_of_driver,sex_of_driver,age_of_driver,age_band_of_driver,engine_capacity_(cc),propulsion_code,age_of_vehicle,driver_imd_decile,driver_home_area_type,vehicle_imd_decile,NUmber_of_Casualities_unique_to_accident_index,No_of_Vehicles_involved_unique_to_accident_index,location_easting_osgr,location_northing_osgr,longitude,latitude,police_force,accident_severity,number_of_vehicles,number_of_casualties,date,day_of_week,time,local_authority_(district),local_authority_(highway),1st_road_class,1st_road_number,road_type,speed_limit,junction_detail,junction_control,2nd_road_class,2nd_road_number,pedestrian_crossing-human_control,pedestrian_crossing-physical_facilities,light_conditions,weather_conditions,road_surface_conditions,special_conditions_at_site,carriageway_hazards,urban_or_rural_area,did_police_officer_attend_scene_of_accident,lsoa_of_accident_location,casualty_reference,casualty_class,sex_of_casualty,age_of_casualty,age_band_of_casualty,casualty_severity,pedestrian_location,pedestrian_movement,car_passenger,bus_or_coach_passenger,pedestrian_road_maintenance_worker,casualty_type,casualty_home_area_type,casualty_imd_decile
4499,201520Z003025,1,21,4,18,0,0,3,7,6,6,1,1,6,1,47,8,12809,2,2,-1,1,-1,3,4,406930.0,292620.0,-1.899273,52.531405,20,2,4,3,14/08/2015,6,1899-12-30 10:34:00,300,E08000025,1,6,3,70,0,-1,-1,0,0,0,1,2,2,0,0,1,1,E01009239,1.0,1.0,1.0,47.0,8.0,3.0,0.0,0.0,0.0,0.0,0.0,21.0,1.0,2.0
4500,201520H008235,1,3,0,18,0,8,0,0,0,0,1,1,6,1,23,5,124,1,4,-1,1,-1,1,2,398550.0,302170.0,-2.022851,52.617298,20,2,2,1,42194,2,1899-12-30 15:46:00,307,E08000030,3,4124,6,30,8,4,6,0,0,0,1,1,1,0,0,1,1,E01010291,1.0,1.0,1.0,23.0,5.0,2.0,0.0,0.0,0.0,0.0,0.0,3.0,1.0,1.0
4501,2015521503917,1,5,0,18,0,8,0,0,0,0,4,1,6,1,50,8,749,1,9,-1,3,-1,1,2,361648.0,164315.0,-2.552407,51.376584,52,2,2,1,23/04/2015,5,1899-12-30 14:18:00,611,E06000022,3,37,6,40,8,4,6,0,0,0,1,1,1,0,0,2,1,E01014446,1.0,1.0,1.0,50.0,8.0,2.0,0.0,0.0,0.0,0.0,0.0,5.0,3.0,8.0
4502,2015100018815,1,9,0,18,0,8,0,0,0,0,0,1,6,3,-1,-1,-1,-1,-1,-1,-1,-1,1,2,421593.0,567059.0,-1.664005,54.997645,10,2,2,1,42309,1,1899-12-30 14:15:00,147,E08000021,3,167,1,30,1,4,6,1271,0,0,1,8,2,0,0,1,2,E01008297,,,,,,,,,,,,,,
4503,2015941500205,4,9,0,18,0,0,0,0,0,0,1,1,2,1,37,7,-1,-1,-1,-1,1,-1,2,6,331381.0,714556.0,-3.110957,56.318411,94,2,6,2,42127,5,1899-12-30 07:45:00,925,S12000015,3,92,6,60,0,-1,-1,0,0,0,1,1,1,0,0,2,1,,,,,,,,,,,,,,,
4504,2015621501940,1,9,0,18,0,1,0,0,0,0,3,1,6,1,51,8,-1,-1,-1,-1,1,-1,1,1,307375.0,190433.0,-3.338872,51.605089,62,2,1,1,42227,1,1899-12-30 19:14:00,744,W06000016,3,4223,6,30,6,2,4,4273,0,5,4,2,2,0,0,1,1,W01001228,1.0,3.0,2.0,80.0,11.0,2.0,1.0,3.0,0.0,0.0,0.0,0.0,1.0,-1.0
4505,2015160C07431,2,9,0,18,0,8,0,0,0,0,1,1,6,2,46,8,998,1,13,-1,-1,-1,2,2,484217.0,457126.0,-0.716609,54.003303,16,2,2,2,28/10/2015,4,1899-12-30 10:55:00,231,E06000011,3,166,6,60,3,4,6,0,0,0,1,7,2,0,0,2,1,E01013119,2.0,2.0,2.0,6.0,2.0,3.0,0.0,0.0,2.0,0.0,0.0,9.0,1.0,3.0
4506,20154100G0694,1,9,0,5,0,8,0,0,0,0,3,1,6,2,24,5,-1,-1,-1,-1,-1,-1,1,1,535831.0,241866.0,-0.020204,52.058532,41,2,1,1,24/12/2015,5,1899-12-30 14:30:00,433,E10000015,6,907,6,30,3,4,6,1410,0,0,1,1,1,0,0,1,1,E01023661,1.0,3.0,1.0,3.0,1.0,2.0,5.0,4.0,0.0,0.0,0.0,0.0,1.0,5.0
4507,2015120060472,2,1,0,18,0,0,0,0,1,0,3,1,2,1,54,8,-1,-1,-1,-1,3,-1,2,3,421314.0,514746.0,-1.672185,54.527553,12,2,3,2,13/04/2015,2,1899-12-30 18:00:00,184,E10000023,4,6275,6,60,0,-1,-1,0,0,0,1,1,1,0,0,2,1,E01027759,2.0,1.0,1.0,54.0,8.0,2.0,0.0,0.0,0.0,0.0,0.0,1.0,3.0,7.0
4508,2015120118878,2,9,0,7,0,6,0,0,0,0,4,1,6,2,27,6,1198,1,1,-1,1,-1,1,2,460876.0,449699.0,-1.074137,53.939834,12,2,2,1,42345,1,1899-12-30 21:20:00,189,E06000014,3,19,6,30,3,4,6,4810,0,0,1,1,1,0,0,1,1,E01013362,,,,,,,,,,,,,,
4509,201504WB15175,2,9,0,17,0,0,1,0,0,0,1,1,6,1,31,6,-1,-1,-1,-1,1,-1,4,2,342620.0,462580.0,-2.878021,54.055963,4,2,2,4,23/05/2015,7,1899-12-30 07:05:00,76,E10000017,4,5273,6,40,0,-1,-1,0,0,0,1,1,1,0,0,2,1,E01025171,2.0,1.0,1.0,31.0,6.0,2.0,0.0,0.0,0.0,0.0,0.0,9.0,1.0,4.0
4510,2015215000769,1,9,0,18,0,0,0,0,0,0,3,1,6,1,31,6,-1,-1,-1,-1,1,-1,1,1,383667.0,353993.0,-2.245288,53.082904,21,2,1,1,42096,4,1899-12-30 19:25:00,253,E10000028,4,5371,6,30,0,-1,-1,0,0,0,4,1,1,0,0,1,1,E01029543,1.0,3.0,1.0,14.0,3.0,2.0,5.0,3.0,0.0,0.0,0.0,0.0,1.0,2.0
4511,201534NE26325,1,9,0,18,0,8,0,0,0,0,1,1,6,1,26,6,1229,1,11,-1,1,-1,4,2,504005.0,290821.0,-0.469121,52.505376,34,2,2,4,18/10/2015,1,1899-12-30 12:40:00,382,E10000021,5,12,6,60,6,4,5,94,0,0,1,1,2,0,0,2,1,E01027044,3.0,2.0,2.0,23.0,5.0,2.0,0.0,0.0,1.0,0.0,0.0,9.0,1.0,4.0
4512,2015460254011,1,4,0,13,0,1,1,0,0,0,1,1,6,1,45,7,781,1,15,-1,1,-1,1,2,613780.0,150230.0,1.059377,51.211244,46,2,2,1,42219,1,1899-12-30 13:46:00,531,E10000016,4,2068,6,50,8,4,6,0,0,0,1,1,1,0,0,2,1,E01024054,1.0,1.0,1.0,45.0,7.0,2.0,0.0,0.0,0.0,0.0,0.0,4.0,1.0,1.0
4513,2015420031642,1,9,0,16,0,0,1,0,8,4,1,1,5,2,82,11,1396,1,2,-1,2,-1,1,1,561709.0,213400.0,0.343569,51.795874,42,2,1,1,42135,5,1899-12-30 16:19:00,463,E10000012,6,0,6,60,0,-1,-1,0,0,0,6,2,2,0,0,2,2,E01022058,1.0,1.0,2.0,82.0,11.0,2.0,0.0,0.0,0.0,0.0,0.0,9.0,2.0,10.0
4514,2015551501457,2,9,0,9,0,6,0,0,7,11,4,1,6,2,49,8,1390,1,15,-1,1,-1,2,2,409655.0,94125.0,-1.864518,50.746651,55,2,2,2,42226,5,1899-12-30 09:03:00,640,E06000028,6,0,6,30,6,4,6,0,0,0,1,1,1,0,0,1,1,E01015322,1.0,3.0,2.0,44.0,7.0,2.0,10.0,3.0,0.0,0.0,0.0,0.0,-1.0,-1.0
4515,2015320019071,1,9,0,13,0,0,0,0,0,0,4,1,6,2,46,8,1587,1,8,-1,2,-1,1,2,484729.0,374000.0,-0.731403,53.256252,32,2,2,1,42251,5,1899-12-30 16:16:00,356,E10000019,3,57,6,60,0,-1,-1,0,0,0,1,1,1,0,0,2,1,E01026409,,,,,,,,,,,,,,
4516,2015440017186,2,9,0,2,0,2,0,0,0,0,0,1,6,3,-1,-1,2261,1,10,-1,-1,-1,1,2,444683.0,114307.0,-1.365606,50.926494,44,2,2,1,16/01/2015,6,1899-12-30 15:19:00,500,E06000045,6,0,6,30,8,4,6,0,0,0,1,1,1,0,0,1,1,E01017173,,,,,,,,,,,,,,
4517,201534NK13005,1,9,0,18,0,0,0,0,0,0,3,1,6,1,21,5,-1,-1,-1,-1,1,-1,1,1,487731.0,278407.0,-0.712073,52.39666,34,2,1,1,18/05/2015,2,1899-12-30 13:15:00,383,E10000021,3,6098,6,30,0,-1,-1,0,0,8,1,2,2,0,0,1,1,E01027128,1.0,3.0,1.0,35.0,6.0,2.0,5.0,3.0,0.0,0.0,0.0,0.0,-1.0,-1.0
4518,2015471503674,1,9,0,18,0,0,0,0,0,0,1,1,6,1,82,11,-1,-1,-1,-1,1,-1,2,2,581242.0,109276.0,0.573605,50.8546,47,2,2,2,29/06/2015,2,1899-12-30 13:42:00,552,E10000011,6,0,6,30,0,-1,-1,0,0,0,1,1,1,0,0,1,1,E01020979,1.0,1.0,1.0,82.0,11.0,2.0,0.0,0.0,0.0,0.0,0.0,9.0,1.0,1.0
4519,2015471500061,1,19,0,16,6,0,0,0,0,0,0,1,2,1,57,9,2184,2,15,-1,1,-1,1,1,548130.0,126987.0,0.110743,51.023177,47,2,1,1,42125,2,1899-12-30 07:30:00,556,E10000011,3,26,6,60,0,-1,-1,0,0,0,6,2,2,0,0,2,1,E01021145,1.0,3.0,2.0,53.0,8.0,2.0,6.0,8.0,0.0,0.0,0.0,0.0,1.0,4.0
4520,2015440055889,2,9,0,2,0,0,0,0,0,0,2,1,2,1,54,8,1796,1,1,-1,3,-1,1,3,435745.0,122136.0,-1.492006,50.997513,44,2,3,1,17/02/2015,3,1899-12-30 08:15:00,501,E10000014,6,0,6,30,0,-1,-1,0,0,0,1,1,1,0,0,1,1,E01023175,,,,,,,,,,,,,,
4521,20151327A1162,1,9,0,18,0,0,0,0,0,0,1,1,6,2,-1,-1,-1,-1,-1,-1,-1,-1,1,1,415416.0,431857.0,-1.767523,53.782814,13,2,1,1,42284,6,1899-12-30 16:50:00,200,E08000032,6,0,6,30,0,-1,-1,0,0,0,1,1,1,0,0,1,1,E01010735,1.0,3.0,1.0,8.0,2.0,2.0,5.0,3.0,0.0,0.0,0.0,0.0,1.0,1.0
4522,201506L097341,1,9,0,16,0,0,1,0,0,0,1,1,6,1,17,4,-1,-1,-1,-1,1,-1,2,2,370060.0,400790.0,-2.452851,53.502944,6,2,2,2,42310,4,1899-12-30 10:35:00,114,E08000010,3,5082,6,30,0,-1,-1,0,0,0,1,1,2,0,0,1,1,E01006385,1.0,1.0,1.0,17.0,4.0,3.0,0.0,0.0,0.0,0.0,0.0,9.0,1.0,3.0
4523,2015961500608,1,9,0,9,0,8,0,0,0,0,1,1,6,1,25,5,-1,-1,-1,-1,3,-1,1,2,232886.0,730546.0,-4.712093,56.437409,96,2,2,1,42128,1,1899-12-30 17:00:00,939,S12000030,3,82,6,40,3,4,6,0,0,0,1,1,1,0,0,2,1,,,,,,,,,,,,,,,
4524,2015405BA1137,1,9,0,7,0,8,1,0,0,0,1,1,6,1,33,6,1598,1,13,-1,1,-1,2,3,517344.0,248049.0,-0.287586,52.118315,40,2,3,2,29/11/2015,1,1899-12-30 20:25:00,424,E06000056,6,251,3,50,3,4,3,1,0,0,4,1,2,0,0,2,1,E01017431,1.0,1.0,1.0,33.0,6.0,2.0,0.0,0.0,0.0,0.0,0.0,9.0,1.0,7.0
4525,2015200034760,2,9,0,2,0,0,0,0,0,0,1,1,6,2,56,9,1997,2,13,-1,1,-1,2,2,416084.0,289560.0,-1.76448,52.503705,20,2,2,2,30/11/2015,2,1899-12-30 11:21:00,306,E08000029,6,0,6,30,0,-1,-1,0,0,0,1,2,2,0,0,1,2,E01010124,,,,,,,,,,,,,,
4526,201501TW60215,2,9,0,13,0,0,0,0,0,0,4,1,6,1,-1,-1,-1,-1,-1,-1,-1,-1,1,2,518340.0,174230.0,-0.298199,51.454692,1,2,2,1,13/06/2015,7,1899-12-30 10:15:00,24,E09000027,4,322,6,30,0,-1,-1,0,0,0,1,1,1,0,0,1,2,E01003821,,,,,,,,,,,,,,
4527,2015621500672,1,8,0,18,0,0,0,0,0,0,4,1,1,1,27,6,-1,-1,-1,-1,1,-1,1,1,321532.0,179500.0,-3.132053,51.508959,62,2,1,1,17/04/2015,6,1899-12-30 14:22:00,741,W06000015,6,0,2,30,0,-1,-1,0,0,0,1,1,1,0,0,1,1,W01001806,1.0,3.0,1.0,7.0,2.0,2.0,5.0,1.0,0.0,0.0,0.0,0.0,1.0,-1.0
4528,2015300011935,1,9,0,4,0,0,0,0,0,0,2,1,6,1,33,6,1984,2,2,-1,3,-1,1,2,439010.0,365540.0,-1.417684,53.185531,30,2,2,1,28/01/2015,4,1899-12-30 12:30:00,327,E10000007,3,61,6,50,0,-1,-1,0,0,0,1,5,2,0,0,1,1,E01019825,,,,,,,,,,,,,,
4529,201543P316085,1,9,0,18,0,8,0,0,3,9,1,1,6,2,66,10,1299,1,15,-1,2,-1,1,1,465302.0,203358.0,-1.055974,51.725148,43,2,1,1,31/08/2015,2,1899-12-30 18:46:00,484,E10000025,3,329,6,40,3,4,3,40,0,0,1,1,1,0,0,2,1,E01028646,1.0,1.0,2.0,66.0,10.0,2.0,0.0,0.0,0.0,0.0,0.0,9.0,2.0,9.0
4530,201542I116004,1,9,0,5,8,0,0,0,0,0,0,1,2,2,41,7,1242,1,9,-1,3,-1,1,2,571027.0,196893.0,0.470461,51.644826,42,2,2,1,20/04/2015,2,1899-12-30 12:50:00,454,E10000012,6,0,6,40,0,-1,-1,0,0,0,1,1,1,0,0,2,1,E01033143,,,,,,,,,,,,,,
4531,201534NE22815,1,9,0,18,0,0,0,0,0,0,4,1,6,1,-1,-1,-1,-1,-1,-1,-1,-1,1,1,496107.0,295197.0,-0.584178,52.546151,34,2,1,1,42347,7,1899-12-30 05:25:00,382,E10000021,3,43,6,60,0,-1,-1,0,0,0,1,2,2,0,0,2,1,E01027043,1.0,3.0,1.0,22.0,5.0,2.0,5.0,1.0,0.0,0.0,0.0,0.0,2.0,8.0
4532,201560S183774,1,9,0,18,0,1,1,0,7,11,1,1,6,2,49,8,-1,-1,-1,-1,-1,-1,1,1,247439.0,356592.0,-4.279296,53.084687,60,2,1,1,42016,3,1899-12-30 19:00:00,722,W06000002,6,0,6,30,9,4,6,0,0,0,6,1,2,0,0,2,1,W01000073,1.0,1.0,2.0,49.0,8.0,2.0,0.0,0.0,0.0,0.0,0.0,9.0,-1.0,-1.0
4533,2015440100030,1,1,0,18,0,8,0,0,0,0,1,1,2,1,45,7,-1,-1,-1,-1,1,-1,1,2,444309.0,118186.0,-1.370456,50.961402,44,2,2,1,24/03/2015,3,1899-12-30 17:40:00,491,E10000014,6,0,1,30,2,4,6,0,0,0,1,1,2,0,0,1,1,E01022677,1.0,1.0,1.0,45.0,7.0,2.0,0.0,0.0,0.0,0.0,0.0,1.0,1.0,9.0
4534,201501QA10395,3,9,0,2,0,0,0,0,0,0,3,1,6,3,-1,-1,998,1,16,-1,-1,-1,3,4,517590.0,189790.0,-0.303799,51.594694,1,2,4,3,42101,7,1899-12-30 15:30:00,29,E09000015,5,0,6,30,0,-1,-1,0,0,0,1,1,1,0,0,1,1,E01002199,,,,,,,,,,,,,,
4535,201543N161025,1,9,0,18,0,0,2,0,0,0,1,1,6,1,25,5,-1,-1,-1,-1,1,-1,2,2,482245.0,191838.0,-0.813437,51.619366,43,2,2,2,22/02/2015,1,1899-12-30 04:50:00,480,E10000002,1,40,3,70,0,-1,-1,0,0,0,4,2,2,0,0,2,1,E01017877,1.0,1.0,1.0,25.0,5.0,2.0,0.0,0.0,0.0,0.0,0.0,9.0,1.0,2.0
4536,201501PL60999,1,9,0,9,0,8,0,0,0,0,1,1,6,2,49,8,-1,-1,-1,-1,1,-1,1,2,536030.0,178590.0,-0.04207,51.489902,1,2,2,1,30/11/2015,2,1899-12-30 16:40:00,7,E09000023,3,200,6,30,8,4,5,0,0,1,4,2,2,0,0,1,1,E01003247,,,,,,,,,,,,,,
4537,2015921501288,1,11,0,18,0,1,0,0,0,0,1,1,1,1,22,5,5900,2,8,-1,1,-1,3,2,397603.0,825723.0,-2.041446,57.322054,92,2,2,3,17/11/2015,3,1899-12-30 07:56:00,911,S12000034,3,90,6,60,3,4,4,9000,0,0,1,1,1,0,0,2,1,,1.0,2.0,1.0,64.0,9.0,2.0,0.0,0.0,0.0,4.0,0.0,11.0,-1.0,-1.0
4538,201506A005703,1,9,0,18,0,0,1,0,1,0,1,1,6,1,21,5,998,1,1,-1,1,-1,1,4,387600.0,401670.0,-2.188452,53.511563,6,2,4,1,13/09/2015,1,1899-12-30 04:46:00,102,E08000003,4,6393,6,30,0,-1,-1,0,0,0,4,1,1,0,0,1,1,E01005225,1.0,2.0,1.0,27.0,6.0,2.0,0.0,0.0,1.0,0.0,0.0,9.0,1.0,2.0
4539,2015360092634,1,9,0,3,0,0,0,0,0,0,3,1,6,1,55,8,1560,2,1,-1,1,-1,1,2,568418.0,337503.0,0.502977,52.908562,36,2,2,1,19/07/2015,1,1899-12-30 17:58:00,407,E10000020,3,149,6,40,0,-1,-1,0,0,0,1,1,1,0,0,2,1,E01026676,,,,,,,,,,,,,,
4540,2015350116015,6,19,0,3,0,0,0,0,0,0,2,1,2,1,55,8,1560,2,4,-1,1,-1,4,7,546620.0,262140.0,0.145788,52.23793,35,2,7,4,30/06/2015,3,1899-12-30 08:20:00,395,E10000003,3,14,3,70,0,-1,-1,0,0,0,1,1,1,0,0,2,1,E01018274,,,,,,,,,,,,,,
4541,2015331501267,2,16,0,18,0,0,0,0,0,0,0,1,6,3,-1,-1,-1,-1,-1,-1,-1,-1,1,2,446903.0,311214.0,-1.307415,52.696582,33,2,2,1,42315,7,1899-12-30 14:50:00,361,E10000018,5,6107,6,60,0,-1,-1,0,0,0,1,1,1,0,0,2,2,E01025871,,,,,,,,,,,,,,
4542,201543N135115,1,9,0,9,0,5,0,0,0,0,4,1,2,1,45,7,1781,1,13,-1,1,-1,1,2,503939.0,180528.0,-0.50353,51.514125,43,2,2,1,42258,2,1899-12-30 06:55:00,477,E10000002,6,8,6,40,3,2,6,953,0,0,7,1,1,0,0,2,1,E01017827,,,,,,,,,,,,,,
4543,2015530209836,7,9,0,3,0,0,0,0,0,0,2,1,6,1,19,4,1124,1,15,-1,-1,-1,8,7,370492.0,195462.0,-2.427964,51.657163,53,2,7,8,42012,7,1899-12-30 13:58:00,624,E10000013,1,5,3,70,0,-1,-1,0,0,0,1,1,1,0,0,2,1,E01022413,8.0,2.0,2.0,40.0,7.0,3.0,0.0,0.0,1.0,0.0,0.0,9.0,1.0,10.0
4544,201520S059765,2,9,0,4,0,1,5,7,0,0,3,1,6,2,33,6,1995,2,5,-1,1,-1,2,2,399770.0,277920.0,-2.004806,52.399295,20,2,2,2,42046,2,1899-12-30 17:29:00,300,E08000025,6,0,6,30,1,4,6,0,0,0,4,7,2,0,0,1,1,E01009159,1.0,1.0,2.0,33.0,6.0,3.0,0.0,0.0,0.0,0.0,0.0,9.0,1.0,1.0
4545,201501LX51241,1,9,0,18,0,1,0,0,0,0,4,1,6,3,-1,-1,-1,-1,-1,-1,-1,-1,1,1,530540.0,176420.0,-0.121901,51.471694,1,2,1,1,42135,5,1899-12-30 17:30:00,9,E09000022,3,203,6,30,3,4,6,0,0,5,1,1,1,0,0,1,1,E01003093,1.0,3.0,1.0,29.0,6.0,2.0,4.0,2.0,0.0,0.0,2.0,0.0,1.0,3.0
4546,2015300016316,1,11,0,18,0,2,0,0,0,0,1,1,1,1,61,9,5132,2,1,-1,1,-1,1,1,434300.0,331850.0,-1.491736,52.883024,30,2,1,1,16/10/2015,6,1899-12-30 15:25:00,323,E06000015,5,86,6,30,3,4,6,0,0,0,1,1,1,0,0,1,1,E01013585,1.0,3.0,2.0,11.0,3.0,2.0,8.0,3.0,0.0,0.0,0.0,0.0,-1.0,-1.0
4547,201501XD80603,1,11,0,5,0,2,0,0,0,0,0,1,1,1,-1,-1,-1,-1,-1,-1,1,-1,2,1,516330.0,183260.0,-0.32414,51.536267,1,2,1,2,29/06/2015,2,1899-12-30 15:00:00,27,E09000009,5,0,6,30,3,4,6,0,0,0,1,1,1,0,0,1,2,E01001348,2.0,2.0,2.0,4.0,1.0,3.0,0.0,0.0,0.0,3.0,0.0,11.0,-1.0,-1.0
4548,2015120196254,4,9,0,18,0,0,0,0,0,0,1,1,6,1,76,11,1868,2,12,-1,1,-1,4,5,467838.0,459108.0,-0.966008,54.023521,12,2,5,4,42105,4,1899-12-30 18:33:00,185,E10000023,3,64,6,60,0,-1,-1,0,0,0,6,1,1,0,0,2,1,E01027797,2.0,1.0,1.0,76.0,11.0,3.0,0.0,0.0,0.0,0.0,0.0,9.0,1.0,3.0
4549,201520Z000535,1,9,0,4,0,0,0,0,5,6,2,1,6,2,27,6,1242,1,8,-1,1,-1,4,4,419840.0,283170.0,-1.709525,52.446137,20,2,4,4,42218,1,1899-12-30 13:55:00,306,E08000029,1,42,3,70,0,-1,-1,0,0,0,1,1,1,0,0,2,1,E01010109,2.0,2.0,1.0,6.0,2.0,3.0,0.0,0.0,2.0,0.0,0.0,9.0,1.0,2.0
4550,2015420032890,2,9,0,18,0,0,2,0,1,1,3,1,5,2,50,8,2099,2,8,-1,1,-1,2,3,614864.0,220303.0,1.117581,51.839973,42,2,3,2,23/11/2015,2,1899-12-30 00:10:00,461,E10000012,3,133,6,60,0,-1,-1,0,0,0,6,1,2,0,0,2,1,E01022047,2.0,1.0,2.0,50.0,8.0,2.0,0.0,0.0,0.0,0.0,0.0,9.0,1.0,2.0
4551,201504WB15193,2,9,0,18,0,8,1,0,0,0,1,1,6,1,29,6,-1,-1,-1,-1,1,-1,3,2,349670.0,460520.0,-2.769995,54.038189,4,2,2,3,24/04/2015,6,1899-12-30 18:00:00,76,E10000017,5,477,6,40,3,4,6,0,0,0,1,1,1,0,0,2,1,E01025126,2.0,1.0,1.0,29.0,6.0,3.0,0.0,0.0,0.0,0.0,0.0,9.0,1.0,8.0
4552,2015440162681,2,1,0,18,0,1,1,0,0,0,3,1,6,2,21,5,-1,-1,-1,-1,1,-1,1,2,446532.0,111982.0,-1.339595,50.905442,44,2,2,1,14/05/2015,5,1899-12-30 13:31:00,500,E06000045,3,3024,3,30,8,2,6,0,0,5,1,2,2,0,0,1,1,E01017166,1.0,1.0,2.0,21.0,5.0,2.0,0.0,0.0,0.0,0.0,0.0,1.0,1.0,7.0
4553,201522F502812,1,9,0,9,0,6,0,0,0,0,3,1,2,1,37,7,1781,1,14,-1,3,-1,2,2,349630.0,313420.0,-2.747094,52.716079,22,2,2,2,15/07/2015,4,1899-12-30 15:30:00,286,E06000051,3,5191,6,30,3,4,6,0,0,0,1,1,1,0,0,1,1,E01028945,1.0,1.0,1.0,37.0,7.0,3.0,0.0,0.0,0.0,0.0,0.0,9.0,3.0,5.0
4554,201534NC14465,2,9,0,18,0,0,0,0,0,0,0,1,6,1,18,4,1199,1,13,-1,-1,-1,2,2,491541.0,292056.0,-0.652355,52.518708,34,2,2,2,42344,6,1899-12-30 23:59:00,382,E10000021,5,29,6,60,0,-1,-1,0,0,0,6,1,2,0,0,2,1,E01027043,,,,,,,,,,,,,,
4555,201550EL2F005,1,5,0,18,0,0,0,0,0,0,1,1,1,1,20,4,645,1,12,-1,1,-1,2,2,250809.0,57226.0,-4.100391,50.395932,50,2,2,2,28/04/2015,3,1899-12-30 08:06:00,583,E06000026,3,38,3,70,0,-1,-1,0,0,0,1,1,1,0,0,2,1,E01015069,2.0,2.0,1.0,19.0,4.0,2.0,0.0,0.0,0.0,0.0,0.0,5.0,1.0,1.0
4556,2015075154249,1,5,0,16,0,0,1,0,0,0,1,1,6,1,22,5,1002,1,19,-1,1,-1,1,2,339122.0,375649.0,-2.914373,53.274313,7,2,2,1,31/05/2015,1,1899-12-30 17:48:00,130,E06000050,6,0,6,30,0,-1,-1,0,0,0,1,1,1,0,0,1,1,E01018538,1.0,1.0,1.0,22.0,5.0,2.0,0.0,0.0,0.0,0.0,0.0,5.0,1.0,1.0
4557,2015471505708,2,9,0,18,0,8,0,0,0,0,1,1,6,1,53,8,1598,1,17,-1,1,-1,2,2,553387.0,112625.0,0.179595,50.892746,47,2,2,2,30/09/2015,4,1899-12-30 16:42:00,556,E10000011,3,22,6,50,3,4,4,2124,0,8,1,1,1,0,0,2,1,E01021147,1.0,1.0,1.0,53.0,8.0,2.0,0.0,0.0,0.0,0.0,0.0,9.0,1.0,7.0
4558,201501YE80732,3,9,0,3,0,0,0,0,0,0,2,1,6,1,56,9,-1,-1,-1,-1,1,-1,2,3,528020.0,196490.0,-0.15086,51.652633,1,2,3,2,22/08/2015,7,1899-12-30 16:00:00,32,E09000010,3,111,6,30,0,-1,-1,0,0,0,1,1,1,0,0,2,1,E01001415,,,,,,,,,,,,,,
4559,201504SB15202,1,9,0,18,0,6,0,0,0,0,1,1,6,1,57,9,1998,1,10,-1,1,-1,1,2,338270.0,410930.0,-2.934076,53.591296,4,2,2,1,42134,2,1899-12-30 15:34:00,84,E10000017,3,5147,6,50,6,4,6,0,0,0,1,1,1,0,0,2,1,E01025495,,,,,,,,,,,,,,
4560,201501TW60171,2,9,0,13,0,0,0,0,0,0,4,1,6,1,-1,-1,-1,-1,-1,-1,-1,-1,1,2,516040.0,173720.0,-0.331453,51.450584,1,2,2,1,42130,6,1899-12-30 14:00:00,24,E09000027,3,310,6,30,0,-1,-1,0,0,4,1,1,1,0,0,1,1,E01003869,,,,,,,,,,,,,,
4561,201504EG15089,1,9,0,9,0,8,0,0,0,0,1,1,6,1,18,4,998,1,1,-1,1,-1,1,2,372480.0,441460.0,-2.419991,53.868614,4,2,2,1,13/05/2015,4,1899-12-30 17:20:00,80,E10000017,4,6243,6,60,8,4,6,0,0,0,1,1,1,0,0,2,1,E01025351,,,,,,,,,,,,,,
4562,201522E500472,3,21,0,18,0,1,0,0,0,0,1,1,1,1,48,8,-1,-1,-1,-1,3,-1,5,3,350760.0,239130.0,-2.719425,52.048362,22,2,3,5,42037,2,1899-12-30 06:47:00,285,E06000019,3,49,6,30,3,4,6,0,0,4,4,1,4,0,0,1,1,E01014070,4.0,2.0,1.0,30.0,6.0,3.0,0.0,0.0,0.0,0.0,0.0,21.0,2.0,6.0
4563,201531A138615,1,9,0,7,0,5,0,0,0,0,1,1,6,1,19,4,1198,1,9,-1,1,-1,1,2,453719.0,349159.0,-1.200324,53.037018,31,2,2,1,29/06/2015,2,1899-12-30 22:28:00,340,E10000024,5,213,6,30,3,2,5,221,0,5,4,1,1,0,0,1,1,E01027933,,,,,,,,,,,,,,
4564,201591NN07227,1,9,0,3,0,1,0,0,0,0,2,1,6,1,24,5,1246,1,9,-1,3,-1,6,2,268772.0,844582.0,-4.189821,57.47245,91,2,2,6,15/03/2015,1,1899-12-30 19:00:00,927,S12000017,4,8082,6,30,1,4,-1,-1,0,4,4,1,1,0,0,1,1,,5.0,3.0,2.0,23.0,5.0,3.0,1.0,1.0,0.0,0.0,0.0,0.0,1.0,-1.0
4565,2015360087911,2,3,0,18,0,8,0,0,0,0,1,1,2,1,50,8,125,1,12,-1,1,-1,1,2,611991.0,302710.0,1.127508,52.580854,36,2,2,1,42126,5,1899-12-30 17:15:00,406,E10000020,6,0,6,30,3,4,6,0,0,0,4,1,1,0,0,1,2,E01026933,1.0,1.0,1.0,50.0,8.0,2.0,0.0,0.0,0.0,0.0,0.0,3.0,1.0,9.0