,accident_index,vehicle_reference,vehicle_type,towing_and_articulation,vehicle_manoeuvre,vehicle_location-restricted_lane,junction_location,skidding_and_overturning,hit_object_in_carriageway,vehicle_leaving_carriageway,hit_object_off_carriageway,1st_point_of_impact,was_vehicle_left_hand_drive?,journey_purpose_of_driver,sex_of_driver,age_of_driver,age_band_of_driver,engine_capacity_(cc),propulsion_code,age_of_vehicle,driver_imd_decile,driver_home_area_type,vehicle_imd_decile,NUmber_of_Casualities_unique_to_accident_index,No_of_Vehicles_involved_unique_to_accident_index,location_easting_osgr,location_northing_osgr,longitude,latitude,police_force,accident_severity,number_of_vehicles,number_of_casualties,date,day_of_week,time,local_authority_(district),local_authority_(highway),1st_road_class,1st_road_number,road_type,speed_limit,junction_detail,junction_control,2nd_road_class,2nd_road_number,pedestrian_crossing-human_control,pedestrian_crossing-physical_facilities,light_conditions,weather_conditions,road_surface_conditions,special_conditions_at_site,carriageway_hazards,urban_or_rural_area,did_police_officer_attend_scene_of_accident,lsoa_of_accident_location,casualty_reference,casualty_class,sex_of_casualty,age_of_casualty,age_band_of_casualty,casualty_severity,pedestrian_location,pedestrian_movement,car_passenger,bus_or_coach_passenger,pedestrian_road_maintenance_worker,casualty_type,casualty_home_area_type,casualty_imd_decile
4764,201501TX20103,2,3,0,18,0,8,0,0,0,0,1,1,2,1,47,8,-1,-1,-1,-1,-1,-1,1,2,519620.0,178420.0,-0.278368,51.492081,1,2,2,1,18/02/2015,4,1899-12-30 07:15:00,25,E09000018,3,315,6,30,3,4,5,0,0,4,1,1,2,0,0,1,1,E01002692,1.0,1.0,1.0,47.0,8.0,2.0,0.0,0.0,0.0,0.0,0.0,3.0,-1.0,-1.0
4765,20151321A0461,2,2,0,16,0,8,1,0,0,0,1,1,6,1,18,4,-1,-1,-1,-1,-1,-1,1,2,431207.0,426172.0,-1.528452,53.731015,13,2,2,1,42278,7,1899-12-30 10:11:00,204,E08000035,6,0,6,30,3,4,6,0,0,0,1,1,1,0,0,1,1,E01011499,1.0,1.0,1.0,18.0,4.0,2.0,0.0,0.0,0.0,0.0,0.0,2.0,-1.0,-1.0
4766,201531B051915,2,9,0,18,0,1,0,10,7,11,1,1,1,1,45,7,1988,2,10,-1,1,-1,5,3,457067.0,380658.0,-1.144789,53.319782,31,2,3,5,24/02/2015,3,1899-12-30 20:10:00,341,E10000024,6,0,6,30,3,4,6,0,0,0,4,1,1,0,0,1,1,E01028058,2.0,1.0,1.0,45.0,7.0,3.0,0.0,0.0,0.0,0.0,0.0,9.0,1.0,9.0
4767,201504EG15229,2,1,0,16,0,0,0,0,0,0,2,1,6,1,76,11,-1,-1,-1,-1,-1,-1,1,2,382940.0,446790.0,-2.261223,53.91697,4,2,2,1,26/10/2015,2,1899-12-30 14:50:00,80,E10000017,3,682,6,50,0,-1,-1,0,0,0,1,1,1,0,0,2,1,E01025331,1.0,1.0,1.0,76.0,11.0,2.0,0.0,0.0,0.0,0.0,0.0,1.0,-1.0,-1.0
4768,201514B072915,1,9,0,18,0,2,0,0,1,0,3,1,2,2,43,7,1240,1,12,-1,1,-1,2,2,448343.0,405337.0,-1.271959,53.542458,14,2,2,2,20/08/2015,5,1899-12-30 08:15:00,211,E08000017,3,635,6,30,6,4,5,72,0,0,1,1,1,0,0,2,1,E01007586,1.0,1.0,2.0,43.0,7.0,2.0,0.0,0.0,0.0,0.0,0.0,9.0,1.0,6.0
4769,2015132A90740,1,8,0,18,0,0,2,0,0,0,4,1,1,1,51,8,1598,2,1,-1,-1,-1,1,2,436268.0,435078.0,-1.450699,53.810732,13,2,2,1,42257,6,1899-12-30 13:21:00,204,E08000035,6,0,6,30,0,-1,-1,0,0,0,1,1,1,0,0,1,1,E01011408,1.0,1.0,1.0,51.0,8.0,2.0,0.0,0.0,0.0,0.0,0.0,8.0,-1.0,-1.0
4770,201597KB04801,2,9,0,16,0,1,0,0,0,0,1,1,2,2,22,5,1229,1,-1,-1,2,-1,2,2,244573.0,670850.0,-4.487836,55.905584,97,2,2,2,29/01/2015,5,1899-12-30 08:45:00,935,S12000038,6,0,6,50,3,4,6,0,0,0,1,3,3,0,0,2,1,,1.0,1.0,2.0,22.0,5.0,2.0,0.0,0.0,0.0,0.0,0.0,9.0,-1.0,-1.0
4771,201543S116095,1,9,0,18,0,0,0,0,0,0,1,1,1,2,26,6,1598,1,-1,-1,3,-1,2,1,483092.0,237774.0,-0.790196,52.03216,43,2,1,2,17/09/2015,5,1899-12-30 07:37:00,479,E06000042,5,145,6,60,0,-1,-1,0,0,0,1,1,1,0,0,1,1,E01016776,2.0,3.0,2.0,24.0,5.0,2.0,8.0,3.0,0.0,0.0,0.0,0.0,1.0,5.0
4772,201542I104804,1,9,0,18,0,0,0,0,1,0,0,1,2,1,44,7,796,1,12,-1,1,-1,1,1,554947.0,195318.0,0.23756,51.635333,42,2,1,1,42067,6,1899-12-30 20:20:00,452,E10000012,6,0,6,60,0,-1,-1,0,0,0,6,2,2,0,0,2,1,E01021468,1.0,2.0,2.0,30.0,6.0,2.0,0.0,0.0,1.0,0.0,0.0,9.0,-1.0,-1.0
4773,2015460257544,11,9,0,18,0,1,0,0,0,0,1,1,6,1,67,10,1999,1,12,-1,1,-1,16,14,558140.0,141980.0,0.259915,51.155227,46,2,14,16,42283,4,1899-12-30 15:30:00,543,E10000016,3,26,6,30,3,4,6,0,0,4,1,1,1,0,0,1,1,E01024844,14.0,1.0,1.0,67.0,10.0,3.0,0.0,0.0,0.0,0.0,0.0,9.0,1.0,10.0
4774,2015521502104,1,9,0,12,0,0,5,0,6,0,1,1,6,1,53,8,2446,2,15,-1,1,-1,3,3,356832.0,172356.0,-2.622578,51.448535,52,2,3,3,20/03/2015,6,1899-12-30 12:55:00,601,E06000023,3,3029,3,40,0,-1,-1,0,0,7,1,1,1,0,0,2,1,E01033350,1.0,1.0,1.0,53.0,8.0,3.0,0.0,0.0,0.0,0.0,0.0,9.0,1.0,7.0
4775,201537EA89484,1,9,0,18,0,0,0,10,1,10,1,1,6,1,41,7,999,1,18,-1,3,-1,1,1,649925.0,283075.0,1.67153,52.388608,37,2,1,1,42312,7,1899-12-30 03:30:00,416,E10000029,3,12,6,30,0,-1,-1,0,0,0,5,8,1,0,0,2,1,E01030295,1.0,1.0,1.0,41.0,7.0,2.0,0.0,0.0,0.0,0.0,0.0,9.0,3.0,5.0
4776,201542I127305,2,19,0,5,0,4,0,0,0,0,2,1,2,1,39,7,1598,2,1,-1,1,-1,1,2,552276.0,221606.0,0.210501,51.872244,42,2,2,1,42040,7,1899-12-30 09:05:00,463,E10000012,3,120,1,50,1,4,3,120,0,5,1,1,1,0,0,2,1,E01022087,1.0,1.0,1.0,39.0,7.0,2.0,0.0,0.0,0.0,0.0,0.0,19.0,1.0,9.0
4777,201504ED15410,1,9,0,16,0,0,0,0,8,2,1,1,6,1,20,4,1984,1,-1,-1,2,-1,4,1,368780.0,432270.0,-2.47532,53.785808,4,2,1,4,14/09/2015,2,1899-12-30 00:32:00,80,E10000017,3,666,6,30,0,-1,-1,0,0,0,4,1,1,0,0,1,1,E01025353,1.0,1.0,1.0,20.0,4.0,3.0,0.0,0.0,0.0,0.0,0.0,9.0,2.0,10.0
4778,20151322E0664,2,9,0,2,0,0,0,0,0,0,1,1,6,1,62,9,1910,2,9,-1,-1,-1,1,2,424525.0,419378.0,-1.630269,53.670307,13,2,2,1,14/02/2015,7,1899-12-30 12:32:00,203,E08000034,6,0,6,30,0,-1,-1,0,0,0,1,1,2,0,0,1,1,E01011263,,,,,,,,,,,,,,
4779,2015950004366,2,21,0,18,0,0,0,0,0,0,1,1,1,1,47,8,12740,2,5,-1,1,-1,1,2,304575.0,670353.0,-3.528353,55.916768,95,2,2,1,42134,2,1899-12-30 15:06:00,940,S12000040,1,8,7,70,0,-1,-1,0,0,0,1,1,2,0,0,2,1,,,,,,,,,,,,,,,
4780,201506J006092,1,3,0,13,0,1,0,0,7,10,4,1,2,1,28,6,125,1,4,-1,2,-1,1,2,393960.0,385640.0,-2.092235,53.367591,6,2,2,1,21/09/2015,2,1899-12-30 14:20:00,109,E08000007,3,6,6,40,3,4,6,0,0,0,1,1,1,0,0,2,1,E01005842,1.0,1.0,1.0,28.0,6.0,2.0,0.0,0.0,0.0,0.0,0.0,3.0,2.0,4.0
4781,2015521508400,1,9,0,9,0,1,0,0,0,0,1,1,6,1,61,9,-1,-1,-1,-1,3,-1,2,1,374893.0,164643.0,-2.362139,51.380276,52,2,1,2,21/10/2015,4,1899-12-30 11:25:00,611,E06000022,6,0,9,20,3,4,6,0,0,0,1,1,2,0,0,1,1,E01014370,1.0,3.0,2.0,82.0,11.0,2.0,8.0,3.0,0.0,0.0,0.0,0.0,1.0,10.0
4782,2015450022998,1,5,0,14,0,1,0,0,0,0,1,1,2,1,27,6,998,1,6,-1,1,-1,3,6,517197.0,157144.0,-0.320272,51.301365,45,2,6,3,30/03/2015,2,1899-12-30 06:36:00,512,E10000030,3,243,6,40,8,4,-1,-1,0,0,1,4,1,0,0,1,1,E01030550,1.0,1.0,1.0,27.0,6.0,2.0,0.0,0.0,0.0,0.0,0.0,5.0,1.0,10.0
4783,2015921500889,3,9,0,16,0,0,0,0,0,0,4,1,6,1,32,6,1796,1,11,-1,1,-1,4,3,370873.0,814714.0,-2.48398,57.222236,92,2,3,4,42224,7,1899-12-30 13:45:00,911,S12000034,4,993,1,60,1,4,6,0,0,0,1,1,1,0,0,2,1,,4.0,2.0,2.0,35.0,6.0,2.0,0.0,0.0,1.0,0.0,0.0,9.0,1.0,-1.0
4784,201543P064085,1,3,0,17,0,0,0,0,0,0,1,1,6,1,22,5,124,1,-1,-1,3,-1,1,2,439473.0,243678.0,-1.425287,52.090049,43,2,2,1,42285,2,1899-12-30 16:22:00,481,E10000025,6,418,6,60,0,-1,-1,0,0,0,1,1,1,0,0,2,1,E01028509,1.0,1.0,1.0,22.0,5.0,2.0,0.0,0.0,0.0,0.0,0.0,3.0,3.0,7.0
4785,2015360093753,2,1,0,18,4,8,0,0,0,0,1,1,2,2,21,5,-1,-1,-1,-1,1,-1,2,3,623167.0,309523.0,1.296767,52.637532,36,2,3,2,42194,2,1899-12-30 16:55:00,404,E10000020,5,813,6,20,3,4,6,0,0,0,1,1,1,0,0,1,1,E01026826,1.0,1.0,2.0,21.0,5.0,3.0,0.0,0.0,0.0,0.0,0.0,1.0,1.0,2.0
4786,2015460263315,2,20,0,18,0,0,0,0,5,6,1,1,1,1,57,9,-1,-1,-1,-1,-1,-1,1,3,560920.0,159650.0,0.307563,51.313211,46,2,3,1,28/10/2015,4,1899-12-30 20:44:00,542,E10000016,1,20,3,70,0,-1,-1,0,0,0,4,1,2,0,0,2,1,E01024786,,,,,,,,,,,,,,
4787,201520H006845,1,9,0,5,0,8,0,0,0,0,1,1,1,2,50,8,1997,1,9,-1,2,-1,1,2,404490.0,305630.0,-1.93507,52.648387,20,2,2,1,42254,5,1899-12-30 05:50:00,307,E08000030,3,452,1,30,1,4,4,4155,0,0,1,1,1,0,0,1,1,E01010306,,,,,,,,,,,,,,
4788,2015450023468,1,19,0,7,0,6,0,0,0,0,4,1,6,1,33,6,-1,-1,-1,-1,2,-1,1,2,507953.0,170466.0,-0.448777,51.422934,45,2,2,1,16/04/2015,5,1899-12-30 18:15:00,40,E10000030,3,308,3,50,6,2,5,235,0,5,1,1,1,0,0,1,2,E01030721,,,,,,,,,,,,,,
4789,201514B092515,1,9,0,6,0,8,0,0,0,0,1,1,6,1,37,7,1995,2,12,-1,1,-1,1,2,437848.0,408313.0,-1.429963,53.570065,14,2,2,1,42287,7,1899-12-30 00:41:00,210,E08000016,3,628,6,40,3,4,6,0,0,0,4,1,1,0,0,1,1,E01007344,,,,,,,,,,,,,,
4790,201543N107045,3,9,0,10,0,1,0,0,0,0,2,1,6,3,-1,-1,-1,-1,-1,-1,-1,-1,1,3,504230.0,183426.0,-0.498481,51.54012,43,2,3,1,42281,6,1899-12-30 16:11:00,477,E10000002,3,4007,6,60,8,4,6,953,0,0,1,1,1,0,0,2,1,E01017826,,,,,,,,,,,,,,
4791,2015210024927,1,9,0,16,0,1,0,0,0,0,2,1,6,2,61,9,1560,2,3,-1,1,-1,2,3,425405.0,323325.0,-1.624576,52.806882,21,2,3,2,31/05/2015,1,1899-12-30 14:16:00,251,E10000028,3,511,6,30,3,2,3,511,0,5,1,1,1,0,0,1,1,E01032897,2.0,2.0,1.0,76.0,11.0,2.0,0.0,0.0,1.0,0.0,0.0,9.0,1.0,9.0
4792,201534NE33355,3,9,0,3,0,8,0,0,0,0,2,1,6,1,-1,-1,2400,2,2,-1,-1,-1,1,3,495610.0,265429.0,-0.600002,52.278703,34,2,3,1,20/12/2015,1,1899-12-30 11:40:00,382,E10000021,5,143,6,30,3,4,6,3511,0,0,1,1,1,0,0,1,2,E01027067,,,,,,,,,,,,,,
4793,201542I089503,2,9,0,5,0,0,0,0,0,0,4,1,2,1,27,6,2000,2,5,-1,1,-1,1,2,565824.0,181510.0,0.388077,51.50819,42,2,2,1,31/03/2015,3,1899-12-30 09:00:00,462,E06000034,3,13,3,70,0,-1,-1,0,0,0,1,4,1,0,0,2,1,E01015979,,,,,,,,,,,,,,
4794,201597KA02607,1,1,0,18,0,0,2,0,0,0,1,1,6,1,32,6,-1,-1,-1,-1,-1,-1,1,1,245866.0,660888.0,-4.46151,55.816575,97,2,1,1,24/07/2015,6,1899-12-30 18:00:00,935,S12000038,4,775,3,60,0,-1,-1,0,0,0,1,1,1,0,0,2,1,,1.0,1.0,1.0,32.0,6.0,2.0,0.0,0.0,0.0,0.0,0.0,1.0,-1.0,-1.0
4795,201506G005005,3,9,0,10,0,1,0,0,0,0,2,1,6,2,40,7,1461,2,4,-1,1,-1,5,5,393620.0,398700.0,-2.097614,53.484977,6,2,5,5,21/08/2015,6,1899-12-30 19:25:00,110,E08000008,3,627,6,30,6,2,3,627,0,5,1,1,1,0,0,1,1,E01005948,5.0,2.0,2.0,12.0,3.0,3.0,0.0,0.0,1.0,0.0,0.0,9.0,1.0,8.0
4796,201504WD15194,2,5,0,18,0,1,0,0,0,0,4,1,6,1,28,6,600,1,13,-1,1,-1,1,2,333030.0,440870.0,-3.019719,53.859712,4,2,2,1,42288,3,1899-12-30 17:10:00,85,E10000017,6,0,6,30,3,4,6,0,0,0,4,1,1,0,0,2,1,E01025550,1.0,1.0,1.0,28.0,6.0,2.0,0.0,0.0,0.0,0.0,0.0,5.0,1.0,5.0
4797,2015950005608,2,4,0,18,0,3,0,0,0,0,4,1,6,1,53,8,1299,1,11,-1,2,-1,1,2,333642.0,670939.0,-3.063542,55.926925,95,2,2,1,42228,3,1899-12-30 12:39:00,921,S12000010,4,6415,1,30,1,4,3,720,0,0,1,1,1,0,0,2,1,,1.0,2.0,2.0,47.0,8.0,2.0,0.0,0.0,0.0,0.0,0.0,4.0,-1.0,-1.0
4798,2015471507018,1,9,0,18,0,0,5,0,7,11,1,1,6,2,74,10,1299,1,8,-1,1,-1,1,1,534533.0,123156.0,-0.084427,50.992087,47,2,1,1,27/11/2015,6,1899-12-30 11:10:00,563,E10000032,3,272,6,40,0,-1,-1,0,0,0,1,1,2,0,0,1,1,E01031756,1.0,1.0,2.0,74.0,10.0,2.0,0.0,0.0,0.0,0.0,0.0,9.0,1.0,3.0
4799,2015921500582,1,1,0,14,0,0,0,0,0,0,1,1,6,1,40,7,-1,-1,-1,-1,-1,-1,2,1,393209.0,805379.0,-2.113841,57.139261,92,2,1,2,21/05/2015,5,1899-12-30 16:05:00,910,S12000033,3,9013,6,30,0,-1,-1,0,0,0,1,1,1,0,0,1,1,,1.0,1.0,1.0,40.0,7.0,2.0,0.0,0.0,0.0,0.0,0.0,1.0,-1.0,-1.0
4800,201520H007005,2,9,0,13,0,0,0,0,0,0,0,1,6,3,-1,-1,-1,-1,-1,-1,-1,-1,1,2,402630.0,297260.0,-1.962626,52.573155,20,2,2,1,42011,4,1899-12-30 20:00:00,307,E08000030,3,34,6,30,0,-1,-1,0,0,0,1,1,1,0,0,1,2,E01010332,,,,,,,,,,,,,,
4801,201501ZD30662,2,1,0,18,0,8,0,0,0,0,1,1,6,1,22,5,-1,-1,-1,-1,1,-1,1,2,532730.0,170990.0,-0.092423,51.422388,1,2,2,1,27/07/2015,2,1899-12-30 13:21:00,20,E09000008,3,214,6,30,3,4,6,0,0,0,1,1,1,0,0,1,1,E01001162,1.0,1.0,1.0,22.0,5.0,2.0,0.0,0.0,0.0,0.0,0.0,1.0,1.0,7.0
4802,2015331500542,2,5,0,16,0,0,0,0,0,0,1,1,6,1,27,6,599,1,13,-1,1,-1,2,2,441915.0,319464.0,-1.380167,52.771149,33,2,2,2,16/04/2015,5,1899-12-30 19:37:00,366,E10000018,4,5324,6,30,0,-1,-1,0,0,0,1,1,1,0,0,2,1,E01025963,1.0,1.0,1.0,27.0,6.0,2.0,0.0,0.0,0.0,0.0,0.0,5.0,1.0,6.0
4803,2015320020124,1,9,0,9,0,0,0,4,0,0,1,1,6,2,79,11,1339,1,1,-1,3,-1,2,4,502704.0,307176.0,-0.483217,52.652599,32,2,4,2,15/04/2015,4,1899-12-30 10:07:00,355,E10000019,4,1081,6,30,0,-1,-1,0,0,0,1,1,1,0,0,1,1,E01026349,2.0,1.0,2.0,79.0,11.0,3.0,0.0,0.0,0.0,0.0,0.0,9.0,3.0,7.0
4804,201506N098783,1,4,0,18,0,0,2,0,0,0,1,1,6,1,31,6,-1,-1,-1,-1,1,-1,2,1,382040.0,411870.0,-2.272881,53.603082,6,2,1,2,14/03/2015,7,1899-12-30 16:50:00,101,E08000002,6,0,6,30,0,-1,-1,0,0,0,1,1,1,0,0,1,1,E01004960,2.0,3.0,1.0,10.0,2.0,2.0,5.0,1.0,0.0,0.0,0.0,0.0,1.0,1.0
4805,201534WN09435,1,9,0,7,0,8,0,0,0,0,3,1,6,2,-1,-1,-1,-1,-1,-1,-1,-1,1,1,477229.0,263097.0,-0.869894,52.260627,34,2,1,1,15/04/2015,4,1899-12-30 15:45:00,384,E10000021,6,8008,6,30,3,4,3,5123,0,0,1,1,1,0,0,1,2,E01027220,1.0,3.0,2.0,14.0,3.0,2.0,5.0,3.0,0.0,0.0,0.0,0.0,-1.0,-1.0
4806,2015120136746,2,5,0,18,0,0,0,0,0,0,1,1,2,1,46,8,1043,1,1,-1,1,-1,1,3,374531.0,477783.0,-2.391861,54.195168,12,2,3,1,42193,6,1899-12-30 13:40:00,180,E10000023,4,6255,6,60,0,-1,-1,0,0,0,1,1,1,0,0,2,1,E01027570,1.0,1.0,1.0,46.0,8.0,2.0,0.0,0.0,0.0,0.0,0.0,5.0,1.0,7.0
4807,2015556000248,2,19,0,17,0,8,0,0,0,0,1,1,2,2,48,8,1868,2,14,-1,2,-1,1,2,368452.0,73891.0,-2.446781,50.563911,55,2,2,1,30/04/2015,5,1899-12-30 08:00:00,646,E10000009,3,354,6,30,3,4,5,924,0,0,1,1,1,0,0,2,1,E01033200,,,,,,,,,,,,,,
4808,201550BB2H004,1,9,0,18,0,4,0,0,0,0,1,1,6,1,52,8,1242,1,1,-1,2,-1,1,2,208086.0,63755.0,-4.704189,50.442183,50,2,2,1,19/04/2015,1,1899-12-30 13:35:00,596,E06000052,4,3268,1,30,1,4,6,0,0,0,1,1,1,0,0,2,1,E01018944,,,,,,,,,,,,,,
4809,201501QK50404,2,2,0,18,0,8,0,0,0,0,3,1,6,1,41,7,999,1,3,-1,-1,-1,1,2,521660.0,185680.0,-0.246494,51.556893,1,2,2,1,28/02/2015,7,1899-12-30 23:12:00,28,E09000005,3,4088,6,30,3,4,6,0,0,0,4,2,2,0,0,1,1,E01000511,1.0,1.0,1.0,41.0,7.0,2.0,0.0,0.0,0.0,0.0,0.0,2.0,-1.0,-1.0
4810,20151321P0923,2,3,0,18,0,8,0,0,0,0,1,1,6,1,20,4,125,1,1,-1,1,-1,1,2,439115.0,423048.0,-1.408985,53.702407,13,2,2,1,25/01/2015,1,1899-12-30 15:30:00,206,E08000036,6,0,6,30,3,4,6,0,0,0,1,1,2,0,0,1,1,E01011820,1.0,1.0,1.0,20.0,4.0,2.0,0.0,0.0,0.0,0.0,0.0,3.0,1.0,4.0
4811,201550BS2G026,2,9,0,17,0,0,0,0,0,0,1,1,6,2,71,10,1587,1,13,-1,1,-1,5,2,239798.0,61202.0,-4.256885,50.428762,50,2,2,5,28/08/2015,6,1899-12-30 10:47:00,596,E06000052,3,388,6,60,0,-1,-1,0,0,0,1,1,1,0,0,2,1,E01018787,1.0,1.0,2.0,71.0,10.0,3.0,0.0,0.0,0.0,0.0,0.0,9.0,1.0,3.0
4812,201504WD15220,1,9,0,7,0,5,0,7,0,0,1,1,6,1,76,11,1689,2,13,-1,1,-1,1,1,331830.0,438300.0,-3.03739,53.836461,4,2,1,1,14/12/2015,2,1899-12-30 16:43:00,71,E06000009,6,0,6,30,3,4,6,0,0,8,4,1,1,0,0,1,1,E01012693,1.0,2.0,2.0,79.0,11.0,2.0,0.0,0.0,1.0,0.0,0.0,9.0,1.0,4.0
4813,201550JC4U019,1,9,0,11,0,1,0,0,0,0,0,1,6,3,-1,-1,-1,-1,-1,-1,-1,-1,1,3,291133.0,84727.0,-3.541347,50.652019,50,2,3,1,21/08/2015,6,1899-12-30 16:04:00,585,E10000008,3,38,3,70,9,4,3,380,0,0,1,2,2,0,0,2,1,E01020241,,,,,,,,,,,,,,
4814,201520J001425,1,9,0,18,0,4,0,0,0,0,1,1,6,1,-1,-1,-1,-1,-1,-1,-1,-1,1,2,389850.0,283610.0,-2.150777,52.450352,20,2,2,1,42095,1,1899-12-30 11:00:00,303,E08000027,3,451,1,30,1,4,4,4186,0,0,1,1,2,0,0,1,2,E01009850,,,,,,,,,,,,,,
4815,2015350072815,2,90,0,18,0,0,0,0,0,0,1,1,6,1,12,3,-1,-1,-1,-1,1,-1,1,2,548050.0,256760.0,0.164363,52.189214,35,2,2,1,15/05/2015,6,1899-12-30 19:58:00,390,E10000003,6,0,6,30,0,-1,-1,0,0,0,5,1,1,0,0,1,1,E01017961,1.0,1.0,1.0,12.0,3.0,2.0,0.0,0.0,0.0,0.0,0.0,90.0,1.0,7.0
4816,2015300016686,1,9,0,17,0,0,0,0,1,4,1,1,6,1,17,4,1686,2,9,-1,2,-1,3,1,445030.0,378600.0,-1.325761,53.302443,30,2,1,3,42349,5,1899-12-30 12:06:00,327,E10000007,5,259,6,40,0,-1,-1,0,0,0,1,1,1,0,0,2,1,E01019815,1.0,1.0,1.0,17.0,4.0,3.0,0.0,0.0,0.0,0.0,0.0,9.0,2.0,3.0
4817,2015120025775,1,9,0,9,0,6,0,0,0,0,3,1,6,1,67,10,2000,1,6,-1,1,-1,5,3,432664.0,451823.0,-1.50365,53.961466,12,2,3,5,15/02/2015,1,1899-12-30 18:05:00,182,E10000023,3,658,6,60,3,4,5,275,0,0,6,1,2,0,0,2,1,E01027704,4.0,2.0,1.0,16.0,4.0,2.0,0.0,0.0,1.0,0.0,0.0,9.0,1.0,8.0
4818,201501KG70192,1,9,0,13,0,2,0,0,0,0,1,1,6,1,32,6,-1,-1,-1,-1,1,-1,5,2,545370.0,184900.0,0.094966,51.544279,1,2,2,5,42220,4,1899-12-30 20:05:00,16,E09000002,5,0,6,30,3,4,6,0,0,0,4,1,1,0,0,1,1,E01000070,3.0,2.0,2.0,32.0,6.0,3.0,0.0,0.0,1.0,0.0,0.0,9.0,1.0,5.0
4819,2015350154715,2,9,0,18,0,0,0,0,0,0,1,1,6,1,18,4,1753,2,10,-1,3,-1,2,2,523160.0,269420.0,-0.194919,52.30909,35,2,2,2,22/09/2015,3,1899-12-30 13:49:00,393,E10000003,4,1043,6,60,0,-1,-1,0,0,0,1,1,1,0,0,2,1,E01018132,2.0,1.0,1.0,18.0,4.0,3.0,0.0,0.0,0.0,0.0,0.0,9.0,3.0,9.0
4820,2015160B00391,1,21,1,12,8,0,5,0,0,0,0,1,1,1,58,9,12419,2,2,-1,2,-1,1,2,510520.0,413578.0,-0.331089,53.607112,16,2,2,1,13/02/2015,6,1899-12-30 06:30:00,232,E06000013,3,180,3,70,0,-1,-1,0,0,0,5,1,1,0,0,2,1,E01013306,,,,,,,,,,,,,,
4821,201501CW10945,1,8,0,6,0,2,0,0,0,0,2,1,1,1,37,7,2993,2,-1,-1,1,-1,1,2,528950.0,180250.0,-0.143382,51.506478,1,2,2,1,30/06/2015,3,1899-12-30 18:20:00,1,E09000033,3,4,6,30,3,2,5,0,0,0,1,1,1,0,0,1,1,E01004736,,,,,,,,,,,,,,
4822,201531B044015,2,19,0,4,0,0,0,0,0,0,2,1,1,1,52,8,2143,2,5,-1,3,-1,3,2,463760.0,384973.0,-1.043463,53.357801,31,2,2,3,42249,2,1899-12-30 09:38:00,341,E10000024,3,1,3,70,0,-1,-1,0,0,0,1,1,1,0,2,2,1,E01028034,,,,,,,,,,,,,,
4823,201597AE01812,2,1,0,18,0,1,0,0,0,0,1,1,6,1,44,7,-1,-1,-1,-1,1,-1,1,3,252654.0,670009.0,-4.358238,55.900576,97,2,3,1,14/12/2015,2,1899-12-30 18:40:00,926,S12000043,3,82,3,30,6,4,6,0,0,0,4,2,2,0,0,1,1,,,,,,,,,,,,,,,
4824,2015961501097,1,9,0,17,0,0,1,0,0,0,4,1,2,2,50,8,698,1,11,-1,1,-1,2,2,295393.0,673706.0,-3.676496,55.944971,96,2,2,2,42223,4,1899-12-30 10:10:00,924,S12000014,3,801,6,60,0,-1,-1,0,0,0,1,1,1,0,0,2,1,,1.0,1.0,2.0,50.0,8.0,2.0,0.0,0.0,0.0,0.0,0.0,9.0,1.0,-1.0
4825,2015300015362,1,9,0,16,0,0,1,0,7,0,4,1,1,1,37,7,1896,2,5,-1,-1,-1,1,2,423200.0,371230.0,-1.653858,53.237598,30,2,2,1,14/08/2015,6,1899-12-30 17:40:00,329,E10000007,3,619,6,50,0,-1,-1,0,0,0,1,2,2,0,0,2,2,E01019618,1.0,1.0,1.0,37.0,7.0,2.0,0.0,0.0,0.0,0.0,0.0,9.0,-1.0,-1.0
4826,201520S025955,2,20,0,18,0,0,0,0,0,0,1,1,1,1,45,7,7146,2,5,-1,1,-1,3,2,402400.0,284060.0,-1.96611,52.454489,20,2,2,3,13/04/2015,2,1899-12-30 16:30:00,300,E08000025,6,0,6,30,0,-1,-1,0,0,0,1,1,1,0,0,1,1,E01009072,2.0,1.0,1.0,45.0,7.0,3.0,0.0,0.0,0.0,0.0,0.0,20.0,1.0,2.0
4827,201560S030112,1,19,0,1,0,1,0,0,0,0,2,1,6,1,54,8,-1,-1,-1,-1,-1,-1,2,2,258355.0,300224.0,-4.091954,52.581323,60,2,2,2,42066,3,1899-12-30 15:10:00,722,W06000002,6,0,6,30,6,4,6,0,0,0,1,1,1,0,0,2,1,W01000116,2.0,1.0,1.0,54.0,8.0,3.0,0.0,0.0,0.0,0.0,0.0,19.0,-1.0,-1.0
4828,201514C012515,2,9,0,3,0,0,0,0,0,0,2,1,6,2,82,11,-1,-1,-1,-1,1,-1,2,3,446474.0,391705.0,-1.302174,53.420105,14,2,3,2,42157,6,1899-12-30 09:13:00,213,E08000018,3,631,3,40,0,-1,-1,0,0,0,1,9,4,0,0,1,1,E01007690,1.0,1.0,2.0,82.0,11.0,2.0,0.0,0.0,0.0,0.0,0.0,9.0,1.0,7.0
4829,2015170M32175,2,3,0,16,0,0,0,0,0,0,1,1,6,1,18,4,125,1,-1,-1,1,-1,2,2,448680.0,514040.0,-1.249491,54.519325,17,2,2,2,15/09/2015,3,1899-12-30 17:33:00,243,E06000002,6,0,6,30,0,-1,-1,0,0,0,1,1,1,0,0,1,1,E01032552,1.0,1.0,1.0,18.0,4.0,2.0,0.0,0.0,0.0,0.0,0.0,3.0,1.0,3.0