,accident_index,vehicle_reference,vehicle_type,towing_and_articulation,vehicle_manoeuvre,vehicle_location-restricted_lane,junction_location,skidding_and_overturning,hit_object_in_carriageway,vehicle_leaving_carriageway,hit_object_off_carriageway,1st_point_of_impact,was_vehicle_left_hand_drive?,journey_purpose_of_driver,sex_of_driver,age_of_driver,age_band_of_driver,engine_capacity_(cc),propulsion_code,age_of_vehicle,driver_imd_decile,driver_home_area_type,vehicle_imd_decile,NUmber_of_Casualities_unique_to_accident_index,No_of_Vehicles_involved_unique_to_accident_index,location_easting_osgr,location_northing_osgr,longitude,latitude,police_force,accident_severity,number_of_vehicles,number_of_casualties,date,day_of_week,time,local_authority_(district),local_authority_(highway),1st_road_class,1st_road_number,road_type,speed_limit,junction_detail,junction_control,2nd_road_class,2nd_road_number,pedestrian_crossing-human_control,pedestrian_crossing-physical_facilities,light_conditions,weather_conditions,road_surface_conditions,special_conditions_at_site,carriageway_hazards,urban_or_rural_area,did_police_officer_attend_scene_of_accident,lsoa_of_accident_location,casualty_reference,casualty_class,sex_of_casualty,age_of_casualty,age_band_of_casualty,casualty_severity,pedestrian_location,pedestrian_movement,car_passenger,bus_or_coach_passenger,pedestrian_road_maintenance_worker,casualty_type,casualty_home_area_type,casualty_imd_decile
4830,2015450029375,2,9,0,4,0,0,0,0,0,0,2,1,6,1,57,9,2143,2,5,-1,1,-1,1,2,498445.0,168626.0,-0.585987,51.408124,45,2,2,1,20/09/2015,1,1899-12-30 14:09:00,514,E10000030,4,389,6,30,0,-1,-1,0,0,0,1,1,1,0,0,1,1,E01030692,1.0,2.0,2.0,13.0,3.0,2.0,0.0,0.0,2.0,0.0,0.0,9.0,1.0,10.0
4831,201560S169681,1,19,0,16,0,0,2,6,7,10,1,1,6,1,18,4,-1,-1,-1,-1,-1,-1,5,1,333601.0,348485.0,-2.99151,53.029511,60,2,1,5,42135,5,1899-12-30 00:30:00,725,W06000006,5,235,6,60,0,-1,-1,0,0,0,6,8,2,7,0,2,1,W01000394,3.0,2.0,1.0,15.0,3.0,2.0,0.0,0.0,0.0,0.0,0.0,19.0,-1.0,-1.0
4832,2015160D02741,1,9,0,18,0,0,0,0,0,0,1,1,6,1,36,7,1910,2,7,-1,1,-1,1,1,508128.0,427825.0,-0.362268,53.735612,16,2,1,1,42010,2,1899-12-30 16:15:00,228,E06000010,6,0,6,30,0,-1,-1,0,0,0,1,5,2,0,0,1,1,E01012889,1.0,3.0,2.0,11.0,3.0,2.0,5.0,1.0,0.0,0.0,0.0,0.0,1.0,1.0
4833,201504WB15095,2,1,0,18,0,1,0,0,0,0,2,1,6,1,59,9,-1,-1,-1,-1,2,-1,1,2,348000.0,459160.0,-2.795259,54.025801,4,2,2,1,17/03/2015,3,1899-12-30 14:35:00,76,E10000017,3,6,6,30,3,4,6,0,0,0,1,1,1,0,0,1,1,E01025146,1.0,1.0,1.0,59.0,9.0,2.0,0.0,0.0,0.0,0.0,0.0,1.0,2.0,7.0
4834,2015220036315,2,98,0,10,0,8,0,0,0,0,2,1,1,1,49,8,1870,2,9,-1,1,-1,1,2,335437.0,323312.0,-2.959124,52.803481,22,2,2,1,42106,6,1899-12-30 14:06:00,286,E06000051,3,5,6,60,9,4,6,0,0,0,1,4,1,0,0,2,2,E01028913,1.0,1.0,1.0,49.0,8.0,2.0,0.0,0.0,0.0,0.0,0.0,98.0,1.0,6.0
4835,201504ED15217,1,9,0,18,0,0,2,0,7,9,1,1,6,1,35,6,973,1,14,-1,1,-1,4,1,373390.0,422330.0,-2.404495,53.696726,4,2,1,4,23/05/2015,7,1899-12-30 09:29:00,70,E06000008,6,0,6,60,0,-1,-1,0,0,0,1,1,1,0,0,2,1,E01012592,1.0,1.0,1.0,35.0,6.0,2.0,0.0,0.0,0.0,0.0,0.0,9.0,1.0,1.0
4836,201550BB2G008,1,9,0,18,0,0,0,0,0,0,1,1,6,2,56,9,1995,2,-1,-1,2,-1,1,1,206341.0,67064.0,-4.730448,50.471334,50,2,1,1,24/09/2015,5,1899-12-30 10:30:00,596,E06000052,6,0,6,30,0,-1,-1,0,0,4,1,1,1,0,0,1,1,E01018928,1.0,3.0,2.0,77.0,11.0,2.0,1.0,1.0,0.0,0.0,0.0,0.0,1.0,4.0
4837,201550GR2B005,3,9,0,18,0,1,0,0,0,0,1,1,6,1,45,7,-1,-1,-1,-1,3,-1,1,3,175647.0,54070.0,-5.154579,50.343711,50,2,3,1,15/04/2015,4,1899-12-30 07:49:00,596,E06000052,6,0,6,30,3,4,6,0,0,0,1,1,1,0,0,2,1,E01018844,,,,,,,,,,,,,,
4838,2015160D03401,2,1,0,18,0,0,0,0,0,0,3,1,6,1,11,3,-1,-1,-1,-1,1,-1,1,2,504683.0,429774.0,-0.413812,53.753825,16,2,2,1,42314,5,1899-12-30 20:05:00,228,E06000010,6,0,6,30,0,-1,-1,0,0,0,1,1,1,0,0,1,1,E01012803,1.0,1.0,1.0,11.0,3.0,2.0,0.0,0.0,0.0,0.0,0.0,1.0,1.0,1.0
4839,20154100G0622,1,9,0,18,0,3,1,0,0,0,1,1,6,2,25,5,1360,1,13,-1,1,-1,2,2,518688.0,228335.0,-0.274799,51.940868,41,2,2,2,28/11/2015,7,1899-12-30 01:43:00,433,E10000015,3,602,6,30,1,4,3,602,0,0,4,9,2,0,0,1,1,E01023614,1.0,1.0,2.0,25.0,5.0,2.0,0.0,0.0,0.0,0.0,0.0,9.0,1.0,10.0
4840,201504EF15174,1,4,0,17,0,0,0,0,0,2,1,1,6,3,-1,-1,-1,-1,-1,-1,-1,-1,1,1,384220.0,431070.0,-2.240922,53.775723,4,2,1,1,18/06/2015,5,1899-12-30 20:35:00,72,E10000017,6,0,6,30,0,-1,-1,0,0,0,1,1,1,0,0,1,1,E01024874,1.0,2.0,1.0,29.0,6.0,2.0,0.0,0.0,2.0,0.0,0.0,4.0,1.0,3.0
4841,2015950005653,1,9,0,18,0,0,0,0,1,4,1,1,6,1,39,7,3999,1,3,-1,1,-1,1,1,297559.0,666076.0,-3.638937,55.876912,95,2,1,1,42289,5,1899-12-30 08:54:00,940,S12000040,1,8,3,70,0,-1,-1,0,0,0,1,1,2,0,0,2,1,,1.0,1.0,1.0,39.0,7.0,2.0,0.0,0.0,0.0,0.0,0.0,9.0,1.0,-1.0
4842,2015120097526,1,9,0,17,0,0,5,0,1,4,1,1,6,1,82,11,1364,1,6,-1,1,-1,2,1,482152.0,505771.0,-0.734814,54.440718,12,2,1,2,42314,5,1899-12-30 12:45:00,186,E10000023,5,56,6,60,0,-1,-1,0,0,0,1,1,1,0,0,2,1,E01027822,1.0,1.0,1.0,82.0,11.0,2.0,0.0,0.0,0.0,0.0,0.0,9.0,1.0,1.0
4843,201534WD12665,1,9,0,18,0,8,5,0,7,0,4,1,6,1,58,9,2993,2,2,-1,1,-1,3,2,453775.0,256204.0,-1.214583,52.201451,34,2,2,3,21/05/2015,5,1899-12-30 23:00:00,381,E10000021,3,361,6,30,6,4,5,2,0,0,6,1,1,0,0,2,1,E01027004,2.0,1.0,1.0,58.0,9.0,3.0,0.0,0.0,0.0,0.0,0.0,9.0,1.0,9.0
4844,2015440175275,1,2,0,16,0,0,0,0,0,0,1,1,6,1,16,4,49,1,11,-1,1,-1,1,1,468297.0,111643.0,-1.030158,50.900234,44,2,1,1,24/05/2015,1,1899-12-30 19:00:00,495,E10000014,6,0,6,30,0,-1,-1,0,0,0,1,1,1,0,0,1,1,E01022933,1.0,1.0,1.0,16.0,4.0,2.0,0.0,0.0,0.0,0.0,0.0,2.0,1.0,8.0
4845,2015471505289,1,9,0,12,0,0,0,0,0,0,0,1,6,1,27,6,1149,1,5,-1,1,-1,3,3,536298.0,109122.0,-0.064536,50.865546,47,2,3,3,13/09/2015,1,1899-12-30 15:44:00,554,E10000011,3,27,3,70,0,-1,-1,0,0,0,1,1,1,0,0,2,1,E01021032,,,,,,,,,,,,,,
4846,2015471507590,1,9,0,9,0,8,0,0,0,0,1,1,6,1,67,10,1598,1,9,-1,1,-1,1,3,577930.0,108765.0,0.526351,50.851037,47,2,3,1,22/12/2015,3,1899-12-30 10:38:00,552,E10000011,3,259,6,30,3,2,4,2092,0,0,1,2,2,0,0,1,1,E01021017,,,,,,,,,,,,,,
4847,2015450031399,2,9,0,18,0,0,0,0,0,0,1,1,6,1,89,11,1388,1,9,-1,1,-1,2,3,494370.0,143611.0,-0.651163,51.183949,45,2,3,2,30/10/2015,6,1899-12-30 11:36:00,511,E10000030,3,3,3,70,0,-1,-1,0,0,0,1,1,2,0,0,2,1,E01030472,1.0,1.0,1.0,89.0,11.0,2.0,0.0,0.0,0.0,0.0,0.0,9.0,1.0,3.0
4848,2015051502073,2,8,0,18,0,1,0,0,0,0,1,1,1,1,55,8,1995,2,6,-1,1,-1,1,2,333871.0,391505.0,-2.996421,53.416186,5,2,2,1,22/08/2015,7,1899-12-30 21:15:00,91,E08000012,6,0,3,30,9,4,3,565,0,0,4,8,2,0,0,1,2,E01006776,1.0,1.0,1.0,55.0,8.0,2.0,0.0,0.0,0.0,0.0,0.0,8.0,1.0,3.0
4849,2015471506501,2,3,0,9,0,8,0,0,0,0,1,1,6,1,31,6,124,1,9,-1,1,-1,1,2,544607.0,108050.0,0.053036,50.853895,47,2,2,1,42105,4,1899-12-30 17:45:00,554,E10000011,3,27,3,60,1,4,3,26,0,0,7,2,2,0,0,2,2,E01021057,1.0,1.0,1.0,31.0,6.0,2.0,0.0,0.0,0.0,0.0,0.0,3.0,1.0,6.0
4850,2015440260480,1,5,0,18,0,0,1,0,4,6,1,1,6,1,42,7,1700,1,1,-1,1,-1,1,1,448206.0,113819.0,-1.315547,50.921823,44,2,1,1,29/07/2015,4,1899-12-30 09:17:00,491,E10000014,1,27,3,70,0,-1,-1,0,0,0,1,1,1,0,0,1,1,E01022719,1.0,1.0,1.0,42.0,7.0,2.0,0.0,0.0,0.0,0.0,0.0,5.0,1.0,1.0
4851,201504SB15033,1,9,0,18,9,0,0,0,7,1,1,1,6,1,31,6,1229,1,8,-1,-1,-1,1,1,336210.0,412660.0,-2.965548,53.606597,4,2,1,1,22/02/2015,1,1899-12-30 08:10:00,84,E10000017,6,0,6,30,0,-1,-1,0,0,0,1,1,1,0,0,2,1,E01025495,1.0,1.0,1.0,31.0,6.0,2.0,0.0,0.0,0.0,0.0,0.0,9.0,-1.0,-1.0
4852,201514C122715,1,9,0,16,0,0,1,0,1,9,1,1,6,1,43,7,1388,1,9,-1,3,-1,1,1,448648.0,384679.0,-1.270544,53.356761,14,2,1,1,21/11/2015,7,1899-12-30 10:20:00,213,E08000018,6,0,6,60,0,-1,-1,0,0,0,1,1,4,0,0,2,1,E01007748,1.0,3.0,1.0,44.0,7.0,2.0,6.0,9.0,0.0,0.0,0.0,0.0,3.0,7.0
4853,201597QB70407,1,9,0,18,0,4,0,0,0,0,1,1,6,2,39,7,1796,1,3,-1,1,-1,1,2,271693.0,653767.0,-4.046287,55.76019,97,2,2,1,14/07/2015,3,1899-12-30 15:55:00,938,S12000029,3,723,1,30,2,4,6,0,0,0,1,1,1,0,0,1,1,,,,,,,,,,,,,,,
4854,201522G501473,1,5,0,16,0,0,1,0,7,1,3,1,6,1,28,6,599,1,10,-1,1,-1,1,1,358800.0,292300.0,-2.608714,52.527004,22,2,1,1,26/04/2015,1,1899-12-30 15:25:00,286,E06000051,4,4368,6,60,0,-1,-1,0,0,0,1,1,1,0,0,2,1,E01028850,1.0,1.0,1.0,28.0,6.0,2.0,0.0,0.0,0.0,0.0,0.0,5.0,1.0,5.0
4855,201543N001075,1,9,0,9,0,5,0,0,0,0,1,1,6,2,40,7,1390,1,11,-1,1,-1,2,2,469714.0,234451.0,-0.985843,52.004129,43,2,2,2,42011,4,1899-12-30 19:02:00,476,E10000002,3,413,6,30,3,4,6,1941,0,0,1,1,1,0,0,1,1,E01017646,1.0,1.0,2.0,40.0,7.0,3.0,0.0,0.0,0.0,0.0,0.0,9.0,1.0,9.0
4856,201504WB15076,1,9,0,18,0,8,0,0,3,0,1,1,6,1,21,5,1984,1,9,-1,1,-1,2,2,342030.0,463360.0,-2.887182,54.062907,4,2,2,2,27/02/2015,6,1899-12-30 20:05:00,76,E10000017,6,0,6,20,6,4,6,0,0,0,4,4,1,3,0,1,1,E01025120,,,,,,,,,,,,,,
4857,2015360094848,2,4,0,18,0,8,0,0,0,0,1,1,6,1,25,5,180,1,15,-1,1,-1,3,2,622051.0,310768.0,1.28114,52.649163,36,2,2,3,42015,1,1899-12-30 16:05:00,404,E10000020,3,1402,6,30,8,4,6,0,0,0,1,1,1,0,0,1,1,E01026797,1.0,1.0,1.0,25.0,5.0,2.0,0.0,0.0,0.0,0.0,0.0,4.0,1.0,9.0
4858,201520J009945,1,9,0,16,0,0,5,10,1,2,1,1,6,1,19,4,1598,1,12,-1,1,-1,4,1,390140.0,287010.0,-2.146611,52.480923,20,2,1,4,30/08/2015,1,1899-12-30 18:55:00,303,E08000027,4,4180,6,30,0,-1,-1,0,0,0,1,1,2,0,0,1,1,E01009743,4.0,2.0,2.0,16.0,4.0,3.0,0.0,0.0,2.0,0.0,0.0,9.0,1.0,1.0
4859,2015930000533,1,5,0,16,0,0,0,0,0,0,1,1,6,1,37,7,599,1,12,-1,1,-1,2,2,351602.0,733330.0,-2.787563,56.489563,93,2,2,2,24/10/2015,7,1899-12-30 14:40:00,912,S12000041,3,930,6,60,0,-1,-1,0,0,0,1,1,1,0,0,2,1,,1.0,1.0,1.0,37.0,7.0,2.0,0.0,0.0,0.0,0.0,0.0,5.0,1.0,-1.0
4860,2015200032617,2,9,0,18,0,0,5,0,7,0,1,1,6,1,89,11,1242,1,10,-1,1,-1,1,2,414144.0,281040.0,-1.793418,52.427164,20,2,2,1,42135,5,1899-12-30 14:38:00,300,E08000025,6,0,6,30,0,-1,-1,0,0,0,1,2,2,0,0,1,2,E01010229,1.0,1.0,1.0,89.0,11.0,2.0,0.0,0.0,0.0,0.0,0.0,9.0,1.0,10.0
4861,2015051502414,1,8,0,18,0,6,0,0,0,0,0,1,1,1,61,9,2402,2,13,-1,1,-1,1,1,341536.0,391806.0,-2.881168,53.419798,5,2,1,1,42346,4,1899-12-30 12:40:00,91,E08000012,6,0,6,40,3,4,3,57,0,0,1,1,1,0,0,1,1,E01006642,1.0,2.0,2.0,78.0,11.0,2.0,0.0,0.0,2.0,0.0,0.0,8.0,1.0,1.0
4862,2015360094105,1,9,0,4,0,0,0,0,0,0,1,1,6,2,35,6,1598,2,-1,-1,1,-1,1,2,635716.0,310015.0,1.482218,52.636647,36,2,2,1,25/09/2015,6,1899-12-30 15:35:00,401,E10000020,3,47,6,50,0,-1,-1,0,0,0,1,1,1,0,0,2,1,E01026512,1.0,2.0,2.0,57.0,9.0,2.0,0.0,0.0,1.0,0.0,0.0,9.0,1.0,4.0
4863,2015471505153,1,9,0,2,0,0,0,0,0,0,2,1,6,2,52,8,1995,2,11,-1,1,-1,1,2,541487.0,136801.0,0.019924,51.113043,47,2,2,1,42194,2,1899-12-30 09:27:00,562,E10000032,6,0,6,30,0,-1,-1,0,0,0,1,1,1,0,0,1,1,E01031695,1.0,1.0,2.0,52.0,8.0,2.0,0.0,0.0,0.0,0.0,0.0,9.0,1.0,10.0
4864,2015471501525,2,9,0,18,0,0,0,0,1,0,1,1,6,1,28,6,1598,2,5,-1,1,-1,2,2,515015.0,135718.0,-0.358418,51.109228,47,2,2,2,17/03/2015,3,1899-12-30 17:28:00,562,E10000032,6,0,6,60,0,-1,-1,0,0,0,1,1,1,0,0,2,1,E01031658,2.0,1.0,1.0,28.0,6.0,3.0,0.0,0.0,0.0,0.0,0.0,9.0,1.0,4.0
4865,2015320021703,2,9,0,18,0,0,0,0,7,9,1,1,2,1,65,9,1149,1,8,-1,1,-1,2,4,531802.0,389942.0,-0.019552,53.389874,32,2,4,2,20/04/2015,2,1899-12-30 04:57:00,351,E10000019,3,16,6,60,0,-1,-1,0,0,0,4,1,1,0,0,2,1,E01026045,2.0,1.0,1.0,65.0,9.0,2.0,0.0,0.0,0.0,0.0,0.0,9.0,1.0,2.0
4866,201563BC10715,2,9,0,18,0,0,0,0,0,0,1,1,6,1,70,10,-1,-1,-1,-1,1,-1,5,2,249000.0,264690.0,-4.213858,52.259592,63,2,2,5,42223,4,1899-12-30 20:10:00,750,W06000008,3,487,6,60,0,-1,-1,0,0,0,1,1,1,0,0,2,1,W01000540,5.0,2.0,2.0,65.0,9.0,3.0,0.0,0.0,2.0,0.0,0.0,9.0,3.0,-1.0
4867,2015471503615,2,1,0,18,0,1,0,0,0,0,1,1,6,1,38,7,-1,-1,-1,-1,1,-1,1,2,531005.0,105425.0,-0.141029,50.833541,47,2,2,1,27/06/2015,7,1899-12-30 12:40:00,565,E06000043,3,270,6,20,6,2,6,0,0,5,1,1,1,0,0,1,1,E01016937,1.0,1.0,1.0,38.0,7.0,2.0,0.0,0.0,0.0,0.0,0.0,1.0,1.0,3.0
4868,201506K098127,3,9,0,18,0,1,0,0,0,0,1,1,6,2,66,10,1598,2,5,-1,1,-1,4,3,369940.0,407460.0,-2.455303,53.562887,6,2,3,4,42038,2,1899-12-30 15:08:00,100,E08000001,5,0,6,30,3,4,6,0,0,0,1,9,1,0,0,1,2,E01004839,3.0,1.0,2.0,66.0,10.0,2.0,0.0,0.0,0.0,0.0,0.0,9.0,1.0,8.0
4869,201520S047355,1,9,0,18,0,1,0,0,0,0,4,1,6,1,19,4,1598,1,-1,-1,1,-1,1,1,404820.0,286210.0,-1.930468,52.473802,20,2,1,1,42163,5,1899-12-30 18:00:00,300,E08000025,4,4124,6,30,6,4,4,4532,0,1,1,1,1,0,0,1,1,E01008987,1.0,3.0,2.0,28.0,6.0,2.0,4.0,1.0,0.0,0.0,0.0,0.0,1.0,1.0
4870,201520W016265,1,9,0,18,0,0,5,10,8,4,1,1,6,1,27,6,1995,1,10,-1,1,-1,1,2,404610.0,292430.0,-1.933476,52.529721,20,2,2,1,14/03/2015,7,1899-12-30 21:50:00,300,E08000025,6,0,6,30,0,-1,-1,0,0,0,4,1,1,0,0,1,1,E01009276,1.0,1.0,1.0,27.0,6.0,2.0,0.0,0.0,0.0,0.0,0.0,9.0,1.0,4.0
4871,201501SX20354,1,9,0,18,0,1,0,0,0,0,4,1,6,2,38,7,-1,-1,-1,-1,1,-1,1,1,523540.0,187390.0,-0.218789,51.571853,1,2,1,1,21/04/2015,3,1899-12-30 08:25:00,30,E09000003,6,0,6,30,3,4,6,0,0,0,1,1,1,0,0,1,1,E01000221,1.0,3.0,1.0,14.0,3.0,2.0,5.0,1.0,0.0,0.0,2.0,0.0,1.0,5.0
4872,2015030000975,2,9,0,16,0,0,0,0,0,0,1,1,6,1,45,7,1560,2,3,-1,3,-1,2,2,359880.0,492660.0,-2.618404,54.327924,3,2,2,2,24/04/2015,6,1899-12-30 20:20:00,65,E10000006,3,684,6,60,0,-1,-1,0,0,0,1,2,2,0,0,2,1,E01019394,2.0,2.0,1.0,12.0,3.0,2.0,0.0,0.0,1.0,0.0,0.0,9.0,3.0,6.0
4873,2015520500994,2,1,0,9,0,5,0,0,0,0,4,1,6,2,50,8,-1,-1,-1,-1,1,-1,1,2,316171.0,126213.0,-3.19677,51.029147,52,2,2,1,42278,7,1899-12-30 09:37:00,608,E10000027,4,3227,6,60,3,4,6,0,0,0,1,5,2,0,0,2,1,E01029262,1.0,1.0,2.0,50.0,8.0,2.0,0.0,0.0,0.0,0.0,0.0,1.0,1.0,7.0
4874,201501GD10907,2,4,0,14,0,0,0,0,0,0,1,1,2,1,57,9,680,1,8,-1,-1,-1,1,2,534010.0,184800.0,-0.068788,51.546189,1,2,2,1,42288,3,1899-12-30 06:50:00,4,E09000012,3,1207,6,30,0,-1,-1,0,0,0,1,1,1,0,0,1,1,E01001749,1.0,1.0,1.0,57.0,9.0,2.0,0.0,0.0,0.0,0.0,0.0,4.0,-1.0,-1.0
4875,2015160B01681,1,9,0,9,0,5,0,0,0,0,1,1,6,1,66,10,1995,2,13,-1,1,-1,1,2,489179.0,411326.0,-0.654168,53.590938,16,2,2,1,42191,1,1899-12-30 18:50:00,232,E06000013,6,0,6,30,6,4,6,0,0,8,1,1,1,0,0,1,2,E01013330,,,,,,,,,,,,,,
4876,2015981106015,2,9,0,10,0,1,0,0,0,0,2,1,6,2,80,11,998,1,6,-1,1,-1,3,2,211331.0,559459.0,-4.943543,54.894146,98,2,2,3,30/04/2015,5,1899-12-30 14:30:00,917,S12000006,3,75,6,60,3,4,6,0,0,0,1,1,1,0,0,2,1,,2.0,2.0,2.0,81.0,11.0,3.0,0.0,0.0,1.0,0.0,0.0,9.0,1.0,-1.0
4877,201504WD15194,1,9,0,9,0,6,0,0,0,0,1,1,6,1,47,8,1195,1,18,-1,-1,-1,1,2,333030.0,440870.0,-3.019719,53.859712,4,2,2,1,42288,3,1899-12-30 17:10:00,85,E10000017,6,0,6,30,3,4,6,0,0,0,4,1,1,0,0,2,1,E01025550,,,,,,,,,,,,,,
4878,2015520600179,1,9,0,18,0,6,0,0,0,0,1,1,6,2,25,5,-1,-1,-1,-1,2,-1,2,2,328234.0,123039.0,-3.024156,51.002245,52,2,2,2,42320,6,1899-12-30 07:55:00,608,E10000027,3,358,6,60,9,4,6,0,0,0,7,2,1,0,0,2,1,E01029275,2.0,2.0,1.0,39.0,7.0,3.0,0.0,0.0,1.0,0.0,0.0,9.0,1.0,6.0
4879,201563BC07515,1,9,0,16,0,0,2,0,1,9,4,1,6,1,16,4,-1,-1,-1,-1,2,-1,5,1,216520.0,244460.0,-4.678298,52.068037,63,2,1,5,42254,5,1899-12-30 01:00:00,750,W06000008,3,487,6,60,0,-1,-1,0,0,0,6,8,1,0,0,2,2,W01000511,5.0,2.0,1.0,17.0,4.0,3.0,0.0,0.0,2.0,0.0,0.0,9.0,2.0,-1.0
4880,201504SA15353,2,4,0,18,0,8,0,0,0,0,3,1,1,1,43,7,350,1,17,-1,1,-1,1,2,355190.0,429700.0,-2.681194,53.761715,4,2,2,1,42224,7,1899-12-30 09:17:00,79,E10000017,3,59,6,30,3,4,6,0,0,0,1,1,1,0,0,1,1,E01025247,1.0,1.0,1.0,43.0,7.0,2.0,0.0,0.0,0.0,0.0,0.0,4.0,1.0,3.0
4881,201560S110589,1,4,0,18,0,0,1,0,0,0,0,1,6,1,44,7,-1,-1,-1,-1,-1,-1,1,1,268392.0,375448.0,-3.974437,53.259661,60,2,1,1,24/07/2015,6,1899-12-30 15:17:00,721,W06000003,3,55,3,70,0,-1,-1,0,0,0,1,1,1,0,0,2,1,W01000123,1.0,2.0,2.0,42.0,7.0,2.0,0.0,0.0,0.0,0.0,0.0,4.0,-1.0,-1.0
4882,201501ZD31053,1,9,0,7,0,8,0,0,0,0,4,1,6,1,75,10,1498,1,8,-1,1,-1,1,2,533580.0,168940.0,-0.080977,51.403766,1,2,2,1,14/12/2015,2,1899-12-30 20:24:00,20,E09000008,3,215,6,30,3,4,6,0,0,0,4,2,2,0,0,1,1,E01001139,,,,,,,,,,,,,,
4883,2015331501607,2,21,1,4,0,8,0,0,7,1,1,1,1,1,45,7,5193,2,1,-1,1,-1,1,2,450607.0,314245.0,-1.252147,52.723494,33,2,2,1,19/10/2015,2,1899-12-30 06:21:00,362,E10000018,5,3208,6,60,6,4,5,3209,0,0,4,1,2,0,0,2,1,E01025687,,,,,,,,,,,,,,
4884,201563BC10715,1,9,0,18,0,0,1,0,0,0,1,1,2,2,56,9,-1,-1,-1,-1,3,-1,5,2,249000.0,264690.0,-4.213858,52.259592,63,2,2,5,42223,4,1899-12-30 20:10:00,750,W06000008,3,487,6,60,0,-1,-1,0,0,0,1,1,1,0,0,2,1,W01000540,3.0,1.0,2.0,56.0,9.0,3.0,0.0,0.0,0.0,0.0,0.0,9.0,3.0,-1.0
4885,2015170L41385,2,22,0,18,0,8,0,0,0,0,1,1,6,1,73,10,-1,-1,-1,-1,2,-1,1,2,466178.0,521198.0,-0.977613,54.581664,17,2,2,1,42286,5,1899-12-30 16:50:00,241,E06000003,6,0,6,30,3,4,6,0,0,0,1,1,1,0,0,2,1,E01012160,1.0,1.0,1.0,73.0,10.0,2.0,0.0,0.0,0.0,0.0,0.0,22.0,2.0,8.0
4886,2015621501571,1,9,0,14,0,2,0,0,0,0,3,1,2,2,49,8,-1,-1,-1,-1,1,-1,1,1,275951.0,207349.0,-3.798429,51.751058,62,2,1,1,16/09/2015,4,1899-12-30 08:21:00,745,W06000011,6,0,6,30,3,4,6,0,0,0,1,1,1,0,0,1,1,W01000927,1.0,3.0,1.0,4.0,1.0,2.0,5.0,4.0,0.0,0.0,0.0,0.0,1.0,-1.0
4887,201514B089815,2,2,0,18,0,1,0,0,0,0,1,1,6,1,55,8,49,1,7,-1,2,-1,1,2,436137.0,403848.0,-1.456313,53.530054,14,2,2,1,42073,7,1899-12-30 08:14:00,210,E08000016,4,6100,6,30,6,4,6,0,0,0,1,1,1,0,0,1,1,E01007458,1.0,1.0,1.0,55.0,8.0,2.0,0.0,0.0,0.0,0.0,0.0,2.0,2.0,4.0
4888,201597UC70508,2,9,0,18,0,0,0,0,0,0,1,1,6,1,46,8,1390,1,4,-1,-1,-1,1,3,245956.0,642996.0,-4.449987,55.655991,97,2,3,1,24/08/2015,2,1899-12-30 19:20:00,919,S12000008,1,77,3,70,0,-1,-1,0,0,0,1,1,1,0,0,2,1,,,,,,,,,,,,,,,
4889,2015215001063,1,9,0,1,0,6,0,0,0,0,2,1,5,1,33,6,-1,-1,-1,-1,1,-1,1,1,399381.0,304232.0,-2.010581,52.635837,21,2,1,1,23/02/2015,2,1899-12-30 14:15:00,254,E10000028,3,34,6,30,8,4,6,0,0,0,1,1,1,0,0,2,1,E01029632,1.0,3.0,2.0,77.0,11.0,2.0,6.0,9.0,0.0,0.0,0.0,0.0,1.0,6.0
4890,201550CB2L002,1,9,0,16,0,0,5,0,0,0,4,1,6,1,33,6,1796,1,5,-1,1,-1,3,1,262010.0,136666.0,-3.9727,51.112626,50,2,1,3,42224,7,1899-12-30 13:12:00,582,E10000008,6,0,6,60,0,-1,-1,0,0,0,1,1,1,0,0,2,1,E01020088,3.0,2.0,1.0,0.0,1.0,3.0,0.0,0.0,2.0,0.0,0.0,9.0,1.0,5.0
4891,2015170M31295,2,9,0,18,0,8,0,0,0,0,3,1,6,2,35,6,-1,-1,-1,-1,1,-1,1,2,449412.0,515272.0,-1.237978,54.530325,17,2,2,1,42344,6,1899-12-30 07:55:00,243,E06000002,3,174,3,40,3,4,4,1365,0,0,1,1,1,0,0,1,1,E01012043,1.0,2.0,2.0,2.0,1.0,2.0,0.0,0.0,2.0,0.0,0.0,9.0,1.0,1.0
4892,2015460256689,2,4,0,18,0,8,0,0,0,0,1,1,6,1,37,7,450,1,13,-1,1,-1,1,2,572980.0,166645.0,0.483833,51.372513,46,2,2,1,16/05/2015,7,1899-12-30 16:52:00,544,E06000035,6,0,6,30,3,4,6,0,0,0,1,1,1,0,0,1,1,E01016127,1.0,1.0,1.0,37.0,7.0,2.0,0.0,0.0,0.0,0.0,0.0,4.0,1.0,3.0
4893,2015941500897,1,9,0,18,0,1,0,0,0,0,1,1,6,2,44,7,1229,1,2,-1,1,-1,1,1,335750.0,698183.0,-3.036356,56.171949,94,2,1,1,19/11/2015,5,1899-12-30 17:40:00,925,S12000015,6,0,6,20,6,4,6,0,0,0,4,4,1,0,0,1,1,,1.0,3.0,1.0,15.0,3.0,2.0,5.0,3.0,0.0,0.0,0.0,0.0,1.0,-1.0
4894,201504EF15104,2,9,0,3,0,0,0,0,0,0,2,1,1,2,27,6,-1,-1,-1,-1,-1,-1,1,2,382500.0,432330.0,-2.267093,53.786992,4,2,2,1,42281,6,1899-12-30 13:45:00,72,E10000017,3,679,6,30,0,-1,-1,0,0,4,1,1,1,0,0,1,1,E01024908,,,,,,,,,,,,,,