,accident_index,vehicle_reference,vehicle_type,towing_and_articulation,vehicle_manoeuvre,vehicle_location-restricted_lane,junction_location,skidding_and_overturning,hit_object_in_carriageway,vehicle_leaving_carriageway,hit_object_off_carriageway,1st_point_of_impact,was_vehicle_left_hand_drive?,journey_purpose_of_driver,sex_of_driver,age_of_driver,age_band_of_driver,engine_capacity_(cc),propulsion_code,age_of_vehicle,driver_imd_decile,driver_home_area_type,vehicle_imd_decile,NUmber_of_Casualities_unique_to_accident_index,No_of_Vehicles_involved_unique_to_accident_index,location_easting_osgr,location_northing_osgr,longitude,latitude,police_force,accident_severity,number_of_vehicles,number_of_casualties,date,day_of_week,time,local_authority_(district),local_authority_(highway),1st_road_class,1st_road_number,road_type,speed_limit,junction_detail,junction_control,2nd_road_class,2nd_road_number,pedestrian_crossing-human_control,pedestrian_crossing-physical_facilities,light_conditions,weather_conditions,road_surface_conditions,special_conditions_at_site,carriageway_hazards,urban_or_rural_area,did_police_officer_attend_scene_of_accident,lsoa_of_accident_location,casualty_reference,casualty_class,sex_of_casualty,age_of_casualty,age_band_of_casualty,casualty_severity,pedestrian_location,pedestrian_movement,car_passenger,bus_or_coach_passenger,pedestrian_road_maintenance_worker,casualty_type,casualty_home_area_type,casualty_imd_decile
4960,2015100202115,3,19,0,18,0,0,0,0,0,0,0,1,6,1,52,8,1998,2,14,-1,1,-1,1,3,434905.0,549586.0,-1.458042,54.839882,10,2,3,1,15/04/2015,4,1899-12-30 11:30:00,150,E08000024,6,5025,6,30,0,-1,-1,0,0,0,1,1,1,0,0,1,1,E01008714,,,,,,,,,,,,,,
4961,2015051501683,2,11,0,18,0,8,0,0,0,0,1,1,1,1,23,5,6700,2,4,-1,1,-1,10,2,335584.0,390665.0,-2.97048,53.408849,5,2,2,10,42131,1,1899-12-30 15:24:00,91,E08000012,6,0,6,30,7,2,6,0,0,5,1,2,2,0,0,1,1,E01006747,8.0,2.0,1.0,20.0,4.0,3.0,0.0,0.0,0.0,4.0,0.0,11.0,1.0,1.0
4962,2015051501105,3,9,0,2,0,0,0,0,0,0,3,1,6,3,-1,-1,1396,1,18,-1,-1,-1,1,3,349747.0,394191.0,-2.758012,53.442081,5,2,3,1,25/04/2015,7,1899-12-30 19:00:00,92,E08000013,6,0,6,30,0,-1,-1,0,0,0,1,2,2,6,0,1,1,E01006831,,,,,,,,,,,,,,
4963,201543N128115,1,9,0,12,0,0,0,0,0,0,3,1,6,3,-1,-1,-1,-1,-1,-1,-1,-1,1,2,490839.0,181914.0,-0.6919,51.52884,43,2,2,1,16/11/2015,2,1899-12-30 16:15:00,477,E10000002,6,61,6,30,0,-1,-1,0,0,0,1,1,1,0,0,1,3,E01017833,,,,,,,,,,,,,,
4964,2015132911428,2,9,0,9,0,5,0,0,0,0,3,1,6,1,37,7,1896,2,14,-1,1,-1,1,2,432581.0,434909.0,-1.506707,53.809457,13,2,2,1,42013,3,1899-12-30 20:33:00,204,E08000035,6,0,6,30,3,4,6,0,0,0,4,1,2,0,0,1,1,E01011433,,,,,,,,,,,,,,
4965,2015300014831,2,9,0,18,0,8,0,0,0,0,1,1,6,1,25,5,-1,-1,-1,-1,-1,-1,2,3,444170.0,348030.0,-1.342874,53.027742,30,2,3,2,42315,7,1899-12-30 13:16:00,320,E10000007,3,610,6,50,3,4,5,358,0,0,1,1,1,0,0,1,1,E01019451,2.0,1.0,1.0,25.0,5.0,3.0,0.0,0.0,0.0,0.0,0.0,9.0,-1.0,-1.0
4966,2015160A00081,1,9,0,16,0,0,0,0,7,1,1,1,2,1,46,8,1560,2,10,-1,1,-1,1,1,522615.0,408656.0,-0.150318,53.560207,16,2,1,1,42186,4,1899-12-30 19:30:00,233,E06000012,6,0,6,60,0,-1,-1,0,0,0,6,5,2,0,0,2,1,E01013226,1.0,1.0,1.0,46.0,8.0,2.0,0.0,0.0,0.0,0.0,0.0,9.0,1.0,4.0
4967,201501QK50363,1,11,0,5,2,8,0,0,0,0,0,1,1,1,59,9,4500,2,5,-1,-1,-1,1,1,519100.0,188830.0,-0.282336,51.585749,1,2,1,1,23/05/2015,7,1899-12-30 17:10:00,29,E09000015,3,4140,6,30,3,4,6,0,0,0,1,1,1,0,0,1,1,E01002165,1.0,2.0,2.0,74.0,10.0,2.0,0.0,0.0,0.0,3.0,0.0,11.0,1.0,3.0
4968,2015460255406,2,1,0,17,0,8,0,0,1,0,4,1,6,1,63,9,-1,-1,-1,-1,1,-1,1,2,554710.0,167270.0,0.221843,51.383397,46,2,2,1,17/04/2015,6,1899-12-30 09:20:00,538,E10000016,3,20,1,60,1,4,3,225,0,0,1,1,1,0,0,2,1,E01024433,1.0,1.0,1.0,63.0,9.0,2.0,0.0,0.0,0.0,0.0,0.0,1.0,1.0,3.0
4969,201520J007825,1,9,0,18,0,8,1,10,3,9,1,1,1,1,28,6,-1,-1,-1,-1,1,-1,1,1,394290.0,282290.0,-2.085423,52.43855,20,2,1,1,28/06/2015,1,1899-12-30 08:20:00,303,E08000027,6,0,6,30,3,4,6,0,0,0,1,2,2,6,0,1,1,E01009812,1.0,2.0,2.0,24.0,5.0,2.0,0.0,0.0,1.0,0.0,0.0,9.0,1.0,1.0
4970,201501CW11936,1,9,0,16,0,8,0,0,0,0,1,1,6,3,-1,-1,-1,-1,-1,-1,-1,-1,1,1,526680.0,180770.0,-0.175886,51.511664,1,2,1,1,16/12/2015,4,1899-12-30 20:30:00,1,E09000033,3,4209,6,30,3,2,3,402,0,5,4,1,1,0,0,1,1,E01004682,1.0,3.0,2.0,23.0,5.0,2.0,1.0,3.0,0.0,0.0,2.0,0.0,1.0,6.0
4971,2015350131415,2,9,0,4,0,0,0,0,1,9,2,1,6,1,56,9,1997,2,12,-1,1,-1,6,5,515910.0,290760.0,-0.293826,52.50243,35,2,5,6,31/07/2015,6,1899-12-30 22:13:00,393,E10000003,2,1,3,70,0,-1,-1,0,0,0,4,8,1,0,0,2,1,E01018127,4.0,1.0,1.0,56.0,9.0,2.0,0.0,0.0,0.0,0.0,0.0,9.0,1.0,5.0
4972,2015930000549,1,9,0,4,0,1,0,0,1,2,1,1,6,1,21,5,1198,1,10,-1,2,-1,3,1,314260.0,726804.0,-3.391674,56.425625,93,2,1,3,31/10/2015,7,1899-12-30 06:40:00,934,S12000024,3,94,1,30,1,4,6,0,0,0,4,1,1,0,0,2,1,,1.0,1.0,1.0,21.0,5.0,3.0,0.0,0.0,0.0,0.0,0.0,9.0,2.0,-1.0
4973,2015543429115,1,5,0,18,0,4,0,0,0,0,1,1,6,2,28,6,-1,-1,-1,-1,1,-1,1,2,412581.0,184907.0,-1.8199,51.562903,54,2,2,1,20/04/2015,2,1899-12-30 12:59:00,633,E06000030,4,4006,1,40,1,4,6,0,0,0,1,1,1,0,0,1,1,E01015567,,,,,,,,,,,,,,
4974,201520W005235,1,21,0,9,0,8,0,0,0,0,3,1,1,1,33,6,12419,2,4,-1,1,-1,1,1,408030.0,286180.0,-1.883211,52.473495,20,2,1,1,29/01/2015,5,1899-12-30 10:01:00,300,E08000025,6,0,6,30,3,4,6,0,0,0,1,8,2,0,0,1,1,E01009378,1.0,3.0,2.0,56.0,9.0,2.0,5.0,1.0,0.0,0.0,0.0,0.0,1.0,1.0
4975,201501TX20386,1,9,0,18,0,8,0,0,0,0,1,1,6,3,-1,-1,-1,-1,-1,-1,-1,-1,1,2,515560.0,175540.0,-0.337763,51.46704,1,2,2,1,42010,2,1899-12-30 11:59:00,25,E09000018,5,0,1,30,2,4,6,0,0,0,1,1,1,0,0,1,1,E01002669,,,,,,,,,,,,,,
4976,201511NG09775,1,5,0,16,0,0,2,0,0,0,1,1,6,1,29,6,599,1,9,-1,1,-1,2,2,423684.0,551432.0,-1.632602,54.857125,11,2,2,2,20/05/2015,4,1899-12-30 15:44:00,169,E06000047,4,6313,6,60,0,-1,-1,0,0,0,1,1,1,0,0,2,1,E01020618,1.0,1.0,1.0,29.0,6.0,2.0,0.0,0.0,0.0,0.0,0.0,5.0,1.0,2.0
4977,201520W046285,1,9,0,16,0,1,0,0,0,0,1,1,6,1,25,5,2143,2,-1,-1,1,-1,6,2,408710.0,289840.0,-1.873106,52.506388,20,2,2,6,42132,4,1899-12-30 12:10:00,300,E08000025,4,4137,6,30,3,4,6,0,0,0,1,2,2,0,0,1,1,E01008899,4.0,2.0,1.0,25.0,5.0,3.0,0.0,0.0,2.0,0.0,0.0,9.0,1.0,1.0
4978,20154100A0297,1,9,0,18,0,5,5,0,2,4,1,1,6,1,27,6,1984,2,1,-1,2,-1,2,1,535741.0,216331.0,-0.031588,51.82911,41,2,1,2,16/05/2015,7,1899-12-30 03:15:00,432,E10000015,3,10,7,70,5,4,3,10,0,0,4,1,1,0,0,2,1,E01023506,2.0,2.0,2.0,26.0,6.0,2.0,0.0,0.0,1.0,0.0,0.0,9.0,2.0,9.0
4979,201501TX20077,1,9,0,4,0,0,1,0,1,4,1,1,6,2,77,11,-1,-1,-1,-1,1,-1,1,1,513190.0,177730.0,-0.371166,51.487202,1,2,1,1,30/01/2015,6,1899-12-30 16:30:00,25,E09000018,3,3005,6,30,0,-1,-1,0,0,0,1,1,1,0,0,1,1,E01002626,1.0,1.0,2.0,77.0,11.0,2.0,0.0,0.0,0.0,0.0,0.0,9.0,1.0,3.0
4980,201501LX51178,1,9,0,18,0,0,0,0,0,0,1,1,6,1,-1,-1,1248,1,5,-1,-1,-1,1,1,530920.0,175410.0,-0.116806,51.46253,1,2,1,1,42043,1,1899-12-30 18:20:00,9,E09000022,6,0,6,30,0,-1,-1,0,0,0,1,1,1,0,0,1,2,E01003055,1.0,3.0,1.0,49.0,8.0,2.0,10.0,9.0,0.0,0.0,2.0,0.0,1.0,2.0
4981,2015100774015,1,9,0,18,0,0,0,0,0,0,1,1,6,1,68,10,1461,2,1,-1,1,-1,5,3,421840.0,585211.0,-1.65876,55.160746,10,2,3,5,27/11/2015,6,1899-12-30 14:35:00,139,E06000048,3,196,6,60,0,-1,-1,0,0,0,1,2,2,0,0,2,1,E01027448,4.0,2.0,2.0,90.0,11.0,2.0,0.0,0.0,1.0,0.0,0.0,9.0,-1.0,-1.0
4982,2015460262199,2,19,0,2,0,0,0,0,1,0,2,1,1,1,52,8,2402,2,6,-1,3,-1,2,2,581920.0,159650.0,0.608564,51.30689,46,2,2,2,28/09/2015,2,1899-12-30 12:00:00,536,E10000016,3,249,3,70,0,-1,-1,0,0,0,1,1,1,0,0,2,1,E01024347,2.0,1.0,1.0,52.0,8.0,2.0,0.0,0.0,0.0,0.0,0.0,19.0,3.0,7.0
4983,20151326Q0554,3,1,0,14,0,0,0,0,0,0,1,1,6,1,48,8,-1,-1,-1,-1,1,-1,1,3,420472.0,446287.0,-1.689836,53.912334,13,2,3,1,26/06/2015,6,1899-12-30 11:45:00,204,E08000035,4,6451,6,30,0,-1,-1,0,0,0,1,1,1,0,0,1,1,E01011584,1.0,1.0,1.0,48.0,8.0,2.0,0.0,0.0,0.0,0.0,0.0,1.0,1.0,10.0
4984,2015360095118,2,9,0,17,0,0,0,0,0,0,1,1,6,2,18,4,1560,2,7,-1,3,-1,6,2,598378.0,296730.0,0.923304,52.532297,36,2,2,6,42015,1,1899-12-30 10:21:00,400,E10000020,6,0,6,60,0,-1,-1,0,0,0,1,7,2,0,0,2,1,E01026419,5.0,2.0,2.0,19.0,4.0,3.0,0.0,0.0,1.0,0.0,0.0,9.0,1.0,5.0
4985,201522D503425,1,5,0,17,0,0,1,10,7,0,1,1,6,1,23,5,599,1,15,-1,1,-1,2,1,405020.0,276330.0,-1.927669,52.384979,22,2,1,2,42133,7,1899-12-30 15:40:00,270,E10000034,6,0,6,60,0,-1,-1,0,0,0,1,1,1,5,0,2,1,E01032122,2.0,2.0,2.0,23.0,5.0,2.0,0.0,0.0,0.0,0.0,0.0,5.0,1.0,7.0
4986,2015075253348,1,9,0,18,0,0,1,0,0,0,1,1,6,2,20,4,1124,1,12,-1,3,-1,3,4,343580.0,365705.0,-2.845766,53.185432,7,2,4,3,26/08/2015,4,1899-12-30 17:51:00,130,E06000050,3,55,3,70,0,-1,-1,0,0,0,1,1,1,0,0,1,1,E01018323,2.0,2.0,1.0,21.0,5.0,3.0,0.0,0.0,1.0,0.0,0.0,9.0,3.0,-1.0
4987,2015420035738,4,9,0,2,0,0,0,0,0,0,2,1,6,1,41,7,-1,-1,-1,-1,1,-1,1,4,586576.0,186941.0,0.689647,51.550504,42,2,4,1,13/12/2015,1,1899-12-30 01:05:00,460,E06000033,6,0,6,30,0,-1,-1,0,0,0,4,2,2,0,0,1,2,E01015904,,,,,,,,,,,,,,
4988,201501KD50262,2,9,0,18,0,1,0,0,0,0,1,1,6,3,-1,-1,-1,-1,-1,-1,-1,-1,1,2,550940.0,188610.0,0.176821,51.576152,1,2,2,1,18/05/2015,2,1899-12-30 17:30:00,15,E09000016,3,118,3,30,1,4,3,118,0,0,1,1,1,0,0,1,2,E01002247,,,,,,,,,,,,,,
4989,201597KC03808,1,9,0,4,0,1,0,0,0,0,1,1,6,2,27,6,1198,1,12,-1,1,-1,1,1,224758.0,675504.0,-4.80742,55.940542,97,2,1,1,28/08/2015,6,1899-12-30 19:42:00,928,S12000018,6,0,6,30,7,4,6,0,0,0,1,2,2,0,0,1,1,,1.0,3.0,1.0,58.0,9.0,2.0,9.0,6.0,0.0,0.0,0.0,0.0,-1.0,-1.0
4990,20154100A0751,1,9,0,18,0,0,0,10,1,2,3,1,6,1,69,10,1596,1,12,-1,1,-1,1,1,535530.0,229446.0,-0.0295,51.947007,41,2,1,1,29/08/2015,7,1899-12-30 15:30:00,432,E10000015,3,10,6,60,0,-1,-1,0,0,0,1,1,1,0,0,2,1,E01023494,1.0,1.0,1.0,69.0,10.0,2.0,0.0,0.0,0.0,0.0,0.0,9.0,1.0,7.0
4991,2015100747115,1,9,0,18,0,4,0,0,0,0,3,1,1,1,49,8,2143,2,-1,-1,2,-1,1,2,394136.0,565112.0,-2.093155,54.980576,10,2,2,1,18/11/2015,4,1899-12-30 15:30:00,139,E06000048,3,69,1,70,1,4,3,6079,0,0,1,5,2,0,0,2,1,E01027476,,,,,,,,,,,,,,
4992,201597AD00506,2,9,0,9,0,0,0,6,1,0,4,1,6,2,71,10,1275,1,17,-1,1,-1,2,3,256476.0,666461.0,-4.295283,55.869879,97,2,3,2,42222,2,1899-12-30 16:30:00,926,S12000043,3,814,3,30,0,-1,-1,0,0,4,1,1,1,0,0,1,1,,2.0,1.0,2.0,71.0,10.0,2.0,0.0,0.0,0.0,0.0,0.0,9.0,1.0,-1.0
4993,2015450024252,2,5,0,16,0,0,5,0,0,0,1,1,1,1,23,5,599,1,1,-1,1,-1,1,2,517501.0,155294.0,-0.316522,51.284674,45,2,2,1,42252,7,1899-12-30 07:45:00,512,E10000030,3,24,6,50,0,-1,-1,0,0,0,1,1,1,0,0,2,1,E01030554,1.0,1.0,1.0,23.0,5.0,2.0,0.0,0.0,0.0,0.0,0.0,5.0,1.0,10.0
4994,201522E503636,1,5,0,17,0,0,1,0,7,0,3,1,6,1,46,8,1450,1,13,-1,3,-1,1,1,351710.0,228210.0,-2.704031,51.950274,22,2,1,1,13/09/2015,1,1899-12-30 12:28:00,285,E06000019,4,4348,6,60,0,-1,-1,0,0,0,1,1,1,5,0,2,1,E01014060,1.0,1.0,1.0,46.0,8.0,2.0,0.0,0.0,0.0,0.0,0.0,5.0,3.0,4.0
4995,201504SB15196,1,9,0,18,0,8,1,0,1,4,3,1,6,1,21,5,1596,1,10,-1,-1,-1,4,1,350130.0,404820.0,-2.75394,53.537647,4,2,1,4,24/08/2015,2,1899-12-30 22:36:00,84,E10000017,6,0,3,30,1,4,6,0,0,0,4,1,1,0,0,1,1,E01025504,3.0,2.0,1.0,21.0,5.0,3.0,0.0,0.0,2.0,0.0,0.0,9.0,1.0,5.0
4996,201543S131065,1,19,0,18,0,1,0,0,1,0,1,1,2,1,23,5,2198,2,2,-1,1,-1,4,3,482550.0,236947.0,-0.798294,52.024807,43,2,3,4,29/06/2015,2,1899-12-30 13:50:00,479,E06000042,5,8005,6,60,3,4,6,1056,0,0,1,1,1,0,0,2,1,E01016780,,,,,,,,,,,,,,
4997,2015460260665,2,9,0,18,0,0,0,0,0,0,1,1,6,1,60,9,1995,2,8,-1,2,-1,1,2,558300.0,141420.0,0.261954,51.150151,46,2,2,1,25/08/2015,3,1899-12-30 10:00:00,543,E10000016,3,26,6,30,0,-1,-1,0,0,4,1,1,2,0,0,1,1,E01024837,,,,,,,,,,,,,,
4998,2015530209711,1,5,0,18,0,0,0,10,0,0,1,1,6,1,22,5,636,1,9,-1,1,-1,1,1,373342.0,201265.0,-2.387211,51.709481,53,2,1,1,42255,1,1899-12-30 12:56:00,624,E10000013,3,38,6,60,0,-1,-1,0,0,0,1,1,1,0,0,2,1,E01022398,1.0,1.0,1.0,22.0,5.0,2.0,0.0,0.0,0.0,0.0,0.0,5.0,1.0,3.0
4999,2015405BA0897,2,1,0,18,0,0,0,0,0,0,3,1,6,1,16,4,-1,-1,-1,-1,1,-1,2,2,503124.0,248716.0,-0.494987,52.127142,40,2,2,2,30/09/2015,4,1899-12-30 18:05:00,420,E06000055,6,0,6,30,0,-1,-1,0,0,0,1,2,2,0,0,1,1,E01017511,2.0,1.0,1.0,16.0,4.0,3.0,0.0,0.0,0.0,0.0,0.0,1.0,1.0,7.0
5000,2015132C31180,1,9,0,9,0,2,0,0,0,0,1,1,2,2,71,10,2720,2,10,-1,1,-1,1,2,419145.0,431318.0,-1.710964,53.777846,13,2,2,1,42075,5,1899-12-30 17:40:00,200,E08000032,6,0,6,30,3,4,6,0,0,0,4,5,2,0,0,1,1,E01010819,,,,,,,,,,,,,,
5001,2015471505293,1,9,0,9,0,1,0,0,0,0,1,1,6,1,28,6,1997,1,6,-1,2,-1,1,2,552964.0,107998.0,0.171652,50.85128,47,2,2,1,42317,6,1899-12-30 16:39:00,556,E10000011,6,0,6,60,3,4,6,0,0,0,1,1,1,0,0,2,1,E01021197,,,,,,,,,,,,,,
5002,2015120091964,2,1,0,18,0,8,0,0,0,0,4,1,2,1,33,6,-1,-1,-1,-1,1,-1,1,2,429525.0,453728.0,-1.551307,53.978775,12,2,2,1,42041,3,1899-12-30 06:25:00,182,E10000023,5,243,6,20,3,4,6,625,0,0,1,1,1,0,0,1,1,E01027719,1.0,1.0,1.0,33.0,6.0,2.0,0.0,0.0,0.0,0.0,0.0,1.0,1.0,10.0
5003,201542I298109,1,21,1,18,0,0,3,0,1,9,1,1,1,1,47,8,-1,-1,-1,-1,-1,-1,1,2,606844.0,226110.0,1.004812,51.895137,42,2,2,1,21/09/2015,2,1899-12-30 05:30:00,461,E10000012,3,120,3,60,0,-1,-1,0,0,0,6,1,1,0,0,2,1,E01022051,1.0,1.0,1.0,47.0,8.0,2.0,0.0,0.0,0.0,0.0,0.0,21.0,-1.0,-1.0
5004,2015460262494,1,9,0,5,0,1,0,0,0,0,3,1,6,2,59,9,1086,1,9,-1,1,-1,1,2,551110.0,168100.0,0.170503,51.391824,46,2,2,1,42226,5,1899-12-30 17:35:00,538,E10000016,4,258,6,30,3,4,6,0,0,0,1,1,1,0,0,1,1,E01024475,1.0,1.0,2.0,59.0,9.0,2.0,0.0,0.0,0.0,0.0,0.0,9.0,1.0,7.0
5005,2015132CP0484,3,9,0,18,0,1,0,0,0,0,3,1,6,1,57,9,1798,1,-1,-1,1,-1,1,3,435542.0,438370.0,-1.461345,53.840369,13,2,3,1,25/12/2015,6,1899-12-30 12:05:00,204,E08000035,6,0,6,30,6,4,6,0,0,0,1,2,2,0,0,1,1,E01011714,,,,,,,,,,,,,,
5006,2015471505916,2,9,0,17,0,0,0,0,0,0,1,1,3,2,46,8,1600,2,6,-1,3,-1,4,2,478971.0,118050.0,-0.877012,50.956478,47,2,2,4,42257,6,1899-12-30 08:10:00,559,E10000032,4,2141,6,60,0,-1,-1,0,0,0,1,1,1,0,0,2,1,E01031508,4.0,2.0,1.0,13.0,3.0,3.0,0.0,0.0,2.0,0.0,0.0,9.0,3.0,6.0
5007,201543N242125,1,9,0,18,0,0,0,0,0,0,1,1,6,2,34,6,2993,2,-1,-1,-1,-1,1,2,479630.0,192650.0,-0.851016,51.627041,43,2,2,1,19/12/2015,7,1899-12-30 07:19:00,480,E10000002,1,40,9,70,0,-1,-1,0,0,0,7,1,1,0,0,2,1,E01017854,,,,,,,,,,,,,,
5008,20154100C0454,1,9,0,18,0,2,0,0,1,10,1,1,6,2,20,4,1590,1,12,-1,-1,-1,1,1,509746.0,195792.0,-0.415113,51.65022,41,2,1,1,42010,2,1899-12-30 01:01:00,437,E10000015,6,203,6,30,3,4,6,444,0,0,4,1,1,0,0,1,1,E01023867,1.0,1.0,2.0,20.0,4.0,2.0,0.0,0.0,0.0,0.0,0.0,9.0,-1.0,-1.0
5009,201597UC70210,1,9,0,18,0,0,5,0,8,0,1,1,6,1,69,10,1108,1,5,-1,3,-1,1,2,250516.0,620853.0,-4.365599,55.458624,97,2,2,1,42134,2,1899-12-30 15:45:00,919,S12000008,3,70,6,30,0,-1,-1,0,0,0,1,1,1,0,0,2,1,,1.0,1.0,1.0,69.0,10.0,2.0,0.0,0.0,0.0,0.0,0.0,9.0,3.0,-1.0
5010,2015921501177,2,9,0,9,0,8,0,0,0,0,4,1,6,1,21,5,1998,1,6,-1,3,-1,1,2,343012.0,865800.0,-2.957216,57.678431,92,2,2,1,42347,7,1899-12-30 22:11:00,930,S12000020,6,0,6,30,3,4,6,0,0,0,4,1,1,0,0,2,1,,,,,,,,,,,,,,,
5011,2015075333511,1,3,0,16,0,0,1,0,0,0,0,1,2,1,22,5,124,1,9,-1,1,-1,1,2,381938.0,362025.0,-2.271555,53.155047,7,2,2,1,42196,7,1899-12-30 15:36:00,129,E06000049,6,0,6,60,0,-1,-1,0,0,0,1,1,2,0,0,2,1,E01018393,1.0,1.0,1.0,22.0,5.0,2.0,0.0,0.0,0.0,0.0,0.0,3.0,1.0,2.0
5012,2015551501010,2,1,0,18,0,1,0,0,0,0,1,1,6,1,49,8,-1,-1,-1,-1,-1,-1,1,2,370374.0,83071.0,-2.420381,50.646565,55,2,2,1,29/08/2015,7,1899-12-30 13:17:00,646,E10000009,3,353,6,30,8,4,6,0,0,0,1,1,1,0,0,1,1,E01020558,1.0,1.0,1.0,49.0,8.0,2.0,0.0,0.0,0.0,0.0,0.0,1.0,1.0,5.0
5013,2015120205759,1,3,0,18,0,0,0,0,0,0,1,1,6,1,32,6,125,1,-1,-1,3,-1,2,1,503466.0,483942.0,-0.413869,54.240727,12,2,1,2,19/11/2015,5,1899-12-30 15:37:00,186,E10000023,4,1261,6,40,0,-1,-1,0,0,0,1,1,1,0,0,1,1,E01027859,2.0,3.0,1.0,58.0,9.0,2.0,5.0,1.0,0.0,0.0,0.0,0.0,1.0,1.0
5014,20151328I0529,3,9,0,18,0,1,0,0,0,0,2,1,6,2,43,7,2993,2,5,-1,1,-1,2,3,421995.0,433957.0,-1.66753,53.801453,13,2,3,2,18/08/2015,3,1899-12-30 12:00:00,204,E08000035,3,647,3,70,5,4,6,0,0,0,1,2,2,0,0,1,1,E01011587,,,,,,,,,,,,,,
5015,2015471500198,1,9,0,18,0,0,1,0,0,0,1,1,2,2,58,9,1497,1,15,-1,1,-1,1,1,534849.0,129398.0,-0.077609,51.048111,47,2,1,1,42309,1,1899-12-30 10:20:00,563,E10000032,4,2028,6,30,0,-1,-1,0,0,0,1,1,1,0,0,2,1,E01031694,1.0,3.0,1.0,84.0,11.0,2.0,5.0,3.0,0.0,0.0,0.0,0.0,3.0,8.0
5016,20151326B0758,1,90,0,18,0,0,0,0,0,0,4,1,6,1,19,4,686,1,8,-1,1,-1,1,4,415481.0,431932.0,-1.766532,53.783486,13,2,4,1,42314,5,1899-12-30 14:15:00,200,E08000032,6,0,6,30,0,-1,-1,0,0,0,1,1,1,0,0,1,1,E01010731,1.0,1.0,1.0,19.0,4.0,2.0,0.0,0.0,0.0,0.0,0.0,90.0,1.0,2.0
5017,2015051501683,2,11,0,18,0,8,0,0,0,0,1,1,1,1,23,5,6700,2,4,-1,1,-1,10,2,335584.0,390665.0,-2.97048,53.408849,5,2,2,10,42131,1,1899-12-30 15:24:00,91,E08000012,6,0,6,30,7,2,6,0,0,5,1,2,2,0,0,1,1,E01006747,5.0,2.0,1.0,65.0,9.0,3.0,0.0,0.0,0.0,4.0,0.0,11.0,1.0,1.0
5018,2015440070148,3,9,0,8,0,1,0,0,0,0,1,1,6,1,53,8,1595,1,2,-1,-1,-1,1,3,440684.0,112509.0,-1.422702,50.910621,44,2,3,1,28/02/2015,7,1899-12-30 19:09:00,500,E06000045,6,0,6,30,6,4,6,0,0,0,4,2,2,0,0,1,1,E01017195,,,,,,,,,,,,,,
5019,201542I292809,4,9,0,18,0,0,0,0,0,0,2,1,6,1,-1,-1,1198,1,1,-1,1,-1,1,4,573166.0,202708.0,0.504225,51.696406,42,2,4,1,18/09/2015,6,1899-12-30 15:15:00,454,E10000012,3,12,3,70,0,-1,-1,0,0,0,1,1,1,0,0,2,1,E01021555,,,,,,,,,,,,,,
5020,2015075151631,3,9,0,17,0,0,0,0,1,0,3,1,1,1,47,8,-1,-1,-1,-1,3,-1,1,3,368241.0,386907.0,-2.478867,53.378054,7,2,3,1,29/05/2015,6,1899-12-30 10:28:00,128,E06000007,3,56,6,30,0,-1,-1,0,0,0,1,2,2,0,0,1,1,E01012513,,,,,,,,,,,,,,
5021,2015961502075,1,9,0,16,0,0,1,10,1,11,2,1,6,1,34,6,2457,1,8,-1,1,-1,1,1,288278.0,680051.0,-3.792992,56.000349,96,2,1,1,18/12/2015,6,1899-12-30 19:40:00,924,S12000014,3,803,6,30,0,-1,-1,0,0,0,4,2,2,0,0,1,1,,1.0,3.0,1.0,35.0,6.0,2.0,6.0,9.0,0.0,0.0,0.0,0.0,1.0,-1.0
5022,2015551600302,1,97,0,18,0,1,0,0,0,0,1,1,6,3,-1,-1,-1,-1,-1,-1,-1,-1,1,2,408469.0,93435.0,-1.881344,50.740464,55,2,2,1,22/05/2015,6,1899-12-30 17:34:00,640,E06000028,3,3049,6,30,8,4,6,0,0,0,1,1,1,0,0,1,2,E01015348,,,,,,,,,,,,,,
5023,2015331500503,1,9,0,4,0,8,1,0,0,0,1,1,1,1,30,6,1984,1,7,-1,1,-1,3,2,459678.0,306644.0,-1.119232,52.654249,33,2,2,3,42220,4,1899-12-30 07:04:00,364,E06000016,3,607,6,30,6,4,6,1243,0,8,1,1,1,0,0,1,1,E01013625,1.0,1.0,1.0,30.0,6.0,3.0,0.0,0.0,0.0,0.0,0.0,9.0,1.0,8.0
5024,2015556000062,2,5,0,14,0,1,0,0,0,0,0,1,1,1,50,8,750,1,17,-1,1,-1,1,2,399045.0,93230.0,-2.014899,50.73868,55,2,2,1,13/04/2015,2,1899-12-30 17:00:00,644,E10000009,4,3067,6,60,3,4,6,0,0,0,1,1,1,0,0,2,2,E01020471,1.0,1.0,1.0,50.0,8.0,2.0,0.0,0.0,0.0,0.0,0.0,5.0,1.0,5.0
5025,2015405DA0597,1,9,0,18,0,0,0,0,1,4,3,1,6,1,30,6,1995,1,11,-1,1,-1,1,1,499009.0,223540.0,-0.562349,51.901616,40,2,1,1,26/07/2015,1,1899-12-30 16:15:00,424,E06000056,3,505,6,60,0,-1,-1,0,0,0,1,2,2,0,0,2,1,E01017578,1.0,1.0,1.0,30.0,6.0,2.0,0.0,0.0,0.0,0.0,0.0,9.0,1.0,10.0