,accident_index,vehicle_reference,vehicle_type,towing_and_articulation,vehicle_manoeuvre,vehicle_location-restricted_lane,junction_location,skidding_and_overturning,hit_object_in_carriageway,vehicle_leaving_carriageway,hit_object_off_carriageway,1st_point_of_impact,was_vehicle_left_hand_drive?,journey_purpose_of_driver,sex_of_driver,age_of_driver,age_band_of_driver,engine_capacity_(cc),propulsion_code,age_of_vehicle,driver_imd_decile,driver_home_area_type,vehicle_imd_decile,NUmber_of_Casualities_unique_to_accident_index,No_of_Vehicles_involved_unique_to_accident_index,location_easting_osgr,location_northing_osgr,longitude,latitude,police_force,accident_severity,number_of_vehicles,number_of_casualties,date,day_of_week,time,local_authority_(district),local_authority_(highway),1st_road_class,1st_road_number,road_type,speed_limit,junction_detail,junction_control,2nd_road_class,2nd_road_number,pedestrian_crossing-human_control,pedestrian_crossing-physical_facilities,light_conditions,weather_conditions,road_surface_conditions,special_conditions_at_site,carriageway_hazards,urban_or_rural_area,did_police_officer_attend_scene_of_accident,lsoa_of_accident_location,casualty_reference,casualty_class,sex_of_casualty,age_of_casualty,age_band_of_casualty,casualty_severity,pedestrian_location,pedestrian_movement,car_passenger,bus_or_coach_passenger,pedestrian_road_maintenance_worker,casualty_type,casualty_home_area_type,casualty_imd_decile
5026,2015051500374,2,9,0,18,0,8,0,0,0,0,4,1,6,2,27,6,1598,1,10,-1,1,-1,1,2,328432.0,390614.0,-3.078037,53.407468,5,2,2,1,42065,3,1899-12-30 09:15:00,95,E08000015,6,0,3,40,3,4,3,553,0,4,1,1,1,0,0,2,1,,,,,,,,,,,,,,,
5027,2015210032983,2,3,0,18,0,0,0,0,1,0,1,1,6,1,16,4,124,1,22,-1,1,-1,2,2,389079.0,348079.0,-2.16429,53.029882,21,2,2,2,42105,4,1899-12-30 13:30:00,257,E06000021,3,5272,6,30,0,-1,-1,0,0,0,1,1,2,0,0,1,1,E01014329,3.0,3.0,2.0,53.0,8.0,2.0,10.0,9.0,0.0,0.0,-1.0,0.0,1.0,2.0
5028,2015100690015,1,9,0,18,0,0,1,0,7,4,1,1,6,1,28,6,1975,1,11,-1,1,-1,5,1,392083.0,578973.0,-2.125622,55.105103,10,2,1,5,13/11/2015,6,1899-12-30 21:15:00,139,E06000048,3,68,6,60,0,-1,-1,0,0,0,6,4,2,0,0,2,1,E01027480,2.0,2.0,1.0,30.0,6.0,2.0,0.0,0.0,2.0,0.0,0.0,9.0,1.0,1.0
5029,201506K000995,1,2,0,18,0,1,0,0,0,0,4,1,6,1,21,5,-1,-1,-1,-1,1,-1,1,2,372190.0,407950.0,-2.421378,53.567416,6,2,2,1,42190,5,1899-12-30 14:20:00,100,E08000001,5,0,6,30,3,4,6,0,0,0,1,1,1,0,0,1,1,E01004817,1.0,1.0,1.0,21.0,5.0,2.0,0.0,0.0,0.0,0.0,0.0,2.0,1.0,5.0
5030,2015471504248,1,9,0,17,0,1,0,0,1,0,1,1,6,1,29,6,1248,2,7,-1,1,-1,3,2,547302.0,130128.0,0.100221,51.051615,47,2,2,3,24/07/2015,6,1899-12-30 12:56:00,556,E10000011,4,2026,6,40,3,4,4,2188,0,0,1,5,2,0,0,2,1,E01021173,2.0,1.0,1.0,29.0,6.0,2.0,0.0,0.0,0.0,0.0,0.0,9.0,1.0,4.0
5031,2015521505063,1,9,0,9,0,8,0,0,0,0,1,1,6,2,30,6,-1,-1,-1,-1,-1,-1,1,2,359580.0,172099.0,-2.583007,51.446427,52,2,2,1,42222,2,1899-12-30 08:30:00,601,E06000023,6,0,6,30,9,4,6,0,0,0,1,1,1,0,0,1,2,E01033359,,,,,,,,,,,,,,
5032,201504ED15292,1,9,0,18,0,0,0,0,0,0,3,1,6,1,35,6,3724,1,12,-1,1,-1,1,1,368860.0,429090.0,-2.473784,53.757232,4,2,1,1,42192,3,1899-12-30 17:00:00,70,E06000008,6,0,6,30,0,-1,-1,0,0,0,1,1,1,0,0,1,1,E01012580,1.0,3.0,2.0,3.0,1.0,2.0,8.0,4.0,0.0,0.0,2.0,0.0,1.0,2.0
5033,201501QK50671,1,5,0,4,0,8,0,0,0,0,1,1,6,1,40,7,670,1,3,-1,1,-1,2,2,524330.0,184200.0,-0.208523,51.543011,1,2,2,2,17/09/2015,5,1899-12-30 19:40:00,28,E09000005,3,4003,6,30,6,2,5,0,0,0,4,1,1,0,0,1,2,E01000490,2.0,2.0,2.0,25.0,5.0,3.0,0.0,0.0,0.0,0.0,0.0,5.0,1.0,2.0
5034,201501CW11826,1,19,0,1,0,0,0,0,0,0,4,1,6,1,44,7,-1,-1,-1,-1,1,-1,1,1,529560.0,179060.0,-0.135035,51.495644,1,2,1,1,42075,5,1899-12-30 11:50:00,1,E09000033,6,0,2,20,0,-1,-1,0,0,0,1,1,1,0,0,1,1,E01004744,1.0,3.0,2.0,34.0,6.0,2.0,5.0,1.0,0.0,0.0,2.0,0.0,1.0,5.0
5035,201531C132015,2,9,0,17,0,8,0,0,0,0,1,1,6,2,30,6,1560,2,5,-1,1,-1,2,2,455538.0,346576.0,-1.173643,53.013617,31,2,2,2,42192,3,1899-12-30 08:37:00,346,E06000018,6,0,6,20,3,4,6,0,0,0,1,1,1,0,0,1,1,E01013887,2.0,1.0,2.0,30.0,6.0,3.0,0.0,0.0,0.0,0.0,0.0,9.0,1.0,7.0
5036,2015440302248,2,2,0,18,0,1,0,0,0,0,1,1,6,1,16,4,49,1,12,-1,1,-1,1,2,487372.0,153799.0,-0.748781,51.276648,44,2,2,1,31/08/2015,2,1899-12-30 16:40:00,499,E10000014,6,0,6,30,8,4,6,0,0,0,1,1,1,0,0,1,2,E01023138,1.0,1.0,1.0,16.0,4.0,2.0,0.0,0.0,0.0,0.0,0.0,2.0,1.0,7.0
5037,2015120157145,1,5,0,13,0,0,1,0,0,0,1,1,6,1,57,9,1137,1,14,-1,2,-1,1,3,462223.0,429165.0,-1.057773,53.755142,12,2,3,1,42164,1,1899-12-30 13:40:00,187,E10000023,3,1041,6,60,0,-1,-1,0,0,0,1,1,1,0,0,2,1,E01027882,1.0,1.0,1.0,57.0,9.0,2.0,0.0,0.0,0.0,0.0,0.0,5.0,2.0,3.0
5038,201537EA95366,1,10,0,9,0,6,0,0,0,0,3,1,2,1,52,8,-1,-1,-1,-1,1,-1,4,2,610999.0,254096.0,1.082343,52.144832,37,2,2,4,18/11/2015,4,1899-12-30 17:25:00,413,E10000029,5,492,6,60,3,4,5,492,0,0,4,5,2,0,0,2,1,E01030057,1.0,2.0,1.0,52.0,8.0,3.0,0.0,0.0,0.0,0.0,0.0,10.0,-1.0,-1.0
5039,2015950003807,2,9,0,16,0,0,0,0,0,0,1,1,6,1,60,9,1598,2,3,-1,3,-1,3,2,323671.0,654411.0,-3.21842,55.776976,95,2,2,3,14/08/2015,6,1899-12-30 13:05:00,914,S12000026,3,703,6,60,0,-1,-1,0,0,0,1,2,2,0,0,2,1,,2.0,1.0,1.0,60.0,9.0,3.0,0.0,0.0,0.0,0.0,0.0,9.0,3.0,-1.0
5040,201531B150815,1,9,0,16,0,0,2,0,1,11,1,1,6,1,31,6,1896,2,14,-1,-1,-1,4,1,478822.0,354538.0,-0.824713,53.082256,31,2,1,4,20/07/2015,2,1899-12-30 23:18:00,345,E10000024,3,617,6,50,0,-1,-1,0,0,0,6,1,1,0,0,2,1,E01028311,4.0,2.0,1.0,24.0,5.0,3.0,0.0,0.0,2.0,0.0,0.0,9.0,-1.0,-1.0
5041,2015215002155,1,9,0,18,0,0,0,0,1,11,1,1,6,1,34,6,1686,2,2,-1,3,-1,1,1,411376.0,314546.0,-1.832986,52.728439,21,2,1,1,27/04/2015,2,1899-12-30 01:00:00,252,E10000028,3,515,6,60,0,-1,-1,0,0,0,6,1,1,0,0,2,1,E01029509,1.0,1.0,1.0,34.0,6.0,2.0,0.0,0.0,0.0,0.0,0.0,9.0,3.0,7.0
5042,2015460255795,1,1,0,9,0,6,0,0,0,0,1,1,6,1,35,6,-1,-1,-1,-1,1,-1,1,2,617050.0,167330.0,1.116505,51.363544,46,2,2,1,28/04/2015,3,1899-12-30 15:09:00,531,E10000016,6,3127,6,30,3,4,6,0,0,0,1,1,1,0,0,1,1,E01024064,1.0,2.0,1.0,18.0,4.0,2.0,0.0,0.0,0.0,0.0,0.0,1.0,1.0,6.0
5043,2015100076415,1,1,0,18,0,0,0,10,1,0,4,1,2,1,31,6,-1,-1,-1,-1,1,-1,1,1,425691.0,558819.0,-1.600684,54.923406,10,2,1,1,42065,3,1899-12-30 06:25:00,146,E08000020,5,313,6,30,0,-1,-1,0,0,0,4,1,2,0,0,1,1,E01008194,1.0,1.0,1.0,31.0,6.0,2.0,0.0,0.0,0.0,0.0,0.0,1.0,1.0,2.0
5044,201501ZD30089,2,9,0,13,0,2,0,0,0,0,1,1,6,3,-1,-1,2457,1,1,-1,-1,-1,1,2,530590.0,169740.0,-0.123643,51.411651,1,2,2,1,42249,2,1899-12-30 16:45:00,20,E09000008,3,23,6,30,3,4,6,0,0,4,1,1,1,0,0,1,1,E01001089,,,,,,,,,,,,,,
5045,201514B025415,2,3,0,18,0,0,0,0,0,0,1,1,2,1,27,6,102,1,-1,-1,1,-1,1,2,433052.0,405702.0,-1.502655,53.54692,14,2,2,1,15/03/2015,1,1899-12-30 18:00:00,210,E08000016,3,6133,6,40,0,-1,-1,0,0,0,1,1,1,4,0,1,1,E01007444,1.0,1.0,1.0,27.0,6.0,2.0,0.0,0.0,0.0,0.0,0.0,3.0,1.0,9.0
5046,2015230034752,1,9,0,16,0,8,0,0,0,0,1,1,5,2,31,6,1360,1,17,-1,1,-1,3,2,408477.0,254477.0,-1.877419,52.188473,23,2,2,3,23/11/2015,2,1899-12-30 17:09:00,293,E10000031,6,0,6,60,3,4,6,0,0,0,6,1,1,0,0,2,1,E01031183,4.0,2.0,1.0,0.0,1.0,2.0,0.0,0.0,2.0,0.0,0.0,9.0,-1.0,-1.0
5047,2015450031013,1,9,0,9,0,4,0,0,0,0,1,1,2,2,30,6,1749,1,14,-1,1,-1,1,2,486576.0,158347.0,-0.759088,51.317654,45,2,2,1,23/10/2015,6,1899-12-30 08:00:00,515,E10000030,3,331,3,50,1,4,1,3,0,0,1,1,1,0,0,2,1,E01030805,,,,,,,,,,,,,,
5048,2015160C06801,2,9,0,17,0,0,0,0,0,0,3,1,6,2,29,6,1299,1,14,-1,1,-1,4,2,508201.0,442172.0,-0.356128,53.864494,16,2,2,4,15/11/2015,1,1899-12-30 17:20:00,231,E06000011,3,1035,6,50,0,-1,-1,0,0,0,6,1,1,0,0,2,1,E01012924,3.0,2.0,2.0,9.0,2.0,3.0,0.0,0.0,1.0,0.0,0.0,9.0,1.0,3.0
5049,2015331500264,1,9,0,18,0,0,2,0,1,4,4,1,6,2,17,4,1560,2,2,-1,1,-1,1,1,447750.0,310339.0,-1.29501,52.688642,33,2,1,1,42066,3,1899-12-30 22:54:00,361,E10000018,6,5802,6,60,0,-1,-1,0,0,0,6,1,1,0,0,2,1,E01025871,1.0,1.0,2.0,17.0,4.0,2.0,0.0,0.0,0.0,0.0,0.0,9.0,1.0,8.0
5050,2015051501075,1,9,0,18,0,1,0,0,0,0,4,1,6,2,65,9,1598,2,1,-1,3,-1,1,2,346756.0,402196.0,-2.804396,53.513732,5,2,2,1,22/04/2015,4,1899-12-30 19:15:00,92,E08000013,3,570,3,60,6,4,6,0,0,8,1,1,1,0,0,2,1,E01006883,,,,,,,,,,,,,,
5051,201537EA90548,1,4,0,18,0,0,0,0,7,4,1,1,6,1,56,9,350,1,2,-1,2,-1,1,1,579432.0,271971.0,0.631039,52.316514,37,2,1,1,23/05/2015,7,1899-12-30 14:45:00,414,E10000029,6,0,6,60,0,-1,-1,0,0,0,1,1,1,0,0,2,1,E01029941,1.0,1.0,1.0,56.0,9.0,2.0,0.0,0.0,0.0,0.0,0.0,4.0,2.0,10.0
5052,201543P041035,3,9,0,9,0,5,0,0,0,0,1,1,1,1,27,6,-1,-1,-1,-1,3,-1,3,3,431434.0,211023.0,-1.54559,51.796978,43,2,3,3,42066,3,1899-12-30 08:58:00,485,E10000025,4,4047,6,40,3,4,6,0,0,0,1,1,2,0,0,2,1,E01028794,2.0,1.0,1.0,27.0,6.0,3.0,0.0,0.0,0.0,0.0,0.0,9.0,3.0,6.0
5053,201520W016945,1,9,0,2,0,0,0,0,0,0,0,1,6,2,20,4,1242,1,12,-1,1,-1,1,2,407440.0,287950.0,-1.891858,52.489415,20,2,2,1,18/03/2015,4,1899-12-30 09:00:00,300,E08000025,6,0,6,20,0,-1,-1,0,0,0,1,1,1,0,0,1,2,E01033617,,,,,,,,,,,,,,
5054,2015075225106,1,9,0,5,0,4,0,0,0,0,3,1,2,2,31,6,1598,1,10,-1,1,-1,1,2,343177.0,368694.0,-2.852329,53.212254,7,2,2,1,42012,7,1899-12-30 17:00:00,130,E06000050,3,56,1,50,1,4,1,53,0,0,1,1,1,0,0,2,1,E01018358,,,,,,,,,,,,,,
5055,201563DP05415,1,9,0,16,0,0,2,0,1,4,1,1,6,1,22,5,-1,-1,-1,-1,3,-1,2,1,306770.0,291670.0,-3.37528,52.514913,63,2,1,2,42159,2,1899-12-30 18:00:00,753,W06000023,3,489,6,60,0,-1,-1,0,0,0,1,1,1,0,0,2,1,W01000453,2.0,2.0,2.0,23.0,5.0,3.0,0.0,0.0,1.0,0.0,0.0,9.0,3.0,-1.0
5056,201563DP21715,2,9,0,18,0,0,0,0,1,0,1,1,6,2,25,5,-1,-1,-1,-1,1,-1,3,3,308160.0,243990.0,-3.341782,52.086614,63,2,3,3,42132,4,1899-12-30 18:34:00,753,W06000023,3,470,6,60,0,-1,-1,0,0,0,1,2,2,0,0,2,1,W01000430,3.0,1.0,2.0,25.0,5.0,2.0,0.0,0.0,0.0,0.0,0.0,9.0,1.0,-1.0
5057,2015471503836,1,11,0,18,0,1,0,0,0,0,1,1,1,1,52,8,9360,2,2,-1,1,-1,34,3,530908.0,104300.0,-0.142807,50.823451,47,2,3,34,42162,2,1899-12-30 09:22:00,565,E06000043,6,0,6,30,3,2,6,0,0,4,1,1,1,0,0,1,1,E01016952,17.0,2.0,1.0,62.0,9.0,2.0,0.0,0.0,0.0,4.0,0.0,11.0,1.0,6.0
5058,2015300013272,1,1,0,5,0,8,0,10,0,0,0,1,6,1,54,8,-1,-1,-1,-1,1,-1,1,2,444480.0,346970.0,-1.338398,53.018189,30,2,2,1,14/04/2015,3,1899-12-30 19:45:00,320,E10000007,3,608,6,30,3,2,6,0,0,0,1,1,1,0,0,1,1,E01019453,1.0,1.0,1.0,54.0,8.0,2.0,0.0,0.0,0.0,0.0,0.0,1.0,1.0,6.0
5059,201520G009725,1,9,0,9,0,5,0,0,0,0,1,1,6,1,41,7,1199,1,1,-1,1,-1,1,3,393220.0,295510.0,-2.101437,52.557385,20,2,3,1,13/05/2015,4,1899-12-30 14:25:00,309,E08000031,3,4126,6,30,3,4,6,0,0,0,1,1,1,0,0,1,1,E01010535,,,,,,,,,,,,,,
5060,201531D003915,2,1,0,18,0,2,1,0,1,0,1,1,6,1,14,3,-1,-1,-1,-1,1,-1,1,2,457473.0,345125.0,-1.145063,53.000371,31,2,2,1,14/01/2015,4,1899-12-30 19:22:00,343,E10000024,4,6004,3,40,3,4,6,0,0,7,4,5,2,0,0,1,1,E01028167,1.0,1.0,1.0,14.0,3.0,2.0,0.0,0.0,0.0,0.0,0.0,1.0,1.0,1.0
5061,2015621500914,1,9,0,17,0,2,1,10,8,4,1,1,6,1,18,4,-1,-1,-1,-1,2,-1,5,1,278381.0,191954.0,-3.757877,51.613238,62,2,1,5,30/05/2015,7,1899-12-30 23:07:00,743,W06000012,3,4107,6,30,3,2,4,4282,0,0,4,2,2,0,0,2,1,W01000900,2.0,2.0,1.0,17.0,4.0,2.0,0.0,0.0,1.0,0.0,0.0,9.0,1.0,-1.0
5062,201520S051225,2,9,0,18,0,8,0,0,0,0,1,1,6,1,24,5,1587,1,16,-1,1,-1,1,2,401130.0,277940.0,-1.984818,52.399474,20,2,2,1,42347,7,1899-12-30 21:30:00,300,E08000025,3,38,3,30,3,4,6,0,0,0,4,1,1,0,0,1,1,E01009162,,,,,,,,,,,,,,
5063,2015521506027,2,97,0,18,0,1,0,10,0,10,4,1,6,1,25,5,805,1,19,-1,1,-1,1,2,371166.0,166314.0,-2.415826,51.395123,52,2,2,1,21/07/2015,3,1899-12-30 11:20:00,611,E06000022,6,0,9,40,9,4,6,0,0,0,1,1,1,0,0,2,2,E01014375,1.0,1.0,1.0,25.0,5.0,2.0,0.0,0.0,0.0,0.0,0.0,97.0,1.0,4.0
5064,2015440122348,1,9,0,9,0,8,0,0,0,0,4,1,6,2,50,8,1360,1,15,-1,1,-1,1,2,447782.0,110381.0,-1.322028,50.890944,44,2,2,1,13/04/2015,2,1899-12-30 13:00:00,491,E10000014,6,0,6,30,3,4,6,0,0,0,1,1,1,0,0,2,1,E01022657,,,,,,,,,,,,,,
5065,2015530209938,1,9,0,1,0,0,0,0,0,0,2,1,6,2,42,7,1796,1,10,-1,1,-1,2,1,396810.0,222676.0,-2.047772,51.902616,53,2,1,2,23/10/2015,6,1899-12-30 19:55:00,620,E10000013,6,9188,6,30,0,-1,-1,0,0,0,5,1,1,0,0,1,1,E01022103,1.0,3.0,2.0,17.0,4.0,2.0,5.0,3.0,0.0,0.0,0.0,0.0,1.0,3.0
5066,2015961500777,5,9,0,2,0,1,0,0,0,0,4,1,6,1,49,8,1895,1,18,-1,1,-1,1,5,289583.0,680229.0,-3.772151,56.00225,96,2,5,1,42282,1,1899-12-30 00:55:00,924,S12000014,3,904,6,30,3,4,6,0,0,0,4,1,1,0,0,1,1,,,,,,,,,,,,,,,
5067,2015120123550,1,1,0,17,0,0,0,0,0,0,0,1,6,1,60,9,-1,-1,-1,-1,3,-1,1,1,402016.0,479272.0,-1.970589,54.209185,12,2,1,1,19/07/2015,1,1899-12-30 11:59:00,184,E10000023,6,935,6,60,0,-1,-1,0,0,0,1,4,1,6,0,2,1,E01027763,1.0,1.0,1.0,60.0,9.0,2.0,0.0,0.0,0.0,0.0,0.0,1.0,3.0,7.0
5068,201504EF15090,1,1,0,18,0,8,1,0,0,0,2,1,6,1,42,7,-1,-1,-1,-1,2,-1,1,2,381300.0,432610.0,-2.285323,53.789467,4,2,2,1,28/03/2015,7,1899-12-30 11:40:00,72,E10000017,3,646,6,30,6,2,6,0,0,8,1,1,2,0,0,1,1,E01024902,1.0,1.0,1.0,42.0,7.0,2.0,0.0,0.0,0.0,0.0,0.0,1.0,2.0,6.0
5069,2015350091515,1,9,0,9,0,4,0,0,0,0,1,1,2,1,40,7,1999,1,9,-1,1,-1,1,2,523910.0,274070.0,-0.182211,52.350705,35,2,2,1,26/06/2015,6,1899-12-30 08:05:00,393,E10000003,5,115,1,30,1,4,5,112,0,0,1,1,1,0,0,1,1,E01018146,,,,,,,,,,,,,,
5070,201560S179777,1,9,0,9,0,5,0,0,0,0,1,1,6,1,69,10,-1,-1,-1,-1,-1,-1,1,2,255484.0,371803.0,-4.166145,53.22356,60,2,2,1,23/11/2015,2,1899-12-30 17:10:00,720,W06000001,3,5,6,30,8,4,6,0,0,0,4,5,2,0,0,2,1,W01000011,,,,,,,,,,,,,,
5071,2015360092537,1,21,1,18,0,0,1,0,0,0,1,1,1,1,49,8,12900,2,6,-1,1,-1,1,1,566276.0,315961.0,0.460205,52.715757,36,2,1,1,42193,6,1899-12-30 08:35:00,407,E10000020,3,47,6,50,0,-1,-1,0,0,4,1,1,1,0,0,2,1,E01026725,1.0,3.0,1.0,62.0,9.0,2.0,4.0,1.0,0.0,0.0,0.0,0.0,-1.0,-1.0
5072,2015520501355,2,9,0,2,0,0,0,0,1,2,2,-1,6,3,-1,-1,1910,2,10,-1,-1,-1,2,3,354720.0,117295.0,-2.646003,50.953297,52,2,3,2,24/01/2015,7,1899-12-30 21:20:00,610,E10000027,3,37,6,30,0,-1,-1,0,0,0,4,1,2,0,0,1,1,E01029250,,,,,,,,,,,,,,
5073,2015320090574,2,9,0,18,0,0,0,0,0,0,3,1,6,1,63,9,1598,1,8,-1,-1,-1,1,3,542074.0,372172.0,0.126845,53.227595,32,2,3,1,42317,6,1899-12-30 12:24:00,351,E10000019,3,1028,6,30,0,-1,-1,0,0,0,1,1,1,0,0,2,1,E01026068,1.0,1.0,1.0,63.0,9.0,2.0,0.0,0.0,0.0,0.0,0.0,9.0,-1.0,-1.0
5074,201560S103995,2,19,0,18,0,0,0,0,0,0,1,1,6,1,30,6,-1,-1,-1,-1,-1,-1,3,2,328221.0,353613.0,-3.072859,53.074903,60,2,2,3,13/07/2015,2,1899-12-30 19:39:00,725,W06000006,4,5102,6,60,0,-1,-1,0,0,0,1,2,2,0,0,2,1,W01000347,2.0,1.0,1.0,30.0,6.0,3.0,0.0,0.0,0.0,0.0,0.0,19.0,-1.0,-1.0
5075,2015621502004,1,9,0,18,0,0,0,0,1,7,1,1,6,2,45,7,-1,-1,-1,-1,1,-1,1,1,307854.0,190713.0,-3.332031,51.607684,62,2,1,1,18/11/2015,4,1899-12-30 13:21:00,744,W06000016,3,470,3,70,0,-1,-1,0,0,0,1,5,2,0,0,1,1,W01001256,2.0,2.0,1.0,15.0,3.0,2.0,0.0,0.0,1.0,0.0,0.0,9.0,1.0,-1.0
5076,201542I303909,1,9,0,18,0,5,0,0,0,0,1,1,6,1,-1,-1,-1,-1,-1,-1,-1,-1,1,1,584233.0,188172.0,0.656537,51.56233,42,2,1,1,25/09/2015,6,1899-12-30 20:15:00,460,E06000033,6,0,6,30,3,4,6,0,0,0,1,1,1,0,0,1,2,E01015818,1.0,3.0,1.0,19.0,4.0,2.0,5.0,9.0,0.0,0.0,0.0,0.0,-1.0,-1.0
5077,201523N035539,1,9,0,18,0,0,0,0,0,0,4,1,6,2,33,6,1596,1,6,-1,3,-1,1,1,450553.0,276853.0,-1.258631,52.387379,23,2,1,1,20/04/2015,2,1899-12-30 08:35:00,292,E10000031,3,426,3,40,0,-1,-1,0,0,4,1,1,1,0,0,1,1,E01031141,1.0,3.0,2.0,15.0,3.0,2.0,1.0,1.0,0.0,0.0,0.0,0.0,1.0,2.0
5078,2015921500130,1,9,0,18,0,4,0,0,3,1,1,1,6,1,20,4,1229,1,2,-1,-1,-1,2,2,391514.0,805458.0,-2.14185,57.139942,92,2,2,2,29/01/2015,5,1899-12-30 22:30:00,910,S12000033,3,90,1,40,1,4,6,0,0,4,4,8,2,0,0,1,1,,1.0,1.0,1.0,20.0,4.0,3.0,0.0,0.0,0.0,0.0,0.0,9.0,1.0,-1.0
5079,201514C035015,1,9,0,18,0,2,0,0,0,0,1,1,6,2,21,5,1598,1,9,-1,1,-1,1,1,445674.0,399142.0,-1.313133,53.487018,14,2,1,1,42098,7,1899-12-30 22:01:00,213,E08000018,3,6022,6,30,3,4,6,0,0,0,4,1,1,0,0,1,1,E01007800,1.0,3.0,1.0,22.0,5.0,2.0,5.0,3.0,0.0,0.0,0.0,0.0,1.0,1.0
5080,2015555997896,1,9,0,18,0,0,0,0,1,4,1,1,6,1,29,6,1396,1,15,-1,1,-1,3,1,407834.0,91127.0,-1.890391,50.719718,55,2,1,3,42187,7,1899-12-30 04:14:00,640,E06000028,4,3066,6,30,0,-1,-1,0,0,0,4,1,1,0,0,1,1,E01015368,3.0,2.0,1.0,34.0,6.0,2.0,0.0,0.0,2.0,0.0,0.0,9.0,1.0,2.0
5081,201520W053235,1,5,0,13,0,8,0,0,0,0,1,1,1,1,48,8,782,1,5,-1,-1,-1,1,2,405540.0,289700.0,-1.919811,52.50517,20,2,2,1,28/09/2015,2,1899-12-30 15:05:00,300,E08000025,4,4124,6,30,3,4,6,0,0,4,1,1,1,0,0,1,1,E01009355,1.0,1.0,1.0,48.0,8.0,2.0,0.0,0.0,0.0,0.0,0.0,5.0,-1.0,-1.0
5082,201501SX21072,2,9,0,9,0,8,0,0,0,0,0,1,6,2,53,8,-1,-1,-1,-1,1,-1,1,2,524310.0,191020.0,-0.2064,51.604306,1,2,2,1,30/09/2015,4,1899-12-30 11:00:00,30,E09000003,4,1462,6,30,3,4,6,0,0,0,1,1,1,0,0,1,1,E01000204,,,,,,,,,,,,,,
5083,201522G502923,2,9,0,4,0,0,0,0,0,0,2,1,2,1,36,7,1999,1,9,-1,1,-1,1,2,366630.0,311420.0,-2.495242,52.699419,22,2,2,1,24/08/2015,2,1899-12-30 15:58:00,284,E06000020,3,5223,6,40,0,-1,-1,0,0,0,1,8,2,0,0,2,1,E01014113,,,,,,,,,,,,,,
5084,201506L096696,1,9,0,16,9,0,0,10,1,10,1,1,6,1,18,4,998,1,6,-1,1,-1,1,1,357610.0,400790.0,-2.640538,53.502085,6,2,1,1,20/01/2015,3,1899-12-30 13:51:00,114,E08000010,6,0,6,30,0,-1,-1,0,0,0,1,1,2,0,0,1,1,E01006268,1.0,3.0,1.0,54.0,8.0,2.0,6.0,9.0,0.0,0.0,0.0,0.0,1.0,1.0
5085,2015471504669,1,9,0,16,0,0,1,0,7,4,1,1,6,1,18,4,1390,1,8,-1,1,-1,3,1,535914.0,126782.0,-0.063405,51.02435,47,2,1,3,14/08/2015,6,1899-12-30 00:45:00,563,E10000032,6,0,6,60,0,-1,-1,0,0,0,6,1,2,0,0,2,1,E01031765,3.0,2.0,1.0,17.0,4.0,2.0,0.0,0.0,2.0,0.0,0.0,9.0,1.0,7.0
5086,2015200044804,2,98,-1,-1,-1,0,-1,-1,-1,0,-1,1,6,1,47,8,12900,2,6,-1,2,-1,2,2,399371.0,297515.0,-2.010714,52.575452,20,2,2,2,21/12/2015,2,1899-12-30 21:25:00,307,E08000030,1,4038,9,70,0,-1,-1,0,-1,-1,4,1,2,0,0,1,2,E01010366,1.0,1.0,1.0,47.0,8.0,2.0,0.0,0.0,0.0,0.0,0.0,98.0,2.0,5.0
5087,2015471501539,1,9,0,9,0,5,0,0,0,0,1,1,6,2,79,11,1995,2,7,-1,1,-1,1,2,529326.0,105291.0,-0.164906,50.832714,47,2,2,1,16/03/2015,2,1899-12-30 19:01:00,565,E06000043,4,2120,6,30,6,4,6,0,0,0,1,1,1,0,0,1,1,E01016871,,,,,,,,,,,,,,
5088,2015300015691,2,4,0,18,0,8,0,0,0,0,1,1,2,1,-1,-1,124,1,6,-1,1,-1,1,2,449090.0,333810.0,-1.271673,52.899498,30,2,2,1,42194,2,1899-12-30 06:13:00,324,E10000007,3,6005,1,30,1,4,4,6540,0,4,1,1,2,0,0,1,1,E01019647,1.0,1.0,1.0,-1.0,-1.0,2.0,0.0,0.0,0.0,0.0,0.0,4.0,1.0,6.0
5089,201550DE2A009,1,5,0,17,0,0,0,0,0,0,1,1,1,1,21,5,937,1,20,-1,1,-1,1,2,290345.0,93847.0,-3.555199,50.733854,50,2,2,1,42315,7,1899-12-30 16:30:00,581,E10000008,6,0,6,30,0,-1,-1,0,0,0,1,1,1,0,0,1,1,E01019980,1.0,1.0,1.0,21.0,5.0,2.0,0.0,0.0,0.0,0.0,0.0,5.0,1.0,5.0
5090,2015440207534,1,19,0,7,0,8,0,0,0,0,4,1,6,3,-1,-1,1900,2,19,-1,-1,-1,1,2,448750.0,114052.0,-1.307777,50.923872,44,2,2,1,19/06/2015,6,1899-12-30 08:00:00,491,E10000014,4,3035,6,40,3,4,6,0,0,8,1,1,1,0,0,1,2,E01022700,,,,,,,,,,,,,,
5091,2015950005326,1,9,0,9,0,8,0,0,0,0,3,1,6,2,48,8,1910,2,11,-1,1,-1,1,2,325700.0,673320.0,-3.19127,55.94715,95,2,2,1,19/11/2015,5,1899-12-30 16:40:00,923,S12000036,5,0,6,30,3,4,6,0,0,4,4,1,1,0,0,1,1,,,,,,,,,,,,,,,