,accident_index,vehicle_reference,vehicle_type,towing_and_articulation,vehicle_manoeuvre,vehicle_location-restricted_lane,junction_location,skidding_and_overturning,hit_object_in_carriageway,vehicle_leaving_carriageway,hit_object_off_carriageway,1st_point_of_impact,was_vehicle_left_hand_drive?,journey_purpose_of_driver,sex_of_driver,age_of_driver,age_band_of_driver,engine_capacity_(cc),propulsion_code,age_of_vehicle,driver_imd_decile,driver_home_area_type,vehicle_imd_decile,NUmber_of_Casualities_unique_to_accident_index,No_of_Vehicles_involved_unique_to_accident_index,location_easting_osgr,location_northing_osgr,longitude,latitude,police_force,accident_severity,number_of_vehicles,number_of_casualties,date,day_of_week,time,local_authority_(district),local_authority_(highway),1st_road_class,1st_road_number,road_type,speed_limit,junction_detail,junction_control,2nd_road_class,2nd_road_number,pedestrian_crossing-human_control,pedestrian_crossing-physical_facilities,light_conditions,weather_conditions,road_surface_conditions,special_conditions_at_site,carriageway_hazards,urban_or_rural_area,did_police_officer_attend_scene_of_accident,lsoa_of_accident_location,casualty_reference,casualty_class,sex_of_casualty,age_of_casualty,age_band_of_casualty,casualty_severity,pedestrian_location,pedestrian_movement,car_passenger,bus_or_coach_passenger,pedestrian_road_maintenance_worker,casualty_type,casualty_home_area_type,casualty_imd_decile
5092,2015160A02881,1,9,0,7,0,0,0,0,0,0,1,1,6,1,50,8,-1,-1,-1,-1,1,-1,2,2,528672.0,405402.0,-0.060267,53.529527,16,2,2,2,17/08/2015,2,1899-12-30 18:29:00,233,E06000012,6,0,6,30,0,-1,-1,0,0,0,1,1,1,0,0,2,1,E01013170,1.0,1.0,1.0,50.0,8.0,2.0,0.0,0.0,0.0,0.0,0.0,9.0,1.0,2.0
5093,2015471507338,1,10,0,18,0,0,1,0,0,0,1,2,1,1,46,8,-1,-1,-1,-1,-1,-1,1,2,489320.0,101724.0,-0.733687,50.808194,47,2,2,1,22/11/2015,1,1899-12-30 17:00:00,558,E10000032,4,2166,6,60,0,-1,-1,0,0,0,6,1,2,0,0,2,1,E01031445,,,,,,,,,,,,,,
5094,2015320116162,2,9,0,14,0,0,0,0,0,0,3,1,6,2,49,8,1390,1,7,-1,1,-1,1,2,504379.0,307608.0,-0.458329,52.656162,32,2,2,1,42074,3,1899-12-30 08:30:00,355,E10000019,3,1175,6,60,0,-1,-1,0,0,0,1,1,1,0,0,2,1,E01026350,,,,,,,,,,,,,,
5095,201531C033715,1,9,0,6,0,0,0,0,0,0,3,1,6,1,45,7,1242,1,1,-1,3,-1,1,2,451022.0,340617.0,-1.241887,52.960503,31,2,2,1,42310,4,1899-12-30 17:15:00,346,E06000018,3,6002,6,30,0,-1,-1,0,0,0,1,1,1,0,0,1,2,E01013863,,,,,,,,,,,,,,
5096,201511NE00265,2,9,0,4,0,0,5,0,0,0,2,1,6,1,51,8,-1,-1,-1,-1,3,-1,2,2,441480.0,541467.0,-1.356833,54.766426,11,2,2,2,42125,2,1899-12-30 16:18:00,169,E06000047,3,19,3,70,0,-1,-1,0,0,0,4,1,2,0,0,2,1,E01020761,2.0,1.0,1.0,51.0,8.0,2.0,0.0,0.0,0.0,0.0,0.0,9.0,3.0,8.0
5097,2015440431988,1,9,0,18,0,8,1,0,1,0,1,1,6,2,28,6,1587,1,13,-1,1,-1,1,1,457392.0,145758.0,-1.179814,51.208155,44,2,1,1,42289,5,1899-12-30 20:00:00,490,E10000014,1,3,3,70,5,4,1,3,0,0,4,2,2,0,0,2,1,E01022532,1.0,1.0,2.0,28.0,6.0,2.0,0.0,0.0,0.0,0.0,0.0,9.0,1.0,10.0
5098,2015471506023,3,9,0,17,0,0,0,0,0,0,1,1,6,1,73,10,-1,-1,-1,-1,1,-1,1,4,543351.0,100853.0,0.032394,50.789529,47,2,4,1,14/10/2015,4,1899-12-30 16:55:00,554,E10000011,3,259,6,30,0,-1,-1,0,0,0,1,1,1,0,0,2,1,E01021050,,,,,,,,,,,,,,
5099,201543W157045,1,9,0,18,0,0,0,0,0,0,1,1,6,2,34,6,1596,1,7,-1,1,-1,1,1,479810.0,164999.0,-0.854664,51.378443,43,2,1,1,23/04/2015,5,1899-12-30 15:37:00,475,E06000041,4,3016,6,30,0,-1,-1,0,0,0,1,1,1,0,0,1,1,E01016641,1.0,3.0,2.0,15.0,3.0,2.0,5.0,1.0,0.0,0.0,0.0,0.0,-1.0,-1.0
5100,201511NE16265,2,9,0,18,0,1,0,0,1,0,1,1,6,1,25,5,2457,1,9,-1,2,-1,3,2,439978.0,538113.0,-1.380636,54.736409,11,2,2,3,42102,3,1899-12-30 22:21:00,169,E06000047,4,1280,6,30,3,4,6,0,0,0,4,1,1,0,0,2,1,E01020793,2.0,1.0,1.0,25.0,5.0,3.0,0.0,0.0,0.0,0.0,0.0,9.0,2.0,5.0
5101,2015350045215,2,9,0,12,0,0,0,0,7,9,1,1,6,1,18,4,-1,-1,-1,-1,2,-1,2,2,542830.0,282420.0,0.098934,52.421124,35,2,2,2,42342,1,1899-12-30 15:00:00,391,E10000003,3,142,6,60,0,-1,-1,0,0,0,1,4,1,0,0,2,1,E01018022,2.0,2.0,2.0,17.0,4.0,3.0,0.0,0.0,1.0,0.0,0.0,9.0,3.0,9.0
5102,201560S195587,1,9,0,18,0,0,0,0,0,0,1,1,1,2,37,7,-1,-1,-1,-1,-1,-1,1,1,248416.0,362011.0,-4.267282,53.133639,60,2,1,1,23/12/2015,4,1899-12-30 17:25:00,722,W06000002,6,0,6,30,0,-1,-1,0,0,0,4,2,2,0,0,2,1,W01000111,1.0,3.0,1.0,9.0,2.0,2.0,5.0,4.0,0.0,0.0,0.0,0.0,-1.0,-1.0
5103,2015621501188,1,9,0,18,0,6,1,7,0,6,1,1,6,2,19,4,-1,-1,-1,-1,1,-1,2,3,309270.0,179254.0,-3.308629,51.504909,62,2,3,2,15/07/2015,4,1899-12-30 12:47:00,741,W06000015,1,4,3,40,5,4,3,4232,0,0,1,1,1,0,0,2,1,W01001729,4.0,2.0,2.0,18.0,4.0,2.0,0.0,0.0,1.0,0.0,0.0,9.0,2.0,-1.0
5104,2015440421159,2,9,0,3,0,0,0,0,0,0,3,1,6,1,55,8,1995,2,10,-1,1,-1,1,3,435003.0,114637.0,-1.503298,50.930128,44,2,3,1,42106,6,1899-12-30 08:20:00,496,E10000014,3,36,6,30,0,-1,-1,0,0,0,1,1,1,0,0,1,1,E01023079,,,,,,,,,,,,,,
5105,201504SC15054,1,9,0,18,0,0,0,0,0,0,4,1,6,1,18,4,1229,1,4,-1,1,-1,1,1,354340.0,422340.0,-2.692997,53.695493,4,2,1,1,42097,4,1899-12-30 18:32:00,83,E10000017,6,0,6,20,0,-1,-1,0,0,1,4,1,1,0,0,1,1,E01025422,1.0,3.0,2.0,22.0,5.0,2.0,1.0,1.0,0.0,0.0,0.0,0.0,-1.0,-1.0
5106,2015930000171,1,9,0,15,0,0,5,11,5,6,1,1,1,1,23,5,1242,1,8,-1,1,-1,2,1,314782.0,722445.0,-3.381794,56.38657,93,2,1,2,21/02/2015,7,1899-12-30 18:00:00,934,S12000024,3,90,3,70,0,-1,-1,0,0,0,6,1,1,0,2,2,1,,2.0,2.0,1.0,50.0,8.0,2.0,0.0,0.0,1.0,0.0,0.0,9.0,1.0,-1.0
5107,2015450030437,1,22,0,18,9,0,0,0,0,0,0,1,6,3,-1,-1,-1,-1,-1,-1,-1,-1,1,1,504313.0,162098.0,-0.503564,51.348399,45,2,1,1,42014,5,1899-12-30 11:50:00,514,E10000030,6,3063,9,30,0,-1,-1,0,0,0,1,9,1,0,0,1,1,E01030696,1.0,3.0,2.0,70.0,10.0,2.0,10.0,9.0,0.0,0.0,-1.0,0.0,1.0,10.0
5108,2015320083081,1,9,0,18,0,0,0,0,0,0,4,1,6,1,67,10,996,1,1,-1,3,-1,1,1,519331.0,362699.0,-0.217186,53.148075,32,2,1,1,21/08/2015,6,1899-12-30 16:50:00,351,E10000019,4,1192,6,30,0,-1,-1,0,0,0,1,9,-1,0,0,2,2,E01026120,1.0,3.0,1.0,44.0,7.0,2.0,9.0,9.0,0.0,0.0,0.0,0.0,3.0,5.0
5109,2015551600297,1,1,0,18,0,0,0,0,0,0,4,1,2,1,58,9,-1,-1,-1,-1,-1,-1,1,1,399251.0,95753.0,-2.011985,50.761368,55,2,1,1,27/05/2015,4,1899-12-30 06:08:00,647,E10000009,5,0,6,30,0,-1,-1,0,0,8,1,1,1,0,0,1,1,E01020387,1.0,1.0,1.0,58.0,9.0,2.0,0.0,0.0,0.0,0.0,0.0,1.0,1.0,10.0
5110,2015440152107,2,9,0,18,0,0,0,0,0,0,1,1,3,2,50,8,1461,2,1,-1,3,-1,4,2,455545.0,150290.0,-1.20555,51.249084,44,2,2,4,42160,4,1899-12-30 08:20:00,490,E10000014,4,3400,6,50,0,-1,-1,0,0,0,1,4,2,0,0,2,1,E01022529,4.0,2.0,2.0,9.0,2.0,3.0,0.0,0.0,2.0,0.0,0.0,9.0,3.0,9.0
5111,201520Z003355,2,9,0,4,0,0,0,0,0,0,2,1,6,1,46,8,-1,-1,-1,-1,1,-1,1,2,419170.0,280850.0,-1.719515,52.425304,20,2,2,1,17/10/2015,7,1899-12-30 09:53:00,306,E08000029,1,42,3,70,0,-1,-1,0,0,0,1,1,1,0,0,2,1,E01010108,,,,,,,,,,,,,,
5112,201531A261115,2,9,0,18,0,7,0,0,0,0,3,1,3,2,18,4,1299,1,8,-1,1,-1,1,2,453360.0,361754.0,-1.20359,53.15026,31,2,2,1,20/11/2015,6,1899-12-30 15:30:00,344,E10000024,3,6009,6,30,8,4,6,0,0,0,1,1,1,0,0,1,2,E01028284,1.0,1.0,2.0,18.0,4.0,2.0,0.0,0.0,0.0,0.0,0.0,9.0,1.0,4.0
5113,2015460251778,2,9,0,2,0,2,0,10,7,0,1,1,6,3,-1,-1,-1,-1,-1,-1,-1,-1,1,2,630300.0,142270.0,1.290401,51.133369,46,2,2,1,42005,5,1899-12-30 00:20:00,533,E10000016,6,3303,6,30,3,4,6,0,0,0,4,2,4,0,0,1,1,E01024240,,,,,,,,,,,,,,
5114,2015450036896,2,1,0,18,0,1,0,0,0,0,1,1,6,1,16,4,-1,-1,-1,-1,1,-1,1,2,515039.0,164750.0,-0.348759,51.370167,45,2,2,1,21/12/2015,2,1899-12-30 17:59:00,510,E10000030,6,6835,6,60,3,4,6,0,0,0,6,1,2,0,0,1,1,E01030321,1.0,1.0,1.0,16.0,4.0,2.0,0.0,0.0,0.0,0.0,0.0,1.0,1.0,10.0
5115,2015440309477,2,9,0,17,0,0,0,0,0,0,3,1,6,1,18,4,1716,2,13,-1,1,-1,1,2,470086.0,117626.0,-1.003573,50.953813,44,2,2,1,42164,1,1899-12-30 18:00:00,497,E10000014,6,0,6,60,0,-1,-1,0,0,0,1,1,1,7,0,2,1,E01022589,1.0,1.0,1.0,18.0,4.0,2.0,0.0,0.0,0.0,0.0,0.0,9.0,1.0,10.0
5116,2015440427287,2,1,0,18,0,1,0,0,0,0,1,1,6,2,22,5,-1,-1,-1,-1,1,-1,1,2,442074.0,113269.0,-1.402845,50.917356,44,2,2,1,42228,3,1899-12-30 07:45:00,500,E06000045,3,33,6,30,3,4,6,0,0,8,4,2,2,0,0,1,1,E01017158,1.0,1.0,2.0,22.0,5.0,2.0,0.0,0.0,0.0,0.0,0.0,1.0,1.0,4.0
5117,2015471503821,2,20,0,18,0,1,0,0,0,0,1,1,1,1,-1,-1,4461,2,3,-1,1,-1,3,2,540216.0,108354.0,-0.009189,50.857708,47,2,2,3,42131,1,1899-12-30 14:35:00,554,E10000011,5,7,6,50,3,4,6,0,0,0,1,1,1,0,0,2,1,E01021032,,,,,,,,,,,,,,
5118,2015471502818,1,9,0,18,0,1,0,0,0,0,1,1,1,2,55,8,1422,2,15,-1,1,-1,2,1,485505.0,105833.0,-0.786862,50.845711,47,2,1,2,20/05/2015,4,1899-12-30 07:48:00,559,E10000032,4,2178,6,30,3,4,6,0,0,4,1,1,1,0,0,1,1,E01031485,2.0,3.0,2.0,15.0,3.0,2.0,5.0,1.0,0.0,0.0,0.0,0.0,1.0,7.0
5119,201531A072315,2,9,0,2,0,0,0,0,0,0,1,1,6,3,-1,-1,-1,-1,-1,-1,-1,-1,1,2,454601.0,362602.0,-1.184892,53.157756,31,2,2,1,42128,1,1899-12-30 17:12:00,344,E10000024,3,6117,6,30,0,-1,-1,0,0,0,1,1,1,0,0,1,1,E01028273,,,,,,,,,,,,,,
5120,2015075223598,2,19,0,2,0,0,0,0,0,0,0,1,1,1,51,8,1870,2,10,-1,1,-1,1,3,366851.0,351221.0,-2.49604,53.057205,7,2,3,1,31/07/2015,6,1899-12-30 10:56:00,129,E06000049,3,51,6,40,0,-1,-1,0,0,0,1,1,1,0,0,2,1,E01033378,,,,,,,,,,,,,,
5121,2015547953015,3,9,0,4,0,1,0,0,0,0,1,1,2,2,32,6,1590,1,10,-1,1,-1,4,3,412642.0,187312.0,-1.818935,51.584526,54,2,3,4,42044,4,1899-12-30 08:48:00,633,E06000030,4,4587,6,40,1,4,5,16,0,0,1,1,1,0,0,1,1,E01015581,3.0,1.0,2.0,32.0,6.0,2.0,0.0,0.0,0.0,0.0,0.0,9.0,1.0,10.0
5122,201554B620415,1,9,0,18,0,0,5,0,8,10,3,1,6,1,21,5,1998,1,17,-1,3,-1,1,2,424587.0,148756.0,-1.649198,51.23746,54,2,2,1,29/12/2015,3,1899-12-30 11:05:00,635,E06000054,5,389,6,60,0,-1,-1,0,0,0,1,1,2,0,0,2,1,E01031878,1.0,1.0,1.0,21.0,5.0,2.0,0.0,0.0,0.0,0.0,0.0,9.0,3.0,9.0
5123,2015950004470,3,9,0,18,0,8,0,0,0,0,3,1,2,1,60,9,1200,1,-1,-1,2,-1,2,3,353164.0,634117.0,-2.744821,55.598408,95,2,3,2,13/10/2015,3,1899-12-30 06:50:00,914,S12000026,3,6091,6,60,3,4,6,0,0,0,4,1,2,0,0,2,1,,,,,,,,,,,,,,,
5124,2015075120857,1,5,0,16,0,0,0,0,0,0,4,1,6,1,58,9,1340,1,7,-1,3,-1,1,2,389179.0,366192.0,-2.163416,53.192701,7,2,2,1,30/04/2015,5,1899-12-30 11:18:00,129,E06000049,5,408,6,60,0,-1,-1,0,0,0,1,2,2,0,0,2,1,E01018591,1.0,1.0,1.0,58.0,9.0,2.0,0.0,0.0,0.0,0.0,0.0,5.0,3.0,7.0
5125,2015621501630,2,5,0,18,0,0,0,0,0,0,1,1,6,1,45,7,-1,-1,-1,-1,1,-1,1,2,322827.0,181890.0,-3.113921,51.530623,62,2,2,1,25/09/2015,6,1899-12-30 17:55:00,741,W06000015,3,48,3,50,0,-1,-1,0,0,0,1,1,1,0,0,1,1,W01001843,2.0,1.0,1.0,45.0,7.0,2.0,0.0,0.0,0.0,0.0,0.0,5.0,1.0,-1.0
5126,2015132290545,2,9,0,18,0,0,0,0,1,0,1,1,6,2,66,10,-1,-1,-1,-1,1,-1,2,3,404722.0,424103.0,-1.929933,53.713325,13,2,3,2,42249,2,1899-12-30 11:41:00,202,E08000033,3,646,6,40,0,-1,-1,0,0,0,1,1,1,0,0,1,1,E01010922,1.0,1.0,2.0,66.0,10.0,2.0,0.0,0.0,0.0,0.0,0.0,9.0,1.0,7.0
5127,2015961500394,1,8,0,9,0,8,0,0,0,0,1,1,2,1,28,6,1968,2,4,-1,1,-1,1,1,286626.0,680591.0,-3.819694,56.00481,96,2,1,1,42066,3,1899-12-30 13:15:00,924,S12000014,6,0,6,30,3,4,3,803,0,4,1,2,2,0,0,1,1,,1.0,3.0,2.0,78.0,11.0,2.0,1.0,3.0,0.0,0.0,0.0,0.0,1.0,-1.0
5128,201543P204035,1,21,0,1,0,1,0,0,0,0,2,1,1,1,54,8,-1,-1,-1,-1,1,-1,1,2,448226.0,196842.0,-1.304072,51.668292,43,2,2,1,18/03/2015,4,1899-12-30 11:38:00,483,E10000025,6,100,6,30,3,4,6,0,0,0,1,1,1,0,0,1,1,E01028702,,,,,,,,,,,,,,
5129,201506A004239,1,9,0,18,0,1,0,0,0,0,1,1,6,1,25,5,-1,-1,-1,-1,1,-1,4,1,383630.0,397490.0,-2.248096,53.473883,6,2,1,4,42043,1,1899-12-30 00:10:00,102,E08000003,3,5103,6,30,3,4,6,0,0,5,5,1,2,0,0,1,1,E01033656,4.0,1.0,1.0,25.0,5.0,3.0,0.0,0.0,0.0,0.0,0.0,9.0,1.0,3.0
5130,201543P318075,1,9,0,18,0,0,2,0,4,6,4,1,6,2,65,9,1796,1,9,-1,1,-1,2,2,452145.0,230123.0,-1.24241,51.967145,43,2,2,2,23/07/2015,5,1899-12-30 13:59:00,481,E10000025,1,40,3,70,0,-1,-1,0,0,0,1,1,1,0,0,2,1,E01028506,2.0,2.0,1.0,48.0,8.0,3.0,0.0,0.0,1.0,0.0,0.0,9.0,1.0,4.0
5131,2015405DA1143,3,9,0,4,0,0,0,0,0,0,2,1,6,1,35,6,2979,1,11,-1,1,-1,5,4,500746.0,233405.0,-0.534223,51.98997,40,2,4,5,28/12/2015,2,1899-12-30 11:19:00,424,E06000056,1,1,3,70,0,-1,-1,0,0,0,1,1,2,0,0,2,1,E01017450,5.0,2.0,2.0,62.0,9.0,3.0,0.0,0.0,1.0,0.0,0.0,9.0,1.0,3.0
5132,2015360088480,2,1,0,9,0,6,0,0,0,0,3,1,6,1,10,2,-1,-1,-1,-1,1,-1,1,3,651467.0,303768.0,1.709743,52.573543,36,2,3,1,42188,7,1899-12-30 13:45:00,402,E10000020,6,0,6,30,8,4,6,0,0,0,1,1,1,0,0,1,1,E01026620,1.0,1.0,1.0,10.0,2.0,2.0,0.0,0.0,0.0,0.0,0.0,1.0,1.0,1.0
5133,2015360087567,2,1,0,7,0,6,0,0,1,11,1,1,6,2,38,7,-1,-1,-1,-1,1,-1,1,2,621960.0,308953.0,1.278578,52.632911,36,2,2,1,14/01/2015,4,1899-12-30 12:50:00,404,E10000020,5,803,6,30,3,4,6,0,0,0,1,1,1,0,0,1,1,E01026837,1.0,1.0,2.0,38.0,7.0,2.0,0.0,0.0,0.0,0.0,0.0,1.0,1.0,3.0
5134,2015551500171,1,9,0,18,0,0,5,0,1,11,1,1,6,1,41,7,1896,2,11,-1,1,-1,1,1,400720.0,78910.0,-1.991185,50.609904,55,2,1,1,21/08/2015,6,1899-12-30 01:45:00,644,E10000009,3,351,6,60,0,-1,-1,0,0,0,6,1,1,0,0,2,1,E01020468,1.0,1.0,1.0,41.0,7.0,2.0,0.0,0.0,0.0,0.0,0.0,9.0,1.0,6.0
5135,2015440394587,1,9,0,14,0,0,0,0,0,0,1,1,6,1,70,10,1948,1,13,-1,1,-1,1,1,426427.0,97144.0,-1.626584,50.773281,44,2,1,1,13/11/2015,6,1899-12-30 07:55:00,496,E10000014,4,3055,6,60,0,-1,-1,0,0,0,1,2,2,0,0,2,1,E01022991,1.0,3.0,1.0,21.0,5.0,2.0,5.0,2.0,0.0,0.0,0.0,0.0,2.0,8.0
5136,201543P288115,2,9,0,4,0,1,0,0,0,0,2,1,6,2,55,8,1998,2,4,-1,1,-1,1,2,452975.0,207745.0,-1.233755,51.765886,43,2,2,1,25/11/2015,4,1899-12-30 18:05:00,482,E10000025,4,4150,6,30,3,4,6,0,0,8,4,1,2,0,0,1,1,E01028562,,,,,,,,,,,,,,
5137,2015132B70614,1,9,0,18,0,0,2,11,1,11,4,1,6,1,25,5,1796,1,6,-1,1,-1,2,1,410871.0,405976.0,-1.837395,53.550306,13,2,1,2,42196,7,1899-12-30 10:46:00,203,E08000034,3,6024,6,30,0,-1,-1,0,0,0,1,2,2,0,2,2,1,E01011182,1.0,1.0,1.0,25.0,5.0,3.0,0.0,0.0,0.0,0.0,0.0,9.0,1.0,9.0
5138,201501JI40737,2,9,0,13,0,0,0,0,0,0,4,1,6,1,-1,-1,1995,2,12,-1,1,-1,1,2,541650.0,191670.0,0.044085,51.606056,1,2,2,1,22/10/2015,5,1899-12-30 18:30:00,14,E09000026,5,0,6,30,0,-1,-1,0,0,0,4,1,1,0,0,1,2,E01003658,,,,,,,,,,,,,,
5139,2015621502054,1,9,0,16,0,0,0,0,7,0,1,1,2,2,23,5,-1,-1,-1,-1,1,-1,1,1,300011.0,190971.0,-3.445324,51.608664,62,2,1,1,26/11/2015,5,1899-12-30 07:32:00,744,W06000016,3,4119,6,60,0,-1,-1,0,0,0,1,1,2,0,0,1,1,W01001219,1.0,1.0,2.0,23.0,5.0,2.0,0.0,0.0,0.0,0.0,0.0,9.0,1.0,-1.0
5140,2015331500057,1,19,0,18,0,0,0,0,1,0,1,1,1,1,24,5,2143,2,-1,-1,1,-1,1,3,461577.0,323924.0,-1.087929,52.809358,33,2,3,1,13/01/2015,3,1899-12-30 14:18:00,362,E10000018,3,6006,6,60,0,-1,-1,0,0,0,1,1,1,4,0,2,1,E01025761,1.0,1.0,1.0,24.0,5.0,2.0,0.0,0.0,0.0,0.0,0.0,19.0,1.0,10.0
5141,201537EA96008,1,9,0,18,0,0,0,0,0,0,3,1,6,3,-1,-1,-1,-1,-1,-1,-1,-1,1,2,608380.0,255625.0,1.045062,52.159552,37,2,2,1,42259,4,1899-12-30 16:47:00,413,E10000029,4,1113,6,30,0,-1,-1,0,0,0,4,1,2,0,0,2,1,E01030060,,,,,,,,,,,,,,
5142,2015120081479,1,9,0,18,0,0,0,0,0,0,1,1,6,2,33,6,1560,2,2,-1,3,-1,2,2,469610.0,478177.0,-0.934582,54.194639,12,2,2,2,17/05/2015,1,1899-12-30 13:24:00,185,E10000023,5,61,6,60,0,-1,-1,0,0,0,1,1,1,0,0,2,1,E01027800,1.0,1.0,2.0,33.0,6.0,3.0,0.0,0.0,0.0,0.0,0.0,9.0,3.0,5.0
5143,2015132B51307,3,9,0,18,0,0,0,0,0,0,1,1,6,1,55,8,1368,1,7,-1,1,-1,4,4,425228.0,426669.0,-1.619037,53.735804,13,2,4,4,42135,5,1899-12-30 17:50:00,204,E08000035,1,62,3,70,0,-1,-1,0,0,0,4,8,2,0,0,1,1,E01011534,3.0,1.0,1.0,55.0,8.0,3.0,0.0,0.0,0.0,0.0,0.0,9.0,1.0,8.0
5144,2015300017191,3,19,0,18,0,1,1,0,0,0,1,1,1,1,-1,-1,2402,2,8,-1,1,-1,2,3,417110.0,351770.0,-1.746134,53.062905,30,2,3,2,16/12/2015,4,1899-12-30 10:02:00,329,E10000007,3,515,6,50,6,4,6,0,0,0,1,1,1,0,0,2,1,E01019611,2.0,1.0,1.0,-1.0,-1.0,3.0,0.0,0.0,0.0,0.0,0.0,19.0,1.0,9.0
5145,2015921500739,1,9,0,18,0,8,0,0,0,0,1,1,3,1,30,6,1590,1,14,-1,3,-1,3,2,400203.0,848292.0,-1.998266,57.524789,92,2,2,3,42042,5,1899-12-30 07:03:00,911,S12000034,3,952,6,60,6,4,6,0,0,0,1,1,1,0,0,2,1,,1.0,1.0,1.0,30.0,6.0,2.0,0.0,0.0,0.0,0.0,0.0,9.0,3.0,-1.0
5146,2015950005631,1,19,0,1,6,0,0,0,0,0,2,1,1,1,26,6,2198,2,5,-1,1,-1,1,1,304144.0,667694.0,-3.534303,55.8928,95,2,1,1,42259,4,1899-12-30 16:10:00,940,S12000040,6,0,6,20,0,-1,-1,0,0,0,4,5,2,0,0,1,1,,1.0,3.0,2.0,77.0,11.0,2.0,5.0,1.0,0.0,0.0,0.0,0.0,1.0,-1.0
5147,2015950001347,2,9,0,17,0,1,0,0,7,11,1,1,6,1,26,6,1991,1,22,-1,2,-1,4,2,333834.0,667584.0,-3.059647,55.896813,95,2,2,4,29/03/2015,1,1899-12-30 02:00:00,929,S12000019,3,6094,6,30,9,4,6,0,0,0,4,1,2,0,0,1,1,,4.0,2.0,1.0,49.0,8.0,3.0,0.0,0.0,1.0,0.0,0.0,9.0,1.0,-1.0
5148,2015981106015,1,21,0,18,0,1,0,0,0,0,1,1,1,2,31,6,-1,-1,-1,-1,2,-1,3,2,211331.0,559459.0,-4.943543,54.894146,98,2,2,3,30/04/2015,5,1899-12-30 14:30:00,917,S12000006,3,75,6,60,3,4,6,0,0,0,1,1,1,0,0,2,1,,,,,,,,,,,,,,,
5149,2015921500763,1,9,0,17,0,0,0,0,0,0,4,1,6,1,29,6,-1,-1,-1,-1,1,-1,1,2,368908.0,798755.0,-2.514524,57.078752,92,2,2,1,42162,2,1899-12-30 19:30:00,911,S12000034,4,977,6,60,0,-1,-1,0,0,0,1,1,1,0,0,2,1,,1.0,1.0,1.0,29.0,6.0,2.0,0.0,0.0,0.0,0.0,0.0,9.0,1.0,-1.0
5150,2015120216471,3,9,0,18,0,1,0,0,0,0,2,1,6,1,65,9,-1,-1,-1,-1,3,-1,2,3,449870.0,473276.0,-1.237912,54.15289,12,2,3,2,42167,1,1899-12-30 16:19:00,181,E10000023,3,19,6,60,3,4,5,96,0,0,6,1,1,0,0,2,1,E01027600,,,,,,,,,,,,,,
5151,201506E003947,1,9,0,18,0,2,1,0,8,0,4,1,1,1,22,5,998,1,17,-1,1,-1,1,1,386520.0,396990.0,-2.204535,53.469471,6,2,1,1,25/07/2015,7,1899-12-30 17:30:00,102,E08000003,6,0,6,30,3,4,6,0,0,0,1,1,1,0,0,1,1,E01005061,1.0,3.0,1.0,5.0,1.0,2.0,5.0,1.0,0.0,0.0,0.0,0.0,-1.0,-1.0
5152,2015450031158,1,9,0,18,0,1,0,0,0,0,1,1,6,1,29,6,1560,2,3,-1,1,-1,1,2,487496.0,160088.0,-0.745463,51.333164,45,2,2,1,24/10/2015,7,1899-12-30 01:06:00,515,E10000030,6,3532,6,30,3,4,6,0,0,0,7,1,1,0,0,1,1,E01030800,,,,,,,,,,,,,,
5153,201550BE2I006,2,9,0,18,0,1,0,0,1,0,1,1,6,1,21,5,1753,2,9,-1,2,-1,2,2,227605.0,59789.0,-4.427746,50.412611,50,2,2,2,42259,4,1899-12-30 17:45:00,596,E06000052,4,3252,6,60,6,3,4,3251,0,0,6,1,1,0,0,2,1,E01018759,,,,,,,,,,,,,,
5154,2015075321155,2,9,0,18,0,8,0,0,0,0,1,1,6,1,32,6,999,1,1,-1,1,-1,1,2,359663.0,389189.0,-2.608098,53.397978,7,2,2,1,27/10/2015,3,1899-12-30 20:05:00,128,E06000007,6,0,6,30,6,2,6,0,0,5,4,1,2,0,0,1,1,E01012454,,,,,,,,,,,,,,
5155,2015051502769,1,9,0,18,0,0,0,0,0,0,4,1,6,1,41,7,1997,2,1,-1,1,-1,1,1,334959.0,381982.0,-2.978091,53.330736,5,2,1,1,42135,5,1899-12-30 10:50:00,95,E08000015,6,0,6,30,0,-1,-1,0,0,0,1,1,1,0,0,1,1,E01007137,1.0,3.0,2.0,82.0,11.0,2.0,5.0,1.0,0.0,0.0,0.0,0.0,1.0,2.0
5156,201501QK50671,1,5,0,4,0,8,0,0,0,0,1,1,6,1,40,7,670,1,3,-1,1,-1,2,2,524330.0,184200.0,-0.208523,51.543011,1,2,2,2,17/09/2015,5,1899-12-30 19:40:00,28,E09000005,3,4003,6,30,6,2,5,0,0,0,4,1,1,0,0,1,2,E01000490,1.0,1.0,1.0,40.0,7.0,2.0,0.0,0.0,0.0,0.0,0.0,5.0,1.0,2.0
5157,2015405BA0489,2,9,0,18,0,0,0,0,0,0,1,1,6,1,37,7,1796,1,22,-1,-1,-1,5,2,494402.0,263331.0,-0.618289,52.260055,40,2,2,5,31/05/2015,1,1899-12-30 09:30:00,420,E06000055,5,12,6,60,0,-1,-1,0,0,0,1,1,1,0,0,2,1,E01017503,5.0,2.0,1.0,18.0,4.0,3.0,0.0,0.0,2.0,0.0,0.0,9.0,1.0,6.0