,accident_index,vehicle_reference,vehicle_type,towing_and_articulation,vehicle_manoeuvre,vehicle_location-restricted_lane,junction_location,skidding_and_overturning,hit_object_in_carriageway,vehicle_leaving_carriageway,hit_object_off_carriageway,1st_point_of_impact,was_vehicle_left_hand_drive?,journey_purpose_of_driver,sex_of_driver,age_of_driver,age_band_of_driver,engine_capacity_(cc),propulsion_code,age_of_vehicle,driver_imd_decile,driver_home_area_type,vehicle_imd_decile,NUmber_of_Casualities_unique_to_accident_index,No_of_Vehicles_involved_unique_to_accident_index,location_easting_osgr,location_northing_osgr,longitude,latitude,police_force,accident_severity,number_of_vehicles,number_of_casualties,date,day_of_week,time,local_authority_(district),local_authority_(highway),1st_road_class,1st_road_number,road_type,speed_limit,junction_detail,junction_control,2nd_road_class,2nd_road_number,pedestrian_crossing-human_control,pedestrian_crossing-physical_facilities,light_conditions,weather_conditions,road_surface_conditions,special_conditions_at_site,carriageway_hazards,urban_or_rural_area,did_police_officer_attend_scene_of_accident,lsoa_of_accident_location,casualty_reference,casualty_class,sex_of_casualty,age_of_casualty,age_band_of_casualty,casualty_severity,pedestrian_location,pedestrian_movement,car_passenger,bus_or_coach_passenger,pedestrian_road_maintenance_worker,casualty_type,casualty_home_area_type,casualty_imd_decile
5158,201542I164906,3,19,0,18,0,0,0,0,0,0,2,1,6,3,47,8,2198,2,1,-1,3,-1,1,3,576681.0,210894.0,0.559183,51.76884,42,2,3,1,42130,6,1899-12-30 17:55:00,454,E10000012,3,12,3,70,0,-1,-1,0,0,0,1,1,1,0,0,2,1,E01021537,,,,,,,,,,,,,,
5159,201543P197035,2,9,0,17,0,0,1,0,0,0,1,1,6,1,48,8,-1,-1,-1,-1,2,-1,1,3,434290.0,239217.0,-1.501379,52.050288,43,2,3,1,18/03/2015,4,1899-12-30 08:54:00,481,E10000025,4,4035,6,60,0,-1,-1,0,0,0,1,7,2,0,0,2,1,E01028504,,,,,,,,,,,,,,
5160,2015440237621,1,1,0,18,0,2,0,0,0,0,0,1,6,1,46,8,-1,-1,-1,-1,2,-1,1,1,446135.0,114348.0,-1.344942,50.926748,44,2,1,1,42131,1,1899-12-30 10:26:00,491,E10000014,6,0,6,30,3,4,6,0,0,0,1,1,1,0,0,1,1,E01022718,1.0,1.0,1.0,46.0,8.0,2.0,0.0,0.0,0.0,0.0,0.0,1.0,2.0,9.0
5161,201542I240608,1,4,0,17,0,0,1,0,0,0,0,1,6,1,20,4,124,1,-1,-1,1,-1,1,1,549693.0,205118.0,0.165899,51.724805,42,2,1,1,42224,7,1899-12-30 11:15:00,456,E10000012,6,0,6,60,0,-1,-1,0,0,0,1,1,1,0,0,2,1,E01021797,1.0,1.0,1.0,20.0,4.0,2.0,0.0,0.0,0.0,0.0,0.0,4.0,1.0,6.0
5162,2015120149776,1,9,0,17,0,1,0,0,1,4,1,1,6,1,34,6,2663,2,16,-1,1,-1,4,1,459861.0,507674.0,-1.078075,54.460927,12,2,1,4,25/08/2015,3,1899-12-30 23:07:00,181,E10000023,5,24,6,60,3,4,6,7057,0,0,1,1,1,0,0,2,1,E01027591,1.0,1.0,1.0,34.0,6.0,2.0,0.0,0.0,0.0,0.0,0.0,9.0,1.0,1.0
5163,201506E098169,1,9,0,1,0,8,0,0,0,0,1,1,6,1,28,6,-1,-1,-1,-1,1,-1,1,2,384940.0,397320.0,-2.228352,53.472394,6,2,2,1,42188,7,1899-12-30 02:44:00,102,E08000003,3,6,6,30,3,4,6,0,0,0,4,1,1,0,0,1,1,E01005065,1.0,1.0,1.0,28.0,6.0,2.0,0.0,0.0,0.0,0.0,0.0,9.0,1.0,3.0
5164,20151325N0970,1,19,0,18,0,1,0,0,0,0,3,1,1,1,37,7,1248,2,-1,-1,1,-1,1,2,427411.0,435856.0,-1.585132,53.818265,13,2,2,1,22/05/2015,6,1899-12-30 21:00:00,204,E08000035,6,0,6,30,3,4,6,0,0,0,1,1,1,0,0,1,2,E01032945,1.0,1.0,1.0,37.0,7.0,2.0,0.0,0.0,0.0,0.0,0.0,19.0,1.0,3.0
5165,201504WD15028,2,9,0,18,0,0,0,0,1,0,1,1,6,2,82,11,-1,-1,-1,-1,-1,-1,2,2,337390.0,444640.0,-2.95421,53.894137,4,2,2,2,25/02/2015,4,1899-12-30 18:00:00,85,E10000017,3,588,6,30,0,-1,-1,0,0,0,4,2,2,0,0,2,1,E01025565,2.0,1.0,2.0,82.0,11.0,2.0,0.0,0.0,0.0,0.0,0.0,9.0,-1.0,-1.0
5166,201550KU2J007,1,9,0,18,0,0,5,0,2,7,1,1,6,2,28,6,1598,1,9,-1,1,-1,5,1,302366.0,106207.0,-3.388203,50.847117,50,2,1,5,31/07/2015,6,1899-12-30 18:24:00,586,E10000008,1,5,3,70,0,-1,-1,0,0,0,1,1,1,0,0,2,1,E01020056,2.0,2.0,1.0,29.0,6.0,2.0,0.0,0.0,1.0,0.0,0.0,9.0,1.0,3.0
5167,2015551501136,1,9,0,9,0,6,0,0,0,0,3,1,6,1,62,9,1997,2,13,-1,2,-1,1,2,376358.0,121917.0,-2.338263,50.996157,55,2,2,1,42288,3,1899-12-30 17:58:00,642,E10000009,3,30,6,60,3,4,6,0,0,0,6,1,1,0,0,2,1,E01020462,,,,,,,,,,,,,,
5168,201542I305209,1,9,0,11,0,0,5,0,1,9,0,1,6,2,38,7,1000,1,1,-1,3,-1,5,1,567170.0,182633.0,0.407986,51.517882,42,2,1,5,27/09/2015,1,1899-12-30 16:40:00,462,E06000034,6,0,6,30,0,-1,-1,0,0,0,1,1,1,0,0,2,1,E01015980,5.0,1.0,2.0,38.0,7.0,3.0,0.0,0.0,0.0,0.0,0.0,9.0,3.0,7.0
5169,20151326F0960,1,9,0,9,0,6,0,0,0,0,1,1,6,1,60,9,1596,1,2,-1,1,-1,2,2,448195.0,423154.0,-1.271441,53.702602,13,2,2,2,15/06/2015,2,1899-12-30 15:35:00,206,E08000036,3,645,6,40,3,4,6,0,0,0,1,1,1,0,0,2,1,E01011806,1.0,1.0,1.0,60.0,9.0,2.0,0.0,0.0,0.0,0.0,0.0,9.0,1.0,3.0
5170,2015350019115,2,20,0,10,0,1,0,0,0,0,2,1,1,1,43,7,3900,2,13,-1,2,-1,1,2,532130.0,272360.0,-0.062272,52.333423,35,2,2,1,16/02/2015,2,1899-12-30 13:35:00,393,E10000003,4,1040,6,40,3,4,6,0,0,0,1,2,2,6,0,1,1,E01018121,,,,,,,,,,,,,,
5171,201563CP22715,3,9,0,3,0,1,0,0,0,0,0,1,6,3,-1,-1,-1,-1,-1,-1,-1,-1,2,4,189960.0,218950.0,-5.049646,51.829573,63,2,4,2,31/10/2015,7,1899-12-30 22:15:00,752,W06000009,3,487,6,50,8,4,6,0,0,0,6,1,1,0,0,2,1,W01000555,,,,,,,,,,,,,,
5172,2015440201425,1,97,0,16,0,0,0,0,0,0,0,1,6,1,62,9,599,1,11,-1,1,-1,1,2,456007.0,162451.0,-1.197026,51.358377,44,2,2,1,42344,6,1899-12-30 17:00:00,490,E10000014,4,3051,6,30,0,-1,-1,0,0,0,1,1,1,0,0,2,1,E01022522,1.0,1.0,1.0,62.0,9.0,2.0,0.0,0.0,0.0,0.0,0.0,97.0,1.0,9.0
5173,2015450026790,2,9,0,18,0,0,0,0,0,0,2,1,6,1,37,7,1896,2,7,-1,3,-1,3,2,501558.0,171422.0,-0.540445,51.432708,45,2,2,3,27/06/2015,7,1899-12-30 12:04:00,514,E10000030,4,388,6,30,0,-1,-1,0,0,0,1,1,1,0,0,1,1,E01030667,4.0,1.0,1.0,37.0,7.0,3.0,0.0,0.0,0.0,0.0,0.0,9.0,3.0,6.0
5174,2015360092311,2,10,0,17,0,0,0,0,0,0,1,1,6,2,75,10,-1,-1,-1,-1,2,-1,6,2,615296.0,307723.0,1.179467,52.624553,36,2,2,6,24/07/2015,6,1899-12-30 13:49:00,406,E10000020,4,1108,6,60,0,-1,-1,0,0,0,1,2,2,0,0,2,1,E01026883,3.0,1.0,2.0,75.0,10.0,3.0,0.0,0.0,0.0,0.0,0.0,10.0,2.0,6.0
5175,201514K169915,1,9,0,18,0,0,0,0,0,0,1,1,2,2,58,9,1995,2,7,-1,1,-1,1,1,434865.0,391483.0,-1.476869,53.419002,14,2,1,1,16/07/2015,5,1899-12-30 07:56:00,215,E08000019,6,0,6,30,0,-1,-1,0,0,0,1,1,1,0,0,1,1,E01008123,1.0,3.0,2.0,13.0,3.0,2.0,5.0,4.0,0.0,0.0,0.0,0.0,1.0,1.0
5176,2015075037330,1,9,0,18,0,0,0,0,0,0,4,1,6,3,-1,-1,-1,-1,-1,-1,-1,-1,1,1,375666.0,359946.0,-2.365186,53.136108,7,2,1,1,42249,2,1899-12-30 01:00:00,129,E06000049,3,534,6,60,0,-1,-1,0,0,0,6,1,1,0,0,2,2,E01018434,1.0,3.0,1.0,36.0,7.0,2.0,6.0,8.0,0.0,0.0,0.0,0.0,1.0,3.0
5177,2015921501310,2,9,0,16,0,0,0,0,0,0,1,1,6,1,39,7,2204,2,7,-1,3,-1,1,2,378910.0,825072.0,-2.351778,57.315721,92,2,2,1,22/11/2015,1,1899-12-30 09:45:00,911,S12000034,4,9170,6,60,0,-1,-1,0,0,0,1,2,3,0,0,2,1,,,,,,,,,,,,,,,
5178,201560S167769,1,5,0,17,0,0,0,0,1,7,1,1,6,1,21,5,-1,-1,-1,-1,-1,-1,1,1,319111.0,349342.0,-3.207734,53.035216,60,2,1,1,42015,1,1899-12-30 13:42:00,723,W06000004,3,542,6,60,0,-1,-1,0,0,0,1,1,2,0,0,2,1,W01000203,1.0,1.0,1.0,21.0,5.0,2.0,0.0,0.0,0.0,0.0,0.0,5.0,-1.0,-1.0
5179,201542I249608,1,19,0,18,0,2,0,0,0,0,4,1,6,1,54,8,1598,2,-1,-1,1,-1,1,1,573104.0,205134.0,0.504532,51.718217,42,2,1,1,42255,1,1899-12-30 21:10:00,454,E10000012,6,0,6,30,3,4,6,0,0,0,4,1,1,0,0,1,1,E01021560,1.0,3.0,2.0,53.0,8.0,2.0,9.0,5.0,0.0,0.0,0.0,0.0,1.0,2.0
5180,201522G502875,2,9,0,18,0,0,0,0,7,10,3,1,6,2,22,5,1200,1,-1,-1,1,-1,4,3,367900.0,303660.0,-2.475691,52.629739,22,2,3,4,26/08/2015,4,1899-12-30 00:05:00,284,E06000020,4,4373,6,30,0,-1,-1,0,0,0,4,1,1,0,0,1,1,E01014148,,,,,,,,,,,,,,
5181,2015075261873,2,9,0,18,0,1,0,0,0,0,1,1,2,1,46,8,1587,1,14,-1,1,-1,1,3,359389.0,388880.0,-2.612178,53.395179,7,2,3,1,42072,5,1899-12-30 08:25:00,128,E06000007,6,0,6,30,6,4,6,0,0,0,1,1,1,0,0,1,1,E01012457,,,,,,,,,,,,,,
5182,201597ND70110,1,9,0,4,0,1,0,0,0,0,4,1,1,1,50,8,1560,2,3,-1,1,-1,1,1,270136.0,661559.0,-4.074799,55.82974,97,2,1,1,42073,7,1899-12-30 05:20:00,932,S12000044,6,0,6,30,3,4,6,0,0,0,4,1,1,0,0,1,1,,1.0,3.0,1.0,18.0,4.0,2.0,5.0,1.0,0.0,0.0,0.0,0.0,1.0,-1.0
5183,201550JC4P003,1,9,0,13,0,1,0,0,7,0,1,1,6,1,30,6,1896,2,13,-1,3,-1,3,2,279036.0,93546.0,-3.715277,50.728902,50,2,2,3,18/09/2015,6,1899-12-30 14:10:00,585,E10000008,6,0,6,60,3,4,6,0,0,0,1,1,1,0,0,2,1,E01020263,3.0,1.0,1.0,30.0,6.0,3.0,0.0,0.0,0.0,0.0,0.0,9.0,3.0,5.0
5184,201506M007073,2,5,0,14,0,1,0,0,0,0,4,1,2,1,54,8,1250,1,9,-1,1,-1,1,2,376920.0,397060.0,-2.349155,53.469765,6,2,2,1,42348,2,1899-12-30 17:35:00,112,E08000009,4,5211,6,40,3,4,4,5214,0,0,1,1,1,0,0,2,1,E01006121,1.0,1.0,1.0,54.0,8.0,2.0,0.0,0.0,0.0,0.0,0.0,5.0,1.0,1.0
5185,201550JS2J005,1,17,0,7,0,1,1,0,0,10,1,1,1,1,-1,-1,-1,-1,-1,-1,3,-1,1,2,271447.0,53725.0,-3.808994,50.369343,50,2,2,1,42041,3,1899-12-30 11:00:00,584,E10000008,6,0,6,60,8,4,6,0,0,0,1,5,2,7,0,2,1,E01020143,1.0,1.0,1.0,-1.0,-1.0,2.0,0.0,0.0,0.0,0.0,0.0,17.0,3.0,5.0
5186,201504SA15396,3,1,0,18,0,1,0,0,0,0,0,1,6,2,46,8,-1,-1,-1,-1,3,-1,1,3,358150.0,433120.0,-2.636762,53.792699,4,2,3,1,16/09/2015,4,1899-12-30 12:40:00,79,E10000017,4,6243,6,40,9,2,4,6243,0,4,1,1,1,0,0,1,1,E01025286,,,,,,,,,,,,,,
5187,2015520600179,2,9,0,18,0,1,0,0,0,0,1,1,6,1,19,4,1995,2,4,-1,3,-1,2,2,328234.0,123039.0,-3.024156,51.002245,52,2,2,2,42320,6,1899-12-30 07:55:00,608,E10000027,3,358,6,60,9,4,6,0,0,0,7,2,1,0,0,2,1,E01029275,1.0,1.0,1.0,19.0,4.0,2.0,0.0,0.0,0.0,0.0,0.0,9.0,3.0,8.0
5188,201511SJ11585,2,9,0,18,0,8,0,0,1,1,1,1,6,2,37,7,1598,1,10,-1,3,-1,1,2,428352.0,518255.0,-1.563105,54.558744,11,2,2,1,20/06/2015,7,1899-12-30 21:00:00,161,E06000005,5,400,6,60,3,4,5,400,0,0,1,1,1,0,0,2,1,E01032546,1.0,1.0,2.0,37.0,7.0,2.0,0.0,0.0,0.0,0.0,0.0,9.0,3.0,7.0
5189,2015471504403,2,9,0,9,0,5,0,0,0,0,2,1,1,2,37,7,1587,1,13,-1,1,-1,1,2,569797.0,107842.0,0.410496,50.845187,47,2,2,1,42012,7,1899-12-30 20:11:00,555,E10000011,3,259,6,40,3,4,6,0,0,0,1,1,1,0,0,2,1,E01021125,,,,,,,,,,,,,,
5190,201542I338510,1,5,0,15,0,8,0,0,1,0,1,1,6,1,19,4,599,1,11,-1,1,-1,1,2,572854.0,189879.0,0.493384,51.581263,42,2,2,1,25/10/2015,1,1899-12-30 13:25:00,450,E10000012,6,0,6,30,3,4,6,0,0,0,1,1,1,0,0,1,1,E01021269,1.0,1.0,1.0,19.0,4.0,2.0,0.0,0.0,0.0,0.0,0.0,5.0,1.0,2.0
5191,201501JC30143,1,9,0,18,0,8,0,0,0,0,1,1,2,2,42,7,1896,2,8,-1,1,-1,1,1,537340.0,192760.0,-0.017685,51.616918,1,2,1,1,21/03/2015,7,1899-12-30 11:35:00,13,E09000031,3,112,6,30,6,2,3,1009,0,5,1,1,1,0,0,1,1,E01004452,1.0,3.0,2.0,52.0,8.0,2.0,1.0,1.0,0.0,0.0,2.0,0.0,1.0,2.0
5192,201511SA22275,1,9,0,9,0,8,0,0,0,0,1,1,6,1,17,4,1229,1,-1,-1,1,-1,1,2,421037.0,529649.0,-1.675402,54.661492,11,2,2,1,42135,5,1899-12-30 21:44:00,169,E06000047,3,689,6,30,6,4,5,188,0,0,4,1,2,0,0,1,1,E01020868,,,,,,,,,,,,,,
5193,2015556000135,1,5,0,17,0,0,0,0,1,10,1,1,2,1,20,4,998,1,11,-1,1,-1,1,1,417945.0,93975.0,-1.747026,50.745106,55,2,1,1,20/04/2015,2,1899-12-30 21:10:00,641,E10000009,3,35,3,70,0,-1,-1,0,0,0,6,1,1,0,0,2,1,E01020347,1.0,1.0,1.0,20.0,4.0,2.0,0.0,0.0,0.0,0.0,0.0,5.0,1.0,6.0
5194,2015051503188,1,9,0,9,0,0,0,0,0,0,3,1,6,1,61,9,1796,1,4,-1,1,-1,1,2,335309.0,390274.0,-2.974536,53.405301,5,2,2,1,42075,5,1899-12-30 15:45:00,91,E08000012,6,0,6,30,0,-1,-1,0,0,0,4,1,2,0,0,1,1,E01006513,,,,,,,,,,,,,,
5195,201531C224115,1,1,0,5,4,1,0,0,0,0,1,1,2,1,23,5,-1,-1,-1,-1,1,-1,2,2,457285.0,340317.0,-1.148713,52.957176,31,2,2,2,14/10/2015,4,1899-12-30 15:42:00,346,E06000018,3,60,6,30,3,2,3,6008,0,5,1,1,2,0,0,1,1,E01033409,1.0,3.0,2.0,69.0,10.0,2.0,1.0,4.0,0.0,0.0,0.0,0.0,1.0,7.0
5196,2015051502500,2,9,0,18,0,0,0,0,0,0,1,1,1,1,35,6,2993,2,3,-1,-1,-1,2,6,339805.0,393456.0,-2.907527,53.434432,5,2,6,2,18/10/2015,1,1899-12-30 16:30:00,91,E08000012,6,0,6,30,0,-1,-1,0,0,0,1,1,1,0,0,2,1,E01006627,,,,,,,,,,,,,,
5197,201511ND23505,1,9,0,18,0,0,0,0,0,0,4,1,6,1,43,7,1395,1,1,-1,2,-1,1,1,430318.0,542278.0,-1.530223,54.774509,11,2,1,1,13/11/2015,6,1899-12-30 22:15:00,169,E06000047,4,1283,6,60,0,-1,-1,0,0,8,7,1,2,0,0,2,2,E01020731,1.0,3.0,1.0,14.0,3.0,2.0,5.0,1.0,0.0,0.0,0.0,0.0,1.0,2.0
5198,201511SB12635,1,9,0,9,0,8,0,0,0,0,1,1,2,2,46,8,1197,1,-1,-1,2,-1,3,2,407025.0,537226.0,-1.892436,54.72997,11,2,2,3,42222,2,1899-12-30 16:41:00,169,E06000047,3,689,6,30,3,4,6,0,0,0,1,1,1,0,0,2,1,E01020906,1.0,1.0,2.0,46.0,8.0,2.0,0.0,0.0,0.0,0.0,0.0,9.0,2.0,7.0
5199,201522F500656,1,9,0,18,0,0,0,0,0,0,1,1,6,1,81,11,-1,-1,-1,-1,3,-1,2,2,347880.0,302450.0,-2.771259,52.617305,22,2,2,2,42279,3,1899-12-30 14:40:00,286,E06000051,3,49,6,60,0,-1,-1,0,0,0,1,1,2,0,0,2,1,E01028950,1.0,1.0,1.0,81.0,11.0,2.0,0.0,0.0,0.0,0.0,0.0,9.0,3.0,8.0
5200,2015075016426,1,9,0,16,0,0,1,0,0,0,4,1,6,1,22,5,1997,1,12,-1,1,-1,3,2,353098.0,386531.0,-2.706426,53.373544,7,2,2,3,18/01/2015,1,1899-12-30 17:58:00,124,E06000006,3,562,6,60,0,-1,-1,0,0,0,4,1,2,0,0,1,1,E01012414,2.0,1.0,1.0,22.0,5.0,3.0,0.0,0.0,0.0,0.0,0.0,9.0,1.0,5.0
5201,201597NA01809,2,11,0,18,0,1,1,0,0,0,1,1,1,1,65,9,9600,2,17,-1,1,-1,16,2,279994.0,665036.0,-3.919062,55.863516,97,2,2,16,42317,6,1899-12-30 08:30:00,932,S12000044,4,8058,6,30,6,4,6,0,0,0,1,1,1,0,0,2,1,,5.0,2.0,1.0,15.0,3.0,3.0,0.0,0.0,0.0,4.0,0.0,11.0,1.0,-1.0
5202,201501PL60905,2,9,0,6,0,0,0,0,0,0,3,1,6,2,38,7,-1,-1,-1,-1,-1,-1,4,2,537680.0,172400.0,-0.020728,51.433879,1,2,2,4,42227,1,1899-12-30 17:36:00,7,E09000023,6,0,6,30,0,-1,-1,0,0,0,4,1,1,0,0,1,1,E01003196,3.0,1.0,2.0,38.0,7.0,3.0,0.0,0.0,0.0,0.0,0.0,9.0,-1.0,-1.0
5203,201543P200125,4,9,0,3,0,3,0,0,0,0,2,1,6,2,23,5,1560,2,10,-1,1,-1,5,4,453044.0,202881.0,-1.233496,51.722151,43,2,4,5,42197,2,1899-12-30 21:29:00,484,E10000025,3,4142,1,50,1,2,3,423,0,5,4,1,2,0,7,2,1,E01028577,4.0,1.0,2.0,23.0,5.0,3.0,0.0,0.0,0.0,0.0,0.0,9.0,1.0,6.0
5204,201543S011045,2,9,0,18,0,8,0,0,0,0,1,1,6,1,32,6,3189,1,9,-1,1,-1,4,3,483976.0,238941.0,-0.777027,52.042516,43,2,3,4,42159,2,1899-12-30 17:15:00,479,E06000042,5,156,3,70,3,4,6,1085,0,0,1,1,1,0,0,1,1,E01016724,3.0,1.0,1.0,32.0,6.0,3.0,0.0,0.0,0.0,0.0,0.0,9.0,1.0,7.0
5205,2015350101815,1,9,0,5,0,8,0,0,0,0,4,1,6,1,70,10,1968,2,3,-1,2,-1,1,2,546180.0,258820.0,0.137916,52.20822,35,2,2,1,26/06/2015,6,1899-12-30 11:35:00,390,E10000003,3,1134,1,30,1,2,3,603,0,7,1,1,1,0,0,1,1,E01017989,,,,,,,,,,,,,,
5206,2015220038642,2,9,0,16,0,0,0,0,1,0,3,1,5,1,29,6,1781,1,14,-1,3,-1,2,3,366593.0,254260.0,-2.490051,52.185567,22,2,3,2,18/11/2015,4,1899-12-30 23:30:00,285,E06000019,3,44,6,60,0,-1,-1,0,0,0,6,1,1,0,0,2,1,E01014001,2.0,1.0,1.0,29.0,6.0,2.0,0.0,0.0,0.0,0.0,0.0,9.0,3.0,5.0
5207,2015160C02621,1,9,0,18,0,1,0,10,3,1,1,1,6,1,38,7,1910,2,9,-1,1,-1,6,2,511040.0,443871.0,-0.312363,53.879159,16,2,2,6,17/05/2015,1,1899-12-30 10:00:00,231,E06000011,3,1035,1,50,1,4,3,165,0,0,1,1,1,0,0,2,1,E01012926,1.0,1.0,1.0,38.0,7.0,3.0,0.0,0.0,0.0,0.0,0.0,9.0,1.0,1.0
5208,201550GA2Q002,2,3,0,3,0,3,1,0,0,0,1,1,6,2,22,5,124,1,7,-1,3,-1,1,2,201262.0,52026.0,-4.793973,50.334556,50,2,2,1,21/01/2015,4,1899-12-30 11:30:00,596,E06000052,3,390,1,30,1,4,4,3273,0,0,1,2,2,0,0,1,1,E01019033,1.0,1.0,2.0,22.0,5.0,2.0,0.0,0.0,0.0,0.0,0.0,3.0,3.0,4.0
5209,2015460266201,1,19,0,18,0,0,0,0,0,0,0,1,1,2,30,6,-1,-1,-1,-1,2,-1,3,1,598460.0,146270.0,0.838148,51.181205,46,2,1,3,42075,5,1899-12-30 10:57:00,530,E10000016,1,20,3,70,0,-1,-1,0,0,0,1,1,1,0,0,2,1,E01023990,1.0,1.0,2.0,30.0,6.0,3.0,0.0,0.0,0.0,0.0,0.0,19.0,2.0,9.0
5210,201563DP22815,1,90,0,17,0,1,2,0,0,0,1,1,6,1,47,8,-1,-1,-1,-1,3,-1,4,2,293290.0,280060.0,-3.570129,52.408104,63,2,2,4,42251,5,1899-12-30 19:33:00,753,W06000023,3,470,6,60,3,4,6,0,0,0,7,1,1,0,0,2,1,W01000429,3.0,2.0,1.0,23.0,5.0,3.0,0.0,0.0,0.0,0.0,0.0,90.0,3.0,-1.0
5211,2015230037859,2,9,0,18,0,0,1,0,1,9,1,1,5,2,23,5,1388,1,11,-1,1,-1,2,2,451883.0,272217.0,-1.239806,52.345581,23,2,2,2,29/11/2015,1,1899-12-30 17:05:00,292,E10000031,6,0,6,60,0,-1,-1,0,0,0,6,2,2,0,0,2,2,E01031143,1.0,1.0,2.0,23.0,5.0,2.0,0.0,0.0,0.0,0.0,0.0,9.0,1.0,10.0
5212,201522E501669,1,5,0,16,0,5,1,0,7,10,1,1,6,1,24,5,847,1,2,-1,2,-1,1,1,345350.0,261030.0,-2.801835,52.244726,22,2,1,1,42009,6,1899-12-30 18:53:00,285,E06000019,6,0,6,30,3,4,4,4360,0,0,1,1,1,0,0,2,1,E01013999,1.0,1.0,1.0,24.0,5.0,2.0,0.0,0.0,0.0,0.0,0.0,5.0,2.0,5.0
5213,2015051500396,1,8,0,9,0,5,0,0,0,0,3,1,6,3,-1,-1,-1,-1,-1,-1,-1,-1,1,1,335556.0,393926.0,-2.97157,53.438153,5,2,1,1,24/01/2015,7,1899-12-30 17:15:00,91,E08000012,6,0,6,30,6,2,3,59,0,5,4,1,1,0,0,1,2,E01006700,1.0,3.0,1.0,73.0,10.0,2.0,1.0,1.0,0.0,0.0,0.0,0.0,1.0,1.0
5214,201543P252085,2,1,0,18,0,8,0,0,0,0,2,1,6,1,51,8,-1,-1,-1,-1,1,-1,1,2,454437.0,203040.0,-1.213307,51.723447,43,2,2,1,28/08/2015,6,1899-12-30 07:30:00,482,E10000025,6,320,6,20,3,4,6,0,0,0,1,1,1,0,0,1,1,E01028552,1.0,1.0,1.0,51.0,8.0,2.0,0.0,0.0,0.0,0.0,0.0,1.0,1.0,2.0
5215,201537EA92658,1,9,0,5,6,2,0,0,0,0,1,1,6,2,72,10,1242,1,11,-1,1,-1,1,3,584719.0,263476.0,0.703863,52.238475,37,2,3,1,42285,2,1899-12-30 16:35:00,414,E10000029,6,0,6,30,3,4,3,143,0,0,1,1,1,0,0,1,1,E01030147,1.0,1.0,2.0,72.0,10.0,2.0,0.0,0.0,0.0,0.0,0.0,9.0,1.0,9.0
5216,201543P154035,2,9,0,18,0,8,0,0,0,0,1,1,6,1,62,9,2179,2,4,-1,-1,-1,4,3,460787.0,227857.0,-1.117036,51.945898,43,2,3,4,14/03/2015,7,1899-12-30 17:50:00,481,E10000025,3,4421,6,50,3,4,6,0,0,0,1,1,1,0,0,2,1,E01028484,2.0,1.0,1.0,62.0,9.0,3.0,0.0,0.0,0.0,0.0,0.0,9.0,-1.0,-1.0
5217,2015331501263,3,9,0,4,0,0,1,0,0,0,2,1,1,1,49,8,2184,2,10,-1,2,-1,1,4,454213.0,300623.0,-1.200997,52.6007,33,2,4,1,19/08/2015,4,1899-12-30 07:15:00,360,E10000018,1,69,3,70,0,-1,-1,0,0,0,1,1,1,0,0,2,1,E01025626,,,,,,,,,,,,,,
5218,2015100511815,1,9,0,18,0,1,0,0,0,0,1,1,2,1,18,4,1198,1,8,-1,1,-1,2,1,425756.0,560210.0,-1.599546,54.935903,10,2,1,2,22/08/2015,7,1899-12-30 22:19:00,146,E08000020,3,167,6,30,6,4,6,0,0,4,4,5,5,0,0,1,1,E01008239,1.0,3.0,2.0,77.0,11.0,2.0,1.0,3.0,0.0,0.0,0.0,0.0,1.0,10.0
5219,201501RG40290,2,9,0,11,0,0,0,0,0,0,4,1,6,1,-1,-1,1242,1,14,-1,-1,-1,1,3,540320.0,178140.0,0.019502,51.484811,1,2,3,1,24/04/2015,6,1899-12-30 07:26:00,6,E09000011,3,102,3,30,0,-1,-1,0,0,0,1,1,1,0,0,1,1,E01033738,,,,,,,,,,,,,,
5220,201550JC2A001,1,9,0,16,0,0,1,0,1,4,1,1,6,2,17,4,-1,-1,-1,-1,1,-1,1,1,285331.0,80448.0,-3.62206,50.61244,50,2,1,1,20/01/2015,3,1899-12-30 16:50:00,585,E10000008,4,3193,6,60,0,-1,-1,0,0,0,6,1,2,7,0,2,1,E01020223,1.0,1.0,2.0,17.0,4.0,2.0,0.0,0.0,0.0,0.0,0.0,9.0,1.0,6.0
5221,2015051502500,3,9,0,18,0,0,0,0,0,0,0,1,1,1,42,7,2993,2,3,-1,-1,-1,2,6,339805.0,393456.0,-2.907527,53.434432,5,2,6,2,18/10/2015,1,1899-12-30 16:30:00,91,E08000012,6,0,6,30,0,-1,-1,0,0,0,1,1,1,0,0,2,1,E01006627,,,,,,,,,,,,,,
5222,201534NE20615,1,5,0,17,0,0,0,0,0,0,1,1,6,1,47,8,-1,-1,-1,-1,2,-1,1,2,500841.0,291993.0,-0.515364,52.516502,34,2,2,1,42255,1,1899-12-30 14:00:00,382,E10000021,5,11,6,60,0,-1,-1,0,0,0,1,1,1,0,0,2,1,E01027050,1.0,1.0,1.0,47.0,8.0,2.0,0.0,0.0,0.0,0.0,0.0,5.0,2.0,6.0
5223,2015471505986,1,5,0,18,0,0,0,0,0,0,1,1,6,1,67,10,1000,1,6,-1,2,-1,1,2,488607.0,121573.0,-0.738994,50.986751,47,2,2,1,42318,1,1899-12-30 13:35:00,559,E10000032,3,272,6,30,0,-1,-1,0,0,0,1,1,1,0,0,2,1,E01032717,1.0,1.0,1.0,67.0,10.0,2.0,0.0,0.0,0.0,0.0,0.0,5.0,2.0,9.0