,accident_index,vehicle_reference,vehicle_type,towing_and_articulation,vehicle_manoeuvre,vehicle_location-restricted_lane,junction_location,skidding_and_overturning,hit_object_in_carriageway,vehicle_leaving_carriageway,hit_object_off_carriageway,1st_point_of_impact,was_vehicle_left_hand_drive?,journey_purpose_of_driver,sex_of_driver,age_of_driver,age_band_of_driver,engine_capacity_(cc),propulsion_code,age_of_vehicle,driver_imd_decile,driver_home_area_type,vehicle_imd_decile,NUmber_of_Casualities_unique_to_accident_index,No_of_Vehicles_involved_unique_to_accident_index,location_easting_osgr,location_northing_osgr,longitude,latitude,police_force,accident_severity,number_of_vehicles,number_of_casualties,date,day_of_week,time,local_authority_(district),local_authority_(highway),1st_road_class,1st_road_number,road_type,speed_limit,junction_detail,junction_control,2nd_road_class,2nd_road_number,pedestrian_crossing-human_control,pedestrian_crossing-physical_facilities,light_conditions,weather_conditions,road_surface_conditions,special_conditions_at_site,carriageway_hazards,urban_or_rural_area,did_police_officer_attend_scene_of_accident,lsoa_of_accident_location,casualty_reference,casualty_class,sex_of_casualty,age_of_casualty,age_band_of_casualty,casualty_severity,pedestrian_location,pedestrian_movement,car_passenger,bus_or_coach_passenger,pedestrian_road_maintenance_worker,casualty_type,casualty_home_area_type,casualty_imd_decile
5422,2015471503201,2,9,0,9,0,1,0,0,0,0,3,1,6,1,33,6,1560,2,7,-1,1,-1,1,2,579556.0,111874.0,0.550951,50.878464,47,2,2,1,42253,3,1899-12-30 17:19:00,552,E10000011,6,0,6,30,8,4,6,0,0,0,1,1,1,0,0,1,1,E01020969,,,,,,,,,,,,,,
5423,201597QA02702,1,9,0,9,0,8,0,0,0,0,4,1,6,2,18,4,1582,2,1,-1,1,-1,1,2,263451.0,654602.0,-4.177947,55.765431,97,2,2,1,21/02/2015,7,1899-12-30 14:35:00,938,S12000029,6,0,6,30,3,4,6,0,0,0,1,1,2,0,0,1,1,,,,,,,,,,,,,,,
5424,201501MM70901,1,19,0,11,0,8,0,0,0,0,4,1,6,3,-1,-1,1753,2,13,-1,-1,-1,1,2,532270.0,180200.0,-0.095592,51.505262,1,2,2,1,20/10/2015,3,1899-12-30 15:30:00,8,E09000028,3,300,6,30,3,4,6,0,0,5,1,1,1,0,0,1,1,E01003929,,,,,,,,,,,,,,
5425,2015360096392,1,9,0,17,0,8,0,0,7,9,1,1,6,1,21,5,-1,-1,-1,-1,3,-1,4,1,550365.0,311694.0,0.222904,52.682078,36,2,1,4,19/12/2015,7,1899-12-30 01:20:00,407,E10000020,5,3,6,60,3,4,6,0,0,0,7,1,1,0,7,2,1,E01026721,2.0,2.0,1.0,32.0,6.0,3.0,0.0,0.0,2.0,0.0,0.0,9.0,1.0,4.0
5426,201506L009797,1,9,0,18,0,2,0,0,0,0,4,1,6,2,30,6,1587,1,8,-1,1,-1,1,1,354520.0,404700.0,-2.687689,53.536968,6,2,1,1,25/12/2015,6,1899-12-30 18:40:00,114,E08000010,3,577,6,30,3,4,6,0,0,4,4,2,2,0,0,1,1,E01006399,1.0,3.0,1.0,76.0,11.0,2.0,1.0,1.0,0.0,0.0,0.0,0.0,1.0,4.0
5427,2015100382515,1,3,0,4,0,0,2,0,0,0,3,1,6,1,28,6,125,1,4,-1,1,-1,1,1,440293.0,555735.0,-1.373299,54.894733,10,2,1,1,22/06/2015,2,1899-12-30 09:00:00,150,E08000024,6,5179,6,30,0,-1,-1,0,0,1,1,2,2,0,0,1,1,E01008737,1.0,1.0,1.0,28.0,6.0,2.0,0.0,0.0,0.0,0.0,0.0,3.0,1.0,1.0
5428,201550CT3Y003,2,9,0,18,0,1,5,0,0,0,1,1,6,1,77,11,1332,1,6,-1,3,-1,2,2,262515.0,109023.0,-3.955021,50.864321,50,2,2,2,42069,4,1899-12-30 17:47:00,588,E10000008,3,3124,6,60,3,4,6,0,0,0,1,1,1,0,0,2,1,E01020311,2.0,2.0,2.0,-1.0,-1.0,2.0,0.0,0.0,1.0,0.0,0.0,9.0,3.0,4.0
5429,2015450027947,1,9,0,9,0,5,0,0,0,0,3,1,3,2,46,8,-1,-1,-1,-1,1,-1,2,2,508675.0,170486.0,-0.438391,51.422976,45,2,2,2,13/07/2015,2,1899-12-30 08:30:00,40,E10000030,5,233,6,30,3,4,6,0,0,0,1,1,1,0,0,1,1,E01030700,3.0,1.0,2.0,46.0,8.0,3.0,0.0,0.0,0.0,0.0,0.0,9.0,1.0,7.0
5430,201543S012115,1,19,0,18,0,0,1,0,0,0,1,1,1,1,25,5,1995,2,1,-1,1,-1,3,2,492384.0,238395.0,-0.654619,52.036273,43,2,2,3,42258,2,1899-12-30 01:20:00,479,E06000042,3,421,3,60,0,-1,-1,0,0,0,4,1,2,0,0,2,1,E01016735,1.0,1.0,1.0,25.0,5.0,3.0,0.0,0.0,0.0,0.0,0.0,19.0,1.0,5.0
5431,201597UA02801,1,9,0,9,0,8,0,0,0,0,1,1,6,1,77,11,998,1,6,-1,2,-1,1,2,234824.0,654089.0,-4.633412,55.7519,97,2,2,1,42156,3,1899-12-30 19:40:00,931,S12000021,4,7049,6,30,3,4,6,0,0,0,4,1,2,0,0,2,1,,,,,,,,,,,,,,,
5432,2015170M12905,2,1,0,18,0,0,0,0,0,0,1,1,6,1,37,7,-1,-1,-1,-1,1,-1,1,2,448054.0,517018.0,-1.258677,54.546145,17,2,2,1,30/11/2015,2,1899-12-30 19:20:00,243,E06000002,3,1032,6,30,0,-1,-1,0,0,0,4,1,2,0,0,1,1,E01012047,1.0,1.0,1.0,37.0,7.0,2.0,0.0,0.0,0.0,0.0,0.0,1.0,1.0,1.0
5433,201543R169035,1,9,0,18,0,1,0,0,0,0,1,1,6,1,36,7,1794,1,11,-1,1,-1,1,1,500221.0,179128.0,-0.557489,51.502212,43,2,1,1,21/03/2015,7,1899-12-30 12:50:00,473,E06000039,6,7302,6,20,3,4,6,7302,0,0,1,1,1,0,0,1,1,E01016501,1.0,3.0,1.0,9.0,2.0,2.0,5.0,3.0,0.0,0.0,0.0,0.0,1.0,3.0
5434,2015521506629,1,3,0,14,0,1,0,7,0,0,3,1,6,1,17,4,124,1,3,-1,3,-1,1,1,367376.0,153911.0,-2.469158,51.283397,52,2,1,1,42256,4,1899-12-30 09:06:00,611,E06000022,3,367,6,30,3,4,6,0,0,4,1,9,1,0,0,1,1,E01014470,1.0,1.0,1.0,17.0,4.0,2.0,0.0,0.0,0.0,0.0,0.0,3.0,3.0,4.0
5435,2015440287899,1,19,0,9,0,8,0,0,0,0,3,1,1,1,27,6,2198,2,1,-1,1,-1,1,2,440937.0,112469.0,-1.419108,50.910244,44,2,2,1,19/08/2015,4,1899-12-30 11:45:00,500,E06000045,3,3057,6,30,6,2,6,0,0,5,1,1,1,0,0,1,1,E01017194,,,,,,,,,,,,,,
5436,201554Z506815,1,9,0,9,0,5,0,0,1,10,4,1,6,1,82,11,1998,1,17,-1,1,-1,3,2,397646.0,161259.0,-2.035188,51.350404,54,2,2,3,23/12/2015,4,1899-12-30 15:33:00,635,E06000054,3,361,3,70,3,4,4,3101,0,0,1,1,2,0,0,2,1,E01031872,1.0,1.0,1.0,82.0,11.0,2.0,0.0,0.0,0.0,0.0,0.0,9.0,1.0,6.0
5437,2015120190071,1,9,0,7,0,1,0,0,0,0,4,1,6,2,38,7,1896,2,13,-1,-1,-1,1,2,460543.0,451315.0,-1.078889,53.954395,12,2,2,1,26/10/2015,2,1899-12-30 17:44:00,189,E06000014,3,1036,3,30,3,4,6,0,0,0,4,1,1,0,0,1,1,E01013364,,,,,,,,,,,,,,
5438,201531C034815,1,9,0,9,0,3,0,0,0,0,1,1,6,1,-1,-1,-1,-1,-1,-1,-1,-1,1,1,455578.0,335524.0,-1.17494,52.914274,31,2,1,1,23/02/2015,2,1899-12-30 12:00:00,346,E06000018,6,0,1,30,2,4,6,0,0,0,1,2,2,0,0,1,2,E01013903,1.0,3.0,2.0,82.0,11.0,2.0,5.0,1.0,0.0,0.0,0.0,0.0,1.0,4.0
5439,201591NJ01094,1,10,0,18,0,0,1,-1,2,7,1,1,2,1,42,7,-1,-1,-1,-1,1,-1,2,1,308272.0,920382.0,-3.560648,58.162755,91,2,1,2,17/02/2015,3,1899-12-30 03:30:00,927,S12000017,3,9,3,60,0,-1,-1,0,0,0,6,6,4,0,0,2,1,,2.0,2.0,1.0,51.0,8.0,2.0,0.0,0.0,0.0,0.0,0.0,10.0,-1.0,-1.0
5440,201520M014095,2,2,0,5,0,8,0,0,0,0,2,1,6,1,19,4,49,1,15,-1,1,-1,1,2,431000.0,280110.0,-1.545617,52.418111,20,2,2,1,42256,4,1899-12-30 21:20:00,302,E08000026,3,4114,6,30,6,2,6,0,0,5,4,1,1,0,0,1,1,E01009652,1.0,1.0,1.0,19.0,4.0,2.0,0.0,0.0,0.0,0.0,0.0,2.0,1.0,3.0
5441,201522F503311,2,9,0,18,0,0,0,0,0,0,3,1,6,2,34,6,1329,1,-1,-1,1,-1,1,2,349430.0,313080.0,-2.750002,52.713004,22,2,2,1,21/08/2015,6,1899-12-30 08:05:00,286,E06000051,3,5191,6,30,0,-1,-1,0,0,0,1,1,1,0,0,1,1,E01028946,,,,,,,,,,,,,,
5442,2015543072515,1,9,0,17,0,8,0,0,0,0,0,1,6,3,-1,-1,-1,-1,-1,-1,-1,-1,1,3,390247.0,162916.0,-2.141478,51.365222,54,2,3,1,42251,5,1899-12-30 15:49:00,635,E06000054,3,350,1,40,1,4,5,381,0,0,1,1,1,0,0,1,1,E01032067,,,,,,,,,,,,,,
5443,201543N212125,1,9,0,13,0,0,1,0,0,0,1,1,6,1,21,5,1598,1,16,-1,1,-1,3,3,485509.0,189275.0,-0.766927,51.595841,43,2,3,3,24/12/2015,5,1899-12-30 02:18:00,480,E10000002,5,100,6,60,0,-1,-1,0,0,0,6,2,2,0,0,2,1,E01017876,1.0,1.0,1.0,21.0,5.0,2.0,0.0,0.0,0.0,0.0,0.0,9.0,1.0,3.0
5444,201522C502933,2,9,0,3,0,0,0,0,0,0,2,1,6,1,65,9,1197,1,1,-1,2,-1,4,3,404170.0,246420.0,-1.940516,52.116086,22,2,3,4,31/07/2015,6,1899-12-30 17:04:00,277,E10000034,3,46,3,70,0,-1,-1,0,0,0,1,1,1,0,0,2,1,E01032389,2.0,1.0,1.0,65.0,9.0,2.0,0.0,0.0,0.0,0.0,0.0,9.0,2.0,6.0
5445,201511SJ06255,1,9,0,18,0,0,0,7,0,0,1,1,6,1,22,5,1995,2,8,-1,1,-1,4,2,428728.0,520546.0,-1.557068,54.579311,11,2,2,4,28/03/2015,7,1899-12-30 19:10:00,161,E06000005,3,167,6,60,0,-1,-1,0,0,0,4,1,1,0,0,2,1,E01012366,4.0,2.0,1.0,27.0,6.0,3.0,0.0,0.0,2.0,0.0,0.0,9.0,1.0,2.0
5446,201501TX20196,3,9,0,2,0,0,0,0,0,0,3,1,6,1,23,5,1595,1,8,-1,1,-1,1,3,517020.0,178730.0,-0.315699,51.495411,1,2,3,1,28/03/2015,7,1899-12-30 18:00:00,25,E09000018,6,0,6,30,0,-1,-1,0,0,0,4,1,1,0,0,1,1,E01002563,,,,,,,,,,,,,,
5447,2015210025236,1,22,0,18,0,1,0,0,0,0,3,1,6,2,83,11,-1,-1,-1,-1,1,-1,1,2,388648.0,350744.0,-2.170811,53.053829,21,2,2,1,42161,7,1899-12-30 19:35:00,257,E06000021,6,0,2,30,6,4,4,-1,0,0,1,1,1,0,0,1,2,E01014268,1.0,1.0,2.0,83.0,11.0,2.0,0.0,0.0,0.0,0.0,0.0,22.0,1.0,4.0
5448,201597BD02102,2,9,0,18,0,1,0,0,7,0,1,1,6,1,63,9,-1,-1,-1,-1,1,-1,1,2,265039.0,665045.0,-4.157842,55.85964,97,2,2,1,19/02/2015,5,1899-12-30 18:20:00,926,S12000043,6,0,6,30,3,4,6,0,0,0,4,1,1,0,0,1,1,,1.0,1.0,1.0,63.0,9.0,2.0,0.0,0.0,0.0,0.0,0.0,9.0,1.0,-1.0
5449,201531D235515,2,9,0,9,0,5,0,0,0,0,3,1,6,1,73,10,1461,2,7,-1,1,-1,1,2,447956.0,340196.0,-1.287588,52.957001,31,2,2,1,42045,6,1899-12-30 16:41:00,342,E10000024,3,609,6,30,3,4,6,0,0,0,1,1,1,0,0,1,1,E01033412,,,,,,,,,,,,,,
5450,201506F010333,2,9,0,18,0,8,0,0,0,0,1,1,6,1,20,4,1248,1,6,-1,1,-1,1,2,375520.0,399410.0,-2.370429,53.490824,6,2,2,1,29/12/2015,3,1899-12-30 19:42:00,107,E08000006,6,0,6,20,6,4,6,0,0,0,4,1,2,0,0,1,1,E01005726,,,,,,,,,,,,,,
5451,2015520600289,3,9,0,18,0,1,0,0,7,0,1,1,6,1,63,9,1968,2,3,-1,3,-1,4,3,359712.0,148753.0,-2.578459,51.236527,52,2,3,4,42167,1,1899-12-30 17:49:00,606,E10000027,4,3135,6,60,6,4,4,3139,0,0,6,1,1,0,0,2,1,E01029018,4.0,2.0,2.0,34.0,6.0,3.0,0.0,0.0,1.0,0.0,0.0,9.0,3.0,7.0
5452,2015471505080,3,9,0,3,0,1,0,0,0,0,1,1,2,1,38,7,1796,1,14,-1,1,-1,1,4,514674.0,103983.0,-0.373281,50.824042,47,2,4,1,42044,4,1899-12-30 16:47:00,564,E10000032,3,24,3,30,6,4,6,0,0,0,1,1,1,0,0,1,1,E01031798,,,,,,,,,,,,,,
5453,201531C085915,4,19,0,2,0,2,0,4,0,0,2,1,6,3,-1,-1,1870,2,11,-1,-1,-1,3,5,457803.0,338284.0,-1.141365,52.938847,31,2,5,3,25/04/2015,7,1899-12-30 21:13:00,346,E06000018,6,0,6,30,6,4,6,0,0,0,4,2,2,3,0,1,1,E01013874,,,,,,,,,,,,,,
5454,2015440260067,2,1,0,4,0,0,0,0,0,0,3,1,6,1,51,8,-1,-1,-1,-1,1,-1,1,2,462759.0,106801.0,-1.10973,50.857325,44,2,2,1,28/07/2015,3,1899-12-30 20:15:00,498,E06000044,6,0,6,40,0,-1,-1,0,0,0,1,1,1,0,0,2,1,E01017116,,,,,,,,,,,,,,
5455,201537EA92714,1,9,0,18,0,0,0,0,0,0,1,1,6,3,-1,-1,-1,-1,-1,-1,-1,-1,1,2,612672.0,247910.0,1.102893,52.088657,37,2,2,1,42071,2,1899-12-30 17:30:00,413,E10000029,5,461,6,30,0,-1,-1,0,0,0,1,1,1,0,0,2,2,E01030042,,,,,,,,,,,,,,
5456,2015350209815,2,5,0,18,0,8,0,0,0,0,1,1,6,1,54,8,645,1,16,-1,1,-1,2,2,547790.0,263350.0,0.163438,52.248488,35,2,2,2,23/12/2015,4,1899-12-30 22:45:00,395,E10000003,3,10,6,50,3,4,6,0,0,0,4,5,2,0,0,1,1,E01018272,2.0,2.0,2.0,40.0,7.0,3.0,0.0,0.0,0.0,0.0,0.0,5.0,1.0,5.0
5457,2015450022481,2,5,0,18,0,8,0,0,0,0,4,1,6,1,60,9,650,1,60,-1,3,-1,1,2,506964.0,168742.0,-0.463515,51.407626,45,2,2,1,42280,3,1899-12-30 14:15:00,40,E10000030,6,6299,6,30,3,4,6,0,0,0,1,1,1,0,0,1,1,E01030721,1.0,1.0,1.0,60.0,9.0,2.0,0.0,0.0,0.0,0.0,0.0,5.0,3.0,5.0
5458,201531D114915,1,9,0,17,0,0,0,0,0,0,3,1,6,2,33,6,1198,1,5,-1,3,-1,1,2,469533.0,341803.0,-0.966103,52.969086,31,2,2,1,29/05/2015,6,1899-12-30 15:15:00,347,E10000024,6,0,6,60,0,-1,-1,0,0,0,1,1,1,0,0,2,1,E01028415,,,,,,,,,,,,,,
5459,2015405DA0928,1,9,0,9,0,8,1,0,7,9,1,1,6,1,20,4,1988,1,12,-1,1,-1,3,2,508707.0,237531.0,-0.417024,52.025552,40,2,2,3,23/10/2015,6,1899-12-30 08:10:00,424,E06000056,3,507,6,60,3,4,6,133,0,0,1,1,1,0,0,2,1,E01017421,1.0,1.0,1.0,20.0,4.0,3.0,0.0,0.0,0.0,0.0,0.0,9.0,1.0,7.0
5460,2015450031025,1,5,0,18,0,0,5,0,0,0,3,1,6,1,49,8,1450,1,12,-1,1,-1,1,2,507999.0,159200.0,-0.451535,51.321662,45,2,2,1,18/10/2015,1,1899-12-30 13:32:00,511,E10000030,3,3,7,70,0,-1,-1,0,0,0,1,1,1,0,0,2,1,E01030458,1.0,1.0,1.0,49.0,8.0,2.0,0.0,0.0,0.0,0.0,0.0,5.0,1.0,10.0
5461,201504EG15197,2,5,0,16,0,0,1,0,1,0,0,1,6,1,19,4,997,1,9,-1,3,-1,1,2,367110.0,445720.0,-2.502111,53.906587,4,2,2,1,42133,7,1899-12-30 15:15:00,80,E10000017,6,0,6,60,0,-1,-1,0,0,0,1,1,1,0,0,2,1,E01025320,1.0,1.0,1.0,19.0,4.0,2.0,0.0,0.0,0.0,0.0,0.0,5.0,3.0,8.0
5462,2015551501567,1,21,0,18,0,1,0,0,1,4,1,1,1,1,49,8,11705,2,8,-1,2,-1,3,3,405088.0,99462.0,-1.929177,50.794701,55,2,3,3,42259,4,1899-12-30 09:16:00,647,E10000009,4,3073,6,60,3,4,6,0,0,0,1,1,1,0,0,2,1,E01020407,1.0,1.0,1.0,49.0,8.0,2.0,0.0,0.0,0.0,0.0,0.0,21.0,2.0,9.0
5463,201543P337015,2,19,0,17,0,1,0,0,1,0,1,1,6,1,48,8,-1,-1,-1,-1,2,-1,1,2,474690.0,180358.0,-0.924977,51.517216,43,2,2,1,24/01/2015,7,1899-12-30 11:17:00,484,E10000025,6,242,6,60,3,4,6,0,0,0,1,1,4,0,0,2,1,E01028660,,,,,,,,,,,,,,
5464,20154100T2085,3,9,0,3,0,0,0,0,0,0,2,1,6,2,38,7,1329,1,3,-1,1,-1,5,3,523528.0,222639.0,-0.206467,51.888629,41,2,3,5,20/09/2015,1,1899-12-30 11:17:00,435,E10000015,2,1,7,70,0,-1,-1,0,0,0,1,1,1,0,0,1,1,E01023786,2.0,2.0,1.0,28.0,6.0,3.0,0.0,0.0,1.0,0.0,0.0,9.0,1.0,7.0
5465,2015132A11360,2,9,0,9,0,8,0,0,0,0,1,1,6,2,30,6,1598,2,-1,-1,1,-1,1,3,429028.0,437515.0,-1.560416,53.833088,13,2,3,1,42014,5,1899-12-30 18:45:00,204,E08000035,6,0,6,30,6,4,6,0,0,0,4,1,1,0,0,1,1,E01011513,,,,,,,,,,,,,,
5466,2015545263415,2,1,0,9,0,8,0,0,0,0,4,1,6,1,47,8,-1,-1,-1,-1,1,-1,1,2,385184.0,157114.0,-2.213958,51.312942,54,2,2,1,16/06/2015,3,1899-12-30 07:35:00,635,E06000054,3,361,1,30,2,4,3,361,0,0,1,1,1,0,0,1,2,E01032094,1.0,1.0,1.0,47.0,8.0,2.0,0.0,0.0,0.0,0.0,0.0,1.0,1.0,8.0
5467,201501XH30458,2,1,0,18,0,8,0,0,0,0,1,1,6,1,49,8,-1,-1,-1,-1,1,-1,1,2,505830.0,184140.0,-0.475205,51.54624,1,2,2,1,42070,6,1899-12-30 20:00:00,26,E09000017,6,0,6,30,3,2,6,0,0,5,1,1,1,0,0,1,1,E01002515,1.0,1.0,1.0,49.0,8.0,2.0,0.0,0.0,0.0,0.0,0.0,1.0,1.0,8.0
5468,201563DP27415,1,5,0,17,0,0,1,0,7,0,1,1,6,1,53,8,-1,-1,-1,-1,1,-1,2,1,284500.0,232270.0,-3.682985,51.976854,63,2,1,2,42104,1,1899-12-30 12:50:00,753,W06000023,3,40,6,60,0,-1,-1,0,0,0,1,1,1,0,0,2,1,W01000474,1.0,2.0,2.0,53.0,8.0,3.0,0.0,0.0,0.0,0.0,0.0,5.0,1.0,-1.0
5469,2015941500820,2,9,0,18,0,8,0,0,0,0,1,1,2,2,25,5,1242,1,5,-1,1,-1,2,2,319927.0,692992.0,-3.289562,56.122923,94,2,2,2,21/10/2015,4,1899-12-30 22:44:00,925,S12000015,4,9149,6,40,6,4,3,92,0,0,6,2,2,0,0,2,1,,2.0,1.0,2.0,25.0,5.0,3.0,0.0,0.0,0.0,0.0,0.0,9.0,1.0,-1.0
5470,201550KH2O003,1,3,0,16,0,1,1,0,7,0,3,1,6,1,30,6,124,1,2,-1,3,-1,1,2,315156.0,101154.0,-3.205404,50.803708,50,2,2,1,23/08/2015,1,1899-12-30 07:26:00,580,E10000008,3,373,6,60,3,4,6,0,0,0,1,2,2,0,0,2,1,E01019959,1.0,1.0,1.0,30.0,6.0,2.0,0.0,0.0,0.0,0.0,0.0,3.0,3.0,6.0
5471,201506J096312,2,1,0,18,0,4,0,0,0,0,1,1,6,1,28,6,-1,-1,-1,-1,1,-1,1,2,388980.0,390330.0,-2.167241,53.409666,6,2,2,1,13/01/2015,3,1899-12-30 18:21:00,109,E08000007,3,560,1,30,1,4,3,560,0,0,4,1,1,0,0,1,1,E01005861,1.0,1.0,1.0,28.0,6.0,2.0,0.0,0.0,0.0,0.0,0.0,1.0,1.0,10.0
5472,201550CI2B004,1,9,0,17,0,0,0,0,1,0,1,1,6,2,42,7,1995,2,12,-1,1,-1,3,2,251775.0,147259.0,-4.12318,51.205256,50,2,2,3,27/06/2015,7,1899-12-30 23:00:00,582,E10000008,6,0,6,30,0,-1,-1,0,0,0,4,1,1,0,0,1,1,E01020111,3.0,2.0,2.0,23.0,5.0,3.0,0.0,0.0,1.0,0.0,0.0,9.0,1.0,3.0
5473,2015941500310,1,3,0,4,0,2,0,0,0,0,3,1,6,1,70,10,124,1,2,-1,3,-1,1,1,349116.0,700047.0,-2.821478,56.190311,94,2,1,1,17/04/2015,6,1899-12-30 13:00:00,925,S12000015,6,0,6,20,3,4,3,917,0,0,1,1,1,0,0,2,2,,1.0,1.0,1.0,70.0,10.0,2.0,0.0,0.0,0.0,0.0,0.0,3.0,3.0,-1.0
5474,201506L095813,1,9,0,9,0,5,0,0,0,0,1,1,6,1,47,8,1596,1,6,-1,1,-1,1,1,354570.0,404470.0,-2.686901,53.534906,6,2,1,1,42217,5,1899-12-30 17:28:00,114,E08000010,6,0,6,30,8,4,6,0,0,0,4,1,1,0,0,1,1,E01006399,1.0,3.0,1.0,49.0,8.0,2.0,5.0,1.0,0.0,0.0,0.0,0.0,1.0,4.0
5475,201506J005779,1,9,0,18,0,0,0,0,0,0,0,1,6,1,19,4,1299,1,12,-1,-1,-1,1,1,390440.0,390180.0,-2.145273,53.408346,6,2,1,1,42285,2,1899-12-30 19:40:00,109,E08000007,6,0,6,20,0,-1,-1,0,0,0,1,1,1,0,0,1,2,E01005872,1.0,3.0,1.0,6.0,2.0,2.0,5.0,1.0,0.0,0.0,0.0,0.0,1.0,5.0
5476,2015132BO1557,1,9,0,17,0,0,1,0,7,4,4,1,6,1,-1,-1,1396,1,13,-1,-1,-1,1,1,430506.0,421034.0,-1.539582,53.684877,13,2,1,1,25/11/2015,4,1899-12-30 03:45:00,206,E08000036,6,0,6,30,0,-1,-1,0,0,0,4,1,2,0,0,1,1,E01011927,1.0,2.0,1.0,18.0,4.0,2.0,0.0,0.0,1.0,0.0,0.0,9.0,1.0,4.0
5477,201501PL60857,1,21,0,18,0,0,0,0,0,0,4,1,1,1,62,9,10837,2,4,-1,-1,-1,1,2,534950.0,173070.0,-0.059722,51.440556,1,2,2,1,29/09/2015,3,1899-12-30 07:50:00,7,E09000023,3,205,6,30,0,-1,-1,0,0,0,1,1,1,0,0,1,1,E01003254,,,,,,,,,,,,,,
5478,2015530209821,2,9,0,2,0,0,0,0,0,0,3,1,6,1,62,9,2993,2,4,-1,1,-1,1,2,396071.0,221280.0,-2.058497,51.89006,53,2,2,1,42012,7,1899-12-30 00:46:00,620,E10000013,3,40,6,30,0,-1,-1,0,0,0,4,1,1,0,0,1,1,E01022111,,,,,,,,,,,,,,
5479,2015075133621,2,19,0,17,0,0,0,0,0,0,1,1,1,1,32,6,2143,2,6,-1,1,-1,1,2,392668.0,366111.0,-2.111194,53.192034,7,2,2,1,42343,3,1899-12-30 11:05:00,129,E06000049,3,54,6,50,0,-1,-1,0,0,0,1,1,2,0,0,2,1,E01018591,,,,,,,,,,,,,,
5480,2015210027767,1,9,-1,-1,-1,0,-1,-1,-1,0,-1,1,6,1,30,6,1998,1,13,-1,1,-1,1,1,389481.0,342877.0,-2.158124,52.983129,21,2,1,1,42255,1,1899-12-30 08:09:00,257,E06000021,6,0,6,30,0,-1,-1,0,0,0,1,1,1,0,0,1,2,E01014240,1.0,1.0,1.0,30.0,6.0,2.0,0.0,0.0,0.0,0.0,0.0,9.0,1.0,2.0
5481,2015331501946,1,5,0,18,0,0,0,0,0,0,1,1,6,1,26,6,955,1,16,-1,1,-1,1,1,440059.0,293637.0,-1.410803,52.539125,33,2,1,1,42075,5,1899-12-30 06:30:00,361,E10000018,3,47,6,30,0,-1,-1,0,0,0,4,1,2,0,0,1,1,E01025853,1.0,3.0,1.0,60.0,9.0,2.0,5.0,3.0,0.0,0.0,0.0,0.0,1.0,9.0
5482,2015215000585,1,20,0,9,0,6,0,0,0,0,3,1,1,1,50,8,4249,2,7,-1,1,-1,1,2,391486.0,332785.0,-2.127992,52.892446,21,2,2,1,26/01/2015,2,1899-12-30 17:18:00,255,E10000028,4,5027,6,30,3,4,6,587,0,0,4,1,1,0,0,1,1,E01029741,,,,,,,,,,,,,,
5483,2015331500245,2,9,0,18,0,4,0,0,0,0,3,1,6,1,41,7,998,1,1,-1,1,-1,3,2,455969.0,278933.0,-1.178713,52.405551,33,2,2,3,20/02/2015,6,1899-12-30 00:33:00,363,E10000018,3,14,1,60,1,2,1,6,0,0,4,2,2,4,0,2,1,E01025808,2.0,1.0,1.0,41.0,7.0,3.0,0.0,0.0,0.0,0.0,0.0,9.0,1.0,1.0
5484,2015450028003,1,9,0,17,0,1,0,0,0,0,1,1,1,1,40,7,2497,2,9,-1,1,-1,1,1,535011.0,151742.0,-0.066927,51.248876,45,2,1,1,16/07/2015,5,1899-12-30 09:55:00,516,E10000030,3,25,6,30,3,4,6,0,0,1,1,1,1,0,0,2,1,E01030825,1.0,3.0,2.0,79.0,11.0,2.0,2.0,3.0,0.0,0.0,0.0,0.0,2.0,8.0
5485,2015950000055,1,9,0,9,0,2,0,0,0,0,3,1,2,2,31,6,1796,1,11,-1,1,-1,2,2,321220.0,671440.0,-3.262435,55.929549,95,2,2,2,42217,5,1899-12-30 08:30:00,923,S12000036,3,71,3,40,6,4,6,0,0,0,1,4,1,0,0,1,1,,,,,,,,,,,,,,,
5486,2015350121515,2,21,1,2,6,0,0,0,0,0,2,1,1,1,55,8,12809,2,-1,-1,1,-1,2,3,549430.0,260550.0,0.186206,52.222891,35,2,3,2,29/06/2015,2,1899-12-30 11:14:00,395,E10000003,3,14,3,70,0,-1,-1,0,0,0,1,1,1,0,0,2,1,E01018297,,,,,,,,,,,,,,
5487,201543S116125,2,9,0,18,0,1,0,0,0,0,1,1,6,2,80,11,999,1,9,-1,1,-1,2,2,482605.0,237663.0,-0.79732,52.031235,43,2,2,2,16/12/2015,4,1899-12-30 15:50:00,479,E06000042,5,129,6,60,3,4,6,1056,0,0,5,1,2,0,0,1,1,E01016778,2.0,2.0,2.0,71.0,10.0,2.0,0.0,0.0,1.0,0.0,0.0,9.0,1.0,6.0
5488,201506P095479,3,9,0,18,0,8,0,0,0,0,1,1,6,1,52,8,-1,-1,-1,-1,1,-1,1,3,388520.0,409790.0,-2.17488,53.584569,6,2,3,1,42036,6,1899-12-30 06:00:00,106,E08000005,3,664,6,30,3,4,6,0,0,0,4,1,1,0,0,1,1,E01005479,,,,,,,,,,,,,,