,accident_index,vehicle_reference,vehicle_type,towing_and_articulation,vehicle_manoeuvre,vehicle_location-restricted_lane,junction_location,skidding_and_overturning,hit_object_in_carriageway,vehicle_leaving_carriageway,hit_object_off_carriageway,1st_point_of_impact,was_vehicle_left_hand_drive?,journey_purpose_of_driver,sex_of_driver,age_of_driver,age_band_of_driver,engine_capacity_(cc),propulsion_code,age_of_vehicle,driver_imd_decile,driver_home_area_type,vehicle_imd_decile,NUmber_of_Casualities_unique_to_accident_index,No_of_Vehicles_involved_unique_to_accident_index,location_easting_osgr,location_northing_osgr,longitude,latitude,police_force,accident_severity,number_of_vehicles,number_of_casualties,date,day_of_week,time,local_authority_(district),local_authority_(highway),1st_road_class,1st_road_number,road_type,speed_limit,junction_detail,junction_control,2nd_road_class,2nd_road_number,pedestrian_crossing-human_control,pedestrian_crossing-physical_facilities,light_conditions,weather_conditions,road_surface_conditions,special_conditions_at_site,carriageway_hazards,urban_or_rural_area,did_police_officer_attend_scene_of_accident,lsoa_of_accident_location,casualty_reference,casualty_class,sex_of_casualty,age_of_casualty,age_band_of_casualty,casualty_severity,pedestrian_location,pedestrian_movement,car_passenger,bus_or_coach_passenger,pedestrian_road_maintenance_worker,casualty_type,casualty_home_area_type,casualty_imd_decile
5489,201550AC3G007,1,9,0,16,0,8,0,0,0,0,1,1,6,2,36,7,796,1,11,-1,2,-1,2,2,172906.0,43079.0,-5.186435,50.243968,50,2,2,2,42105,4,1899-12-30 07:58:00,596,E06000052,4,3298,6,30,3,4,6,0,0,0,1,1,2,0,0,2,1,E01018918,1.0,1.0,2.0,36.0,7.0,2.0,0.0,0.0,0.0,0.0,0.0,9.0,2.0,3.0
5490,2015075268731,2,9,0,18,0,1,0,0,7,11,1,1,6,1,68,10,1984,1,3,-1,3,-1,4,2,361985.0,395007.0,-2.573883,53.450443,7,2,2,4,42256,4,1899-12-30 17:29:00,128,E06000007,3,579,6,60,3,4,6,0,0,0,1,1,1,0,0,2,1,E01012472,3.0,2.0,2.0,32.0,6.0,2.0,0.0,0.0,2.0,0.0,0.0,9.0,1.0,2.0
5491,2015460262560,1,9,0,5,0,6,0,0,0,0,3,1,6,2,32,6,1598,1,13,-1,-1,-1,5,2,622560.0,151340.0,1.185568,51.217858,46,2,2,5,42348,2,1899-12-30 16:52:00,533,E10000016,4,2046,6,60,3,4,6,0,0,0,1,1,1,0,0,2,1,E01024192,1.0,1.0,2.0,32.0,6.0,2.0,0.0,0.0,0.0,0.0,0.0,9.0,-1.0,-1.0
5492,201543P314025,2,8,0,18,0,1,1,0,1,0,1,1,6,2,21,5,-1,-1,-1,-1,-1,-1,1,2,446772.0,237637.0,-1.319588,52.035173,43,2,2,1,42126,5,1899-12-30 05:52:00,481,E10000025,3,4260,6,40,8,4,6,0,0,0,4,1,2,0,0,1,1,E01028475,1.0,1.0,2.0,21.0,5.0,2.0,0.0,0.0,0.0,0.0,0.0,8.0,-1.0,-1.0
5493,2015132CM0419,2,19,0,2,0,1,0,0,0,0,0,1,6,1,-1,-1,2402,2,15,-1,-1,-1,1,2,431882.0,435291.0,-1.517283,53.812933,13,2,2,1,22/12/2015,3,1899-12-30 10:25:00,204,E08000035,6,0,6,30,3,4,6,0,0,8,1,1,1,0,0,1,1,E01011428,,,,,,,,,,,,,,
5494,2015530209816,2,9,0,9,0,6,0,0,0,0,2,1,6,1,62,9,1796,2,2,-1,1,-1,1,2,405692.0,234245.0,-1.918488,52.006612,53,2,2,1,31/08/2015,2,1899-12-30 20:06:00,625,E10000013,4,4632,6,60,3,4,6,661,0,0,1,2,2,0,0,2,1,E01022449,,,,,,,,,,,,,,
5495,201520K000295,2,9,0,3,0,1,0,0,0,0,3,1,6,1,30,6,2987,2,2,-1,1,-1,3,3,396820.0,291830.0,-2.0483,52.524336,20,2,3,3,42095,1,1899-12-30 01:35:00,305,E08000028,3,461,3,30,3,4,6,0,0,0,4,1,2,0,0,1,1,E01010067,,,,,,,,,,,,,,
5496,201531C160015,1,9,0,18,1,0,0,0,0,0,0,1,2,1,-1,-1,-1,-1,-1,-1,-1,-1,1,2,457476.0,339731.0,-1.145974,52.951888,31,2,2,1,31/07/2015,6,1899-12-30 14:30:00,346,E06000018,6,0,6,30,0,-1,-1,0,0,0,1,1,1,0,0,1,2,E01033406,,,,,,,,,,,,,,
5497,201501MM70850,2,9,0,9,0,8,0,0,0,0,0,1,6,3,-1,-1,-1,-1,-1,-1,-1,-1,1,2,532430.0,179760.0,-0.093453,51.50127,1,2,2,1,42045,6,1899-12-30 22:00:00,8,E09000028,3,3,6,30,6,2,3,2,0,0,4,1,1,0,0,1,2,E01003929,,,,,,,,,,,,,,
5498,2015450029903,1,9,0,18,0,1,0,0,0,0,1,1,1,1,58,9,1968,2,6,-1,1,-1,3,3,489308.0,159211.0,-0.71968,51.324999,45,2,3,3,30/09/2015,4,1899-12-30 19:25:00,515,E10000030,4,311,6,30,3,4,6,0,0,0,4,1,1,0,0,1,1,E01030790,3.0,1.0,1.0,58.0,9.0,2.0,0.0,0.0,0.0,0.0,0.0,9.0,1.0,5.0
5499,201543P167045,2,11,0,18,0,8,0,0,0,0,4,1,1,1,58,9,5900,2,8,-1,1,-1,1,2,435194.0,210051.0,-1.491168,51.788015,43,2,2,1,18/04/2015,7,1899-12-30 15:27:00,485,E10000025,6,410,6,30,3,4,6,0,0,0,1,1,1,0,0,1,1,E01028807,,,,,,,,,,,,,,
5500,2015160D06281,1,9,0,4,0,0,0,0,0,0,1,1,3,1,52,8,1796,1,9,-1,1,-1,1,1,510460.0,433627.0,-0.324858,53.78725,16,2,1,1,23/10/2015,6,1899-12-30 15:40:00,228,E06000010,6,0,6,30,0,-1,-1,0,0,1,1,1,1,0,0,1,1,E01012787,1.0,3.0,1.0,5.0,1.0,2.0,1.0,4.0,0.0,0.0,0.0,0.0,1.0,1.0
5501,201543S055065,2,3,0,18,0,1,0,0,1,0,1,1,6,1,18,4,124,1,1,-1,1,-1,1,2,483563.0,239065.0,-0.783016,52.043693,43,2,2,1,42069,4,1899-12-30 23:17:00,479,E06000042,5,144,6,60,3,4,6,1132,0,0,4,1,1,0,0,1,1,E01016722,1.0,1.0,1.0,18.0,4.0,2.0,0.0,0.0,0.0,0.0,0.0,3.0,1.0,2.0
5502,20154100F0677,1,9,0,17,0,0,0,0,1,0,1,1,6,1,39,7,-1,-1,-1,-1,1,-1,2,2,518629.0,208835.0,-0.282342,51.765637,41,2,2,2,23/03/2015,2,1899-12-30 21:11:00,434,E10000015,5,143,6,60,0,-1,-1,0,0,0,6,2,2,0,0,2,1,E01023736,,,,,,,,,,,,,,
5503,20151329U1271,1,19,0,1,0,0,0,0,0,0,2,1,2,1,27,6,2198,2,1,-1,1,-1,1,1,411884.0,418019.0,-1.821651,53.658529,13,2,1,1,30/09/2015,4,1899-12-30 17:54:00,203,E08000034,6,0,6,30,0,-1,-1,0,0,1,1,1,1,0,0,1,1,E01011201,1.0,3.0,2.0,84.0,11.0,2.0,4.0,3.0,0.0,0.0,0.0,0.0,1.0,5.0
5504,201522C503001,1,9,0,16,0,0,1,0,1,4,1,1,6,1,24,5,-1,-1,-1,-1,-1,-1,2,1,393410.0,249480.0,-2.097715,52.143571,22,2,1,2,30/08/2015,1,1899-12-30 22:50:00,277,E10000034,6,0,6,30,0,-1,-1,0,0,0,6,1,1,0,0,2,1,E01032355,1.0,1.0,1.0,24.0,5.0,2.0,0.0,0.0,0.0,0.0,0.0,9.0,-1.0,-1.0
5505,2015120118451,1,9,0,18,0,1,5,0,3,11,1,1,6,2,20,4,1368,1,8,-1,1,-1,3,1,502409.0,493721.0,-0.426738,54.328792,12,2,1,3,42345,1,1899-12-30 05:20:00,186,E10000023,6,2441,6,60,8,4,6,0,0,0,1,2,2,0,0,2,1,E01027836,3.0,2.0,1.0,18.0,4.0,3.0,0.0,0.0,2.0,0.0,0.0,9.0,1.0,6.0
5506,201542I226007,3,9,0,18,0,1,0,0,0,0,1,1,6,1,37,7,1497,1,11,-1,-1,-1,4,3,578678.0,188644.0,0.576723,51.568355,42,2,3,4,25/07/2015,7,1899-12-30 10:00:00,453,E10000012,6,0,6,30,2,4,6,0,0,0,1,1,1,0,0,1,1,E01021512,3.0,2.0,2.0,36.0,7.0,2.0,0.0,0.0,1.0,0.0,0.0,9.0,-1.0,-1.0
5507,201560S075812,1,9,0,16,0,8,2,0,3,10,3,1,6,1,18,4,-1,-1,-1,-1,-1,-1,5,1,295905.0,359301.0,-3.556903,53.120688,60,2,1,5,27/05/2015,4,1899-12-30 00:30:00,723,W06000004,4,4501,6,60,3,4,3,543,0,0,6,1,1,0,0,2,1,W01000211,5.0,2.0,1.0,21.0,5.0,3.0,0.0,0.0,2.0,0.0,0.0,9.0,-1.0,-1.0
5508,201550JC4U007,5,9,0,3,0,0,0,0,0,0,2,1,6,2,24,5,1299,1,11,-1,1,-1,5,7,290454.0,84037.0,-3.550743,50.645689,50,2,7,5,20/02/2015,6,1899-12-30 17:52:00,585,E10000008,3,38,3,70,0,-1,-1,0,0,0,1,1,1,0,0,2,1,E01020241,3.0,2.0,2.0,76.0,11.0,3.0,0.0,0.0,1.0,0.0,0.0,9.0,3.0,4.0
5509,201597UC71107,3,9,4,4,0,0,0,0,0,0,2,1,6,2,55,8,2199,2,3,-1,3,-1,2,3,251316.0,625698.0,-4.355554,55.502366,97,2,3,2,21/07/2015,3,1899-12-30 17:20:00,919,S12000008,3,76,6,60,0,-1,-1,0,0,0,1,1,1,0,0,2,1,,1.0,1.0,2.0,55.0,8.0,2.0,0.0,0.0,0.0,0.0,0.0,9.0,3.0,-1.0
5510,2015030000886,2,5,0,13,0,2,0,0,0,0,4,1,6,1,50,8,649,1,3,-1,1,-1,1,3,339940.0,556290.0,-2.938033,54.897713,3,2,3,1,14/04/2015,3,1899-12-30 17:42:00,62,E10000006,3,595,3,30,5,4,6,0,0,0,1,1,1,0,0,2,1,E01019204,1.0,1.0,1.0,50.0,8.0,2.0,0.0,0.0,0.0,0.0,0.0,5.0,1.0,10.0
5511,201506A010597,2,9,0,18,0,8,0,0,0,0,1,1,6,1,28,6,1360,1,5,-1,1,-1,3,2,384420.0,400390.0,-2.236339,53.499973,6,2,2,3,42350,7,1899-12-30 20:20:00,102,E08000003,3,665,3,30,7,2,3,6010,0,5,4,1,2,0,0,1,2,E01005147,2.0,2.0,2.0,7.0,2.0,3.0,0.0,0.0,2.0,0.0,0.0,9.0,1.0,2.0
5512,201501YE80194,1,9,0,9,0,8,0,0,0,0,1,1,6,1,80,11,1298,1,13,-1,1,-1,2,2,531130.0,197890.0,-0.105407,51.664497,1,2,2,2,42186,4,1899-12-30 12:58:00,32,E09000010,3,1005,6,30,8,4,6,0,0,0,1,9,1,0,0,1,1,E01001468,2.0,2.0,2.0,80.0,11.0,3.0,0.0,0.0,1.0,0.0,0.0,9.0,1.0,7.0
5513,201531C064615,1,9,0,18,0,1,0,0,0,0,1,1,6,3,-1,-1,-1,-1,-1,-1,-1,-1,1,1,457694.0,340162.0,-1.142653,52.955739,31,2,1,1,20/03/2015,6,1899-12-30 05:30:00,346,E06000018,3,60,6,30,6,2,6,0,0,4,1,1,1,0,0,1,2,E01033405,1.0,3.0,1.0,21.0,5.0,2.0,1.0,3.0,0.0,0.0,0.0,0.0,1.0,3.0
5514,201542I296209,1,4,0,4,0,1,0,0,0,0,0,1,6,1,43,7,125,1,-1,-1,1,-1,1,1,538458.0,200517.0,0.001521,51.686347,42,2,1,1,19/09/2015,7,1899-12-30 12:34:00,456,E10000012,6,0,3,30,3,4,6,0,0,0,1,1,1,0,0,1,1,E01021813,1.0,1.0,1.0,43.0,7.0,2.0,0.0,0.0,0.0,0.0,0.0,4.0,1.0,2.0
5515,2015051500985,2,9,0,9,0,8,1,0,0,0,3,1,6,1,82,11,1339,1,3,-1,1,-1,1,2,329434.0,406591.0,-3.066563,53.551186,5,2,2,1,13/04/2015,2,1899-12-30 22:30:00,93,E08000014,6,0,6,30,3,4,6,0,0,0,4,1,1,0,0,1,1,E01007078,1.0,1.0,1.0,82.0,11.0,2.0,0.0,0.0,0.0,0.0,0.0,9.0,1.0,7.0
5516,201523N035129,1,4,0,16,0,5,1,2,0,0,3,1,6,1,63,9,249,1,33,-1,1,-1,1,1,450153.0,274997.0,-1.264785,52.370732,23,2,1,1,27/01/2015,3,1899-12-30 15:00:00,292,E10000031,3,426,6,30,3,4,3,428,0,0,1,1,1,4,0,1,1,E01031145,1.0,1.0,1.0,63.0,9.0,2.0,0.0,0.0,0.0,0.0,0.0,4.0,1.0,3.0
5517,2015120055206,2,9,0,6,8,0,0,0,0,0,3,1,6,1,61,9,1796,1,7,-1,-1,-1,2,2,462803.0,443263.0,-1.046105,53.881767,12,2,2,2,42128,1,1899-12-30 12:40:00,189,E06000014,3,19,6,40,0,-1,-1,0,0,0,1,1,1,0,0,2,1,E01013450,2.0,1.0,1.0,61.0,9.0,2.0,0.0,0.0,0.0,0.0,0.0,9.0,-1.0,-1.0
5518,201520L002295,1,3,0,18,0,8,1,0,0,0,1,1,6,1,20,4,125,1,-1,-1,1,-1,1,2,413810.0,281280.0,-1.79832,52.42933,20,2,2,1,16/04/2015,5,1899-12-30 10:23:00,306,E08000029,3,41,6,30,3,4,6,0,0,0,1,1,1,0,0,1,1,E01010229,1.0,1.0,1.0,20.0,4.0,2.0,0.0,0.0,0.0,0.0,0.0,3.0,1.0,7.0
5519,2015530209234,1,4,0,18,0,1,0,0,0,0,2,1,1,1,62,9,279,1,1,-1,1,-1,1,2,383172.0,214515.0,-2.245593,51.828994,53,2,2,1,19/01/2015,2,1899-12-30 09:10:00,623,E10000013,3,4173,6,30,8,-1,-1,-1,0,0,1,1,2,0,0,1,1,E01022345,1.0,1.0,1.0,62.0,9.0,2.0,0.0,0.0,0.0,0.0,0.0,4.0,1.0,2.0
5520,2015350053815,2,1,0,9,0,8,0,0,0,0,3,1,1,2,38,7,-1,-1,-1,-1,1,-1,1,2,546690.0,257640.0,0.144864,52.197483,35,2,2,1,42097,4,1899-12-30 07:30:00,390,E10000003,5,280,6,20,6,4,6,0,0,4,1,9,1,0,0,1,2,E01018000,1.0,1.0,2.0,38.0,7.0,2.0,0.0,0.0,0.0,0.0,0.0,1.0,1.0,9.0
5521,2015132AH1083,1,4,0,18,0,4,5,0,0,0,1,1,6,1,19,4,124,1,-1,-1,1,-1,1,1,407374.0,441680.0,-1.889338,53.871276,13,2,1,1,17/10/2015,7,1899-12-30 16:35:00,200,E08000032,3,650,1,30,1,4,6,0,0,0,1,1,1,0,0,1,1,E01010700,1.0,1.0,1.0,19.0,4.0,2.0,0.0,0.0,0.0,0.0,0.0,4.0,1.0,3.0
5522,2015170L10525,2,9,0,18,0,0,0,0,0,0,0,1,6,2,52,8,1339,1,3,-1,-1,-1,1,2,465007.0,515097.0,-0.997073,54.526995,17,2,2,1,42251,5,1899-12-30 18:12:00,241,E06000003,3,171,6,50,0,-1,-1,0,0,0,1,1,1,0,0,2,1,E01012181,,,,,,,,,,,,,,
5523,20154100B0058,1,9,0,9,0,6,0,0,0,0,3,1,6,2,17,4,999,1,1,-1,-1,-1,2,2,521991.0,206229.0,-0.234562,51.741495,41,2,2,2,42126,5,1899-12-30 16:28:00,438,E10000015,3,1001,6,60,3,4,6,64,0,0,1,1,1,0,0,2,1,E01023932,1.0,1.0,2.0,17.0,4.0,2.0,0.0,0.0,0.0,0.0,0.0,9.0,-1.0,-1.0
5524,2015075296146,1,5,0,18,0,2,1,0,0,0,0,1,6,1,32,6,600,1,13,-1,2,-1,1,2,352468.0,376993.0,-2.71446,53.28776,7,2,2,1,42104,1,1899-12-30 18:19:00,130,E06000050,4,5152,6,30,3,4,6,0,0,1,4,1,1,0,0,2,1,E01018687,1.0,1.0,1.0,32.0,6.0,2.0,0.0,0.0,0.0,0.0,0.0,5.0,2.0,6.0
5525,201537EA90006,1,9,0,18,0,0,2,0,1,10,1,1,6,1,23,5,1588,1,14,-1,1,-1,5,1,569009.0,270154.0,0.477371,52.303499,37,2,1,5,26/04/2015,1,1899-12-30 06:24:00,411,E10000029,3,11,3,70,0,-1,-1,0,0,0,1,1,2,0,0,2,1,E01033454,5.0,2.0,1.0,19.0,4.0,2.0,0.0,0.0,2.0,0.0,0.0,9.0,3.0,8.0
5526,2015160D00741,1,9,0,7,0,8,0,0,0,0,1,1,1,1,-1,-1,1997,2,13,-1,-1,-1,1,2,506184.0,427305.0,-0.391904,53.731339,16,2,2,1,20/01/2015,3,1899-12-30 18:45:00,228,E06000010,6,0,3,30,3,4,6,0,0,0,4,1,1,0,0,1,2,E01012888,,,,,,,,,,,,,,
5527,201506M002853,2,9,0,2,0,0,0,0,0,0,3,1,6,2,30,6,-1,-1,-1,-1,-1,-1,1,2,380160.0,395390.0,-2.300241,53.454887,6,2,2,1,19/06/2015,6,1899-12-30 17:30:00,112,E08000009,6,0,6,20,0,-1,-1,0,0,0,1,1,1,0,0,1,2,E01006187,,,,,,,,,,,,,,
5528,201506F005818,1,19,0,18,0,0,0,0,0,0,4,1,1,1,49,8,2402,2,4,-1,1,-1,1,1,383290.0,401330.0,-2.253424,53.508387,6,2,1,1,42286,5,1899-12-30 10:43:00,107,E08000006,3,576,6,30,0,-1,-1,0,0,0,1,1,1,0,0,1,1,E01005613,1.0,3.0,1.0,22.0,5.0,2.0,10.0,9.0,0.0,0.0,2.0,0.0,1.0,2.0
5529,2015075012773,1,9,0,18,0,0,0,0,0,0,1,1,6,1,56,9,1229,1,9,-1,1,-1,1,1,375431.0,360935.0,-2.368775,53.144987,7,2,1,1,14/01/2015,4,1899-12-30 20:45:00,129,E06000049,3,533,6,30,0,-1,-1,0,0,0,4,2,2,0,0,1,1,E01018442,1.0,3.0,1.0,51.0,8.0,2.0,5.0,1.0,0.0,0.0,0.0,0.0,3.0,5.0
5530,2015200036866,2,9,0,18,0,2,0,0,0,0,1,1,6,1,41,7,4134,2,3,-1,3,-1,3,3,411441.0,280586.0,-1.833185,52.423145,20,2,3,3,15/12/2015,3,1899-12-30 19:30:00,300,E08000025,6,0,3,40,6,2,6,0,0,5,4,2,2,0,0,1,1,E01032589,,,,,,,,,,,,,,
5531,2015548860715,2,9,0,4,0,0,0,0,0,0,2,1,6,1,25,5,1600,2,6,-1,1,-1,1,3,393306.0,185799.0,-2.09798,51.57102,54,2,3,1,30/09/2015,4,1899-12-30 17:30:00,635,E06000054,3,429,6,60,0,-1,-1,0,0,0,1,1,1,0,0,2,1,E01031959,,,,,,,,,,,,,,
5532,201501CP00017,1,8,0,6,0,1,0,0,0,0,3,1,1,1,29,6,1997,2,4,-1,1,-1,1,2,532350.0,180990.0,-0.094144,51.512343,48,2,2,1,28/01/2015,4,1899-12-30 18:16:00,570,E09000001,5,0,6,30,6,2,5,0,0,5,4,1,1,0,0,1,1,E01032739,,,,,,,,,,,,,,
5533,2015200041284,1,9,0,18,0,3,0,10,7,0,1,1,6,1,17,4,998,1,16,-1,1,-1,4,2,412608.0,287950.0,-1.815748,52.489322,20,2,2,4,27/12/2015,1,1899-12-30 08:13:00,300,E08000025,6,0,1,30,2,4,6,0,0,0,1,1,2,0,0,1,1,E01009490,1.0,1.0,1.0,17.0,4.0,3.0,0.0,0.0,0.0,0.0,0.0,9.0,1.0,1.0
5534,2015320078283,1,9,0,16,0,1,0,0,0,0,1,1,6,1,62,9,1587,1,11,-1,-1,-1,5,2,542077.0,372162.0,0.126886,53.227504,32,2,2,5,15/08/2015,7,1899-12-30 14:00:00,351,E10000019,3,1028,6,30,3,4,6,0,0,0,1,1,1,0,0,2,1,E01026068,4.0,2.0,2.0,63.0,9.0,3.0,0.0,0.0,2.0,0.0,0.0,9.0,1.0,1.0
5535,201537EA92658,2,9,0,2,0,2,0,0,1,0,2,1,6,1,75,10,1998,1,13,-1,1,-1,1,3,584719.0,263476.0,0.703863,52.238475,37,2,3,1,42285,2,1899-12-30 16:35:00,414,E10000029,6,0,6,30,3,4,3,143,0,0,1,1,1,0,0,1,1,E01030147,,,,,,,,,,,,,,
5536,201511SB05185,1,9,0,16,0,0,1,0,1,3,1,1,2,1,26,6,1388,1,12,-1,2,-1,2,1,418779.0,533334.0,-1.71017,54.694696,11,2,1,2,16/03/2015,2,1899-12-30 13:40:00,169,E06000047,4,6286,6,30,0,-1,-1,0,0,0,1,1,2,0,0,2,1,E01020888,1.0,1.0,1.0,26.0,6.0,2.0,0.0,0.0,0.0,0.0,0.0,9.0,2.0,4.0
5537,201520J007695,2,9,0,18,0,8,0,0,0,0,1,1,1,1,26,6,1248,2,8,-1,1,-1,3,2,393720.0,290210.0,-2.093959,52.509744,20,2,2,3,42042,5,1899-12-30 07:49:00,303,E08000027,4,4177,6,30,3,4,6,0,0,4,1,1,1,0,0,1,1,E01009881,1.0,1.0,1.0,26.0,6.0,2.0,0.0,0.0,0.0,0.0,0.0,9.0,1.0,1.0
5538,201542I240108,1,19,0,18,9,2,0,0,1,0,1,1,6,1,-1,-1,-1,-1,-1,-1,-1,-1,1,1,559596.0,181608.0,0.298457,51.510863,42,2,1,1,42043,1,1899-12-30 23:33:00,462,E06000034,6,0,6,30,3,4,6,0,0,0,4,1,1,0,0,2,1,E01015932,1.0,3.0,1.0,26.0,6.0,2.0,6.0,8.0,0.0,0.0,0.0,0.0,-1.0,-1.0
5539,201534TM09635,2,9,0,18,0,0,0,0,1,0,2,1,6,1,40,7,1686,2,4,-1,1,-1,3,2,478973.0,251259.0,-0.847104,52.153974,34,2,2,3,16/04/2015,5,1899-12-30 23:15:00,385,E10000021,1,1,3,70,0,-1,-1,0,0,0,4,1,1,0,0,2,1,E01027284,2.0,2.0,1.0,36.0,7.0,2.0,0.0,0.0,1.0,0.0,0.0,9.0,1.0,2.0
5540,2015051502697,4,9,0,2,0,0,0,0,0,0,2,1,6,3,-1,-1,1299,1,13,-1,-1,-1,5,4,333356.0,384105.0,-3.002605,53.349616,5,2,4,5,29/10/2015,5,1899-12-30 14:01:00,95,E08000015,4,5136,6,30,0,-1,-1,0,0,4,1,1,1,0,0,1,1,E01007152,4.0,2.0,2.0,88.0,11.0,3.0,0.0,0.0,1.0,0.0,0.0,9.0,1.0,5.0
5541,201531B225715,1,19,0,18,0,0,0,0,0,0,1,1,2,1,38,7,1598,2,-1,-1,3,-1,4,3,484660.0,354619.0,-0.737559,53.082092,31,2,3,4,20/10/2015,3,1899-12-30 08:49:00,345,E10000024,3,17,6,60,0,-1,-1,0,0,0,1,1,1,0,0,2,1,E01028353,1.0,1.0,1.0,38.0,7.0,3.0,0.0,0.0,0.0,0.0,0.0,19.0,3.0,6.0
5542,2015546371815,2,5,0,18,0,8,1,0,0,0,1,1,6,1,47,8,599,1,19,-1,-1,-1,1,2,383634.0,167278.0,-2.236667,51.40429,54,2,2,1,15/07/2015,4,1899-12-30 12:20:00,635,E06000054,3,365,6,60,3,4,6,0,0,0,1,1,1,0,0,2,1,E01031890,1.0,1.0,1.0,47.0,8.0,2.0,0.0,0.0,0.0,0.0,0.0,5.0,-1.0,-1.0
5543,201542I000801,4,9,0,18,0,0,0,0,0,0,4,1,6,1,64,9,1560,2,5,-1,1,-1,7,5,547877.0,201405.0,0.138052,51.691926,42,2,5,7,42064,7,1899-12-30 12:50:00,456,E10000012,1,11,3,70,0,-1,-1,0,0,0,1,2,5,0,0,2,1,E01021800,6.0,1.0,1.0,64.0,9.0,3.0,0.0,0.0,0.0,0.0,0.0,9.0,1.0,10.0
5544,2015051501575,2,9,0,18,0,4,0,0,6,11,1,1,6,3,-1,-1,2995,1,4,-1,-1,-1,1,2,338137.0,394292.0,-2.932795,53.441752,5,2,2,1,42099,2,1899-12-30 02:19:00,91,E08000012,3,580,3,30,1,4,6,0,0,0,4,1,2,0,0,1,1,E01006603,1.0,2.0,2.0,40.0,7.0,2.0,0.0,0.0,1.0,0.0,0.0,9.0,1.0,1.0
5545,201534WD16495,1,9,0,18,0,8,0,0,0,0,1,1,2,1,61,9,1461,2,2,-1,3,-1,1,2,459383.0,276913.0,-1.128893,52.387034,34,2,2,1,26/06/2015,6,1899-12-30 16:00:00,381,E10000021,5,17,6,30,3,4,6,6141,0,0,1,1,1,0,0,2,1,E01027030,,,,,,,,,,,,,,
5546,201504WD15051,1,5,0,18,0,2,0,0,0,0,4,1,2,1,41,7,-1,-1,-1,-1,1,-1,1,1,332200.0,438820.0,-3.031883,53.841182,4,2,1,1,17/03/2015,3,1899-12-30 07:30:00,71,E06000009,6,0,6,30,9,4,6,0,0,0,1,1,1,0,0,1,1,E01012690,1.0,1.0,1.0,41.0,7.0,2.0,0.0,0.0,0.0,0.0,0.0,5.0,1.0,4.0
5547,2015051501244,1,9,0,18,0,1,0,0,0,0,1,1,6,3,-1,-1,1686,2,7,-1,-1,-1,1,1,337908.0,395302.0,-2.936441,53.450802,5,2,1,1,42282,1,1899-12-30 16:00:00,91,E08000012,6,0,6,30,6,2,6,0,0,5,1,1,1,0,0,1,1,E01032510,1.0,3.0,1.0,22.0,5.0,2.0,4.0,1.0,0.0,0.0,0.0,0.0,1.0,2.0
5548,201542I338010,1,9,0,17,0,8,0,0,3,2,1,1,6,1,21,5,1796,1,20,-1,1,-1,1,2,570648.0,206655.0,0.469759,51.732632,42,2,2,1,24/10/2015,7,1899-12-30 21:40:00,454,E10000012,3,1060,1,40,1,4,6,0,0,0,4,2,2,0,0,1,1,E01033141,1.0,1.0,1.0,21.0,5.0,2.0,0.0,0.0,0.0,0.0,0.0,9.0,1.0,6.0
5549,2015521600918,2,3,0,18,0,8,0,0,0,0,3,1,6,1,20,4,124,1,12,-1,-1,-1,1,2,358627.0,177752.0,-2.597383,51.497185,52,2,2,1,27/12/2015,1,1899-12-30 20:30:00,601,E06000023,6,0,6,20,6,2,4,4056,0,5,4,2,2,0,0,1,1,E01014633,1.0,1.0,1.0,20.0,4.0,2.0,0.0,0.0,0.0,0.0,0.0,3.0,-1.0,-1.0
5550,2015471500880,2,4,0,18,0,2,0,0,0,0,4,1,2,1,51,8,278,1,4,-1,1,-1,1,2,530865.0,105820.0,-0.142875,50.837123,47,2,2,1,42340,5,1899-12-30 08:57:00,565,E06000043,6,0,6,30,3,4,3,23,0,0,1,1,1,0,0,1,1,E01016935,1.0,1.0,1.0,51.0,8.0,2.0,0.0,0.0,0.0,0.0,0.0,4.0,1.0,10.0
5551,201543N008085,2,9,0,2,0,0,0,0,0,0,3,1,6,3,-1,-1,3948,1,-1,-1,-1,-1,1,3,481741.0,228611.0,-0.812065,51.949996,43,2,3,1,42071,2,1899-12-30 22:20:00,476,E10000002,5,17,6,30,0,-1,-1,0,0,0,4,1,1,0,0,2,1,E01017696,,,,,,,,,,,,,,
5552,201501YR90963,1,1,0,18,9,8,0,0,0,0,1,1,6,1,-1,-1,-1,-1,-1,-1,-1,-1,1,1,534120.0,188470.0,-0.065804,51.579143,1,2,1,1,26/12/2015,7,1899-12-30 20:45:00,31,E09000014,6,0,6,30,8,4,6,0,0,0,7,1,1,0,0,1,2,E01002052,1.0,3.0,2.0,9.0,2.0,2.0,6.0,9.0,0.0,0.0,2.0,0.0,1.0,3.0
5553,2015075304303,1,9,0,18,0,0,2,0,8,11,3,1,6,1,17,4,1229,1,3,-1,1,-1,4,1,394350.0,373083.0,-2.086145,53.254724,7,2,1,4,42318,1,1899-12-30 22:53:00,129,E06000049,6,0,6,60,0,-1,-1,0,0,0,6,1,1,0,0,2,1,E01018628,2.0,2.0,2.0,16.0,4.0,3.0,0.0,0.0,1.0,0.0,0.0,9.0,1.0,6.0