,accident_index,vehicle_reference,vehicle_type,towing_and_articulation,vehicle_manoeuvre,vehicle_location-restricted_lane,junction_location,skidding_and_overturning,hit_object_in_carriageway,vehicle_leaving_carriageway,hit_object_off_carriageway,1st_point_of_impact,was_vehicle_left_hand_drive?,journey_purpose_of_driver,sex_of_driver,age_of_driver,age_band_of_driver,engine_capacity_(cc),propulsion_code,age_of_vehicle,driver_imd_decile,driver_home_area_type,vehicle_imd_decile,NUmber_of_Casualities_unique_to_accident_index,No_of_Vehicles_involved_unique_to_accident_index,location_easting_osgr,location_northing_osgr,longitude,latitude,police_force,accident_severity,number_of_vehicles,number_of_casualties,date,day_of_week,time,local_authority_(district),local_authority_(highway),1st_road_class,1st_road_number,road_type,speed_limit,junction_detail,junction_control,2nd_road_class,2nd_road_number,pedestrian_crossing-human_control,pedestrian_crossing-physical_facilities,light_conditions,weather_conditions,road_surface_conditions,special_conditions_at_site,carriageway_hazards,urban_or_rural_area,did_police_officer_attend_scene_of_accident,lsoa_of_accident_location,casualty_reference,casualty_class,sex_of_casualty,age_of_casualty,age_band_of_casualty,casualty_severity,pedestrian_location,pedestrian_movement,car_passenger,bus_or_coach_passenger,pedestrian_road_maintenance_worker,casualty_type,casualty_home_area_type,casualty_imd_decile
5620,201563DP14515,4,5,0,18,0,0,0,0,0,0,0,1,6,3,-1,-1,-1,-1,-1,-1,-1,-1,1,5,288140.0,303510.0,-3.653698,52.6178,63,2,5,1,42282,1,1899-12-30 15:25:00,753,W06000023,3,470,6,60,0,-1,-1,0,0,0,1,1,1,0,0,2,1,W01000452,,,,,,,,,,,,,,
5621,2015551501237,2,9,0,5,9,0,0,0,0,0,1,1,2,1,49,8,1699,1,10,-1,1,-1,1,2,410971.0,92827.0,-1.845904,50.734955,55,2,2,1,16/11/2015,2,1899-12-30 16:37:00,640,E06000028,3,3089,6,30,0,-1,-1,0,0,0,4,1,1,0,0,1,1,E01015292,,,,,,,,,,,,,,
5622,201520S007195,1,9,0,18,0,0,0,0,0,0,1,1,6,1,53,8,1388,1,4,-1,1,-1,1,1,403310.0,277300.0,-1.952784,52.393712,20,2,1,1,31/01/2015,7,1899-12-30 18:14:00,300,E08000025,6,0,2,30,0,-1,-1,0,0,0,4,1,2,0,0,1,1,E01009112,1.0,3.0,1.0,90.0,11.0,2.0,5.0,1.0,0.0,0.0,0.0,0.0,1.0,3.0
5623,201506A002805,1,19,0,5,0,1,0,0,0,0,1,2,6,3,-1,-1,-1,-1,-1,-1,-1,-1,1,1,385010.0,397750.0,-2.227318,53.476261,6,2,1,1,42161,7,1899-12-30 02:00:00,102,E08000003,6,0,6,30,5,2,4,6469,0,0,4,1,1,0,0,1,1,E01033661,1.0,3.0,1.0,27.0,6.0,2.0,5.0,9.0,0.0,0.0,2.0,0.0,1.0,2.0
5624,2015610019915,2,90,0,18,0,8,0,0,0,0,1,1,6,1,18,4,-1,-1,-1,-1,1,-1,1,2,333284.0,188137.0,-2.964385,51.588119,61,2,2,1,22/04/2015,4,1899-12-30 20:50:00,733,W06000022,4,4237,6,30,6,4,6,0,0,0,4,1,1,0,0,1,1,W01001608,1.0,1.0,1.0,18.0,4.0,2.0,0.0,0.0,0.0,0.0,0.0,90.0,1.0,-1.0
5625,2015460262560,1,9,0,5,0,6,0,0,0,0,3,1,6,2,32,6,1598,1,13,-1,-1,-1,5,2,622560.0,151340.0,1.185568,51.217858,46,2,2,5,42348,2,1899-12-30 16:52:00,533,E10000016,4,2046,6,60,3,4,6,0,0,0,1,1,1,0,0,2,1,E01024192,4.0,2.0,2.0,6.0,2.0,3.0,0.0,0.0,2.0,0.0,0.0,9.0,2.0,2.0
5626,201550ED20006,2,8,0,3,0,7,0,0,0,0,2,1,1,1,60,9,2198,2,8,-1,1,-1,1,3,248217.0,57740.0,-4.13704,50.399887,50,2,3,1,42313,2,1899-12-30 16:55:00,583,E06000026,3,386,7,30,5,2,6,0,0,0,1,1,1,0,0,1,1,E01015077,,,,,,,,,,,,,,
5627,201501LX51182,1,21,0,13,0,0,0,0,0,0,4,1,1,1,27,6,12809,2,3,-1,1,-1,1,2,532190.0,172850.0,-0.099491,51.439229,1,2,2,1,21/10/2015,4,1899-12-30 09:05:00,9,E09000022,3,205,6,30,0,-1,-1,0,0,0,1,2,2,0,0,1,1,E01003166,,,,,,,,,,,,,,
5628,201543R125015,1,9,0,18,0,0,0,0,0,0,1,1,6,2,57,9,1339,1,6,-1,1,-1,1,1,483863.0,161406.0,-0.797289,51.34556,43,2,1,1,13/01/2015,3,1899-12-30 08:12:00,470,E06000036,3,321,6,30,0,-1,-1,0,0,4,1,1,2,0,0,1,1,E01016192,1.0,3.0,2.0,61.0,9.0,2.0,1.0,1.0,0.0,0.0,0.0,0.0,1.0,10.0
5629,2015921501423,1,9,0,18,0,0,0,0,0,0,1,1,6,1,48,8,-1,-1,-1,-1,1,-1,1,1,389219.0,811174.0,-2.18002,57.19124,92,2,1,1,27/12/2015,1,1899-12-30 18:14:00,910,S12000033,6,0,6,30,0,-1,-1,0,0,8,4,1,2,0,0,1,1,,1.0,3.0,2.0,14.0,3.0,2.0,4.0,1.0,0.0,0.0,0.0,0.0,1.0,-1.0
5630,2015350163615,1,9,0,18,0,0,1,0,0,0,1,1,1,1,58,9,1968,2,2,-1,2,-1,2,4,519930.0,275940.0,-0.239947,52.368392,35,2,4,2,42014,5,1899-12-30 08:18:00,393,E10000003,3,14,3,70,0,-1,-1,0,0,0,1,1,2,0,0,2,1,E01033433,,,,,,,,,,,,,,
5631,2015200033675,1,9,0,18,0,2,0,0,0,0,1,1,1,2,31,6,1968,2,2,-1,1,-1,1,1,400509.0,281647.0,-1.99394,52.432801,20,2,1,1,13/11/2015,6,1899-12-30 10:58:00,300,E08000025,6,0,6,30,3,4,6,0,0,0,1,1,2,0,0,2,1,E01033629,1.0,3.0,1.0,24.0,5.0,2.0,5.0,1.0,0.0,0.0,0.0,0.0,1.0,2.0
5632,2015215001875,4,9,0,18,0,8,0,0,0,0,2,1,5,2,51,8,1686,2,1,-1,2,-1,6,8,377837.0,351757.0,-2.332168,53.062594,21,2,8,6,42281,6,1899-12-30 14:02:00,253,E10000028,1,6,3,70,5,4,1,6,0,0,1,1,1,0,3,2,1,E01029532,1.0,1.0,2.0,51.0,8.0,3.0,0.0,0.0,0.0,0.0,0.0,9.0,2.0,7.0
5633,201543P194015,2,90,0,18,0,2,0,0,0,0,1,1,1,1,24,5,-1,-1,-1,-1,2,-1,3,2,453222.0,208664.0,-1.230036,51.774125,43,2,2,3,29/01/2015,5,1899-12-30 11:35:00,482,E10000025,4,4150,2,30,3,4,4,4150,0,0,1,1,1,0,0,2,1,E01028560,3.0,2.0,2.0,43.0,7.0,2.0,0.0,0.0,0.0,0.0,0.0,90.0,1.0,10.0
5634,201520S013485,1,9,0,18,9,8,1,10,3,10,1,1,6,1,20,4,-1,-1,-1,-1,1,-1,1,1,399820.0,278330.0,-2.004071,52.402981,20,2,1,1,28/02/2015,7,1899-12-30 08:27:00,300,E08000025,6,0,6,30,3,4,6,0,0,0,1,8,2,0,0,1,1,E01033633,1.0,1.0,1.0,20.0,4.0,2.0,0.0,0.0,0.0,0.0,0.0,9.0,1.0,1.0
5635,2015100270215,2,11,0,18,0,0,0,0,0,0,1,1,1,1,54,8,3900,2,13,-1,1,-1,6,2,437585.0,557444.0,-1.415296,54.9103,10,2,2,6,42343,3,1899-12-30 17:09:00,150,E08000024,5,512,6,30,0,-1,-1,0,0,0,1,1,1,0,0,1,1,E01008762,6.0,2.0,2.0,35.0,6.0,2.0,0.0,0.0,0.0,4.0,0.0,11.0,1.0,2.0
5636,201531C120615,2,9,0,18,0,1,0,0,0,0,2,1,6,1,34,6,1587,1,12,-1,1,-1,2,2,456220.0,336292.0,-1.165261,52.92111,31,2,2,2,26/05/2015,3,1899-12-30 07:47:00,346,E06000018,3,453,7,40,5,4,3,453,0,0,1,1,1,0,0,1,1,E01013902,2.0,1.0,1.0,34.0,6.0,3.0,0.0,0.0,0.0,0.0,0.0,9.0,1.0,7.0
5637,2015132371790,1,8,0,18,0,0,0,0,0,0,0,1,1,1,43,7,-1,-1,-1,-1,1,-1,1,2,409612.0,423295.0,-1.855869,53.705997,13,2,2,1,42188,7,1899-12-30 21:53:00,202,E08000033,3,629,6,30,0,-1,-1,0,0,0,4,1,1,0,0,1,2,E01010972,,,,,,,,,,,,,,
5638,2015450029786,2,9,0,9,0,6,0,0,0,0,1,1,6,2,75,10,998,1,1,-1,1,-1,2,2,503289.0,161383.0,-0.51847,51.342159,45,2,2,2,25/09/2015,6,1899-12-30 11:10:00,514,E10000030,4,385,6,30,3,4,6,0,0,0,1,1,1,0,0,1,1,E01030695,2.0,1.0,2.0,75.0,10.0,3.0,0.0,0.0,0.0,0.0,0.0,9.0,1.0,10.0
5639,2015950002689,1,4,0,16,0,0,0,0,0,0,1,1,6,1,46,8,500,1,24,-1,2,-1,1,1,365673.0,622878.0,-2.544923,55.498472,95,2,1,1,42100,5,1899-12-30 11:04:00,914,S12000026,3,68,6,60,0,-1,-1,0,0,0,1,1,1,0,0,2,1,,1.0,1.0,1.0,46.0,8.0,2.0,0.0,0.0,0.0,0.0,0.0,4.0,2.0,-1.0
5640,2015440121086,3,21,0,3,0,1,0,0,0,0,3,1,1,1,59,9,4461,2,7,-1,-1,-1,1,3,444055.0,116037.0,-1.374332,50.942098,44,2,3,1,42312,7,1899-12-30 08:40:00,500,E06000045,3,27,6,30,6,2,6,0,0,0,1,2,2,6,0,1,1,E01017265,,,,,,,,,,,,,,
5641,2015621500472,1,9,0,9,0,6,0,0,0,0,3,1,6,1,59,9,-1,-1,-1,-1,1,-1,1,2,315455.0,171593.0,-3.217702,51.437002,62,2,2,1,16/03/2015,2,1899-12-30 07:15:00,746,W06000014,6,0,6,30,3,4,6,0,0,0,1,1,1,0,0,1,1,W01001087,,,,,,,,,,,,,,
5642,2015541481515,2,9,0,18,0,0,0,0,0,0,1,1,2,2,24,5,-1,-1,-1,-1,3,-1,1,2,384254.0,158616.0,-2.227368,51.326423,54,2,2,1,16/02/2015,2,1899-12-30 07:04:00,635,E06000054,3,363,6,40,0,-1,-1,0,0,0,1,1,1,0,7,1,1,E01032097,1.0,1.0,2.0,24.0,5.0,2.0,0.0,0.0,0.0,0.0,0.0,9.0,3.0,7.0
5643,2015075114347,1,9,0,4,0,0,1,0,0,0,1,1,6,1,77,11,1341,1,10,-1,1,-1,4,3,338116.0,362554.0,-2.926912,53.156503,7,2,3,4,24/04/2015,6,1899-12-30 09:30:00,130,E06000050,3,55,3,70,0,-1,-1,0,0,0,1,1,1,0,0,2,1,E01018335,4.0,2.0,2.0,68.0,10.0,2.0,0.0,0.0,1.0,0.0,0.0,9.0,1.0,4.0
5644,2015961501953,4,19,0,18,0,0,0,0,0,0,4,1,2,1,38,7,-1,-1,-1,-1,1,-1,3,5,291414.0,681138.0,-3.743174,56.010831,96,2,5,3,42047,4,1899-12-30 16:20:00,924,S12000014,1,9,3,70,0,-1,-1,0,0,0,6,1,2,0,0,1,1,,,,,,,,,,,,,,,
5645,2015100511215,2,9,0,18,0,8,0,7,1,0,1,1,1,1,45,7,1997,2,7,-1,1,-1,4,2,437383.0,554977.0,-1.418765,54.888147,10,2,2,4,22/08/2015,7,1899-12-30 19:43:00,150,E08000024,3,690,3,30,6,2,4,1405,0,5,4,2,2,0,0,1,1,E01008828,3.0,2.0,2.0,54.0,8.0,2.0,0.0,0.0,1.0,0.0,0.0,9.0,-1.0,-1.0
5646,201514C082915,1,1,0,13,0,0,0,0,0,0,4,1,6,1,47,8,-1,-1,-1,-1,3,-1,3,3,455738.0,384897.0,-1.163993,53.358022,14,2,3,3,42043,1,1899-12-30 10:00:00,213,E08000018,5,162,6,60,0,-1,-1,0,0,0,1,1,1,0,0,2,1,E01007788,1.0,1.0,1.0,47.0,8.0,2.0,0.0,0.0,0.0,0.0,0.0,1.0,3.0,6.0
5647,201550JK2M004,1,5,0,17,0,8,1,0,1,0,1,1,1,1,55,8,980,1,26,-1,3,-1,1,1,278037.0,52501.0,-3.715978,50.359744,50,2,1,1,42258,2,1899-12-30 08:46:00,584,E10000008,3,381,6,60,3,4,3,3122,0,0,1,4,2,6,0,2,1,E01020142,1.0,1.0,1.0,55.0,8.0,2.0,0.0,0.0,0.0,0.0,0.0,5.0,3.0,5.0
5648,2015030000847,1,1,0,5,0,2,0,0,0,0,1,1,6,1,36,7,-1,-1,-1,-1,3,-1,1,2,351860.0,529710.0,-2.747766,54.660165,3,2,2,1,42220,4,1899-12-30 11:00:00,64,E10000006,3,6,6,30,9,2,3,6,0,5,1,1,1,0,0,1,2,E01019333,1.0,1.0,1.0,36.0,7.0,2.0,0.0,0.0,0.0,0.0,0.0,1.0,3.0,-1.0
5649,2015520507112,2,19,0,2,0,0,0,0,0,0,3,1,1,1,57,9,3920,2,7,-1,1,-1,1,2,333386.0,115922.0,-2.949437,50.938877,52,2,2,1,24/09/2015,5,1899-12-30 11:33:00,610,E10000027,3,358,6,60,0,-1,-1,0,0,0,1,1,1,0,0,2,1,E01029208,,,,,,,,,,,,,,
5650,2015120017020,1,9,0,12,0,0,2,0,1,11,4,1,6,1,34,6,-1,-1,-1,-1,2,-1,2,1,476890.0,470672.0,-0.824938,54.126164,12,2,1,2,31/01/2015,7,1899-12-30 10:42:00,185,E10000023,3,64,3,70,0,-1,-1,0,0,0,1,2,2,0,0,2,1,E01027778,2.0,2.0,2.0,30.0,6.0,2.0,0.0,0.0,1.0,0.0,0.0,9.0,2.0,7.0
5651,2015551600067,1,1,0,16,0,0,0,0,0,0,1,1,6,2,44,7,-1,-1,-1,-1,-1,-1,2,1,347296.0,102433.0,-2.749538,50.81903,55,2,1,2,18/12/2015,6,1899-12-30 09:56:00,645,E10000009,3,3066,6,60,0,-1,-1,0,0,0,1,4,2,0,0,2,1,E01020495,2.0,1.0,2.0,44.0,7.0,3.0,0.0,0.0,0.0,0.0,0.0,1.0,2.0,7.0
5652,2015471505392,2,9,0,18,0,0,0,0,0,0,1,1,6,1,62,9,2987,2,-1,-1,3,-1,1,2,499707.0,126587.0,-0.579526,51.030011,47,2,2,1,16/09/2015,4,1899-12-30 14:30:00,559,E10000032,6,0,6,60,0,-1,-1,0,0,0,1,2,2,0,0,2,1,E01031514,,,,,,,,,,,,,,
5653,201537EA92450,2,9,0,7,0,6,0,0,3,10,3,1,6,1,44,7,1391,1,20,-1,-1,-1,1,2,570170.0,266649.0,0.492613,52.27166,37,2,2,1,25/07/2015,7,1899-12-30 11:55:00,411,E10000029,4,1506,6,30,6,4,4,1085,0,0,1,1,1,0,0,2,1,E01029957,,,,,,,,,,,,,,
5654,201537EA90322,2,5,0,18,0,8,0,0,0,0,1,1,6,1,54,8,-1,-1,-1,-1,2,-1,1,2,618346.0,247322.0,1.185202,52.081171,37,2,2,1,13/05/2015,4,1899-12-30 09:20:00,415,E10000029,5,332,6,60,3,4,6,0,0,0,1,1,1,0,0,2,1,E01030221,1.0,1.0,1.0,54.0,8.0,2.0,0.0,0.0,0.0,0.0,0.0,5.0,2.0,7.0
5655,201514K027315,1,9,0,6,0,8,0,0,0,0,2,1,6,1,20,4,1598,1,10,-1,1,-1,5,2,434853.0,396272.0,-1.476521,53.462047,14,2,2,5,23/01/2015,6,1899-12-30 19:50:00,215,E08000019,4,113,6,30,3,4,6,0,0,0,4,2,2,0,0,1,1,E01007890,4.0,2.0,1.0,19.0,4.0,3.0,0.0,0.0,1.0,0.0,0.0,9.0,1.0,9.0
5656,2015610058315,1,9,0,18,0,0,0,0,0,0,1,1,6,1,69,10,-1,-1,-1,-1,1,-1,1,1,334481.0,187793.0,-2.947045,51.585167,61,2,1,1,31/10/2015,7,1899-12-30 15:44:00,733,W06000022,6,0,6,30,0,-1,-1,0,0,0,1,1,1,0,0,1,2,W01001609,1.0,3.0,1.0,6.0,2.0,2.0,5.0,1.0,0.0,0.0,0.0,0.0,-1.0,-1.0
5657,2015360091412,1,9,0,18,0,0,0,0,1,4,1,1,6,1,21,5,1599,1,10,-1,2,-1,3,1,622851.0,338221.0,1.311608,52.895215,36,2,1,3,26/06/2015,6,1899-12-30 00:04:00,405,E10000020,3,149,6,50,0,-1,-1,0,0,0,7,1,1,0,0,2,1,E01026762,3.0,2.0,2.0,18.0,4.0,3.0,0.0,0.0,2.0,0.0,0.0,9.0,2.0,8.0
5658,2015350131715,1,9,0,18,0,0,0,0,0,0,1,1,6,1,70,10,1242,1,14,-1,1,-1,2,3,519070.0,271980.0,-0.253974,52.332995,35,2,3,2,42071,2,1899-12-30 07:40:00,393,E10000003,3,14,3,70,0,-1,-1,0,0,0,1,1,1,0,0,2,1,E01018118,1.0,1.0,1.0,70.0,10.0,3.0,0.0,0.0,0.0,0.0,0.0,9.0,1.0,6.0
5659,201520T045355,1,9,0,18,0,1,0,0,0,0,1,1,6,3,-1,-1,1396,1,18,-1,-1,-1,1,1,408880.0,284550.0,-1.87074,52.458828,20,2,1,1,23/07/2015,5,1899-12-30 22:45:00,300,E08000025,4,4126,6,30,6,2,3,41,0,5,4,1,1,0,0,1,1,E01009371,1.0,3.0,1.0,41.0,7.0,2.0,4.0,1.0,0.0,0.0,0.0,0.0,1.0,1.0
5660,2015051501988,2,9,0,18,0,0,0,0,0,0,2,1,6,1,66,10,1968,2,7,-1,1,-1,2,2,330537.0,408428.0,-3.050327,53.567842,5,2,2,2,16/08/2015,1,1899-12-30 10:55:00,93,E08000014,6,0,6,30,0,-1,-1,0,0,0,1,1,1,0,0,1,1,E01006987,2.0,1.0,1.0,66.0,10.0,3.0,0.0,0.0,0.0,0.0,0.0,9.0,1.0,9.0
5661,2015331505556,1,9,0,18,0,0,0,0,0,0,0,1,6,2,-1,-1,1686,2,1,-1,-1,-1,1,2,459840.0,313050.0,-1.115676,52.711812,33,2,2,1,42227,1,1899-12-30 05:14:00,362,E10000018,5,3207,6,40,0,-1,-1,0,0,0,7,1,1,0,0,2,1,E01025769,,,,,,,,,,,,,,
5662,2015320083321,1,9,0,18,0,1,0,0,0,0,2,2,6,2,37,7,-1,-1,-1,-1,1,-1,1,2,492597.0,336584.0,-0.624264,52.918704,32,2,2,1,22/08/2015,7,1899-12-30 13:29:00,355,E10000019,6,0,6,30,3,4,6,0,0,0,1,1,1,0,0,1,1,E01026326,,,,,,,,,,,,,,
5663,201531B193315,2,1,0,18,0,2,0,0,0,0,3,1,6,1,52,8,-1,-1,-1,-1,1,-1,1,2,469647.0,354095.0,-0.961757,53.079548,31,2,2,1,29/08/2015,7,1899-12-30 13:10:00,345,E10000024,6,0,6,30,3,4,6,0,0,0,1,1,1,0,0,2,1,E01028347,1.0,1.0,1.0,52.0,8.0,2.0,0.0,0.0,0.0,0.0,0.0,1.0,1.0,7.0
5664,201597ND70508,1,21,0,18,0,0,0,0,0,0,4,1,1,1,26,6,10677,2,-1,-1,1,-1,1,2,272358.0,659831.0,-4.03854,55.814817,97,2,2,1,17/08/2015,2,1899-12-30 16:04:00,932,S12000044,3,725,3,60,0,-1,-1,0,0,0,1,1,1,0,0,2,1,,,,,,,,,,,,,,,
5665,2015930000322,1,9,0,17,0,0,2,10,7,0,1,1,1,1,26,6,-1,-1,-1,-1,3,-1,1,1,310105.0,731180.0,-3.460521,56.464153,93,2,1,1,31/05/2015,1,1899-12-30 04:10:00,934,S12000024,4,9099,6,60,0,-1,-1,0,0,0,6,2,2,0,0,2,1,,1.0,1.0,1.0,26.0,6.0,2.0,0.0,0.0,0.0,0.0,0.0,9.0,3.0,-1.0
5666,2015132361224,1,9,0,9,0,6,0,0,0,0,1,1,6,1,35,6,1299,1,7,-1,1,-1,1,2,417815.0,416545.0,-1.73199,53.645114,13,2,2,1,42158,6,1899-12-30 17:19:00,203,E08000034,3,642,6,30,9,4,6,0,0,0,1,1,1,0,0,1,1,E01011200,,,,,,,,,,,,,,
5667,2015350168215,1,9,0,9,0,5,0,0,0,0,4,1,2,2,42,7,998,1,14,-1,1,-1,1,2,545280.0,256940.0,0.123949,52.191567,35,2,2,1,42165,3,1899-12-30 15:45:00,390,E10000003,3,1309,6,30,6,2,5,281,0,5,1,1,2,0,0,1,1,E01032794,,,,,,,,,,,,,,
5668,2015440096176,1,5,0,9,0,8,0,0,0,0,3,1,6,1,54,8,999,1,5,-1,1,-1,1,1,479942.0,136517.0,-0.85912,51.12237,44,2,1,1,21/03/2015,7,1899-12-30 13:28:00,497,E10000014,3,325,6,30,6,2,4,3002,0,8,1,1,1,0,0,1,1,E01022640,1.0,1.0,1.0,54.0,8.0,2.0,0.0,0.0,0.0,0.0,0.0,5.0,1.0,9.0
5669,201501KD50512,1,3,0,18,0,0,0,0,0,0,1,1,6,1,18,4,125,1,1,-1,1,-1,1,2,550860.0,187410.0,0.175152,51.565391,1,2,2,1,15/09/2015,3,1899-12-30 12:19:00,15,E09000016,3,124,6,30,0,-1,-1,0,0,0,1,1,2,0,0,1,1,E01002248,1.0,1.0,1.0,18.0,4.0,2.0,0.0,0.0,0.0,0.0,0.0,3.0,1.0,2.0
5670,2015450033297,2,2,0,18,0,1,0,0,0,0,1,1,2,1,17,4,49,1,3,-1,2,-1,1,2,488775.0,149829.0,-0.729656,51.240742,45,2,2,1,17/11/2015,3,1899-12-30 15:00:00,511,E10000030,5,17,6,30,8,4,-1,-1,0,0,1,2,2,0,0,1,1,E01030425,1.0,1.0,1.0,17.0,4.0,2.0,0.0,0.0,0.0,0.0,0.0,2.0,2.0,10.0
5671,201534WN16485,1,9,0,9,0,8,0,0,0,0,0,1,2,1,48,8,1968,2,3,-1,1,-1,1,2,477036.0,264918.0,-0.872306,52.277023,34,2,2,1,23/06/2015,3,1899-12-30 08:00:00,384,E10000021,6,8408,6,30,3,4,6,8408,0,0,1,1,1,0,0,1,2,E01027218,,,,,,,,,,,,,,
5672,2015331500368,2,9,0,16,0,0,0,0,1,0,1,1,6,1,52,8,-1,-1,-1,-1,2,-1,3,2,452619.0,297284.0,-1.225059,52.570842,33,2,2,3,42250,2,1899-12-30 17:34:00,360,E10000018,5,4704,6,50,0,-1,-1,0,0,0,1,1,2,0,0,2,1,E01025644,2.0,1.0,1.0,52.0,8.0,3.0,0.0,0.0,0.0,0.0,0.0,9.0,2.0,8.0
5673,2015440265004,1,9,0,18,0,0,0,0,0,0,1,1,6,1,18,4,1149,1,11,-1,1,-1,2,3,461863.0,143862.0,-1.116146,51.190642,44,2,3,2,42012,7,1899-12-30 20:04:00,490,E10000014,6,0,6,60,0,-1,-1,0,0,0,1,1,1,0,0,2,1,E01022561,,,,,,,,,,,,,,
5674,2015921500623,2,19,0,18,0,1,0,0,0,0,2,1,1,1,52,8,2287,2,1,-1,3,-1,1,3,321635.0,838946.0,-3.306897,57.434061,92,2,3,1,42010,2,1899-12-30 11:35:00,930,S12000020,3,95,6,60,8,4,6,0,0,0,1,2,2,0,0,2,1,,,,,,,,,,,,,,,
5675,201542I147605,1,9,0,5,0,8,0,0,0,0,1,1,6,2,42,7,3724,1,12,-1,1,-1,1,2,579946.0,188809.0,0.595083,51.569435,42,2,2,1,23/05/2015,7,1899-12-30 10:00:00,453,E10000012,3,129,6,30,1,4,6,0,0,1,1,1,1,0,0,1,1,E01021510,,,,,,,,,,,,,,
5676,201504SA15038,1,5,0,18,0,8,0,0,3,1,1,1,6,1,22,5,599,1,18,-1,1,-1,1,1,350620.0,431400.0,-2.750781,53.776579,4,2,1,1,23/01/2015,6,1899-12-30 01:45:00,79,E10000017,4,6241,1,40,2,4,6,0,0,0,4,1,1,0,0,2,1,E01025272,1.0,1.0,1.0,22.0,5.0,2.0,0.0,0.0,0.0,0.0,0.0,5.0,1.0,3.0
5677,2015950001455,1,9,0,16,0,0,1,0,1,4,3,1,6,2,44,7,-1,-1,-1,-1,-1,-1,4,1,316180.0,677010.0,-3.344809,55.978727,95,2,1,4,30/03/2015,2,1899-12-30 21:00:00,923,S12000036,3,90,3,70,0,-1,-1,0,0,0,6,5,5,0,0,2,1,,1.0,1.0,2.0,44.0,7.0,2.0,0.0,0.0,0.0,0.0,0.0,9.0,-1.0,-1.0
5678,2015440423831,2,9,0,5,0,1,0,0,0,0,1,1,2,2,20,4,1296,1,7,-1,1,-1,1,2,466757.0,106481.0,-1.052995,50.854001,44,2,2,1,42136,7,1899-12-30 18:55:00,498,E06000044,3,3,6,30,3,4,6,0,0,0,4,4,1,0,0,1,1,E01017061,,,,,,,,,,,,,,
5679,2015360096126,1,21,4,18,0,3,2,0,1,0,4,1,1,1,54,8,10518,2,4,-1,3,-1,1,1,621743.0,307098.0,1.274133,52.616351,36,2,1,1,42228,3,1899-12-30 11:28:00,404,E10000020,3,140,1,30,1,4,3,11,0,0,1,1,1,0,0,1,1,E01026857,1.0,1.0,1.0,54.0,8.0,2.0,0.0,0.0,0.0,0.0,0.0,21.0,3.0,5.0
5680,201542I161205,1,4,0,18,0,1,1,0,0,0,4,1,2,1,24,5,124,1,4,-1,1,-1,1,1,574377.0,190685.0,0.515742,51.588035,42,2,1,1,31/05/2015,1,1899-12-30 07:31:00,450,E10000012,6,0,6,30,3,4,6,0,0,0,1,2,2,0,0,2,1,E01021309,1.0,1.0,1.0,24.0,5.0,2.0,0.0,0.0,0.0,0.0,0.0,4.0,1.0,1.0
5681,2015450024051,1,9,0,18,0,0,0,0,0,0,2,1,6,2,58,9,1339,8,5,-1,1,-1,2,4,501624.0,169430.0,-0.540066,51.414791,45,2,4,2,42068,1,1899-12-30 13:41:00,514,E10000030,1,25,3,40,0,-1,-1,0,0,0,1,4,1,0,0,2,1,E01030685,,,,,,,,,,,,,,
5682,201550JI2I010,2,9,0,18,0,0,0,7,4,6,1,1,6,1,71,10,1596,1,15,-1,3,-1,2,2,259285.0,55540.0,-3.980585,50.38287,50,2,2,2,42194,2,1899-12-30 12:11:00,584,E10000008,3,38,3,70,0,-1,-1,0,0,0,1,1,1,0,0,2,1,E01020149,2.0,1.0,1.0,71.0,10.0,2.0,0.0,0.0,0.0,0.0,0.0,9.0,3.0,6.0
5683,201543N099105,2,9,0,18,0,1,0,0,0,0,1,1,6,1,63,9,1598,1,15,-1,1,-1,4,2,468140.0,224658.0,-1.010708,51.91629,43,2,2,4,42195,4,1899-12-30 13:21:00,476,E10000002,5,3,6,60,6,4,5,37,0,0,1,1,1,0,0,2,1,E01017694,3.0,2.0,2.0,63.0,9.0,3.0,0.0,0.0,2.0,0.0,0.0,9.0,1.0,3.0
5684,201597LA00704,1,9,0,5,0,0,0,0,0,0,3,1,6,1,21,5,1956,2,4,-1,1,-1,1,1,249806.0,670121.0,-4.403807,55.900702,97,2,1,1,42159,2,1899-12-30 00:15:00,916,S12000039,6,0,6,20,0,-1,-1,0,0,0,4,1,1,0,0,1,1,,1.0,3.0,1.0,23.0,5.0,2.0,6.0,9.0,0.0,0.0,0.0,0.0,1.0,-1.0
5685,2015440216027,2,9,0,3,0,0,0,0,0,0,2,1,6,2,26,6,1686,2,9,-1,1,-1,2,3,435552.0,113204.0,-1.495626,50.917209,44,2,3,2,25/06/2015,5,1899-12-30 16:51:00,496,E10000014,3,336,6,30,0,-1,-1,0,0,0,1,1,1,0,0,1,1,E01023075,2.0,2.0,2.0,9.0,2.0,3.0,0.0,0.0,1.0,0.0,0.0,9.0,1.0,6.0