,accident_index,vehicle_reference,vehicle_type,towing_and_articulation,vehicle_manoeuvre,vehicle_location-restricted_lane,junction_location,skidding_and_overturning,hit_object_in_carriageway,vehicle_leaving_carriageway,hit_object_off_carriageway,1st_point_of_impact,was_vehicle_left_hand_drive?,journey_purpose_of_driver,sex_of_driver,age_of_driver,age_band_of_driver,engine_capacity_(cc),propulsion_code,age_of_vehicle,driver_imd_decile,driver_home_area_type,vehicle_imd_decile,NUmber_of_Casualities_unique_to_accident_index,No_of_Vehicles_involved_unique_to_accident_index,location_easting_osgr,location_northing_osgr,longitude,latitude,police_force,accident_severity,number_of_vehicles,number_of_casualties,date,day_of_week,time,local_authority_(district),local_authority_(highway),1st_road_class,1st_road_number,road_type,speed_limit,junction_detail,junction_control,2nd_road_class,2nd_road_number,pedestrian_crossing-human_control,pedestrian_crossing-physical_facilities,light_conditions,weather_conditions,road_surface_conditions,special_conditions_at_site,carriageway_hazards,urban_or_rural_area,did_police_officer_attend_scene_of_accident,lsoa_of_accident_location,casualty_reference,casualty_class,sex_of_casualty,age_of_casualty,age_band_of_casualty,casualty_severity,pedestrian_location,pedestrian_movement,car_passenger,bus_or_coach_passenger,pedestrian_road_maintenance_worker,casualty_type,casualty_home_area_type,casualty_imd_decile
5753,201542I330310,1,9,0,6,0,0,0,0,0,0,3,1,6,1,42,7,1499,2,-1,-1,1,-1,3,2,617026.0,218180.0,1.147583,51.820079,42,2,2,3,42257,6,1899-12-30 15:03:00,461,E10000012,4,1442,6,60,0,-1,-1,0,0,0,1,1,1,0,0,2,1,E01022016,2.0,2.0,1.0,-1.0,-1.0,3.0,0.0,0.0,1.0,0.0,0.0,9.0,-1.0,-1.0
5754,2015300015134,2,19,0,18,0,1,0,0,0,0,1,1,1,1,34,6,1560,2,-1,-1,3,-1,4,2,444760.0,366500.0,-1.331509,53.193709,30,2,2,4,30/07/2015,5,1899-12-30 13:52:00,327,E10000007,3,6175,6,50,3,4,5,107,0,0,1,1,1,0,0,2,1,E01019799,2.0,1.0,1.0,34.0,6.0,3.0,0.0,0.0,0.0,0.0,0.0,19.0,3.0,7.0
5755,201542I149905,2,9,0,18,0,1,0,0,0,0,1,1,6,2,-1,-1,1242,1,4,-1,1,-1,1,2,619583.0,216646.0,1.183652,51.80531,42,2,2,1,30/05/2015,7,1899-12-30 11:13:00,461,E10000012,6,0,6,30,6,4,6,0,0,0,1,1,1,0,0,1,1,E01022033,1.0,1.0,2.0,-1.0,-1.0,2.0,0.0,0.0,0.0,0.0,0.0,9.0,1.0,5.0
5756,201501LX50694,1,3,0,18,0,2,0,10,7,10,1,1,6,1,19,4,124,1,-1,-1,1,-1,1,1,531840.0,171340.0,-0.105085,51.425741,1,2,1,1,42192,3,1899-12-30 22:10:00,9,E09000022,3,215,6,30,3,4,6,0,0,0,4,1,1,0,0,1,1,E01003082,1.0,1.0,1.0,19.0,4.0,2.0,0.0,0.0,0.0,0.0,0.0,3.0,1.0,3.0
5757,201506A003368,1,9,0,9,0,6,0,0,0,0,2,1,1,1,60,9,1995,2,9,-1,1,-1,1,2,383260.0,400130.0,-2.253812,53.4976,6,2,2,1,42162,2,1899-12-30 17:00:00,102,E08000003,3,56,3,30,3,4,6,0,0,0,1,2,2,0,0,1,1,E01033674,,,,,,,,,,,,,,
5758,201506Q096019,1,9,0,16,0,0,0,10,7,1,1,1,6,1,33,6,1364,1,9,-1,1,-1,3,2,389470.0,404770.0,-2.160359,53.539468,6,2,2,3,42339,2,1899-12-30 00:24:00,104,E08000004,4,6189,6,30,0,-1,-1,0,0,0,4,1,2,0,0,1,1,E01005330,3.0,2.0,2.0,27.0,6.0,3.0,0.0,0.0,2.0,0.0,0.0,9.0,1.0,2.0
5759,2015450027216,2,19,0,16,0,0,0,0,0,0,0,1,6,2,55,8,1298,1,14,-1,1,-1,1,2,509319.0,157789.0,-0.433032,51.308728,45,2,2,1,26/07/2015,1,1899-12-30 07:59:00,510,E10000030,6,6874,6,30,0,-1,-1,0,0,0,1,1,1,0,0,2,2,E01030302,,,,,,,,,,,,,,
5760,2015440164929,1,19,0,17,0,0,0,0,0,0,3,1,1,1,41,7,2402,2,4,-1,1,-1,1,2,461118.0,146857.0,-1.126296,51.21765,44,2,2,1,16/05/2015,7,1899-12-30 13:00:00,490,E10000014,6,0,6,60,0,-1,-1,0,0,0,1,1,1,0,0,2,1,E01022561,,,,,,,,,,,,,,
5761,2015530209644,2,9,0,18,0,8,1,0,0,0,1,1,6,1,57,9,1796,1,7,-1,1,-1,3,2,414871.0,227603.0,-1.785053,51.946728,53,2,2,3,18/07/2015,7,1899-12-30 09:45:00,621,E10000013,4,4077,6,60,6,4,6,716,0,0,1,1,1,0,0,2,1,E01022222,1.0,1.0,1.0,57.0,9.0,2.0,0.0,0.0,0.0,0.0,0.0,9.0,1.0,9.0
5762,2015051501227,1,9,0,18,0,3,0,0,0,0,3,1,6,2,69,10,999,1,1,-1,1,-1,1,1,331059.0,399151.0,-3.040401,53.48454,5,2,1,1,42221,6,1899-12-30 13:35:00,93,E08000014,6,0,6,30,1,4,6,0,0,8,1,3,2,0,0,1,1,E01006942,1.0,3.0,1.0,62.0,9.0,2.0,7.0,3.0,0.0,0.0,0.0,0.0,1.0,6.0
5763,201501XH30686,1,5,0,18,0,8,0,0,0,0,1,1,1,1,-1,-1,-1,-1,-1,-1,-1,-1,1,2,509680.0,175370.0,-0.42243,51.466681,1,2,2,1,19/09/2015,7,1899-12-30 08:47:00,26,E09000017,3,30,3,30,6,2,5,0,0,5,1,1,1,0,0,1,1,E01002444,1.0,1.0,1.0,-1.0,-1.0,2.0,0.0,0.0,0.0,0.0,0.0,5.0,-1.0,-1.0
5764,201506G000858,1,9,0,9,0,1,0,0,0,0,1,1,6,1,28,6,-1,-1,-1,-1,3,-1,1,1,395110.0,394960.0,-2.0751,53.451376,6,2,1,1,42068,1,1899-12-30 14:33:00,110,E08000008,3,627,6,30,6,2,3,57,0,5,1,1,1,0,0,1,1,E01006028,1.0,3.0,2.0,73.0,10.0,2.0,1.0,3.0,0.0,0.0,0.0,0.0,1.0,2.0
5765,2015520509154,3,9,0,18,0,0,0,0,0,0,3,1,6,2,67,10,-1,-1,-1,-1,1,-1,1,3,348219.0,112502.0,-2.737865,50.909651,52,2,3,1,14/12/2015,2,1899-12-30 16:25:00,610,E10000027,3,30,6,60,0,-1,-1,0,0,0,6,1,2,0,0,2,2,E01029212,,,,,,,,,,,,,,
5766,2015471501860,1,9,0,18,0,1,0,0,0,0,1,1,6,1,27,6,1975,1,13,-1,2,-1,3,5,483157.0,100352.0,-0.821446,50.796775,47,2,5,3,42098,7,1899-12-30 10:55:00,559,E10000032,3,286,6,40,8,4,6,0,0,0,1,1,2,0,0,2,1,E01031542,1.0,2.0,2.0,18.0,4.0,2.0,0.0,0.0,1.0,0.0,0.0,9.0,2.0,5.0
5767,2015132550406,1,9,0,4,0,0,0,0,0,0,2,1,6,2,19,4,-1,-1,-1,-1,1,-1,2,3,432242.0,427028.0,-1.512676,53.738646,13,2,3,2,42129,3,1899-12-30 10:00:00,204,E08000035,1,1,3,70,0,-1,-1,0,0,0,1,1,2,0,0,2,1,E01011499,1.0,1.0,2.0,19.0,4.0,2.0,0.0,0.0,0.0,0.0,0.0,9.0,1.0,3.0
5768,201501WW50679,2,2,0,18,0,8,0,0,0,0,1,1,6,1,51,8,49,1,3,-1,1,-1,1,2,527620.0,171750.0,-0.165602,51.430391,1,2,2,1,29/07/2015,4,1899-12-30 18:47:00,10,E09000032,3,24,6,30,6,4,6,0,0,0,1,1,1,0,0,1,1,E01004613,1.0,1.0,1.0,51.0,8.0,2.0,0.0,0.0,0.0,0.0,0.0,2.0,1.0,8.0
5769,2015160D07661,1,1,0,18,0,0,0,0,0,0,3,1,2,1,22,5,-1,-1,-1,-1,1,-1,1,2,510329.0,431541.0,-0.327591,53.768537,16,2,2,1,42319,4,1899-12-30 07:00:00,228,E06000010,3,1033,3,30,0,-1,-1,0,0,0,1,1,1,0,0,1,1,E01012817,1.0,1.0,1.0,22.0,5.0,2.0,0.0,0.0,0.0,0.0,0.0,1.0,1.0,4.0
5770,2015530209400,1,9,0,9,0,6,0,0,0,0,1,1,6,1,48,8,2204,2,8,-1,1,-1,1,3,383444.0,217858.0,-2.241807,51.859059,53,2,3,1,26/03/2015,5,1899-12-30 08:15:00,623,E10000013,3,430,6,30,3,4,6,1071,0,0,1,1,2,0,0,1,1,E01022293,,,,,,,,,,,,,,
5771,2015440329083,2,1,0,9,0,8,0,0,0,0,3,1,6,1,26,6,-1,-1,-1,-1,1,-1,1,2,465126.0,101199.0,-1.077099,50.806695,44,2,2,1,23/09/2015,4,1899-12-30 14:55:00,498,E06000044,3,2047,6,30,3,4,6,0,0,0,1,1,1,0,0,1,1,E01017077,1.0,1.0,1.0,26.0,6.0,2.0,0.0,0.0,0.0,0.0,0.0,1.0,1.0,1.0
5772,2015471504335,1,9,0,17,0,0,5,4,7,0,1,1,6,1,85,11,1598,1,4,-1,1,-1,1,3,536409.0,104935.0,-0.064517,50.82789,47,2,3,1,28/07/2015,3,1899-12-30 15:03:00,565,E06000043,6,0,6,30,0,-1,-1,0,0,0,1,1,1,0,0,1,1,E01017012,1.0,1.0,1.0,85.0,11.0,2.0,0.0,0.0,0.0,0.0,0.0,9.0,1.0,6.0
5773,201504WA15284,1,9,0,18,0,6,0,0,0,0,1,1,6,1,39,7,1910,2,9,-1,1,-1,4,2,336440.0,427310.0,-2.965078,53.738283,4,2,2,4,25/07/2015,7,1899-12-30 14:50:00,74,E10000017,6,0,6,20,6,4,6,0,0,0,1,1,1,0,0,1,1,E01024990,1.0,1.0,1.0,39.0,7.0,3.0,0.0,0.0,0.0,0.0,0.0,9.0,1.0,3.0
5774,201550EL2J011,2,5,0,18,0,0,0,0,0,0,0,1,6,1,53,8,1402,1,9,-1,1,-1,1,2,247419.0,59704.0,-4.149059,50.417331,50,2,2,1,27/06/2015,7,1899-12-30 18:37:00,583,E06000026,5,0,6,30,0,-1,-1,0,0,0,1,2,1,0,0,1,1,E01015030,1.0,1.0,1.0,53.0,8.0,2.0,0.0,0.0,0.0,0.0,0.0,5.0,1.0,1.0
5775,2015170H11355,1,9,0,11,0,0,5,0,2,7,4,1,6,2,26,6,1242,1,12,-1,1,-1,3,1,450984.0,531473.0,-1.21088,54.67575,17,2,1,3,23/12/2015,4,1899-12-30 14:30:00,240,E06000001,3,689,3,40,0,-1,-1,0,0,0,1,1,1,0,0,1,1,E01012001,2.0,2.0,2.0,5.0,1.0,3.0,0.0,0.0,2.0,0.0,0.0,9.0,1.0,1.0
5776,201501SX21149,2,4,0,18,0,8,0,0,0,0,4,1,1,1,25,5,599,1,11,-1,1,-1,1,2,520200.0,191470.0,-0.265563,51.609242,1,2,2,1,28/11/2015,7,1899-12-30 08:59:00,30,E09000003,3,5109,1,30,1,4,5,0,0,0,1,1,1,0,0,1,1,E01000134,1.0,1.0,1.0,25.0,5.0,2.0,0.0,0.0,0.0,0.0,0.0,4.0,1.0,3.0
5777,201531C286915,2,9,0,12,0,1,0,0,0,0,2,1,6,1,-1,-1,3456,8,2,-1,-1,-1,1,2,456882.0,340004.0,-1.154767,52.954405,31,2,2,1,24/12/2015,5,1899-12-30 14:40:00,346,E06000018,3,6008,1,30,1,2,3,610,0,5,1,1,2,0,0,1,1,E01013816,,,,,,,,,,,,,,
5778,2015950003048,3,21,0,4,0,0,0,0,0,0,3,1,1,1,48,8,12419,2,4,-1,2,-1,1,3,295959.0,665448.0,-3.664257,55.870929,95,2,3,1,26/06/2015,6,1899-12-30 15:18:00,940,S12000040,1,8,3,70,0,-1,-1,0,0,0,1,2,2,0,0,2,1,,,,,,,,,,,,,,,
5779,201597LB01003,1,9,0,18,0,0,1,0,1,0,3,1,6,2,65,9,1999,1,4,-1,2,-1,3,2,203695.0,682079.0,-5.148915,55.991388,97,2,2,3,42066,3,1899-12-30 17:00:00,913,S12000035,4,836,6,60,0,-1,-1,0,0,0,1,6,3,0,0,2,1,,3.0,1.0,2.0,65.0,9.0,3.0,0.0,0.0,0.0,0.0,0.0,9.0,2.0,-1.0
5780,201501WW50067,1,9,0,18,0,8,0,0,0,0,1,1,6,1,46,8,-1,-1,-1,-1,1,-1,1,1,527870.0,172220.0,-0.161838,51.434558,1,2,1,1,18/01/2015,1,1899-12-30 15:13:00,10,E09000032,3,24,6,30,6,4,6,0,0,0,1,1,1,0,0,1,1,E01004611,1.0,3.0,1.0,4.0,1.0,2.0,5.0,9.0,0.0,0.0,2.0,0.0,1.0,8.0
5781,201501RG40121,1,9,0,18,0,1,0,0,0,0,1,1,6,2,51,8,1598,1,9,-1,1,-1,1,1,537810.0,177180.0,-0.016998,51.476801,1,2,1,1,19/02/2015,5,1899-12-30 08:23:00,6,E09000011,4,208,6,30,3,4,3,206,0,1,1,1,1,0,0,1,1,E01033730,1.0,3.0,2.0,32.0,6.0,2.0,4.0,3.0,0.0,0.0,2.0,0.0,1.0,5.0
5782,2015132931221,1,3,0,18,0,0,2,10,2,11,4,1,6,1,19,4,125,1,6,-1,1,-1,1,1,406105.0,428677.0,-1.908891,53.754422,13,2,1,1,42072,5,1899-12-30 18:37:00,202,E08000033,6,0,6,20,0,-1,-1,0,0,0,1,1,1,0,0,1,1,E01010925,1.0,1.0,1.0,19.0,4.0,2.0,0.0,0.0,0.0,0.0,0.0,3.0,1.0,1.0
5783,2015160C01261,1,9,0,18,0,0,0,0,7,0,1,1,6,1,20,4,1240,1,10,-1,1,-1,2,2,502314.0,430201.0,-0.449585,53.758132,16,2,2,2,18/03/2015,4,1899-12-30 07:55:00,231,E06000011,4,1232,6,40,0,-1,-1,0,0,0,1,1,2,0,0,1,1,E01013113,1.0,1.0,1.0,20.0,4.0,2.0,0.0,0.0,0.0,0.0,0.0,9.0,1.0,10.0
5784,20151328M0706,2,9,0,9,0,8,0,0,0,0,3,1,6,2,44,7,2179,2,3,-1,-1,-1,1,2,424791.0,434815.0,-1.62501,53.80904,13,2,2,1,24/08/2015,2,1899-12-30 11:30:00,204,E08000035,3,657,6,30,3,4,6,0,0,0,1,1,1,0,0,1,1,E01011282,,,,,,,,,,,,,,
5785,201501WW50241,2,1,0,18,0,8,0,0,0,0,1,1,6,1,31,6,-1,-1,-1,-1,-1,-1,1,2,525500.0,174590.0,-0.195075,51.456387,1,2,2,1,13/03/2015,6,1899-12-30 07:55:00,10,E09000032,3,218,6,30,3,4,6,0,0,0,1,1,1,0,0,1,1,E01004600,1.0,1.0,1.0,31.0,6.0,2.0,0.0,0.0,0.0,0.0,0.0,1.0,-1.0,-1.0
5786,201504SC15288,2,9,0,18,0,1,0,0,7,4,1,1,6,2,30,6,2720,2,8,-1,3,-1,4,2,346780.0,420770.0,-2.807211,53.680666,4,2,2,4,42074,3,1899-12-30 18:01:00,73,E10000017,4,5247,6,30,3,4,4,5248,0,0,6,1,1,0,0,2,1,E01024974,2.0,1.0,2.0,30.0,6.0,3.0,0.0,0.0,0.0,0.0,0.0,9.0,3.0,10.0
5787,201534NE34185,1,9,0,18,0,0,0,12,7,4,1,1,6,1,25,5,1794,1,15,-1,-1,-1,1,1,501761.0,296314.0,-0.500489,52.555163,34,2,1,1,14/11/2015,7,1899-12-30 01:11:00,382,E10000021,5,12,6,60,0,-1,-1,0,0,0,7,1,2,0,0,2,2,E01027050,1.0,1.0,1.0,25.0,5.0,2.0,0.0,0.0,0.0,0.0,0.0,9.0,-1.0,-1.0
5788,2015075262680,1,4,0,18,0,0,2,0,1,11,1,1,6,1,19,4,471,1,-1,-1,1,-1,1,1,364574.0,385039.0,-2.533778,53.36103,7,2,1,1,42072,5,1899-12-30 21:15:00,128,E06000007,6,0,6,60,0,-1,-1,0,0,0,6,1,1,0,0,2,1,E01012488,1.0,1.0,1.0,19.0,4.0,2.0,0.0,0.0,0.0,0.0,0.0,4.0,1.0,9.0
5789,2015331501688,1,9,0,18,0,0,0,0,0,0,1,1,2,1,45,7,-1,-1,-1,-1,1,-1,1,2,447763.0,299165.0,-1.29643,52.588198,33,2,2,1,27/10/2015,3,1899-12-30 13:40:00,361,E10000018,3,47,6,60,0,-1,-1,0,0,0,1,1,2,0,0,2,1,E01025842,,,,,,,,,,,,,,
5790,2015100349015,1,9,0,18,0,1,0,0,1,0,1,1,6,2,22,5,1560,2,1,-1,3,-1,1,4,428626.0,589245.0,-1.55185,55.196649,10,2,4,1,19/06/2015,6,1899-12-30 15:15:00,139,E06000048,3,189,6,60,3,4,6,0,0,0,1,1,1,0,0,2,1,E01027540,1.0,1.0,2.0,22.0,5.0,2.0,0.0,0.0,0.0,0.0,0.0,9.0,3.0,8.0
5791,2015440074488,2,9,0,18,0,0,0,0,0,0,1,1,6,2,49,8,1598,1,8,-1,1,-1,1,2,470810.0,143479.0,-0.988213,51.186162,44,2,2,1,42097,4,1899-12-30 12:00:00,497,E10000014,4,3349,6,60,0,-1,-1,0,0,0,1,1,1,0,0,2,1,E01022604,1.0,1.0,2.0,49.0,8.0,2.0,0.0,0.0,0.0,0.0,0.0,9.0,1.0,10.0
5792,2015621500601,2,5,0,18,0,1,0,0,4,1,1,1,6,1,42,7,-1,-1,-1,-1,3,-1,1,2,293464.0,179436.0,-3.536335,51.503784,62,2,2,1,42098,7,1899-12-30 10:52:00,740,W06000013,4,4181,3,30,3,4,6,0,0,0,1,1,1,0,0,1,1,W01001003,2.0,1.0,1.0,42.0,7.0,2.0,0.0,0.0,0.0,0.0,0.0,5.0,3.0,-1.0
5793,2015405DA0674,1,9,0,18,0,0,0,0,0,0,1,1,6,2,23,5,998,1,7,-1,1,-1,6,5,507040.0,220813.0,-0.446511,51.875624,40,2,5,6,25/07/2015,7,1899-12-30 13:35:00,424,E06000056,1,1,3,70,0,-1,-1,0,0,0,1,1,1,0,0,2,1,E01017562,2.0,2.0,2.0,55.0,8.0,3.0,0.0,0.0,1.0,0.0,0.0,9.0,1.0,5.0
5794,201504SA15180,1,9,0,16,0,3,0,0,0,0,1,1,6,1,68,10,1998,1,10,-1,1,-1,4,2,358370.0,424920.0,-2.632315,53.719019,4,2,2,4,22/04/2015,4,1899-12-30 11:14:00,83,E10000017,1,65,7,70,1,4,1,69,0,0,1,1,1,0,0,2,1,E01025400,3.0,2.0,2.0,59.0,9.0,2.0,0.0,0.0,1.0,0.0,0.0,9.0,1.0,1.0
5795,201550BW3S003,1,9,0,9,0,5,0,0,0,0,1,1,6,1,57,9,-1,-1,-1,-1,-1,-1,4,2,204162.0,68971.0,-4.762116,50.48774,50,2,2,4,20/05/2015,4,1899-12-30 10:34:00,596,E06000052,3,389,6,60,3,4,4,3266,0,0,1,1,1,0,0,2,1,E01018924,4.0,2.0,2.0,50.0,8.0,3.0,0.0,0.0,1.0,0.0,0.0,9.0,-1.0,-1.0
5796,201542I032001,1,1,0,18,0,1,0,0,0,0,1,1,6,1,24,5,-1,-1,-1,-1,1,-1,1,2,570633.0,188284.0,0.460586,51.567611,42,2,2,1,31/01/2015,7,1899-12-30 02:00:00,450,E10000012,6,0,2,30,3,4,6,0,0,5,4,1,1,0,0,1,1,E01021296,1.0,1.0,1.0,24.0,5.0,2.0,0.0,0.0,0.0,0.0,0.0,1.0,1.0,2.0
5797,201597KA70105,1,9,0,18,0,0,0,0,0,0,4,1,6,1,20,4,1598,1,7,-1,1,-1,1,1,246564.0,663560.0,-4.451891,55.840783,97,2,1,1,22/05/2015,6,1899-12-30 23:40:00,935,S12000038,3,761,6,30,0,-1,-1,0,0,0,4,1,1,0,0,1,1,,1.0,3.0,1.0,20.0,4.0,2.0,5.0,2.0,0.0,0.0,0.0,0.0,1.0,-1.0
5798,2015621501245,1,9,0,18,0,0,0,0,0,0,4,1,6,1,27,6,-1,-1,-1,-1,1,-1,1,1,317841.0,176441.0,-3.184512,51.480935,62,2,1,1,25/07/2015,7,1899-12-30 22:40:00,741,W06000015,3,4161,3,30,0,-1,-1,0,0,4,4,1,1,0,0,1,1,W01001939,1.0,3.0,1.0,35.0,6.0,2.0,2.0,1.0,0.0,0.0,0.0,0.0,1.0,-1.0
5799,201514K287215,1,1,0,18,0,0,0,4,0,0,1,1,6,1,71,10,-1,-1,-1,-1,1,-1,1,2,433274.0,393691.0,-1.500574,53.438951,14,2,2,1,13/11/2015,6,1899-12-30 23:25:00,215,E08000019,6,0,6,30,0,-1,-1,0,0,0,4,2,2,0,0,1,1,E01008134,1.0,1.0,1.0,71.0,10.0,2.0,0.0,0.0,0.0,0.0,0.0,1.0,1.0,7.0
5800,201501RG40616,1,9,0,18,0,8,0,0,0,0,1,1,6,1,35,6,1229,1,8,-1,1,-1,1,2,544360.0,172670.0,0.075415,51.434644,1,2,2,1,25/08/2015,3,1899-12-30 18:50:00,6,E09000011,3,211,6,30,8,4,6,0,0,0,1,1,2,0,0,1,1,E01001601,,,,,,,,,,,,,,
5801,2015320138269,2,9,0,2,6,0,0,0,1,9,1,1,6,1,63,9,1587,1,10,-1,3,-1,2,3,527307.0,345796.0,-0.104677,52.994372,32,2,3,2,17/12/2015,5,1899-12-30 18:07:00,350,E10000019,4,1192,6,60,0,-1,-1,0,0,0,4,1,2,0,0,2,1,E01026033,2.0,1.0,1.0,63.0,9.0,2.0,0.0,0.0,0.0,0.0,0.0,9.0,3.0,3.0
5802,2015030000708,1,9,0,13,0,1,0,0,0,0,2,1,6,1,34,6,1998,2,14,-1,1,-1,1,2,319750.0,469520.0,-3.229146,54.115265,3,2,2,1,23/03/2015,2,1899-12-30 20:30:00,61,E10000006,6,0,6,30,3,2,6,0,0,4,4,1,1,0,0,1,2,E01019158,,,,,,,,,,,,,,
5803,2015450027291,2,1,0,18,0,1,0,0,0,0,1,1,6,1,37,7,-1,-1,-1,-1,1,-1,1,2,508442.0,167619.0,-0.442616,51.397251,45,2,2,1,27/07/2015,2,1899-12-30 16:50:00,40,E10000030,6,6268,6,30,6,4,6,0,0,0,1,1,1,0,0,1,1,E01030731,1.0,1.0,1.0,37.0,7.0,2.0,0.0,0.0,0.0,0.0,0.0,1.0,1.0,9.0
5804,2015471501624,1,9,0,18,0,1,0,0,0,0,4,1,2,1,41,7,1968,2,3,-1,1,-1,1,1,538334.0,139411.0,-0.024091,51.137267,47,2,1,1,23/03/2015,2,1899-12-30 17:38:00,563,E10000032,6,0,6,30,6,4,6,0,0,0,1,1,1,0,0,1,1,E01031732,1.0,3.0,1.0,13.0,3.0,2.0,5.0,1.0,0.0,0.0,0.0,0.0,1.0,8.0
5805,2015950003842,3,8,0,2,0,0,0,0,0,0,2,1,6,3,-1,-1,2143,2,1,-1,-1,-1,1,3,325100.0,673040.0,-3.200797,55.944542,95,2,3,1,17/08/2015,2,1899-12-30 22:15:00,923,S12000036,5,0,6,30,0,-1,-1,0,0,0,4,1,1,0,0,1,1,,,,,,,,,,,,,,,
5806,2015350160215,2,9,0,16,0,0,0,0,0,0,1,1,6,2,52,8,1796,1,9,-1,1,-1,2,2,520020.0,296250.0,-0.231327,52.550873,35,2,2,2,42163,5,1899-12-30 21:55:00,394,E06000031,3,605,6,40,0,-1,-1,0,0,0,4,1,1,0,0,2,1,E01015671,1.0,1.0,2.0,52.0,8.0,3.0,0.0,0.0,0.0,0.0,0.0,9.0,1.0,3.0
5807,2015450023103,1,9,0,18,0,3,0,0,0,0,2,1,3,2,26,6,1995,1,9,-1,1,-1,1,2,506311.0,170877.0,-0.47226,51.426938,45,2,2,1,42127,5,1899-12-30 11:50:00,40,E10000030,4,377,1,30,1,4,3,308,0,0,1,1,1,0,0,1,2,E01030705,1.0,1.0,2.0,26.0,6.0,2.0,0.0,0.0,0.0,0.0,0.0,9.0,1.0,5.0
5808,201550KN3I003,2,1,0,4,0,8,0,0,0,0,1,1,6,1,64,9,-1,-1,-1,-1,2,-1,1,2,325638.0,91064.0,-3.054639,50.71443,50,2,2,1,42256,4,1899-12-30 15:10:00,580,E10000008,4,3172,6,30,9,4,6,0,0,0,1,1,1,0,0,2,1,E01019961,1.0,1.0,1.0,64.0,9.0,2.0,0.0,0.0,0.0,0.0,0.0,1.0,2.0,9.0
5809,201501HT20303,2,3,0,18,0,8,0,0,0,0,1,1,6,1,33,6,847,1,1,-1,1,-1,1,2,535170.0,180760.0,-0.053619,51.509609,1,2,2,1,16/04/2015,5,1899-12-30 06:44:00,5,E09000030,3,1203,6,30,3,4,6,0,0,4,1,1,1,0,0,1,1,E01004303,1.0,1.0,1.0,33.0,6.0,2.0,0.0,0.0,0.0,0.0,0.0,3.0,1.0,5.0
5810,2015320114771,1,9,0,18,0,0,0,0,1,4,1,1,6,1,36,7,1396,1,10,-1,1,-1,2,1,496504.0,335477.0,-0.566504,52.908069,32,2,1,2,24/10/2015,7,1899-12-30 20:34:00,355,E10000019,3,52,6,60,0,-1,-1,0,0,0,6,1,2,0,0,2,1,E01026332,2.0,2.0,1.0,16.0,4.0,2.0,0.0,0.0,1.0,0.0,0.0,9.0,-1.0,-1.0
5811,2015360090335,2,5,0,18,0,8,0,0,0,0,1,1,6,1,52,8,996,1,12,-1,1,-1,1,2,618197.0,309737.0,1.223585,52.641472,36,2,2,1,19/05/2015,3,1899-12-30 18:20:00,404,E10000020,6,0,6,30,3,4,6,0,0,0,1,1,1,0,0,1,1,E01026792,1.0,1.0,1.0,52.0,8.0,2.0,0.0,0.0,0.0,0.0,0.0,5.0,1.0,2.0
5812,201597KC03106,1,9,0,5,0,4,1,0,0,11,1,1,6,2,26,6,1240,1,11,-1,1,-1,1,1,232719.0,674420.0,-4.679443,55.93365,97,2,1,1,21/06/2015,1,1899-12-30 13:20:00,928,S12000018,3,8,1,30,1,4,3,761,0,0,1,1,2,0,0,1,1,,1.0,1.0,2.0,26.0,6.0,2.0,0.0,0.0,0.0,0.0,0.0,9.0,1.0,-1.0
5813,201523N025489,2,9,0,18,0,1,1,0,1,10,1,1,6,1,17,4,1766,1,27,-1,1,-1,3,2,428105.0,299132.0,-1.586583,52.589269,23,2,2,3,42312,7,1899-12-30 19:30:00,290,E10000031,3,5,6,40,3,4,6,0,0,1,1,1,1,0,0,2,1,E01031017,3.0,2.0,1.0,17.0,4.0,3.0,0.0,0.0,1.0,0.0,0.0,9.0,3.0,6.0
5814,2015360089315,2,1,0,18,0,1,0,0,0,0,1,1,6,1,47,8,-1,-1,-1,-1,1,-1,1,2,604680.0,295216.0,1.015147,52.516376,36,2,2,1,42008,4,1899-12-30 09:03:00,400,E10000020,4,1077,2,30,3,4,6,0,0,0,1,1,1,0,0,1,1,E01026449,1.0,1.0,1.0,47.0,8.0,2.0,0.0,0.0,0.0,0.0,0.0,1.0,1.0,7.0
5815,2015440133447,1,19,0,5,0,0,0,0,0,0,4,1,1,1,34,6,2402,2,8,-1,3,-1,1,1,469812.0,110260.0,-1.008881,50.887618,44,2,1,1,21/04/2015,3,1899-12-30 11:10:00,495,E10000014,6,0,6,30,0,-1,-1,0,0,0,1,1,1,0,0,1,1,E01022921,1.0,3.0,2.0,51.0,8.0,2.0,9.0,6.0,0.0,0.0,0.0,0.0,1.0,10.0
5816,2015545070415,1,9,0,18,0,0,0,0,0,0,1,1,6,2,61,9,1984,1,4,-1,3,-1,5,1,414582.0,160951.0,-1.792014,51.347455,54,2,1,5,42283,4,1899-12-30 13:23:00,635,E06000054,5,52,6,40,0,-1,-1,0,0,0,1,1,1,0,0,2,1,E01031871,4.0,3.0,1.0,15.0,3.0,3.0,9.0,8.0,0.0,0.0,0.0,0.0,1.0,4.0
5817,20151322I1055,2,19,0,18,0,0,0,0,1,0,1,1,2,1,54,8,2198,2,5,-1,2,-1,2,2,410070.0,447865.0,-1.848136,53.926821,13,2,2,2,18/02/2015,4,1899-12-30 16:35:00,200,E08000032,3,65,6,40,0,-1,-1,0,0,0,1,1,1,0,0,1,1,E01010692,2.0,1.0,1.0,54.0,8.0,3.0,0.0,0.0,0.0,0.0,0.0,19.0,2.0,9.0