,accident_index,vehicle_reference,vehicle_type,towing_and_articulation,vehicle_manoeuvre,vehicle_location-restricted_lane,junction_location,skidding_and_overturning,hit_object_in_carriageway,vehicle_leaving_carriageway,hit_object_off_carriageway,1st_point_of_impact,was_vehicle_left_hand_drive?,journey_purpose_of_driver,sex_of_driver,age_of_driver,age_band_of_driver,engine_capacity_(cc),propulsion_code,age_of_vehicle,driver_imd_decile,driver_home_area_type,vehicle_imd_decile,NUmber_of_Casualities_unique_to_accident_index,No_of_Vehicles_involved_unique_to_accident_index,location_easting_osgr,location_northing_osgr,longitude,latitude,police_force,accident_severity,number_of_vehicles,number_of_casualties,date,day_of_week,time,local_authority_(district),local_authority_(highway),1st_road_class,1st_road_number,road_type,speed_limit,junction_detail,junction_control,2nd_road_class,2nd_road_number,pedestrian_crossing-human_control,pedestrian_crossing-physical_facilities,light_conditions,weather_conditions,road_surface_conditions,special_conditions_at_site,carriageway_hazards,urban_or_rural_area,did_police_officer_attend_scene_of_accident,lsoa_of_accident_location,casualty_reference,casualty_class,sex_of_casualty,age_of_casualty,age_band_of_casualty,casualty_severity,pedestrian_location,pedestrian_movement,car_passenger,bus_or_coach_passenger,pedestrian_road_maintenance_worker,casualty_type,casualty_home_area_type,casualty_imd_decile
5818,2015440127986,1,5,0,16,0,0,0,0,1,4,1,1,6,2,27,6,599,1,3,-1,1,-1,1,1,473328.0,158731.0,-0.94907,51.322966,44,2,1,1,16/04/2015,5,1899-12-30 19:20:00,494,E10000014,4,3349,6,60,0,-1,-1,0,0,0,1,1,1,0,0,2,1,E01022858,1.0,1.0,2.0,27.0,6.0,2.0,0.0,0.0,0.0,0.0,0.0,5.0,1.0,6.0
5819,2015460258802,2,9,0,18,0,1,0,0,0,0,4,1,6,1,46,8,1299,1,15,-1,3,-1,4,2,618070.0,155140.0,1.123688,51.253708,46,2,2,4,42284,6,1899-12-30 20:00:00,531,E10000016,3,2,7,40,3,4,6,0,0,0,1,1,1,0,0,2,1,E01024088,3.0,2.0,2.0,45.0,7.0,2.0,0.0,0.0,1.0,0.0,0.0,9.0,3.0,6.0
5820,201534WS26785,1,9,0,17,0,0,0,0,0,0,1,1,2,1,27,6,1998,2,8,-1,1,-1,5,2,456720.0,237954.0,-1.174532,52.037097,34,2,2,5,23/10/2015,6,1899-12-30 06:25:00,385,E10000021,3,422,6,50,0,-1,-1,0,0,0,6,1,1,0,0,2,1,E01027296,4.0,2.0,1.0,30.0,6.0,2.0,0.0,0.0,2.0,0.0,0.0,9.0,1.0,2.0
5821,2015941501011,5,1,0,18,0,8,0,0,0,0,1,1,6,1,51,8,-1,-1,-1,-1,1,-1,4,5,329233.0,699816.0,-3.141727,56.185693,94,2,5,4,22/12/2015,3,1899-12-30 19:00:00,925,S12000015,6,0,6,30,3,4,6,0,0,0,4,1,2,0,0,1,1,,4.0,1.0,1.0,51.0,8.0,2.0,0.0,0.0,0.0,0.0,0.0,1.0,1.0,-1.0
5822,201522C500607,1,9,0,18,0,0,0,0,2,4,1,1,2,1,41,7,1995,2,1,-1,1,-1,2,2,409060.0,268710.0,-1.868514,52.316423,22,2,2,2,16/02/2015,2,1899-12-30 07:55:00,270,E10000034,3,435,3,70,0,-1,-1,0,0,0,1,2,2,0,0,2,2,E01032123,1.0,1.0,1.0,41.0,7.0,3.0,0.0,0.0,0.0,0.0,0.0,9.0,1.0,3.0
5823,2015100668315,2,9,0,18,0,8,0,0,0,0,1,1,6,2,23,5,1796,1,12,-1,3,-1,4,2,417581.0,603252.0,-1.724487,55.323025,10,2,2,4,42074,3,1899-12-30 12:28:00,139,E06000048,3,1,3,60,3,4,6,3112,0,0,1,7,2,0,0,2,1,E01027370,3.0,2.0,1.0,3.0,1.0,3.0,0.0,0.0,2.0,0.0,0.0,9.0,3.0,6.0
5824,2015520506405,2,1,0,18,0,8,0,0,0,0,1,1,6,1,53,8,-1,-1,-1,-1,2,-1,1,2,350403.0,138607.0,-2.710384,51.144567,52,2,2,1,27/08/2015,5,1899-12-30 06:50:00,606,E10000027,3,361,6,30,2,4,6,0,0,0,1,1,1,0,0,2,1,E01029051,1.0,1.0,1.0,53.0,8.0,2.0,0.0,0.0,0.0,0.0,0.0,1.0,2.0,4.0
5825,2015320111738,2,9,0,16,0,1,1,0,0,0,1,1,6,1,24,5,1997,1,16,-1,2,-1,6,2,483759.0,390411.0,-0.741607,53.403884,32,2,2,6,25/10/2015,1,1899-12-30 10:28:00,356,E10000019,3,631,3,60,3,4,4,1433,0,0,1,1,1,0,0,2,1,E01026385,3.0,2.0,2.0,26.0,6.0,2.0,0.0,0.0,2.0,0.0,0.0,9.0,2.0,5.0
5826,2015132AJ1642,2,9,0,9,0,6,1,0,0,0,3,1,6,1,49,8,2902,2,11,-1,1,-1,3,2,407590.0,425128.0,-1.886455,53.722505,13,2,2,3,19/10/2015,2,1899-12-30 20:58:00,202,E08000033,6,0,6,30,6,4,6,0,0,0,4,1,1,0,0,1,1,E01011000,3.0,2.0,2.0,12.0,3.0,3.0,0.0,0.0,1.0,0.0,0.0,9.0,1.0,1.0
5827,2015160C07371,2,9,0,2,0,0,0,0,0,0,2,1,6,1,33,6,1229,1,6,-1,-1,-1,1,2,503768.0,429390.0,-0.427812,53.750558,16,2,2,1,42015,1,1899-12-30 03:46:00,231,E06000011,6,0,6,30,0,-1,-1,0,0,0,4,1,1,0,0,1,1,E01013115,,,,,,,,,,,,,,
5828,2015450023638,1,5,0,16,0,0,1,4,7,0,1,1,6,1,-1,-1,955,1,16,-1,1,-1,1,3,490796.0,154940.0,-0.699417,51.28637,45,2,3,1,23/04/2015,5,1899-12-30 18:09:00,511,E10000030,6,46,6,40,0,-1,-1,0,0,0,1,1,1,0,0,2,1,E01030466,1.0,1.0,1.0,-1.0,-1.0,2.0,0.0,0.0,0.0,0.0,0.0,5.0,1.0,6.0
5829,201501TW60403,1,9,0,9,0,8,0,0,0,0,1,1,2,1,55,8,1229,1,7,-1,1,-1,1,2,517290.0,169990.0,-0.314707,51.416803,1,2,2,1,18/11/2015,4,1899-12-30 19:10:00,24,E09000027,3,310,6,30,3,4,6,0,0,0,4,5,2,0,0,1,1,E01003839,,,,,,,,,,,,,,
5830,201522G503800,2,19,0,3,0,0,0,0,0,0,1,1,6,1,26,6,2151,2,12,-1,1,-1,5,2,376160.0,298170.0,-2.35326,52.580813,22,2,2,5,42045,6,1899-12-30 15:30:00,286,E06000051,4,4176,6,60,0,-1,-1,0,0,0,1,1,1,0,0,2,1,E01028859,5.0,2.0,1.0,29.0,6.0,3.0,0.0,0.0,0.0,0.0,0.0,19.0,1.0,10.0
5831,201501SX20042,2,9,0,15,0,8,0,0,0,0,3,1,6,1,42,7,2993,2,8,-1,-1,-1,3,3,521410.0,188800.0,-0.249021,51.584987,1,2,3,3,22/01/2015,5,1899-12-30 19:05:00,30,E09000003,3,5,6,30,3,4,6,0,0,0,4,1,1,0,0,1,1,E01000513,2.0,2.0,1.0,49.0,8.0,2.0,0.0,0.0,1.0,0.0,0.0,9.0,1.0,2.0
5832,2015471505392,1,9,0,18,0,0,0,0,0,0,1,1,6,1,68,10,2400,2,9,-1,3,-1,1,2,499707.0,126587.0,-0.579526,51.030011,47,2,2,1,16/09/2015,4,1899-12-30 14:30:00,559,E10000032,6,0,6,60,0,-1,-1,0,0,0,1,2,2,0,0,2,1,E01031514,1.0,1.0,1.0,68.0,10.0,2.0,0.0,0.0,0.0,0.0,0.0,9.0,3.0,5.0
5833,2015120023743,1,1,0,18,0,0,0,0,0,0,1,1,6,1,62,9,-1,-1,-1,-1,3,-1,1,2,448381.0,442741.0,-1.265557,53.878618,12,2,2,1,42340,5,1899-12-30 12:49:00,187,E10000023,3,162,6,60,0,-1,-1,0,0,0,1,1,1,0,0,2,1,E01027921,1.0,1.0,1.0,62.0,9.0,2.0,0.0,0.0,0.0,0.0,0.0,1.0,3.0,9.0
5834,201501MM70489,1,19,0,2,0,2,0,0,0,0,3,1,1,1,42,7,2198,2,3,-1,1,-1,1,2,535020.0,176290.0,-0.057487,51.469476,1,2,2,1,42221,6,1899-12-30 16:09:00,8,E09000028,6,0,6,30,3,4,6,0,0,0,1,2,2,0,0,1,1,E01004006,,,,,,,,,,,,,,
5835,201543S133025,1,11,0,5,8,0,0,0,0,0,4,1,1,1,58,9,3900,2,8,-1,1,-1,1,1,485396.0,238843.0,-0.756352,52.041419,43,2,1,1,21/02/2015,7,1899-12-30 19:34:00,479,E06000042,6,1098,3,30,0,-1,-1,0,0,0,4,1,1,0,0,1,1,E01033499,1.0,3.0,1.0,31.0,6.0,2.0,9.0,9.0,0.0,0.0,0.0,0.0,1.0,4.0
5836,20151328T1552,2,9,0,18,0,0,0,0,0,0,3,1,6,3,-1,-1,-1,-1,-1,-1,-1,-1,1,2,442464.0,447890.0,-1.354842,53.92541,13,2,2,1,29/08/2015,7,1899-12-30 19:45:00,204,E08000035,6,0,6,60,0,-1,-1,0,0,0,1,1,1,0,0,2,2,E01011697,,,,,,,,,,,,,,
5837,2015075236866,1,9,0,13,0,1,0,0,0,0,1,1,6,1,23,5,1995,2,10,-1,1,-1,1,2,392266.0,383523.0,-2.11764,53.34854,7,2,2,1,42316,3,1899-12-30 19:37:00,129,E06000049,6,0,6,30,6,4,6,0,0,0,1,1,1,0,0,1,1,E01018655,1.0,3.0,1.0,19.0,4.0,2.0,6.0,9.0,0.0,0.0,0.0,0.0,1.0,10.0
5838,2015950001628,1,9,0,9,0,2,0,0,0,0,1,1,6,1,55,8,1598,1,9,-1,1,-1,2,1,318060.0,672780.0,-3.313403,55.941057,95,2,1,2,42098,7,1899-12-30 01:50:00,923,S12000036,3,902,6,40,3,2,3,8,0,5,4,1,1,0,0,1,1,,1.0,3.0,2.0,54.0,8.0,2.0,4.0,1.0,0.0,0.0,0.0,0.0,1.0,-1.0
5839,2015132BO0216,1,19,0,9,0,5,0,0,0,0,1,1,1,1,33,6,1995,2,5,-1,1,-1,1,2,413663.0,437440.0,-1.793881,53.833042,13,2,2,1,24/11/2015,3,1899-12-30 09:12:00,200,E08000032,6,0,6,30,3,4,6,0,0,0,1,1,1,0,0,1,1,E01010787,,,,,,,,,,,,,,
5840,20154100J0390,2,9,0,18,0,0,0,0,0,0,3,1,6,1,41,7,1339,1,7,-1,1,-1,1,2,518835.0,197961.0,-0.283064,51.667867,41,2,2,1,29/07/2015,4,1899-12-30 20:30:00,33,E10000015,6,562,6,30,0,-1,-1,0,0,1,5,1,1,0,0,1,2,E01023536,1.0,1.0,1.0,41.0,7.0,2.0,0.0,0.0,0.0,0.0,0.0,9.0,1.0,7.0
5841,201543R235095,1,9,0,7,0,3,0,0,0,0,1,1,6,1,20,4,1997,2,9,-1,-1,-1,2,2,495973.0,182081.0,-0.617868,51.529493,43,2,2,2,27/09/2015,1,1899-12-30 18:47:00,473,E06000039,3,355,1,30,1,4,6,7302,0,0,1,1,1,0,0,1,1,E01016484,,,,,,,,,,,,,,
5842,2015450023199,4,9,0,18,0,0,0,0,0,0,1,1,6,1,81,11,1685,2,3,-1,3,-1,6,4,520980.0,155221.0,-0.266685,51.283291,45,2,4,6,42189,3,1899-12-30 10:40:00,513,E10000030,1,25,3,70,0,-1,-1,0,0,0,1,1,1,0,0,2,1,E01030639,5.0,1.0,1.0,81.0,11.0,3.0,0.0,0.0,0.0,0.0,0.0,9.0,3.0,-1.0
5843,2015961501306,1,9,0,18,0,0,0,0,0,0,4,1,6,3,30,6,-1,-1,-1,-1,-1,-1,1,1,291877.0,680735.0,-3.735589,56.007317,96,2,1,1,15/08/2015,7,1899-12-30 20:30:00,924,S12000014,6,0,6,30,0,-1,-1,0,0,0,1,1,1,0,0,1,1,,1.0,3.0,2.0,7.0,2.0,2.0,5.0,1.0,0.0,0.0,0.0,0.0,1.0,-1.0
5844,2015440302321,1,1,0,16,0,0,1,0,0,0,1,1,6,2,48,8,-1,-1,-1,-1,1,-1,1,2,475529.0,127687.0,-0.924007,51.043581,44,2,2,1,31/08/2015,2,1899-12-30 16:35:00,497,E10000014,6,0,6,60,0,-1,-1,0,0,0,1,1,2,0,0,2,1,E01022617,1.0,1.0,2.0,48.0,8.0,2.0,0.0,0.0,0.0,0.0,0.0,1.0,1.0,10.0
5845,201520M001575,1,8,0,9,0,6,0,0,0,0,1,1,6,1,-1,-1,2664,2,14,-1,1,-1,2,2,432010.0,281230.0,-1.53066,52.428122,20,2,2,2,14/01/2015,4,1899-12-30 13:50:00,302,E08000026,6,0,6,30,3,4,6,0,0,0,1,1,1,0,0,1,2,E01009529,,,,,,,,,,,,,,
5846,2015420031483,1,9,0,18,0,0,0,0,0,0,1,1,1,1,44,7,1798,1,14,-1,1,-1,2,1,586985.0,187842.0,0.696018,51.558461,42,2,1,2,42105,4,1899-12-30 20:05:00,460,E06000033,3,127,3,40,0,-1,-1,0,0,5,4,1,1,0,0,1,2,E01015859,2.0,1.0,1.0,44.0,7.0,3.0,0.0,0.0,0.0,0.0,0.0,9.0,1.0,4.0
5847,201501EK40096,1,1,0,18,0,0,0,0,0,0,2,1,2,2,35,6,-1,-1,-1,-1,1,-1,1,2,526720.0,184210.0,-0.174073,51.54257,1,2,2,1,42248,6,1899-12-30 06:50:00,2,E09000007,3,41,3,40,0,-1,-1,0,0,0,7,1,1,0,0,1,2,E01000963,1.0,1.0,2.0,35.0,6.0,2.0,0.0,0.0,0.0,0.0,0.0,1.0,1.0,6.0
5848,2015160B00301,1,9,0,18,0,0,0,0,0,0,1,1,6,1,30,6,1598,1,11,-1,1,-1,1,1,489623.0,407879.0,-0.64845,53.559888,16,2,1,1,30/01/2015,6,1899-12-30 18:05:00,232,E06000013,4,1501,6,30,0,-1,-1,0,0,0,4,1,2,0,0,1,1,E01013263,1.0,3.0,2.0,12.0,3.0,2.0,5.0,3.0,0.0,0.0,0.0,0.0,1.0,6.0
5849,2015471504347,3,9,0,18,0,1,0,0,0,0,2,1,6,1,21,5,1968,2,1,-1,1,-1,1,3,494955.0,107129.0,-0.652337,50.85589,47,2,3,1,28/07/2015,3,1899-12-30 17:22:00,558,E10000032,3,27,3,70,1,4,3,29,0,0,1,1,1,0,0,2,1,E01031465,,,,,,,,,,,,,,
5850,2015521507893,1,9,0,18,0,8,0,0,0,0,1,1,6,1,21,5,1124,1,12,-1,1,-1,1,2,359517.0,173587.0,-2.584085,51.459802,52,2,2,1,29/10/2015,5,1899-12-30 17:30:00,601,E06000023,3,4032,6,30,3,4,6,0,0,0,1,1,1,0,0,1,1,E01033347,,,,,,,,,,,,,,
5851,201504EG15238,2,9,0,9,0,6,0,0,0,0,1,1,6,1,57,9,1582,2,3,-1,1,-1,1,2,388800.0,440150.0,-2.171761,53.857452,4,2,2,1,23/10/2015,6,1899-12-30 15:05:00,77,E10000017,6,0,6,20,3,4,6,0,0,0,1,1,1,0,0,1,1,E01025223,,,,,,,,,,,,,,
5852,2015921500862,1,21,0,17,0,0,2,0,1,10,1,1,1,1,62,9,6693,2,1,-1,3,-1,1,1,339992.0,852490.0,-3.004541,57.558501,92,2,1,1,42043,1,1899-12-30 15:30:00,930,S12000020,3,96,6,40,0,-1,-1,0,0,0,1,1,1,0,0,2,1,,1.0,1.0,1.0,62.0,9.0,2.0,0.0,0.0,0.0,0.0,0.0,21.0,3.0,-1.0
5853,201543R187085,2,2,0,18,0,8,1,0,0,0,1,1,6,1,17,4,49,1,-1,-1,1,-1,1,2,499386.0,180878.0,-0.569022,51.51809,43,2,2,1,24/08/2015,2,1899-12-30 22:05:00,473,E06000039,3,412,3,40,3,2,6,7303,0,0,4,2,2,0,0,1,1,E01016521,1.0,1.0,1.0,17.0,4.0,2.0,0.0,0.0,0.0,0.0,0.0,2.0,1.0,6.0
5854,2015548088515,1,9,0,5,0,6,0,0,0,0,1,1,6,2,79,11,1299,1,8,-1,3,-1,2,2,411085.0,176173.0,-1.841754,51.484403,54,2,2,2,42164,1,1899-12-30 17:55:00,635,E06000054,3,4361,6,50,3,4,4,4041,0,0,1,1,1,0,0,2,1,E01031884,1.0,1.0,2.0,79.0,11.0,3.0,0.0,0.0,0.0,0.0,0.0,9.0,3.0,8.0
5855,201504EG15048,1,9,0,17,0,8,0,0,1,10,1,1,6,1,24,5,-1,-1,-1,-1,1,-1,2,1,388250.0,444220.0,-2.18028,53.89402,4,2,1,2,22/02/2015,1,1899-12-30 19:42:00,77,E10000017,6,0,6,60,8,4,6,0,0,0,6,4,2,0,0,2,1,E01025199,1.0,1.0,1.0,24.0,5.0,3.0,0.0,0.0,0.0,0.0,0.0,9.0,1.0,3.0
5856,2015120039191,1,9,0,16,0,0,1,0,0,0,1,1,2,2,17,4,1461,2,10,-1,3,-1,1,2,470053.0,476534.0,-0.928175,54.179815,12,2,2,1,42280,3,1899-12-30 08:10:00,185,E10000023,5,61,6,60,0,-1,-1,0,0,0,1,1,2,0,0,2,1,E01027782,1.0,1.0,2.0,17.0,4.0,2.0,0.0,0.0,0.0,0.0,0.0,9.0,3.0,4.0
5857,2015521504706,3,9,0,18,0,1,0,0,0,0,1,1,6,1,29,6,1349,1,1,-1,1,-1,4,3,374713.0,173981.0,-2.365395,51.46423,52,2,3,4,16/06/2015,3,1899-12-30 16:25:00,612,E06000025,3,46,6,60,3,4,6,0,0,0,1,1,1,0,0,2,1,E01014869,3.0,1.0,1.0,29.0,6.0,2.0,0.0,0.0,0.0,0.0,0.0,9.0,1.0,5.0
5858,2015930000263,1,9,0,5,0,2,0,0,0,0,1,1,6,1,21,5,2521,1,6,-1,2,-1,1,1,338447.0,754000.0,-3.006081,56.673692,93,2,1,1,28/03/2015,7,1899-12-30 09:47:00,912,S12000041,4,956,2,30,3,4,4,956,0,0,1,2,2,0,0,2,1,,1.0,3.0,1.0,85.0,11.0,2.0,5.0,3.0,0.0,0.0,0.0,0.0,3.0,-1.0
5859,201534TM16665,2,21,1,3,0,0,0,0,0,0,1,1,1,1,31,6,-1,-1,-1,-1,3,-1,1,4,464031.0,261424.0,-1.063551,52.247281,34,2,4,1,42162,2,1899-12-30 22:38:00,381,E10000021,1,1,3,50,0,-1,-1,0,0,0,4,1,1,0,0,2,1,E01027011,,,,,,,,,,,,,,
5860,2015460257200,3,9,0,18,0,2,1,0,1,10,1,1,6,2,54,8,998,1,-1,-1,2,-1,2,3,578270.0,169030.0,0.560951,51.392302,46,2,3,2,42282,1,1899-12-30 16:40:00,544,E06000035,5,375,6,30,6,4,6,0,0,1,1,1,1,0,0,1,1,E01016033,2.0,1.0,2.0,54.0,8.0,3.0,0.0,0.0,0.0,0.0,0.0,9.0,2.0,7.0
5861,201543N233095,3,1,0,18,0,0,0,0,0,0,0,1,6,3,-1,-1,-1,-1,-1,-1,-1,-1,2,3,475717.0,209287.0,-0.903927,51.777139,43,2,3,2,28/09/2015,2,1899-12-30 15:44:00,476,E10000002,5,70,7,60,0,-1,-1,0,0,0,1,1,1,0,0,2,1,E01017676,,,,,,,,,,,,,,
5862,201560S001803,1,9,0,17,9,0,0,0,0,0,1,1,6,1,75,10,-1,-1,-1,-1,-1,-1,1,1,279012.0,356715.0,-3.808226,53.093886,60,2,1,1,42095,1,1899-12-30 14:00:00,721,W06000003,3,5,6,30,0,-1,-1,0,0,0,1,1,1,0,0,2,1,W01000121,1.0,3.0,2.0,59.0,9.0,2.0,6.0,8.0,0.0,0.0,0.0,0.0,-1.0,-1.0
5863,20154100B0486,2,5,0,18,0,0,1,0,0,0,1,1,2,1,49,8,1200,1,18,-1,1,-1,1,2,526526.0,205631.0,-0.169132,51.735117,41,2,2,1,23/07/2015,5,1899-12-30 06:40:00,438,E10000015,5,56,6,60,0,-1,-1,0,0,0,1,1,1,0,0,2,1,E01023910,1.0,1.0,1.0,49.0,8.0,2.0,0.0,0.0,0.0,0.0,0.0,5.0,1.0,6.0
5864,2015460259607,1,9,0,16,0,0,5,0,2,10,4,1,6,2,44,7,2143,2,5,-1,2,-1,2,2,559880.0,163410.0,0.29434,51.347285,46,2,2,2,42012,7,1899-12-30 16:36:00,542,E10000016,5,252,6,60,0,-1,-1,0,0,0,1,1,1,0,0,2,1,E01032620,2.0,2.0,1.0,0.0,1.0,3.0,0.0,0.0,2.0,0.0,0.0,9.0,2.0,6.0
5865,201501SX20145,1,9,0,18,0,1,0,0,0,0,1,1,6,1,54,8,1997,1,11,-1,1,-1,1,2,525200.0,189280.0,-0.194176,51.588472,1,2,2,1,13/02/2015,6,1899-12-30 18:30:00,30,E09000003,6,0,6,30,6,4,6,0,0,0,4,2,2,0,0,1,2,E01000211,1.0,1.0,1.0,54.0,8.0,2.0,0.0,0.0,0.0,0.0,0.0,9.0,1.0,5.0
5866,20151329G0199,2,9,0,9,0,5,0,0,0,0,3,1,6,2,33,6,1997,2,8,-1,1,-1,1,2,432311.0,427593.0,-1.511571,53.74372,13,2,2,1,16/09/2015,4,1899-12-30 07:51:00,204,E08000035,6,0,6,30,3,4,6,0,0,0,1,1,1,0,0,1,1,E01011502,,,,,,,,,,,,,,
5867,2015200033780,2,9,0,18,0,8,1,0,7,0,1,1,6,1,27,6,-1,-1,-1,-1,1,-1,3,3,391159.0,297050.0,-2.131878,52.571199,20,2,3,3,14/11/2015,7,1899-12-30 14:00:00,309,E08000031,6,0,6,30,3,4,6,0,0,0,1,2,2,0,0,1,1,E01010429,3.0,1.0,1.0,27.0,6.0,3.0,0.0,0.0,0.0,0.0,0.0,9.0,1.0,5.0
5868,2015300014795,1,5,0,17,0,0,2,0,0,0,4,1,6,1,48,8,647,1,12,-1,-1,-1,1,2,435970.0,361970.0,-1.463574,53.153656,30,2,2,1,42192,3,1899-12-30 09:30:00,327,E10000007,4,6036,6,60,0,-1,-1,0,0,0,1,1,1,0,0,2,1,E01019769,1.0,1.0,1.0,48.0,8.0,2.0,0.0,0.0,0.0,0.0,0.0,5.0,-1.0,-1.0
5869,201506M004830,3,9,0,18,0,8,0,0,0,0,1,1,6,2,36,7,999,1,2,-1,-1,-1,2,3,377750.0,393800.0,-2.33642,53.440499,6,2,3,2,26/08/2015,4,1899-12-30 08:10:00,112,E08000009,3,6144,6,50,1,4,1,60,0,0,1,1,2,0,0,2,1,E01006184,2.0,1.0,2.0,36.0,7.0,2.0,0.0,0.0,0.0,0.0,0.0,9.0,-1.0,-1.0
5870,2015530210026,1,9,0,18,0,0,0,0,0,0,1,1,6,1,77,11,1339,1,11,-1,1,-1,1,1,383980.0,217873.0,-2.234025,51.859209,53,2,1,1,42046,2,1899-12-30 13:45:00,623,E10000013,4,4073,6,30,0,-1,-1,0,0,0,1,1,1,0,0,1,1,E01022289,1.0,3.0,1.0,64.0,9.0,2.0,6.0,9.0,0.0,0.0,0.0,0.0,-1.0,-1.0
5871,2015471505567,1,9,0,9,0,2,0,0,0,0,3,2,6,1,20,4,-1,-1,-1,-1,1,-1,2,2,507390.0,123224.0,-0.470999,50.998398,47,2,2,2,42283,4,1899-12-30 22:09:00,562,E10000032,3,29,6,60,6,4,4,2133,0,0,7,9,1,0,0,2,2,E01031613,,,,,,,,,,,,,,
5872,2015200034464,3,9,0,8,0,1,0,0,0,0,3,1,6,1,25,5,1781,1,16,-1,1,-1,5,3,403425.0,281263.0,-1.951054,52.429339,20,2,3,5,13/11/2015,6,1899-12-30 20:27:00,300,E08000025,3,38,3,40,9,-1,3,-1,0,0,4,1,2,0,0,1,1,E01008950,5.0,2.0,1.0,24.0,5.0,3.0,0.0,0.0,2.0,0.0,0.0,9.0,1.0,1.0
5873,201520Z003375,1,9,0,18,0,0,0,0,5,6,1,1,6,1,33,6,1870,2,11,-1,1,-1,4,2,400820.0,296160.0,-1.989335,52.563271,20,2,2,4,18/10/2015,1,1899-12-30 00:50:00,307,E08000030,1,6,3,70,0,-1,-1,0,0,0,4,1,1,0,0,1,1,E01010336,1.0,1.0,1.0,33.0,6.0,2.0,0.0,0.0,0.0,0.0,0.0,9.0,1.0,1.0
5874,2015610045515,1,9,0,18,0,8,0,10,7,10,1,1,6,1,25,5,-1,-1,-1,-1,-1,-1,2,1,331021.0,188889.0,-2.997192,51.594606,61,2,1,2,15/08/2015,7,1899-12-30 08:05:00,733,W06000022,3,4051,1,40,1,4,6,0,0,0,1,1,1,0,0,1,1,W01001681,1.0,1.0,1.0,25.0,5.0,3.0,0.0,0.0,0.0,0.0,0.0,9.0,-1.0,-1.0
5875,2015471501388,2,9,0,18,0,0,0,0,0,0,1,1,6,1,53,8,-1,-1,-1,-1,1,-1,3,3,516230.0,125056.0,-0.344492,51.013149,47,2,3,3,42280,3,1899-12-30 07:25:00,562,E10000032,3,24,3,70,0,-1,-1,0,0,0,1,1,1,0,0,2,1,E01031611,3.0,1.0,1.0,53.0,8.0,2.0,0.0,0.0,0.0,0.0,0.0,9.0,1.0,6.0
5876,201534WS22785,1,9,0,18,0,0,5,0,2,10,1,1,2,1,19,4,1149,1,14,-1,1,-1,2,1,479000.0,242374.0,-0.848768,52.074105,34,2,1,2,42103,6,1899-12-30 18:00:00,385,E10000021,5,79,6,60,0,-1,-1,0,0,0,1,1,1,0,0,2,1,E01027276,1.0,2.0,2.0,19.0,4.0,2.0,0.0,0.0,1.0,0.0,0.0,9.0,-1.0,-1.0
5877,201506G004863,1,19,0,9,0,2,0,0,0,0,1,1,6,1,30,6,-1,-1,-1,-1,-1,-1,1,2,395400.0,395050.0,-2.070735,53.452188,6,2,2,1,20/08/2015,5,1899-12-30 15:45:00,110,E08000008,3,57,6,30,3,4,6,0,0,0,1,1,1,0,0,1,2,E01006026,,,,,,,,,,,,,,
5878,2015471505480,2,1,0,18,0,0,0,0,0,0,1,1,1,1,27,6,-1,-1,-1,-1,1,-1,1,2,547280.0,121113.0,0.096252,50.97061,47,2,2,1,19/09/2015,7,1899-12-30 08:05:00,556,E10000011,6,0,6,30,0,-1,-1,0,0,4,1,1,1,0,0,1,2,E01021220,1.0,1.0,1.0,27.0,6.0,2.0,0.0,0.0,0.0,0.0,0.0,1.0,1.0,4.0
5879,2015160C03911,1,1,0,18,0,0,0,0,0,0,4,1,6,1,64,9,-1,-1,-1,-1,1,-1,1,1,496670.0,435949.0,-0.533362,53.810854,16,2,1,1,19/05/2015,3,1899-12-30 22:50:00,231,E06000011,4,1230,6,60,0,-1,-1,0,0,0,6,1,1,0,0,2,1,E01012920,1.0,1.0,1.0,64.0,9.0,2.0,0.0,0.0,0.0,0.0,0.0,1.0,1.0,10.0
5880,2015320004543,1,9,0,18,0,8,0,0,0,0,1,1,6,2,79,11,1242,1,7,-1,2,-1,1,2,498544.0,370125.0,-0.525588,53.21905,32,2,2,1,26/01/2015,2,1899-12-30 10:09:00,352,E10000019,4,1190,6,40,3,4,6,0,0,0,1,1,1,0,0,2,1,E01026178,1.0,1.0,2.0,79.0,11.0,2.0,0.0,0.0,0.0,0.0,0.0,9.0,2.0,10.0
5881,201563DP28015,3,9,0,5,0,6,0,0,0,0,0,1,6,3,-1,-1,-1,-1,-1,-1,-1,-1,1,3,320890.0,219320.0,-3.150342,51.866826,63,2,3,1,42224,7,1899-12-30 11:50:00,753,W06000023,3,40,6,60,5,4,6,0,0,0,1,1,1,0,0,2,1,W01001903,,,,,,,,,,,,,,
5882,2015961500777,3,9,0,2,9,1,0,0,0,0,1,1,6,1,52,8,-1,-1,-1,-1,1,-1,1,5,289583.0,680229.0,-3.772151,56.00225,96,2,5,1,42282,1,1899-12-30 00:55:00,924,S12000014,3,904,6,30,3,4,6,0,0,0,4,1,1,0,0,1,1,,,,,,,,,,,,,,,
5883,2015471500218,2,9,0,9,0,8,1,0,0,0,4,1,6,2,31,6,-1,-1,-1,-1,1,-1,1,3,527503.0,135194.0,-0.180307,51.101879,47,2,3,1,42339,2,1899-12-30 18:10:00,560,E10000032,6,0,1,20,2,4,6,0,0,4,4,1,2,0,0,1,1,E01031604,1.0,1.0,2.0,31.0,6.0,2.0,0.0,0.0,0.0,0.0,0.0,9.0,1.0,5.0