,accident_index,vehicle_reference,vehicle_type,towing_and_articulation,vehicle_manoeuvre,vehicle_location-restricted_lane,junction_location,skidding_and_overturning,hit_object_in_carriageway,vehicle_leaving_carriageway,hit_object_off_carriageway,1st_point_of_impact,was_vehicle_left_hand_drive?,journey_purpose_of_driver,sex_of_driver,age_of_driver,age_band_of_driver,engine_capacity_(cc),propulsion_code,age_of_vehicle,driver_imd_decile,driver_home_area_type,vehicle_imd_decile,NUmber_of_Casualities_unique_to_accident_index,No_of_Vehicles_involved_unique_to_accident_index,location_easting_osgr,location_northing_osgr,longitude,latitude,police_force,accident_severity,number_of_vehicles,number_of_casualties,date,day_of_week,time,local_authority_(district),local_authority_(highway),1st_road_class,1st_road_number,road_type,speed_limit,junction_detail,junction_control,2nd_road_class,2nd_road_number,pedestrian_crossing-human_control,pedestrian_crossing-physical_facilities,light_conditions,weather_conditions,road_surface_conditions,special_conditions_at_site,carriageway_hazards,urban_or_rural_area,did_police_officer_attend_scene_of_accident,lsoa_of_accident_location,casualty_reference,casualty_class,sex_of_casualty,age_of_casualty,age_band_of_casualty,casualty_severity,pedestrian_location,pedestrian_movement,car_passenger,bus_or_coach_passenger,pedestrian_road_maintenance_worker,casualty_type,casualty_home_area_type,casualty_imd_decile
6015,2015200037319,1,9,0,18,0,0,0,0,0,0,4,1,6,2,47,8,1796,1,11,-1,1,-1,1,1,407369.0,282206.0,-1.893029,52.437778,20,2,1,1,31/10/2015,7,1899-12-30 23:18:00,300,E08000025,3,435,6,30,0,-1,-1,0,0,0,4,1,1,0,0,1,1,E01009188,1.0,3.0,1.0,22.0,5.0,2.0,5.0,1.0,0.0,0.0,0.0,0.0,1.0,2.0
6016,201531D063215,1,9,0,18,0,8,0,0,0,0,3,1,6,2,27,6,1149,1,14,-1,-1,-1,1,2,452519.0,337917.0,-1.22004,52.93609,31,2,2,1,24/03/2015,3,1899-12-30 16:03:00,342,E10000024,6,0,6,30,6,4,6,0,0,0,1,1,1,0,0,1,1,E01028078,1.0,1.0,2.0,27.0,6.0,2.0,0.0,0.0,0.0,0.0,0.0,9.0,-1.0,-1.0
6017,20154100D0615,2,9,0,18,0,1,0,0,1,0,1,1,6,1,42,7,1968,2,2,-1,1,-1,5,4,505487.0,208646.0,-0.472764,51.766565,41,2,4,5,28/11/2015,7,1899-12-30 16:20:00,431,E10000015,3,4147,6,50,8,4,-1,-1,0,0,4,2,2,0,0,2,1,E01023399,4.0,2.0,2.0,2.0,1.0,2.0,0.0,0.0,2.0,0.0,0.0,9.0,1.0,5.0
6018,2015460263120,1,9,0,16,0,1,0,0,0,0,1,1,6,1,81,11,1587,1,14,-1,3,-1,1,2,590020.0,163010.0,0.726424,51.334424,46,2,2,1,26/10/2015,2,1899-12-30 15:02:00,540,E10000016,6,4003,6,30,3,4,6,0,0,0,1,1,1,0,0,1,1,E01024630,,,,,,,,,,,,,,
6019,2015450024514,1,1,0,7,0,1,0,0,0,0,0,1,6,2,68,10,-1,-1,-1,-1,1,-1,1,1,497046.0,144904.0,-0.612539,51.195125,45,2,1,1,42068,1,1899-12-30 14:45:00,517,E10000030,6,5413,6,30,3,4,6,0,0,0,1,1,1,0,0,1,1,E01030919,1.0,1.0,2.0,68.0,10.0,2.0,0.0,0.0,0.0,0.0,0.0,1.0,1.0,10.0
6020,2015051502220,1,19,0,1,0,0,0,0,0,0,2,1,1,1,22,5,1968,2,2,-1,1,-1,1,1,337182.0,388986.0,-2.94611,53.393952,5,2,1,1,16/09/2015,4,1899-12-30 16:00:00,91,E08000012,6,0,6,30,0,-1,-1,0,0,0,1,1,1,0,0,1,1,E01006552,1.0,3.0,1.0,50.0,8.0,2.0,5.0,3.0,0.0,0.0,0.0,0.0,1.0,1.0
6021,2015300012630,2,9,0,17,0,8,0,0,0,0,1,1,6,1,41,7,1398,1,13,-1,-1,-1,3,2,437990.0,326200.0,-1.437561,52.831989,30,2,2,3,42188,7,1899-12-30 23:10:00,328,E10000007,4,587,6,40,3,4,5,28,0,0,6,1,1,0,0,2,1,E01019853,3.0,1.0,1.0,41.0,7.0,2.0,0.0,0.0,0.0,0.0,0.0,9.0,-1.0,-1.0
6022,2015450034207,1,4,0,18,0,0,0,0,0,0,4,1,2,1,36,7,599,1,12,-1,-1,-1,1,2,536088.0,147706.0,-0.053036,51.21235,45,2,2,1,24/11/2015,3,1899-12-30 19:18:00,516,E10000030,3,22,6,50,0,-1,-1,0,0,0,6,1,2,0,0,2,1,E01030827,1.0,1.0,1.0,36.0,7.0,2.0,0.0,0.0,0.0,0.0,0.0,4.0,-1.0,-1.0
6023,201542I106701,2,9,0,18,0,1,0,0,0,0,1,1,1,1,29,6,-1,-1,-1,-1,3,-1,4,2,579798.0,218936.0,0.608474,51.840079,42,2,2,4,29/01/2015,5,1899-12-30 16:41:00,451,E10000012,4,1018,6,50,3,4,6,0,0,0,1,3,2,0,0,2,1,E01021380,4.0,2.0,1.0,26.0,6.0,3.0,0.0,0.0,1.0,0.0,0.0,9.0,-1.0,-1.0
6024,2015440211216,2,9,0,10,0,8,0,0,0,0,2,1,2,1,34,6,1747,1,12,-1,1,-1,3,3,450762.0,125905.0,-1.277503,51.030276,44,2,3,3,22/06/2015,2,1899-12-30 10:52:00,502,E10000014,6,0,6,40,8,4,6,0,0,0,1,2,2,0,0,2,1,E01023246,1.0,1.0,1.0,34.0,6.0,2.0,0.0,0.0,0.0,0.0,0.0,9.0,1.0,8.0
6025,2015460260618,3,9,0,4,0,0,0,0,0,0,2,1,6,1,41,7,1399,2,3,-1,1,-1,9,5,602000.0,159590.0,0.896237,51.299585,46,2,5,9,22/08/2015,7,1899-12-30 15:20:00,540,E10000016,1,2,3,70,0,-1,-1,0,0,0,1,1,1,0,0,2,1,E01024625,8.0,2.0,2.0,39.0,7.0,3.0,0.0,0.0,1.0,0.0,0.0,9.0,1.0,9.0
6026,201550CD2K002,2,9,0,9,0,5,1,0,1,0,2,1,6,2,49,8,1896,2,8,-1,1,-1,3,2,231602.0,123301.0,-4.400516,50.984419,50,2,2,3,42159,2,1899-12-30 15:29:00,588,E10000008,3,39,6,60,9,4,6,0,0,0,1,1,1,0,0,2,1,E01020288,2.0,1.0,2.0,49.0,8.0,3.0,0.0,0.0,0.0,0.0,0.0,9.0,1.0,10.0
6027,201531B182015,2,1,0,18,0,1,0,0,0,0,3,1,6,1,17,4,-1,-1,-1,-1,1,-1,1,2,481725.0,351579.0,-0.782135,53.055228,31,2,2,1,42131,1,1899-12-30 20:30:00,345,E10000024,5,83,6,30,8,4,6,0,0,0,1,1,1,0,0,1,2,E01028287,1.0,1.0,1.0,17.0,4.0,2.0,0.0,0.0,0.0,0.0,0.0,1.0,1.0,7.0
6028,201563DP24015,1,5,0,18,0,0,1,0,2,10,1,1,6,1,60,9,-1,-1,-1,-1,1,-1,2,4,302620.0,319220.0,-3.44455,52.761775,63,2,4,2,42164,1,1899-12-30 16:00:00,753,W06000023,4,4393,6,60,0,-1,-1,0,0,0,1,1,1,0,0,2,1,W01001906,1.0,1.0,1.0,60.0,9.0,2.0,0.0,0.0,0.0,0.0,0.0,5.0,1.0,2.0
6029,2015120056298,1,9,0,5,0,6,0,0,0,0,3,1,6,1,86,11,1598,1,4,-1,2,-1,3,2,472460.0,465619.0,-0.893919,54.081401,12,2,2,3,42189,3,1899-12-30 11:15:00,185,E10000023,3,64,3,70,3,4,6,181,0,0,1,1,1,0,0,2,1,E01027797,1.0,1.0,1.0,86.0,11.0,2.0,0.0,0.0,0.0,0.0,0.0,9.0,2.0,10.0
6030,201501PY20870,2,9,0,18,0,8,0,0,0,0,1,1,6,1,-1,-1,1997,1,5,-1,-1,-1,1,2,541810.0,171980.0,0.038479,51.429087,1,2,2,1,25/12/2015,6,1899-12-30 12:00:00,19,E09000006,5,0,6,40,3,4,6,0,0,0,1,1,1,0,0,1,1,E01000782,1.0,1.0,1.0,-1.0,-1.0,2.0,0.0,0.0,0.0,0.0,0.0,9.0,-1.0,-1.0
6031,201550BL2M005,1,9,0,9,0,6,0,0,0,0,1,1,6,2,79,11,2200,2,23,-1,2,-1,7,3,224866.0,80261.0,-4.475864,50.595733,50,2,3,7,25/08/2015,3,1899-12-30 16:35:00,596,E06000052,3,30,3,70,3,4,4,3257,0,0,1,1,1,0,0,2,1,E01018925,1.0,1.0,2.0,79.0,11.0,3.0,0.0,0.0,0.0,0.0,0.0,9.0,2.0,4.0
6032,2015450022076,1,9,0,18,0,6,0,0,0,0,1,1,6,1,17,4,999,1,3,-1,2,-1,1,2,493866.0,161636.0,-0.653647,51.346065,45,2,2,1,42157,6,1899-12-30 17:17:00,515,E10000030,3,322,3,70,3,4,5,5,0,0,4,1,1,0,0,2,1,E01030806,,,,,,,,,,,,,,
6033,201511ND04815,1,9,0,16,0,0,0,0,7,4,1,1,6,1,40,7,1998,1,10,-1,2,-1,1,1,432397.0,543723.0,-1.497745,54.787365,11,2,1,1,42250,2,1899-12-30 21:55:00,169,E06000047,5,120,6,60,0,-1,-1,0,0,0,6,1,1,0,0,2,1,E01020725,1.0,1.0,1.0,40.0,7.0,2.0,0.0,0.0,0.0,0.0,0.0,9.0,2.0,4.0
6034,201543P048075,2,1,0,17,0,8,0,0,0,0,1,1,6,1,48,8,-1,-1,-1,-1,-1,-1,1,2,445948.0,240973.0,-1.331151,52.065233,43,2,2,1,42192,3,1899-12-30 20:22:00,481,E10000025,3,4260,1,30,1,4,6,0,0,0,1,1,1,0,0,1,1,E01028440,1.0,1.0,1.0,48.0,8.0,2.0,0.0,0.0,0.0,0.0,0.0,1.0,-1.0,-1.0
6035,2015950004090,2,19,0,18,0,1,0,0,1,3,1,1,6,1,50,8,1248,2,9,-1,3,-1,1,2,362754.0,677545.0,-2.598601,55.989417,95,2,2,1,42286,5,1899-12-30 20:45:00,921,S12000010,3,199,6,60,3,4,6,0,0,0,6,1,1,0,0,2,1,,1.0,1.0,1.0,50.0,8.0,2.0,0.0,0.0,0.0,0.0,0.0,19.0,3.0,-1.0
6036,20154100G0381,1,19,0,18,0,0,0,0,1,11,4,1,6,2,30,6,1686,2,8,-1,3,-1,1,1,538120.0,238313.0,0.011726,52.026042,41,2,1,1,15/07/2015,4,1899-12-30 23:00:00,433,E10000015,5,4,6,60,0,-1,-1,0,0,0,6,1,1,0,0,2,2,E01023598,1.0,1.0,2.0,30.0,6.0,2.0,0.0,0.0,0.0,0.0,0.0,19.0,3.0,7.0
6037,2015551600081,2,9,0,17,0,0,0,0,0,0,1,1,6,1,46,8,1998,2,7,-1,1,-1,2,2,367529.0,91495.0,-2.46136,50.722165,55,2,2,2,16/12/2015,4,1899-12-30 06:26:00,645,E10000009,3,35,6,60,0,-1,-1,0,0,0,6,1,1,0,0,2,1,E01020509,1.0,1.0,1.0,46.0,8.0,2.0,0.0,0.0,0.0,0.0,0.0,9.0,1.0,7.0
6038,201501SX20902,1,9,0,18,0,1,0,0,0,0,1,1,6,2,36,7,2494,8,-1,-1,1,-1,1,1,525860.0,191710.0,-0.183783,51.610163,1,2,1,1,25/09/2015,6,1899-12-30 15:34:00,30,E09000003,6,0,6,30,3,4,6,0,0,8,1,1,1,0,0,1,1,E01000302,1.0,3.0,2.0,39.0,7.0,2.0,5.0,1.0,0.0,0.0,2.0,0.0,-1.0,-1.0
6039,2015075075944,1,9,0,4,0,0,1,0,0,0,1,1,6,1,40,7,-1,-1,-1,-1,1,-1,1,2,339735.0,377686.0,-2.905569,53.292691,7,2,2,1,18/03/2015,4,1899-12-30 16:55:00,130,E06000050,1,53,3,70,0,-1,-1,0,0,0,1,1,1,0,0,1,1,E01018564,,,,,,,,,,,,,,
6040,2015440026826,1,9,0,4,0,1,0,0,0,0,1,1,6,1,50,8,1388,1,11,-1,1,-1,1,1,442889.0,119088.0,-1.390568,50.969619,44,2,1,1,24/01/2015,7,1899-12-30 14:20:00,491,E10000014,6,0,6,30,1,4,6,0,0,4,1,1,1,0,0,1,1,E01022663,1.0,3.0,1.0,32.0,6.0,2.0,4.0,2.0,0.0,0.0,0.0,0.0,1.0,3.0
6041,201501SX20838,3,19,0,16,0,0,0,0,0,0,1,1,6,1,27,6,2402,2,10,-1,1,-1,2,3,525930.0,186370.0,-0.184686,51.562158,1,2,3,2,21/09/2015,2,1899-12-30 11:53:00,2,E09000007,5,0,6,30,0,-1,-1,0,0,0,1,2,2,0,0,1,1,E01000885,1.0,1.0,1.0,27.0,6.0,2.0,0.0,0.0,0.0,0.0,0.0,19.0,1.0,2.0
6042,201563BC15515,2,9,0,18,0,0,0,0,0,0,1,1,6,2,72,10,-1,-1,-1,-1,3,-1,3,4,251460.0,266900.0,-4.178817,52.280116,63,2,4,3,24/10/2015,7,1899-12-30 16:45:00,750,W06000008,3,487,6,30,0,-1,-1,0,0,0,1,1,2,0,0,2,2,W01000540,1.0,1.0,2.0,72.0,10.0,3.0,0.0,0.0,0.0,0.0,0.0,9.0,3.0,6.0
6043,2015160D06361,2,11,0,18,2,1,0,0,0,0,1,1,1,1,48,8,9360,2,7,-1,1,-1,5,2,508164.0,428678.0,-0.361424,53.743268,16,2,2,5,42258,2,1899-12-30 08:15:00,228,E06000010,3,1105,6,30,3,4,6,0,0,0,1,1,1,0,0,1,1,E01012855,4.0,2.0,2.0,17.0,4.0,3.0,0.0,0.0,0.0,4.0,0.0,11.0,1.0,4.0
6044,2015075353594,1,9,0,18,0,0,0,0,1,7,1,1,6,1,49,8,1598,1,12,-1,1,-1,2,1,362071.0,382111.0,-2.571034,53.334538,7,2,1,2,26/11/2015,5,1899-12-30 15:17:00,128,E06000007,1,56,3,70,0,-1,-1,0,0,0,1,1,2,0,0,2,1,E01012503,2.0,2.0,2.0,28.0,6.0,3.0,0.0,0.0,1.0,0.0,0.0,9.0,1.0,4.0
6045,2015551600302,2,9,0,9,0,5,0,0,0,0,3,1,6,2,34,6,1397,1,8,-1,1,-1,1,2,408469.0,93435.0,-1.881344,50.740464,55,2,2,1,22/05/2015,6,1899-12-30 17:34:00,640,E06000028,3,3049,6,30,8,4,6,0,0,0,1,1,1,0,0,1,2,E01015348,1.0,1.0,2.0,34.0,6.0,2.0,0.0,0.0,0.0,0.0,0.0,9.0,1.0,7.0
6046,2015450035497,2,5,0,4,0,1,1,0,0,0,4,1,2,1,31,6,1170,1,10,-1,1,-1,1,2,505857.0,162126.0,-0.481394,51.348365,45,2,2,1,42047,4,1899-12-30 17:51:00,518,E10000030,3,318,6,30,8,4,-1,-1,0,0,4,1,1,0,0,1,1,E01030949,1.0,1.0,1.0,31.0,6.0,2.0,0.0,0.0,0.0,0.0,0.0,5.0,1.0,4.0
6047,2015405DA0767,2,9,0,18,0,8,5,0,1,0,4,1,6,1,45,7,1299,1,14,-1,1,-1,4,2,491412.0,225094.0,-0.672323,51.916881,40,2,2,4,29/09/2015,3,1899-12-30 15:40:00,424,E06000056,5,256,6,20,8,4,5,255,0,0,1,1,1,0,0,1,1,E01017590,4.0,3.0,2.0,9.0,2.0,3.0,6.0,9.0,0.0,0.0,0.0,0.0,-1.0,-1.0
6048,2015471502464,2,10,0,18,0,0,0,0,0,0,1,1,1,2,42,7,1996,2,6,-1,1,-1,1,2,531845.0,125649.0,-0.121802,51.015114,47,2,2,1,42129,3,1899-12-30 18:00:00,563,E10000032,6,0,6,60,0,-1,-1,0,0,0,1,4,1,0,0,2,1,E01031727,,,,,,,,,,,,,,
6049,2015170M30905,1,9,0,18,0,0,0,0,1,0,1,1,6,1,33,6,1388,1,16,-1,3,-1,2,2,451767.0,515649.0,-1.201526,54.533478,17,2,2,2,26/04/2015,1,1899-12-30 21:45:00,243,E06000002,3,174,3,70,0,-1,-1,0,0,0,4,1,1,0,0,1,1,E01012064,1.0,1.0,1.0,33.0,6.0,3.0,0.0,0.0,0.0,0.0,0.0,9.0,3.0,7.0
6050,201537EA95877,1,9,0,9,0,6,0,0,0,0,3,1,6,1,34,6,1490,1,8,-1,1,-1,2,2,644416.0,279441.0,1.588097,52.358486,37,2,2,2,42228,3,1899-12-30 22:25:00,416,E10000029,3,145,6,60,6,4,6,0,0,0,6,1,1,0,0,2,1,E01030229,1.0,1.0,1.0,34.0,6.0,2.0,0.0,0.0,0.0,0.0,0.0,9.0,1.0,2.0
6051,20154100D0123,1,9,0,9,0,5,0,0,0,0,2,1,6,2,44,7,1685,2,3,-1,3,-1,1,2,501400.0,213320.0,-0.530604,51.80933,41,2,2,1,20/01/2015,3,1899-12-30 15:10:00,431,E10000015,3,4146,6,60,6,4,5,151,0,0,1,9,1,0,0,2,2,E01023356,,,,,,,,,,,,,,
6052,201506P098181,1,9,0,18,0,2,0,0,0,0,4,1,6,2,31,6,1086,1,7,-1,1,-1,1,1,390900.0,414040.0,-2.139055,53.622817,6,2,1,1,42007,1,1899-12-30 13:05:00,106,E08000005,5,0,6,30,3,4,6,0,0,0,1,2,2,0,0,1,1,E01005581,1.0,3.0,1.0,23.0,5.0,2.0,5.0,1.0,0.0,0.0,0.0,0.0,1.0,1.0
6053,2015520507713,1,9,0,18,0,0,0,0,0,0,1,1,1,1,92,11,1198,1,7,-1,1,-1,1,1,321642.0,124582.0,-3.118418,51.015256,52,2,1,1,24/01/2015,7,1899-12-30 19:40:00,608,E10000027,3,38,6,30,0,-1,-1,0,0,4,4,1,1,0,0,1,1,E01029302,1.0,3.0,2.0,18.0,4.0,2.0,1.0,9.0,0.0,0.0,0.0,0.0,1.0,5.0
6054,201543N241125,1,9,0,17,0,0,0,0,7,4,1,1,6,1,33,6,1984,1,11,-1,1,-1,1,1,492131.0,186837.0,-0.671993,51.572884,43,2,1,1,24/12/2015,5,1899-12-30 01:30:00,477,E10000002,6,979,6,60,0,-1,-1,0,0,0,6,1,1,0,0,2,1,E01017833,1.0,1.0,1.0,33.0,6.0,2.0,0.0,0.0,0.0,0.0,0.0,9.0,1.0,9.0
6055,2015075260814,1,9,0,6,0,0,0,0,0,0,3,1,2,1,48,8,1596,1,15,-1,1,-1,1,2,360991.0,387705.0,-2.587943,53.384739,7,2,2,1,42044,4,1899-12-30 08:20:00,128,E06000007,3,5061,6,30,0,-1,-1,0,0,0,1,1,1,0,0,1,1,E01012510,,,,,,,,,,,,,,
6056,201504WB15152,3,5,0,17,0,0,2,0,1,9,1,1,6,1,51,8,1195,1,6,-1,2,-1,2,3,344260.0,451460.0,-2.85093,53.956212,4,2,3,2,42099,2,1899-12-30 12:38:00,76,E10000017,3,588,6,60,0,-1,-1,0,0,0,1,1,1,0,0,2,1,E01025107,1.0,1.0,1.0,51.0,8.0,3.0,0.0,0.0,0.0,0.0,0.0,5.0,2.0,7.0
6057,2015320003242,1,9,0,13,0,0,2,0,7,9,1,1,1,2,50,8,-1,-1,-1,-1,1,-1,1,2,524795.0,354581.0,-0.138686,53.07389,32,2,2,1,18/01/2015,1,1899-12-30 16:39:00,351,E10000019,4,1192,6,60,0,-1,-1,0,0,0,1,1,4,0,0,2,1,E01026075,,,,,,,,,,,,,,
6058,20154100A0234,2,9,0,3,0,0,0,0,0,0,2,1,6,2,19,4,1242,1,1,-1,-1,-1,1,3,530810.0,218890.0,-0.102134,51.853281,41,2,3,1,22/03/2015,1,1899-12-30 16:30:00,432,E10000015,3,119,6,60,0,-1,-1,0,0,0,1,1,1,0,0,2,1,E01033609,1.0,1.0,2.0,19.0,4.0,2.0,0.0,0.0,0.0,0.0,0.0,9.0,-1.0,-1.0
6059,201597UC00502,2,9,0,18,0,1,1,0,0,0,1,1,6,1,31,6,-1,-1,-1,-1,1,-1,1,2,242585.0,639486.0,-4.5015,55.623402,97,2,2,1,42157,6,1899-12-30 18:46:00,919,S12000008,6,0,6,30,6,4,6,0,0,0,4,1,1,0,0,1,1,,,,,,,,,,,,,,,
6060,2015350109715,2,21,0,2,0,0,0,0,0,0,2,1,1,1,52,8,6871,2,7,-1,3,-1,1,2,543940.0,276080.0,0.112523,52.363875,35,2,2,1,16/07/2015,5,1899-12-30 12:05:00,391,E10000003,3,1123,6,60,0,-1,-1,0,0,0,1,1,1,0,0,2,1,E01018036,,,,,,,,,,,,,,
6061,20154100D0361,3,9,0,18,0,1,0,0,0,0,0,1,6,1,53,8,-1,-1,-1,-1,1,-1,1,3,505939.0,206603.0,-0.466838,51.748118,41,2,3,1,15/07/2015,4,1899-12-30 17:45:00,431,E10000015,3,414,3,40,3,4,6,1112,0,0,1,1,1,0,0,1,1,E01023398,,,,,,,,,,,,,,
6062,2015100687515,1,19,0,18,0,2,0,0,0,0,3,1,6,3,-1,-1,-1,-1,-1,-1,-1,-1,1,1,424416.0,563847.0,-1.620152,54.968652,10,2,1,1,25/10/2015,1,1899-12-30 01:30:00,147,E08000021,3,695,2,30,3,4,3,186,0,5,4,1,1,0,0,1,2,E01033545,1.0,3.0,1.0,19.0,4.0,2.0,8.0,1.0,0.0,0.0,0.0,0.0,1.0,-1.0
6063,2015555997807,2,9,0,18,0,8,0,0,0,0,3,1,6,1,33,6,1968,2,11,-1,1,-1,1,3,411241.0,91659.0,-1.842113,50.724447,55,2,3,1,30/01/2015,6,1899-12-30 17:07:00,640,E06000028,6,0,6,30,3,4,6,0,0,0,4,1,1,0,0,1,1,E01015282,,,,,,,,,,,,,,
6064,2015120018332,1,9,0,11,0,0,0,0,1,7,4,1,6,1,21,5,1560,2,10,-1,-1,-1,2,4,455465.0,422254.0,-1.161491,53.693794,12,2,4,2,42318,1,1899-12-30 19:50:00,187,E10000023,1,62,3,70,0,-1,-1,0,0,0,6,1,1,0,0,2,1,E01027924,,,,,,,,,,,,,,
6065,2015460259754,1,9,0,18,0,0,0,0,4,0,1,1,6,1,21,5,1596,1,4,-1,1,-1,1,2,590370.0,166910.0,0.733527,51.369335,46,2,2,1,42102,3,1899-12-30 22:45:00,540,E10000016,3,249,3,70,0,-1,-1,0,0,0,1,1,1,0,0,2,1,E01024577,1.0,1.0,1.0,21.0,5.0,2.0,0.0,0.0,0.0,0.0,0.0,9.0,1.0,5.0
6066,2015555998442,3,9,0,17,0,1,0,0,0,0,1,1,6,1,29,6,1896,2,14,-1,1,-1,4,3,403124.0,92270.0,-1.957102,50.73004,55,2,3,4,42159,2,1899-12-30 16:04:00,643,E06000029,6,0,6,30,3,4,6,0,0,0,1,1,1,0,0,1,1,E01015457,3.0,1.0,1.0,29.0,6.0,3.0,0.0,0.0,0.0,0.0,0.0,9.0,1.0,6.0
6067,2015051502163,1,9,0,18,0,0,0,0,7,4,1,1,6,1,21,5,1242,1,8,-1,1,-1,3,1,332115.0,384373.0,-3.021301,53.351866,5,2,1,3,42286,5,1899-12-30 23:55:00,95,E08000015,6,0,6,30,0,-1,-1,0,0,0,4,1,1,0,0,1,1,E01007117,1.0,2.0,1.0,21.0,5.0,3.0,0.0,0.0,2.0,0.0,0.0,9.0,1.0,2.0
6068,2015215000987,1,9,0,18,0,0,1,10,1,1,1,1,2,1,34,6,3226,2,13,-1,1,-1,1,1,408168.0,314099.0,-1.8805,52.724478,21,2,1,1,21/02/2015,7,1899-12-30 06:50:00,252,E10000028,3,51,6,40,0,-1,-1,0,0,0,7,1,2,0,0,2,1,E01029515,1.0,1.0,1.0,34.0,6.0,2.0,0.0,0.0,0.0,0.0,0.0,9.0,1.0,10.0
6069,2015551501364,1,1,0,18,0,6,0,0,0,0,1,1,4,1,9,2,-1,-1,-1,-1,-1,-1,1,2,397625.0,92837.0,-2.035019,50.735141,55,2,2,1,30/09/2015,4,1899-12-30 08:45:00,644,E10000009,6,0,6,30,3,4,6,0,0,0,1,1,1,0,0,1,1,E01020475,1.0,1.0,1.0,9.0,2.0,2.0,0.0,0.0,0.0,0.0,0.0,1.0,1.0,4.0
6070,2015350088215,1,9,0,18,0,8,0,0,0,0,3,1,2,1,42,7,1587,1,10,-1,3,-1,1,2,531840.0,259850.0,-0.071412,52.221088,35,2,2,1,13/05/2015,4,1899-12-30 11:45:00,395,E10000003,6,0,1,30,1,4,6,0,0,0,1,1,1,0,0,2,1,E01033114,,,,,,,,,,,,,,
6071,2015460255237,2,9,0,7,0,0,0,0,0,0,1,1,6,2,35,6,1560,2,1,-1,-1,-1,3,2,579670.0,132070.0,0.562538,51.059856,46,2,2,3,42251,5,1899-12-30 18:30:00,543,E10000016,6,202,6,60,0,-1,-1,0,0,0,1,1,2,5,0,2,1,E01024789,2.0,1.0,2.0,35.0,6.0,3.0,0.0,0.0,0.0,0.0,0.0,9.0,-1.0,-1.0
6072,201501ZD30396,1,5,0,18,0,1,0,0,0,0,1,1,6,1,45,7,-1,-1,-1,-1,1,-1,2,1,531690.0,166710.0,-0.108959,51.384168,1,2,1,2,19/05/2015,3,1899-12-30 09:52:00,20,E09000008,3,235,6,30,6,2,5,0,0,0,1,1,1,0,0,1,1,E01001011,2.0,3.0,1.0,74.0,10.0,2.0,5.0,3.0,0.0,0.0,2.0,0.0,1.0,4.0
6073,2015051502987,1,9,0,18,0,1,0,0,0,0,1,1,6,3,-1,-1,-1,-1,-1,-1,-1,-1,2,2,340282.0,402502.0,-2.902071,53.515786,5,2,2,2,20/11/2015,6,1899-12-30 21:20:00,93,E08000014,1,58,3,70,5,4,1,506,0,0,6,3,4,0,0,2,1,E01007040,,,,,,,,,,,,,,
6074,2015051500059,1,2,0,9,0,1,1,0,0,0,3,1,6,1,62,9,49,1,1,-1,1,-1,1,1,346702.0,392319.0,-2.803532,53.424957,5,2,1,1,42217,5,1899-12-30 11:23:00,90,E08000011,6,0,6,20,3,4,6,0,0,0,1,1,1,0,0,1,1,E01006463,1.0,1.0,1.0,62.0,9.0,2.0,0.0,0.0,0.0,0.0,0.0,2.0,1.0,1.0
6075,2015941500341,1,9,0,18,0,3,1,0,1,7,1,1,6,2,18,4,1242,1,5,-1,1,-1,1,1,309812.0,686613.0,-3.450051,56.063824,94,2,1,1,42068,1,1899-12-30 14:00:00,925,S12000015,3,823,3,30,1,4,6,0,0,0,1,8,2,0,0,1,1,,1.0,3.0,2.0,64.0,9.0,2.0,6.0,9.0,0.0,0.0,0.0,0.0,1.0,-1.0
6076,2015230037745,1,9,0,5,0,6,0,0,0,0,3,1,5,1,60,9,1560,2,3,-1,1,-1,1,2,447603.0,275539.0,-1.302159,52.375831,23,2,2,1,42016,3,1899-12-30 15:30:00,292,E10000031,3,428,6,40,6,3,6,0,0,4,1,1,1,0,0,2,1,E01031164,,,,,,,,,,,,,,
6077,2015075188574,2,9,0,18,0,0,0,0,0,0,2,1,6,2,41,7,1197,1,2,-1,1,-1,1,2,377213.0,354065.0,-2.341643,53.083314,7,2,2,1,42011,4,1899-12-30 10:49:00,129,E06000049,1,6,3,70,0,-1,-1,0,0,0,1,1,1,0,0,2,1,E01018465,,,,,,,,,,,,,,
6078,201542I250008,3,9,0,17,0,8,0,7,0,0,1,1,6,1,42,7,2143,2,3,-1,1,-1,2,4,579698.0,212115.0,0.60349,51.778847,42,2,4,2,17/08/2015,2,1899-12-30 19:55:00,451,E10000012,3,12,3,70,5,4,6,0,0,0,1,1,1,0,0,2,1,E01021396,,,,,,,,,,,,,,
6079,2015471506746,1,3,0,9,0,8,0,0,0,0,1,1,6,2,19,4,125,1,15,-1,1,-1,1,2,573780.0,108036.0,0.467108,50.845748,47,2,2,1,13/11/2015,6,1899-12-30 16:41:00,555,E10000011,3,259,6,30,3,4,6,0,0,0,4,2,2,0,0,1,1,E01021131,1.0,1.0,2.0,19.0,4.0,2.0,0.0,0.0,0.0,0.0,0.0,3.0,1.0,5.0