,accident_index,vehicle_reference,vehicle_type,towing_and_articulation,vehicle_manoeuvre,vehicle_location-restricted_lane,junction_location,skidding_and_overturning,hit_object_in_carriageway,vehicle_leaving_carriageway,hit_object_off_carriageway,1st_point_of_impact,was_vehicle_left_hand_drive?,journey_purpose_of_driver,sex_of_driver,age_of_driver,age_band_of_driver,engine_capacity_(cc),propulsion_code,age_of_vehicle,driver_imd_decile,driver_home_area_type,vehicle_imd_decile,NUmber_of_Casualities_unique_to_accident_index,No_of_Vehicles_involved_unique_to_accident_index,location_easting_osgr,location_northing_osgr,longitude,latitude,police_force,accident_severity,number_of_vehicles,number_of_casualties,date,day_of_week,time,local_authority_(district),local_authority_(highway),1st_road_class,1st_road_number,road_type,speed_limit,junction_detail,junction_control,2nd_road_class,2nd_road_number,pedestrian_crossing-human_control,pedestrian_crossing-physical_facilities,light_conditions,weather_conditions,road_surface_conditions,special_conditions_at_site,carriageway_hazards,urban_or_rural_area,did_police_officer_attend_scene_of_accident,lsoa_of_accident_location,casualty_reference,casualty_class,sex_of_casualty,age_of_casualty,age_band_of_casualty,casualty_severity,pedestrian_location,pedestrian_movement,car_passenger,bus_or_coach_passenger,pedestrian_road_maintenance_worker,casualty_type,casualty_home_area_type,casualty_imd_decile
6147,201543N021035,2,1,0,18,0,0,0,0,0,0,2,1,6,1,56,9,-1,-1,-1,-1,1,-1,1,2,496084.0,189756.0,-0.614173,51.598463,43,2,2,1,42097,4,1899-12-30 21:07:00,477,E10000002,3,40,6,50,0,-1,-1,0,0,0,6,1,1,0,0,2,1,E01017800,1.0,1.0,1.0,56.0,9.0,2.0,0.0,0.0,0.0,0.0,0.0,1.0,1.0,8.0
6148,2015521500539,1,9,0,18,0,1,0,0,0,0,3,1,6,1,40,7,1560,2,4,-1,1,-1,1,1,359832.0,173468.0,-2.579537,51.458754,52,2,1,1,17/01/2015,7,1899-12-30 18:20:00,601,E06000023,6,0,6,20,3,4,6,0,0,0,4,2,2,0,0,1,1,E01033358,1.0,3.0,1.0,63.0,9.0,2.0,5.0,3.0,0.0,0.0,0.0,0.0,1.0,1.0
6149,2015440182138,1,5,0,18,0,8,0,0,0,0,3,1,6,1,69,10,1063,1,19,-1,2,-1,2,2,462620.0,150987.0,-1.104072,51.254619,44,2,2,2,30/05/2015,7,1899-12-30 11:56:00,490,E10000014,3,30,1,40,1,4,3,30,0,0,1,1,1,0,0,1,1,E01022505,1.0,1.0,1.0,69.0,10.0,2.0,0.0,0.0,0.0,0.0,0.0,5.0,2.0,7.0
6150,201543N099105,2,9,0,18,0,1,0,0,0,0,1,1,6,1,63,9,1598,1,15,-1,1,-1,4,2,468140.0,224658.0,-1.010708,51.91629,43,2,2,4,42195,4,1899-12-30 13:21:00,476,E10000002,5,3,6,60,6,4,5,37,0,0,1,1,1,0,0,2,1,E01017694,4.0,2.0,2.0,-1.0,-1.0,3.0,0.0,0.0,1.0,0.0,0.0,9.0,2.0,6.0
6151,2015405CA1257,1,9,0,9,0,8,0,0,0,0,2,1,6,1,25,5,1998,2,14,-1,1,-1,2,2,509054.0,219706.0,-0.417616,51.865285,40,2,2,2,13/10/2015,3,1899-12-30 00:18:00,421,E06000032,6,0,6,30,6,2,6,0,0,5,4,1,1,0,0,1,1,E01015793,2.0,2.0,1.0,23.0,5.0,3.0,0.0,0.0,2.0,0.0,0.0,9.0,1.0,2.0
6152,201504SC15017,1,9,0,9,0,8,0,0,0,0,1,1,6,2,30,6,1199,1,15,-1,1,-1,4,2,354610.0,422620.0,-2.688949,53.698034,4,2,2,4,23/01/2015,6,1899-12-30 15:00:00,83,E10000017,6,0,6,30,3,4,6,0,0,0,1,2,2,0,0,1,1,E01025431,4.0,2.0,2.0,23.0,5.0,3.0,0.0,0.0,2.0,0.0,0.0,9.0,1.0,9.0
6153,201501PL61071,1,9,0,18,0,0,0,0,0,0,1,1,6,1,-1,-1,-1,-1,-1,-1,-1,-1,1,1,538770.0,175190.0,-0.003964,51.458685,1,2,1,1,18/12/2015,6,1899-12-30 10:15:00,7,E09000023,6,0,6,30,0,-1,-1,0,0,0,1,1,1,0,0,1,2,E01003282,1.0,3.0,1.0,55.0,8.0,2.0,5.0,3.0,0.0,0.0,2.0,0.0,1.0,7.0
6154,2015921501230,1,9,0,16,0,8,0,0,0,0,3,1,6,1,17,4,-1,-1,-1,-1,3,-1,1,1,331864.0,842344.0,-3.137511,57.466229,92,2,1,1,42074,3,1899-12-30 17:15:00,930,S12000020,3,941,6,60,3,4,6,0,0,0,6,1,2,0,0,2,1,,1.0,3.0,1.0,19.0,4.0,2.0,5.0,3.0,0.0,0.0,0.0,0.0,3.0,-1.0
6155,201511SJ26235,2,9,0,9,0,8,0,0,0,0,2,1,2,2,50,8,998,1,12,-1,1,-1,1,2,431111.0,514770.0,-1.520811,54.527264,11,2,2,1,18/12/2015,6,1899-12-30 12:14:00,161,E06000005,5,182,6,30,3,4,6,0,0,4,1,1,1,0,0,1,1,E01012343,,,,,,,,,,,,,,
6156,2015950002720,1,9,0,7,0,8,0,0,0,0,1,1,6,1,22,5,1198,1,8,-1,1,-1,1,2,325430.0,672570.0,-3.195384,55.940371,95,2,2,1,42161,7,1899-12-30 08:15:00,923,S12000036,6,0,6,30,3,4,5,0,0,4,1,1,1,0,0,1,1,,,,,,,,,,,,,,,
6157,201501BS70347,2,9,0,3,0,1,0,0,0,0,4,1,1,2,26,6,1598,1,3,-1,1,-1,1,2,525230.0,180430.0,-0.19689,51.508931,1,2,2,1,42283,4,1899-12-30 13:00:00,12,E09000020,3,402,3,30,3,2,3,402,0,5,1,1,1,0,0,1,2,E01002827,,,,,,,,,,,,,,
6158,2015545210515,1,1,0,18,0,8,0,0,0,0,4,1,6,1,20,4,-1,-1,-1,-1,1,-1,1,2,412199.0,187483.0,-1.825323,51.586073,54,2,2,1,14/06/2015,1,1899-12-30 12:50:00,633,E06000030,4,4534,3,40,3,2,4,4587,0,5,1,1,1,0,0,2,1,E01015525,1.0,1.0,1.0,20.0,4.0,2.0,0.0,0.0,0.0,0.0,0.0,1.0,1.0,8.0
6159,201504SA15316,1,3,0,18,0,1,0,0,0,1,1,1,6,1,18,4,124,1,6,-1,1,-1,1,3,352460.0,428670.0,-2.722442,53.752215,4,2,3,1,42070,6,1899-12-30 13:52:00,83,E10000017,3,59,3,50,1,2,4,5254,0,0,1,1,1,0,0,2,1,E01025408,1.0,1.0,1.0,18.0,4.0,2.0,0.0,0.0,0.0,0.0,0.0,3.0,1.0,9.0
6160,201520W030385,1,9,0,18,0,0,0,0,0,0,4,1,6,3,-1,-1,-1,-1,-1,-1,-1,-1,1,1,405490.0,289070.0,-1.920558,52.499507,20,2,1,1,16/05/2015,7,1899-12-30 04:15:00,300,E08000025,3,41,6,30,0,-1,-1,0,0,0,4,1,1,0,0,1,1,E01009358,1.0,3.0,2.0,-1.0,-1.0,2.0,5.0,1.0,0.0,0.0,0.0,0.0,-1.0,-1.0
6161,2015460263390,2,1,0,18,0,2,0,0,2,10,0,1,1,1,32,6,-1,-1,-1,-1,1,-1,1,2,575623.0,167500.0,0.522188,51.379383,46,2,2,1,30/10/2015,6,1899-12-30 06:00:00,544,E06000035,3,230,6,30,3,4,6,0,0,0,4,1,1,0,0,1,2,E01016017,1.0,1.0,1.0,32.0,6.0,2.0,0.0,0.0,0.0,0.0,0.0,1.0,1.0,2.0
6162,2015450026760,1,9,0,18,0,0,0,0,0,0,2,1,1,1,30,6,1968,2,2,-1,2,-1,2,3,501765.0,170814.0,-0.537643,51.427206,45,2,3,2,13/07/2015,2,1899-12-30 19:57:00,514,E10000030,4,388,6,60,0,-1,-1,0,0,0,1,1,1,0,0,1,1,E01030687,,,,,,,,,,,,,,
6163,20151329P1440,3,10,0,2,0,0,0,0,0,0,2,1,6,1,-1,-1,-1,-1,-1,-1,-1,-1,1,3,434603.0,436787.0,-1.475792,53.826205,13,2,3,1,25/09/2015,6,1899-12-30 19:20:00,204,E08000035,6,0,6,30,0,-1,-1,0,0,0,1,1,1,0,0,1,1,E01011656,,,,,,,,,,,,,,
6164,201597UC00101,1,9,0,14,0,1,0,4,1,11,1,1,6,1,23,5,2387,2,13,-1,1,-1,4,2,242964.0,639492.0,-4.495491,55.623578,97,2,2,4,42005,5,1899-12-30 23:00:00,919,S12000008,4,7064,6,30,3,4,6,0,0,0,4,2,2,0,0,1,1,,1.0,2.0,1.0,30.0,6.0,2.0,0.0,0.0,2.0,0.0,0.0,9.0,1.0,-1.0
6165,2015030001527,2,9,0,4,0,8,0,0,1,0,1,1,6,1,60,9,998,1,1,-1,3,-1,3,2,301130.0,512980.0,-3.528294,54.502464,3,2,2,3,21/06/2015,1,1899-12-30 20:55:00,63,E10000006,3,5086,6,60,3,4,6,0,0,0,1,1,1,0,0,2,1,E01019274,2.0,1.0,1.0,60.0,9.0,2.0,0.0,0.0,0.0,0.0,0.0,9.0,3.0,6.0
6166,201597LB03008,2,5,0,18,0,0,0,0,0,3,1,1,6,1,66,10,805,1,14,-1,2,-1,1,2,182381.0,721771.0,-5.522426,56.338138,97,2,2,1,13/08/2015,5,1899-12-30 14:00:00,913,S12000035,4,844,6,60,0,-1,-1,0,0,0,1,1,1,0,0,2,1,,1.0,1.0,1.0,66.0,10.0,2.0,0.0,0.0,0.0,0.0,0.0,5.0,2.0,-1.0
6167,201543W286115,1,9,0,18,0,0,1,0,0,0,1,1,6,1,60,9,1781,1,13,-1,-1,-1,2,4,468291.0,171367.0,-1.018918,51.437193,43,2,4,2,21/11/2015,7,1899-12-30 09:40:00,472,E06000038,6,7201,6,30,0,-1,-1,0,0,0,1,1,2,4,0,2,1,E01016421,,,,,,,,,,,,,,
6168,2015520500119,2,9,0,17,0,0,0,0,0,0,1,-1,6,1,88,11,-1,-1,-1,-1,2,-1,3,2,334124.0,141567.0,-2.943611,51.169534,52,2,2,3,42156,3,1899-12-30 14:34:00,607,E10000027,6,0,6,60,0,-1,-1,0,0,0,1,1,2,0,0,2,1,E01029152,2.0,2.0,2.0,86.0,11.0,2.0,0.0,0.0,1.0,0.0,0.0,9.0,2.0,9.0
6169,201522D501371,1,9,0,9,0,6,0,0,0,0,3,1,6,1,69,10,999,1,10,-1,1,-1,1,2,405830.0,268400.0,-1.915903,52.313679,22,2,2,1,42342,1,1899-12-30 18:30:00,274,E10000034,4,4497,6,40,3,4,6,0,0,0,1,2,2,0,0,2,1,E01032227,1.0,1.0,1.0,69.0,10.0,2.0,0.0,0.0,0.0,0.0,0.0,9.0,1.0,5.0
6170,201542I192306,1,9,0,18,0,0,0,0,6,4,1,1,6,2,65,9,1587,1,11,-1,1,-1,2,1,605349.0,224559.0,0.982194,51.881764,42,2,1,2,24/06/2015,4,1899-12-30 17:00:00,461,E10000012,3,133,3,70,0,-1,-1,0,0,0,1,1,1,0,0,2,1,E01022051,2.0,2.0,2.0,97.0,11.0,2.0,0.0,0.0,1.0,0.0,0.0,9.0,-1.0,-1.0
6171,201543P027045,1,9,0,18,0,0,0,0,0,0,4,1,6,1,24,5,1699,1,-1,-1,1,-1,2,2,430235.0,226004.0,-1.561669,51.931732,43,2,2,2,42067,6,1899-12-30 13:47:00,485,E10000025,4,4450,6,50,0,-1,-1,0,0,0,1,1,2,0,0,2,1,E01028782,1.0,1.0,1.0,24.0,5.0,2.0,0.0,0.0,0.0,0.0,0.0,9.0,1.0,4.0
6172,2015100698515,1,9,0,17,0,0,5,0,1,11,4,1,6,1,18,4,998,1,7,-1,1,-1,2,1,392660.0,577887.0,-2.116551,55.095353,10,2,1,2,15/11/2015,1,1899-12-30 19:30:00,139,E06000048,3,68,6,60,0,-1,-1,0,0,0,6,2,2,0,0,2,1,E01027480,1.0,1.0,1.0,18.0,4.0,3.0,0.0,0.0,0.0,0.0,0.0,9.0,1.0,1.0
6173,2015051500989,1,1,0,5,0,0,0,0,0,0,0,1,6,1,12,3,-1,-1,-1,-1,1,-1,1,2,344970.0,385936.0,-2.828478,53.367411,5,2,2,1,14/04/2015,3,1899-12-30 19:25:00,90,E08000011,6,0,6,30,0,-1,-1,0,0,0,1,1,1,0,0,1,1,E01006422,1.0,2.0,1.0,12.0,3.0,2.0,0.0,0.0,0.0,0.0,0.0,1.0,1.0,1.0
6174,201501PY20787,2,5,0,18,0,8,0,0,0,0,1,1,6,1,18,4,108,1,1,-1,1,-1,1,2,538170.0,165960.0,-0.016189,51.375889,1,2,2,1,42196,7,1899-12-30 08:35:00,19,E09000006,3,232,6,30,3,4,6,0,0,0,1,1,1,0,0,1,1,E01000841,1.0,1.0,1.0,18.0,4.0,2.0,0.0,0.0,0.0,0.0,0.0,5.0,1.0,9.0
6175,2015471504978,2,9,0,18,0,0,0,0,0,0,2,1,6,1,30,6,1781,1,10,-1,3,-1,2,2,587116.0,116255.0,0.660535,50.915421,47,2,2,2,28/08/2015,6,1899-12-30 17:27:00,555,E10000011,3,259,6,40,0,-1,-1,0,0,0,1,1,1,0,0,2,1,E01021101,2.0,1.0,1.0,30.0,6.0,3.0,0.0,0.0,0.0,0.0,0.0,9.0,3.0,6.0
6176,2015120201097,1,9,0,3,0,2,0,0,0,0,4,1,3,2,35,6,1598,2,3,-1,1,-1,1,1,400706.0,445041.0,-1.990741,53.901535,12,2,1,1,42349,5,1899-12-30 16:50:00,180,E10000023,5,102,6,20,3,4,6,6068,0,0,4,2,2,0,0,1,1,E01027564,1.0,3.0,2.0,18.0,4.0,2.0,5.0,1.0,0.0,0.0,0.0,0.0,1.0,2.0
6177,2015471506106,1,9,0,18,0,0,0,0,0,0,1,1,6,2,21,5,1598,1,11,-1,1,-1,3,2,573869.0,124760.0,0.476338,50.995969,47,2,2,3,18/10/2015,1,1899-12-30 17:30:00,555,E10000011,3,21,6,40,0,-1,-1,0,0,0,1,1,1,0,0,2,1,E01021132,1.0,1.0,2.0,21.0,5.0,3.0,0.0,0.0,0.0,0.0,0.0,9.0,1.0,3.0
6178,201543N171045,2,5,0,9,0,3,0,0,0,0,3,1,2,2,41,7,647,1,17,-1,1,-1,1,2,486523.0,192728.0,-0.751441,51.626726,43,2,2,1,24/04/2015,6,1899-12-30 08:44:00,480,E10000002,3,40,1,30,1,4,3,404,0,1,1,1,1,0,0,1,1,E01017839,1.0,1.0,2.0,41.0,7.0,2.0,0.0,0.0,0.0,0.0,0.0,5.0,1.0,5.0
6179,2015471506567,1,19,0,9,0,6,0,0,0,0,1,1,6,1,29,6,1868,2,10,-1,2,-1,1,1,486300.0,104698.0,-0.775839,50.835389,47,2,1,1,42166,6,1899-12-30 15:05:00,559,E10000032,6,0,6,30,6,4,6,0,0,0,1,2,2,0,0,1,1,E01031490,1.0,3.0,1.0,86.0,11.0,2.0,5.0,3.0,0.0,0.0,0.0,0.0,1.0,10.0
6180,2015961500722,2,9,0,4,0,0,0,0,4,6,2,1,2,1,59,9,1995,2,-1,-1,1,-1,6,3,296961.0,678190.0,-3.653118,55.985581,96,2,3,6,28/04/2015,3,1899-12-30 16:45:00,924,S12000014,1,9,3,70,0,-1,-1,0,0,0,1,2,2,0,0,2,1,,5.0,2.0,1.0,52.0,8.0,3.0,0.0,0.0,1.0,0.0,0.0,9.0,-1.0,-1.0
6181,2015471507119,2,9,0,18,0,8,0,0,0,0,1,1,6,1,40,7,1968,2,4,-1,2,-1,4,3,513687.0,130632.0,-0.378979,51.063777,47,2,3,4,42016,3,1899-12-30 17:50:00,562,E10000032,3,264,6,60,8,4,6,0,0,0,6,1,1,0,0,2,1,E01031659,2.0,1.0,1.0,40.0,7.0,2.0,0.0,0.0,0.0,0.0,0.0,9.0,2.0,9.0
6182,2015300014432,1,9,0,17,0,1,0,0,2,2,4,1,6,1,18,4,1198,1,11,-1,1,-1,3,1,439550.0,363510.0,-1.409854,53.167245,30,2,1,3,42344,6,1899-12-30 01:30:00,327,E10000007,6,0,6,30,3,4,6,0,0,0,4,1,1,0,0,1,1,E01019773,1.0,1.0,1.0,18.0,4.0,3.0,0.0,0.0,0.0,0.0,0.0,9.0,1.0,1.0
6183,201523S030358,2,19,0,18,0,0,0,0,0,0,3,1,2,1,24,5,2148,2,8,-1,1,-1,2,3,408900.0,256451.0,-1.871181,52.206214,23,2,3,2,30/03/2015,2,1899-12-30 17:50:00,293,E10000031,3,46,6,60,0,-1,-1,0,0,0,1,2,2,0,0,2,1,E01031208,,,,,,,,,,,,,,
6184,201534WN06025,1,9,0,9,0,8,0,0,0,0,1,1,2,1,59,9,-1,-1,-1,-1,1,-1,1,2,475553.0,261073.0,-0.894897,52.242667,34,2,2,1,42311,4,1899-12-30 07:50:00,384,E10000021,6,8374,6,30,3,4,6,8467,0,0,1,1,1,0,0,1,1,E01027155,,,,,,,,,,,,,,
6185,2015120087619,1,9,0,6,0,0,0,0,0,0,4,1,6,2,24,5,1198,1,1,-1,1,-1,3,3,512924.0,474804.0,-0.27224,54.156642,12,2,3,3,27/05/2015,4,1899-12-30 07:55:00,186,E10000023,3,165,6,60,0,-1,-1,0,0,0,1,1,1,4,0,2,1,E01027833,1.0,1.0,2.0,24.0,5.0,3.0,0.0,0.0,0.0,0.0,0.0,9.0,1.0,3.0
6186,201550AC2C008,1,9,0,1,0,0,0,0,0,0,2,1,6,1,55,8,-1,-1,-1,-1,1,-1,1,1,164763.0,40112.0,-5.298606,50.214143,50,2,1,1,21/04/2015,3,1899-12-30 09:30:00,596,E06000052,6,0,2,30,0,-1,-1,0,0,0,1,1,1,0,0,1,1,E01018878,1.0,3.0,2.0,77.0,11.0,2.0,5.0,3.0,0.0,0.0,0.0,0.0,1.0,5.0
6187,201542I327910,2,9,0,9,0,3,0,0,0,0,3,1,1,1,25,5,1560,2,2,-1,-1,-1,2,2,568574.0,188167.0,0.430851,51.567179,42,2,2,2,17/10/2015,7,1899-12-30 09:40:00,450,E10000012,6,0,6,30,1,4,6,0,0,0,1,1,1,0,0,1,1,E01021288,2.0,1.0,1.0,25.0,5.0,3.0,0.0,0.0,0.0,0.0,0.0,9.0,-1.0,-1.0
6188,201597LB02206,2,11,0,17,0,0,0,0,0,0,3,1,6,1,59,9,11000,2,10,-1,-1,-1,1,3,211276.0,708830.0,-5.046487,56.234437,97,2,3,1,42344,6,1899-12-30 14:25:00,913,S12000035,3,83,6,60,0,-1,-1,0,0,0,1,1,1,0,0,2,1,,,,,,,,,,,,,,,
6189,2015471501841,2,1,0,18,4,2,0,0,0,0,2,1,6,1,46,8,-1,-1,-1,-1,1,-1,1,2,532018.0,105591.0,-0.126592,50.834803,47,2,2,1,42067,6,1899-12-30 17:42:00,565,E06000043,3,270,6,20,3,4,6,0,0,4,1,4,1,0,0,1,1,E01016971,1.0,1.0,1.0,46.0,8.0,2.0,0.0,0.0,0.0,0.0,0.0,1.0,1.0,5.0
6190,2015471500827,1,9,0,18,0,8,0,0,0,0,1,1,6,2,61,9,2996,1,7,-1,3,-1,1,1,503312.0,103404.0,-0.534697,50.820973,47,2,1,1,42249,2,1899-12-30 18:19:00,558,E10000032,3,259,6,40,3,4,6,0,0,4,4,1,1,0,0,1,1,E01031468,1.0,3.0,1.0,35.0,6.0,2.0,5.0,1.0,0.0,0.0,0.0,0.0,1.0,4.0
6191,201560S104773,1,9,0,18,0,0,5,0,0,0,3,1,6,1,84,11,-1,-1,-1,-1,-1,-1,1,1,235764.0,392484.0,-4.471961,53.40355,60,2,1,1,15/07/2015,4,1899-12-30 06:43:00,720,W06000001,6,0,6,30,0,-1,-1,0,0,0,1,1,1,0,0,2,1,W01000018,1.0,1.0,1.0,84.0,11.0,2.0,0.0,0.0,0.0,0.0,0.0,9.0,-1.0,-1.0
6192,2015420032444,2,3,0,5,0,1,0,0,0,0,2,1,2,1,38,7,125,1,2,-1,-1,-1,1,2,577865.0,185070.0,0.563199,51.536509,42,2,2,1,17/11/2015,3,1899-12-30 19:05:00,453,E10000012,6,0,1,50,1,4,6,0,0,0,4,4,2,0,0,2,1,E01021503,1.0,1.0,1.0,38.0,7.0,2.0,0.0,0.0,0.0,0.0,0.0,3.0,-1.0,-1.0
6193,2015621501442,2,19,0,18,0,0,0,0,0,0,1,1,6,1,30,6,-1,-1,-1,-1,1,-1,2,2,292708.0,180928.0,-3.547677,51.517051,62,2,2,2,21/08/2015,6,1899-12-30 21:49:00,740,W06000013,6,0,6,40,0,-1,-1,0,0,0,6,1,1,0,0,1,1,W01000985,3.0,2.0,1.0,31.0,6.0,3.0,0.0,0.0,0.0,0.0,0.0,19.0,1.0,-1.0
6194,201504WD15131,1,9,0,15,0,0,0,0,0,0,4,1,2,1,28,6,2495,2,16,-1,1,-1,1,3,333460.0,447700.0,-3.014669,53.921145,4,2,3,1,15/07/2015,4,1899-12-30 11:35:00,85,E10000017,3,587,6,30,0,-1,-1,0,0,0,1,1,1,0,0,1,1,E01025582,1.0,3.0,1.0,2.0,1.0,2.0,5.0,2.0,0.0,0.0,0.0,0.0,1.0,1.0
6195,2015132BH1367,1,3,0,18,0,0,0,0,0,0,0,1,6,3,-1,-1,125,1,7,-1,-1,-1,1,1,417525.0,436481.0,-1.735255,53.824307,13,2,1,1,17/11/2015,3,1899-12-30 18:57:00,200,E08000032,6,0,6,20,0,-1,-1,0,0,0,6,5,2,0,0,1,1,E01010655,1.0,2.0,2.0,17.0,4.0,2.0,0.0,0.0,0.0,0.0,0.0,3.0,1.0,6.0
6196,2015521601634,1,9,0,18,0,1,0,0,0,0,1,1,6,1,55,8,1399,2,10,-1,1,-1,1,3,359859.0,172686.0,-2.57906,51.451725,52,2,3,1,42047,4,1899-12-30 14:56:00,601,E06000023,6,0,6,20,3,4,6,0,0,4,1,1,1,0,0,1,1,E01033353,,,,,,,,,,,,,,
6197,2015530209644,1,9,0,18,0,6,0,0,1,0,1,1,6,1,25,5,1968,2,1,-1,1,-1,3,2,414871.0,227603.0,-1.785053,51.946728,53,2,2,3,18/07/2015,7,1899-12-30 09:45:00,621,E10000013,4,4077,6,60,6,4,6,716,0,0,1,1,1,0,0,2,1,E01022222,3.0,2.0,2.0,22.0,5.0,2.0,0.0,0.0,1.0,0.0,0.0,9.0,1.0,2.0
6198,20151326R0053,2,9,0,2,9,0,0,0,0,0,0,1,6,3,-1,-1,-1,-1,-1,-1,-1,-1,1,3,413045.0,433681.0,-1.803429,53.799272,13,2,3,1,27/06/2015,7,1899-12-30 00:25:00,200,E08000032,6,0,3,30,0,-1,-1,0,0,0,4,1,1,0,0,1,1,E01010630,,,,,,,,,,,,,,
6199,201597UD03202,3,9,0,18,0,0,0,0,0,0,3,1,6,1,38,7,-1,-1,-1,-1,-1,-1,1,6,236072.0,628737.0,-4.598433,55.524767,97,2,6,1,19/02/2015,5,1899-12-30 16:15:00,937,S12000028,3,79,3,70,0,-1,-1,0,0,0,1,1,1,0,0,1,1,,,,,,,,,,,,,,,
6200,201501YE80628,1,9,0,16,0,0,0,10,2,1,1,1,6,1,25,5,1988,1,16,-1,1,-1,1,1,535870.0,192350.0,-0.039063,51.61359,1,2,1,1,42194,2,1899-12-30 16:57:00,32,E09000010,6,0,6,30,0,-1,-1,0,0,0,1,1,1,0,0,2,1,E01001427,1.0,1.0,1.0,25.0,5.0,2.0,0.0,0.0,0.0,0.0,0.0,9.0,1.0,6.0
6201,2015520508971,1,9,0,18,0,8,0,0,0,0,1,1,6,2,60,9,1390,1,15,-1,2,-1,1,2,348608.0,137021.0,-2.735815,51.130148,52,2,2,1,14/11/2015,7,1899-12-30 09:20:00,606,E10000027,6,0,1,20,1,4,4,3151,0,0,1,2,2,0,0,1,1,E01029070,,,,,,,,,,,,,,
6202,2015471500217,1,9,0,9,0,6,0,0,0,0,3,1,6,1,22,5,1596,1,8,-1,1,-1,1,2,532536.0,104471.0,-0.119645,50.824618,47,2,2,1,42309,1,1899-12-30 21:30:00,565,E06000043,6,0,6,20,3,4,6,0,0,0,4,1,1,0,0,1,1,E01016943,,,,,,,,,,,,,,
6203,2015471501072,3,9,0,18,0,8,0,0,0,0,1,1,1,1,50,8,998,1,8,-1,1,-1,1,3,535643.0,105859.0,-0.075046,50.836374,47,2,3,1,22/02/2015,1,1899-12-30 06:20:00,565,E06000043,4,2123,6,30,6,2,6,0,0,5,1,1,1,0,0,1,1,E01017007,,,,,,,,,,,,,,
6204,2015440353035,1,9,0,18,0,0,1,0,4,6,1,1,6,1,68,10,1948,1,14,-1,1,-1,2,2,432989.0,116348.0,-1.531801,50.945632,44,2,2,2,42318,1,1899-12-30 06:40:00,496,E10000014,1,27,3,70,0,-1,-1,0,0,0,6,1,1,0,0,2,1,E01022980,1.0,1.0,1.0,68.0,10.0,2.0,0.0,0.0,0.0,0.0,0.0,9.0,1.0,10.0
6205,201597KB02405,2,9,0,2,0,1,0,10,7,10,4,1,6,1,60,9,1461,2,-1,-1,1,-1,2,3,249762.0,667633.0,-4.403128,55.878353,97,2,3,2,13/05/2015,4,1899-12-30 12:05:00,935,S12000038,6,0,6,30,3,4,6,0,0,0,1,1,1,0,0,1,1,,2.0,1.0,1.0,60.0,9.0,3.0,0.0,0.0,0.0,0.0,0.0,9.0,1.0,-1.0
6206,201537EA95513,2,9,0,16,0,0,5,0,0,0,3,1,6,2,51,8,1905,2,16,-1,1,-1,5,3,648639.0,290559.0,1.658233,52.456337,37,2,3,5,21/11/2015,7,1899-12-30 18:25:00,416,E10000029,3,146,6,60,0,-1,-1,0,0,0,6,8,4,0,0,2,1,E01030293,4.0,1.0,2.0,51.0,8.0,2.0,0.0,0.0,0.0,0.0,0.0,9.0,1.0,1.0
6207,2015210024609,2,9,0,17,0,0,0,0,0,0,1,1,6,2,54,8,1997,2,6,-1,1,-1,4,2,387881.0,290967.0,-2.180019,52.51645,21,2,2,4,22/05/2015,6,1899-12-30 15:50:00,254,E10000028,4,4176,6,60,0,-1,-1,0,0,0,1,1,1,0,0,2,1,E01029645,1.0,1.0,2.0,54.0,8.0,3.0,0.0,0.0,0.0,0.0,0.0,9.0,1.0,1.0
6208,201504WB15048,2,9,0,18,0,8,0,0,0,0,1,1,6,2,26,6,1995,1,11,-1,1,-1,2,2,346410.0,463120.0,-2.820228,54.061225,4,2,2,2,17/02/2015,3,1899-12-30 07:25:00,76,E10000017,4,5321,6,30,3,4,6,0,0,0,6,1,1,0,0,1,1,E01025155,2.0,1.0,2.0,26.0,6.0,2.0,0.0,0.0,0.0,0.0,0.0,9.0,1.0,4.0
6209,201504SC15059,1,9,0,5,0,1,0,0,0,0,1,1,6,1,31,6,1900,2,16,-1,1,-1,1,2,351930.0,421720.0,-2.729397,53.689705,4,2,2,1,27/02/2015,6,1899-12-30 09:00:00,83,E10000017,6,0,6,20,3,4,6,0,0,0,1,1,1,0,0,1,1,E01025460,,,,,,,,,,,,,,
6210,201597ND02508,1,11,0,18,0,3,0,0,0,0,1,1,1,1,61,9,7300,1,11,-1,3,-1,1,3,272420.0,660507.0,-4.037868,55.820903,97,2,3,1,28/08/2015,6,1899-12-30 17:27:00,932,S12000044,3,721,1,30,1,4,3,721,0,8,1,1,1,0,0,1,1,,1.0,2.0,2.0,47.0,8.0,2.0,0.0,0.0,0.0,4.0,0.0,11.0,1.0,-1.0
6211,201501EK40980,1,1,0,9,0,1,0,0,0,0,3,1,2,1,53,8,-1,-1,-1,-1,1,-1,1,2,528220.0,187270.0,-0.15134,51.569731,1,2,2,1,23/10/2015,6,1899-12-30 19:15:00,2,E09000007,5,0,6,20,3,4,6,0,0,1,4,1,1,0,0,1,2,E01000913,1.0,1.0,1.0,53.0,8.0,2.0,0.0,0.0,0.0,0.0,0.0,1.0,1.0,9.0
6212,2015450022986,2,9,0,16,0,0,0,0,0,0,3,1,6,3,-1,-1,-1,-1,-1,-1,-1,-1,1,2,503036.0,146173.0,-0.52648,51.205484,45,2,2,1,42038,2,1899-12-30 07:45:00,517,E10000030,6,211,6,30,0,-1,-1,0,0,0,1,1,1,0,0,2,2,E01030863,,,,,,,,,,,,,,