,accident_index,vehicle_reference,vehicle_type,towing_and_articulation,vehicle_manoeuvre,vehicle_location-restricted_lane,junction_location,skidding_and_overturning,hit_object_in_carriageway,vehicle_leaving_carriageway,hit_object_off_carriageway,1st_point_of_impact,was_vehicle_left_hand_drive?,journey_purpose_of_driver,sex_of_driver,age_of_driver,age_band_of_driver,engine_capacity_(cc),propulsion_code,age_of_vehicle,driver_imd_decile,driver_home_area_type,vehicle_imd_decile,NUmber_of_Casualities_unique_to_accident_index,No_of_Vehicles_involved_unique_to_accident_index,location_easting_osgr,location_northing_osgr,longitude,latitude,police_force,accident_severity,number_of_vehicles,number_of_casualties,date,day_of_week,time,local_authority_(district),local_authority_(highway),1st_road_class,1st_road_number,road_type,speed_limit,junction_detail,junction_control,2nd_road_class,2nd_road_number,pedestrian_crossing-human_control,pedestrian_crossing-physical_facilities,light_conditions,weather_conditions,road_surface_conditions,special_conditions_at_site,carriageway_hazards,urban_or_rural_area,did_police_officer_attend_scene_of_accident,lsoa_of_accident_location,casualty_reference,casualty_class,sex_of_casualty,age_of_casualty,age_band_of_casualty,casualty_severity,pedestrian_location,pedestrian_movement,car_passenger,bus_or_coach_passenger,pedestrian_road_maintenance_worker,casualty_type,casualty_home_area_type,casualty_imd_decile
6344,2015320022710,2,22,0,18,0,0,5,0,0,0,3,1,6,2,80,11,-1,-1,-1,-1,1,-1,2,2,496837.0,367700.0,-0.551879,53.197572,32,2,2,2,26/04/2015,1,1899-12-30 19:00:00,352,E10000019,5,1,6,30,0,-1,-1,0,0,8,1,1,1,0,0,1,1,E01026137,2.0,1.0,2.0,80.0,11.0,2.0,0.0,0.0,0.0,0.0,0.0,22.0,1.0,3.0
6345,201542I181406,2,9,0,18,0,0,0,0,0,0,3,1,6,1,-1,-1,1584,1,11,-1,-1,-1,2,3,592520.0,211141.0,0.788588,51.76584,42,2,3,2,19/06/2015,6,1899-12-30 11:44:00,458,E10000012,4,1026,6,60,0,-1,-1,0,0,0,1,1,1,0,0,2,1,E01021910,2.0,2.0,2.0,77.0,11.0,3.0,0.0,0.0,1.0,0.0,0.0,9.0,1.0,5.0
6346,20154100E0579,2,3,0,18,0,6,0,0,0,0,4,1,2,1,36,7,-1,-1,-1,-1,1,-1,1,2,526317.0,224404.0,-0.165317,51.903865,41,2,2,1,27/11/2015,6,1899-12-30 20:52:00,435,E10000015,6,66,6,30,2,4,6,248,0,0,4,1,2,0,0,1,1,E01023760,1.0,1.0,1.0,36.0,7.0,2.0,0.0,0.0,0.0,0.0,0.0,3.0,1.0,7.0
6347,2015440373359,1,9,0,7,0,8,0,0,0,0,1,1,6,3,-1,-1,-1,-1,-1,-1,-1,-1,1,2,436594.0,146867.0,-1.477408,51.219833,44,2,2,1,26/10/2015,2,1899-12-30 16:00:00,501,E10000014,6,0,6,30,3,4,3,343,0,0,1,1,1,0,0,1,2,E01023153,,,,,,,,,,,,,,
6348,2015320104614,1,9,0,7,0,5,0,0,0,0,4,1,6,2,36,7,1956,2,4,-1,1,-1,2,2,510945.0,400181.0,-0.329415,53.486657,32,2,2,2,42287,7,1899-12-30 14:10:00,356,E10000019,3,46,6,50,3,4,5,6,0,0,1,1,1,0,0,2,1,E01026416,,,,,,,,,,,,,,
6349,2015051502758,1,9,0,18,0,8,0,0,0,0,4,1,6,2,48,8,1198,1,1,-1,1,-1,1,2,349993.0,395687.0,-2.754547,53.45555,5,2,2,1,42074,3,1899-12-30 19:00:00,92,E08000013,6,0,6,30,6,4,6,0,0,0,4,2,2,0,0,1,2,E01006876,,,,,,,,,,,,,,
6350,201520W019325,1,9,0,18,0,1,1,0,0,0,1,1,6,1,21,5,1197,1,1,-1,1,-1,3,2,406700.0,291820.0,-1.90268,52.524216,20,2,2,3,42312,7,1899-12-30 12:35:00,300,E08000025,3,34,3,40,8,4,6,0,0,0,1,1,1,0,0,1,1,E01009239,3.0,2.0,2.0,-1.0,-1.0,2.0,0.0,0.0,2.0,0.0,0.0,9.0,-1.0,-1.0
6351,201543P068025,1,9,0,18,0,0,0,0,1,0,4,1,6,1,22,5,-1,-1,-1,-1,1,-1,3,1,461660.0,219605.0,-1.105811,51.871619,43,2,1,3,42310,4,1899-12-30 21:31:00,481,E10000025,4,4011,6,50,0,-1,-1,0,0,0,6,1,1,0,0,2,1,E01028499,2.0,2.0,1.0,19.0,4.0,3.0,0.0,0.0,2.0,0.0,0.0,9.0,1.0,9.0
6352,201514C092315,1,9,0,9,0,1,0,0,7,10,3,1,6,1,50,8,1794,1,11,-1,1,-1,3,2,439659.0,398499.0,-1.403858,53.481725,14,2,2,3,29/08/2015,7,1899-12-30 13:40:00,213,E08000018,5,75,6,60,8,4,6,0,0,0,1,1,1,0,0,2,1,E01007696,1.0,1.0,1.0,50.0,8.0,3.0,0.0,0.0,0.0,0.0,0.0,9.0,1.0,1.0
6353,2015030002933,3,9,0,18,0,0,0,0,1,0,1,1,6,1,64,9,1248,2,6,-1,1,-1,3,4,358120.0,490540.0,-2.645166,54.30873,3,2,4,3,27/11/2015,6,1899-12-30 13:17:00,65,E10000006,1,6,3,70,0,-1,-1,0,0,0,1,2,5,0,0,2,1,E01019394,3.0,1.0,1.0,64.0,9.0,2.0,0.0,0.0,0.0,0.0,0.0,9.0,1.0,-1.0
6354,201542I221607,2,5,0,18,0,1,0,0,0,0,1,1,2,1,28,6,656,1,7,-1,-1,-1,1,2,574315.0,210162.0,0.524562,51.763006,42,2,2,1,21/07/2015,3,1899-12-30 19:50:00,454,E10000012,6,0,6,30,9,4,6,0,0,0,1,1,1,0,0,2,1,E01021537,1.0,1.0,1.0,28.0,6.0,2.0,0.0,0.0,0.0,0.0,0.0,5.0,-1.0,-1.0
6355,201550ED2B007,1,3,0,18,0,0,1,0,0,0,1,1,2,1,50,8,124,1,6,-1,1,-1,1,2,244888.0,58728.0,-4.184254,50.407896,50,2,2,1,22/05/2015,6,1899-12-30 06:54:00,583,E06000026,6,0,6,30,0,-1,-1,0,0,0,1,2,2,0,0,1,1,E01015147,1.0,1.0,1.0,50.0,8.0,2.0,0.0,0.0,0.0,0.0,0.0,3.0,1.0,1.0
6356,201534NE31315,1,9,0,9,0,8,0,0,0,0,0,1,6,1,41,7,1198,1,6,-1,2,-1,1,2,494303.0,270416.0,-0.617759,52.32375,34,2,2,1,42016,3,1899-12-30 22:35:00,382,E10000021,4,571,6,30,3,4,6,3103,0,1,4,1,1,0,0,2,1,E01027039,,,,,,,,,,,,,,
6357,201504SB15186,1,9,0,7,0,6,1,0,0,0,1,1,6,2,26,6,1299,1,13,-1,1,-1,1,2,345150.0,402270.0,-2.828625,53.514232,4,2,2,1,42255,1,1899-12-30 10:35:00,84,E10000017,6,0,6,60,9,4,6,0,2,0,1,1,1,0,0,2,1,E01025479,,,,,,,,,,,,,,
6358,2015075218916,1,9,0,9,0,8,0,0,0,0,4,1,2,1,23,5,1242,1,4,-1,1,-1,1,2,349084.0,387169.0,-2.766856,53.378906,7,2,2,1,27/07/2015,2,1899-12-30 08:16:00,124,E06000006,5,2015,6,30,3,4,6,0,0,0,1,2,2,0,0,1,1,E01012420,,,,,,,,,,,,,,
6359,2015440176256,2,19,5,18,0,0,0,0,0,0,1,1,1,1,23,5,1968,2,-1,-1,2,-1,1,2,471732.0,162635.0,-0.971185,51.358267,44,2,2,1,25/05/2015,2,1899-12-30 18:15:00,494,E10000014,3,33,6,50,0,-1,-1,0,0,0,1,1,1,0,0,2,1,E01022858,,,,,,,,,,,,,,
6360,2015360089068,2,3,0,18,0,8,1,0,0,0,1,1,2,1,44,7,124,1,13,-1,2,-1,1,2,628441.0,312478.0,1.376611,52.661858,36,2,2,1,23/03/2015,2,1899-12-30 17:15:00,401,E10000020,5,283,1,30,1,4,5,258,0,0,1,1,1,0,0,2,1,E01026578,1.0,1.0,1.0,44.0,7.0,2.0,0.0,0.0,0.0,0.0,0.0,3.0,2.0,9.0
6361,201542I192506,1,1,0,18,0,0,0,4,0,0,1,1,6,1,-1,-1,-1,-1,-1,-1,-1,-1,1,2,591316.0,186749.0,0.757825,51.547194,42,2,2,1,21/06/2015,1,1899-12-30 10:15:00,460,E06000033,6,0,9,30,0,-1,-1,0,0,0,7,1,1,0,0,2,2,E01015888,1.0,1.0,1.0,-1.0,-1.0,2.0,0.0,0.0,0.0,0.0,0.0,1.0,-1.0,-1.0
6362,201597BF01902,1,9,0,18,0,0,0,0,0,0,1,1,6,2,25,5,-1,-1,-1,-1,-1,-1,1,1,261668.0,669420.0,-4.213891,55.897964,97,2,1,1,14/02/2015,7,1899-12-30 21:30:00,920,S12000009,4,812,6,30,0,-1,-1,0,0,4,4,9,2,0,0,1,2,,1.0,3.0,2.0,31.0,6.0,2.0,1.0,1.0,0.0,0.0,0.0,0.0,1.0,-1.0
6363,201501KF60450,1,9,0,18,0,0,0,0,0,0,4,1,6,2,48,8,1242,1,17,-1,1,-1,1,1,540210.0,181410.0,0.019217,51.514223,1,2,1,1,24/06/2015,4,1899-12-30 19:25:00,17,E09000025,6,0,6,30,0,-1,-1,0,0,0,1,1,1,0,0,1,1,E01003511,1.0,3.0,2.0,8.0,2.0,2.0,5.0,2.0,0.0,0.0,2.0,0.0,1.0,1.0
6364,201543N154075,2,5,0,18,0,1,0,0,0,0,1,1,6,1,46,8,999,1,8,-1,1,-1,1,2,470747.0,209695.0,-0.975868,51.781456,43,2,2,1,18/07/2015,7,1899-12-30 13:30:00,476,E10000002,5,57,6,60,8,4,6,217,0,0,1,1,1,0,0,2,1,E01017681,1.0,1.0,1.0,46.0,8.0,2.0,0.0,0.0,0.0,0.0,0.0,5.0,1.0,9.0
6365,2015405DA0383,1,9,0,18,0,0,0,0,0,0,1,1,6,1,57,9,1149,1,11,-1,2,-1,2,1,503389.0,234855.0,-0.49531,52.002517,40,2,1,2,14/05/2015,5,1899-12-30 11:27:00,424,E06000056,3,5120,6,30,0,-1,-1,0,0,4,1,5,2,0,0,1,1,E01017405,1.0,3.0,2.0,66.0,10.0,3.0,1.0,1.0,0.0,0.0,0.0,0.0,1.0,9.0
6366,201543R113125,2,9,0,3,0,0,0,0,0,0,2,1,1,1,34,6,1339,1,8,-1,1,-1,2,3,501819.0,178151.0,-0.534756,51.493145,43,2,3,2,15/12/2015,3,1899-12-30 18:52:00,473,E06000039,1,4,3,70,0,-1,-1,0,0,0,4,2,2,0,0,1,1,E01016479,,,,,,,,,,,,,,
6367,201531D258915,1,9,0,18,0,0,0,0,0,0,4,1,6,1,40,7,-1,-1,-1,-1,-1,-1,1,1,458170.0,335949.0,-1.136323,52.91782,31,2,1,1,42016,3,1899-12-30 14:50:00,347,E10000024,3,60,6,30,0,-1,-1,0,0,8,1,1,1,0,0,1,2,E01028392,1.0,3.0,1.0,11.0,3.0,2.0,4.0,1.0,0.0,0.0,0.0,0.0,-1.0,-1.0
6368,2015160D07201,1,9,0,18,0,5,0,0,3,7,1,1,6,1,39,7,2926,2,14,-1,1,-1,1,1,511633.0,431436.0,-0.307854,53.767316,16,2,1,1,42258,2,1899-12-30 16:31:00,228,E06000010,6,0,1,30,2,4,6,0,0,0,4,4,1,0,0,1,1,E01012812,1.0,1.0,1.0,39.0,7.0,2.0,0.0,0.0,0.0,0.0,0.0,9.0,1.0,7.0
6369,201511SL18205,2,9,0,17,0,0,1,0,7,10,1,1,2,2,60,9,1600,2,4,-1,2,-1,1,2,423506.0,534582.0,-1.636733,54.705714,11,2,2,1,42286,5,1899-12-30 17:29:00,169,E06000047,5,95,6,60,0,-1,-1,0,0,0,1,1,1,0,0,2,1,E01020836,,,,,,,,,,,,,,
6370,201520S008405,1,5,0,5,0,0,2,0,0,0,4,1,2,1,50,8,-1,-1,-1,-1,1,-1,1,1,401490.0,276650.0,-1.979532,52.387876,20,2,1,1,42065,3,1899-12-30 09:00:00,300,E08000025,4,4096,6,30,0,-1,-1,0,0,0,1,1,4,0,0,1,1,E01009163,1.0,1.0,1.0,50.0,8.0,2.0,0.0,0.0,0.0,0.0,0.0,5.0,1.0,1.0
6371,2015075281425,1,1,0,18,9,1,5,8,0,0,1,1,6,2,57,9,-1,-1,-1,-1,3,-1,1,2,374759.0,379019.0,-2.380259,53.307506,7,2,2,1,42013,3,1899-12-30 07:45:00,129,E06000049,3,50,6,30,3,4,4,5083,0,0,1,1,1,0,0,1,2,E01018605,1.0,1.0,2.0,57.0,9.0,2.0,0.0,0.0,0.0,0.0,0.0,1.0,3.0,5.0
6372,201514B072315,2,4,0,16,0,0,1,0,0,0,1,1,6,2,55,8,400,1,24,-1,1,-1,2,2,429113.0,401711.0,-1.56247,53.511281,14,2,2,2,15/08/2015,7,1899-12-30 19:18:00,210,E08000016,5,146,6,60,0,-1,-1,0,0,0,1,1,1,0,0,2,1,E01007423,2.0,1.0,2.0,55.0,8.0,2.0,0.0,0.0,0.0,0.0,0.0,4.0,1.0,4.0
6373,2015030001978,1,9,0,18,0,0,0,0,0,0,1,1,6,1,61,9,1398,2,5,-1,-1,-1,1,1,326330.0,523700.0,-3.141936,54.603076,3,2,1,1,16/07/2015,5,1899-12-30 11:50:00,60,E10000006,3,5271,6,30,0,-1,-1,0,0,0,1,1,1,0,0,2,1,E01019104,1.0,3.0,2.0,45.0,7.0,2.0,5.0,1.0,0.0,0.0,0.0,0.0,-1.0,-1.0
6374,201550FT2F008,1,9,0,9,0,5,0,0,0,0,1,1,2,2,56,9,1248,1,4,-1,1,-1,1,2,292105.0,63502.0,-3.521445,50.461393,50,2,2,1,20/04/2015,2,1899-12-30 09:04:00,587,E06000027,3,379,6,30,6,2,6,0,0,5,1,1,1,0,0,1,1,E01015267,,,,,,,,,,,,,,
6375,201543N021085,1,9,0,18,0,1,0,0,0,0,1,1,1,2,19,4,1229,1,10,-1,1,-1,1,4,488392.0,193250.0,-0.724316,51.631128,43,2,4,1,42012,7,1899-12-30 17:00:00,480,E10000002,6,3074,6,30,3,4,6,3074,0,1,1,1,1,0,0,1,1,E01017928,1.0,3.0,2.0,6.0,2.0,2.0,5.0,4.0,0.0,0.0,0.0,0.0,1.0,6.0
6376,2015450026097,1,9,0,18,0,0,5,0,7,0,1,1,6,1,17,4,1086,1,10,-1,1,-1,5,1,515138.0,163930.0,-0.347603,51.362777,45,2,1,5,15/06/2015,2,1899-12-30 03:08:00,510,E10000030,5,158,6,30,0,-1,-1,0,0,0,4,1,1,0,0,1,1,E01030297,5.0,2.0,1.0,17.0,4.0,3.0,0.0,0.0,2.0,0.0,0.0,9.0,1.0,6.0
6377,2015460262686,3,21,0,18,0,8,0,0,0,0,3,1,1,1,50,8,11705,2,6,-1,3,-1,2,3,637620.0,165900.0,1.410498,51.342484,46,2,3,2,13/10/2015,3,1899-12-30 14:15:00,541,E10000016,3,254,6,30,6,2,6,0,0,0,1,1,1,0,0,1,1,E01024645,,,,,,,,,,,,,,
6378,2015420034264,4,19,0,3,0,0,0,0,0,0,2,2,6,1,44,7,1968,2,5,-1,1,-1,4,4,544295.0,192279.0,0.082504,51.610858,42,2,4,4,42047,4,1899-12-30 17:50:00,456,E10000012,4,173,6,30,0,-1,-1,0,0,0,4,1,1,0,0,1,1,E01021767,,,,,,,,,,,,,,
6379,201543N061085,2,1,0,18,0,1,0,0,0,0,1,1,6,1,13,3,-1,-1,-1,-1,1,-1,1,2,481762.0,214335.0,-0.815139,51.821667,43,2,2,1,42224,7,1899-12-30 12:47:00,476,E10000002,3,413,6,30,3,4,6,2159,0,0,1,1,1,0,0,1,1,E01017666,1.0,1.0,1.0,13.0,3.0,2.0,0.0,0.0,0.0,0.0,0.0,1.0,1.0,5.0
6380,20151326U2121,1,9,0,18,0,1,0,0,0,0,3,1,6,1,28,6,1800,1,16,-1,1,-1,1,3,434786.0,437577.0,-1.472923,53.833293,13,2,3,1,30/06/2015,3,1899-12-30 23:50:00,204,E08000035,6,0,6,30,3,4,6,0,0,0,4,1,1,0,0,1,1,E01011656,1.0,1.0,1.0,28.0,6.0,2.0,0.0,0.0,0.0,0.0,0.0,9.0,1.0,2.0
6381,2015440026526,1,1,0,16,0,0,1,0,0,0,0,1,6,2,55,8,-1,-1,-1,-1,3,-1,1,1,476947.0,153945.0,-0.898175,51.279462,44,2,1,1,24/01/2015,7,1899-12-30 09:30:00,494,E10000014,6,0,6,60,0,-1,-1,0,0,0,1,1,2,0,0,2,1,E01022887,1.0,1.0,2.0,55.0,8.0,2.0,0.0,0.0,0.0,0.0,0.0,1.0,3.0,8.0
6382,2015350195115,1,9,0,7,0,3,0,0,0,0,4,1,6,3,-1,-1,-1,-1,-1,-1,-1,-1,1,2,546170.0,258810.0,0.137766,52.208132,35,2,2,1,25/11/2015,4,1899-12-30 08:30:00,390,E10000003,3,1134,1,30,1,2,3,603,0,7,1,1,1,0,0,1,2,E01017989,,,,,,,,,,,,,,
6383,2015984100715,1,9,0,17,0,0,0,0,0,0,1,1,6,1,18,4,-1,-1,-1,-1,3,-1,4,3,317599.0,566417.0,-3.289216,54.985504,98,2,3,4,42036,6,1899-12-30 16:20:00,917,S12000006,4,724,6,60,0,-1,-1,0,0,0,1,1,2,0,0,2,1,,2.0,2.0,1.0,17.0,4.0,2.0,0.0,0.0,1.0,0.0,0.0,9.0,2.0,-1.0
6384,201520H009915,1,9,0,18,0,0,0,10,7,4,1,1,6,2,23,5,1200,1,2,-1,1,-1,2,2,403500.0,300420.0,-1.949756,52.601558,20,2,2,2,26/10/2015,2,1899-12-30 18:30:00,307,E08000030,4,4154,6,30,0,-1,-1,0,0,0,4,1,1,3,0,1,1,E01010322,2.0,2.0,2.0,18.0,4.0,2.0,0.0,0.0,1.0,0.0,0.0,9.0,-1.0,-1.0
6385,2015440055802,1,3,0,18,0,8,0,0,0,0,0,1,1,1,46,8,125,1,3,-1,1,-1,1,2,460165.0,84611.0,-1.150199,50.658076,44,2,2,1,17/02/2015,3,1899-12-30 07:35:00,505,E06000046,4,3329,6,30,6,4,6,0,0,8,1,8,4,0,0,1,1,E01017348,1.0,1.0,1.0,46.0,8.0,2.0,0.0,0.0,0.0,0.0,0.0,3.0,1.0,3.0
6386,2015440152405,2,1,0,4,9,8,1,0,0,0,1,1,2,1,55,8,-1,-1,-1,-1,1,-1,1,2,438986.0,118405.0,-1.446223,50.963755,44,2,2,1,42160,4,1899-12-30 14:50:00,501,E10000014,6,0,6,60,8,4,6,0,0,0,1,1,1,0,0,2,1,E01023171,1.0,1.0,1.0,55.0,8.0,2.0,0.0,0.0,0.0,0.0,0.0,1.0,1.0,8.0
6387,2015460263437,2,9,0,9,6,2,0,0,1,0,3,1,2,2,23,5,1598,1,4,-1,3,-1,2,3,575970.0,134730.0,0.511087,51.084897,46,2,3,2,42046,2,1899-12-30 17:10:00,543,E10000016,3,229,3,40,9,4,6,0,0,0,5,1,1,0,0,2,1,E01024787,2.0,1.0,2.0,23.0,5.0,2.0,0.0,0.0,0.0,0.0,0.0,9.0,3.0,7.0
6388,2015300013120,1,5,0,18,0,8,0,0,0,0,1,1,6,1,46,8,1299,1,13,-1,3,-1,1,2,439050.0,364350.0,-1.41723,53.174832,30,2,2,1,42128,1,1899-12-30 15:40:00,327,E10000007,3,61,6,50,8,4,6,0,0,0,1,1,1,0,0,2,1,E01019775,1.0,1.0,1.0,46.0,8.0,2.0,0.0,0.0,0.0,0.0,0.0,5.0,3.0,9.0
6389,2015520507112,1,3,0,18,0,0,0,0,0,0,4,1,6,1,23,5,125,1,3,-1,2,-1,1,2,333386.0,115922.0,-2.949437,50.938877,52,2,2,1,24/09/2015,5,1899-12-30 11:33:00,610,E10000027,3,358,6,60,0,-1,-1,0,0,0,1,1,1,0,0,2,1,E01029208,1.0,1.0,1.0,23.0,5.0,2.0,0.0,0.0,0.0,0.0,0.0,3.0,2.0,6.0
6390,201522F502158,1,3,0,18,0,0,0,11,0,0,1,1,6,1,54,8,124,1,9,-1,-1,-1,1,1,332190.0,304570.0,-3.003405,52.634625,22,2,1,1,22/06/2015,2,1899-12-30 18:27:00,286,E06000051,4,4386,6,30,0,-1,-1,0,0,0,1,1,1,0,2,2,1,E01033530,1.0,1.0,1.0,54.0,8.0,2.0,0.0,0.0,0.0,0.0,0.0,3.0,-1.0,-1.0
6391,201504SA15468,1,9,0,1,0,0,0,0,0,0,2,1,6,2,36,7,1968,2,-1,-1,1,-1,1,1,353720.0,429370.0,-2.70344,53.75862,4,2,1,1,13/10/2015,3,1899-12-30 15:45:00,79,E10000017,6,0,2,30,0,-1,-1,0,0,0,1,1,1,0,0,1,1,E01025306,1.0,3.0,2.0,70.0,10.0,2.0,5.0,1.0,0.0,0.0,0.0,0.0,1.0,4.0
6392,2015460256987,2,9,0,18,0,0,1,0,1,4,3,1,6,1,38,7,1995,2,3,-1,1,-1,5,4,574540.0,162020.0,0.503956,51.33049,46,2,4,5,22/05/2015,6,1899-12-30 18:40:00,542,E10000016,3,229,3,70,0,-1,-1,0,0,0,1,1,1,0,0,2,1,E01024728,2.0,1.0,1.0,38.0,7.0,3.0,0.0,0.0,0.0,0.0,0.0,9.0,1.0,1.0
6393,2015521501017,2,1,0,18,0,0,0,0,0,0,0,1,6,1,53,8,-1,-1,-1,-1,1,-1,1,2,366486.0,167124.0,-2.483167,51.402148,52,2,2,1,28/01/2015,4,1899-12-30 06:45:00,611,E06000022,6,0,6,60,0,-1,-1,0,0,0,6,5,2,7,0,2,2,E01014395,1.0,1.0,1.0,53.0,8.0,2.0,0.0,0.0,0.0,0.0,0.0,1.0,1.0,8.0
6394,2015950003233,2,9,0,7,0,2,0,0,0,0,2,2,6,1,42,7,-1,-1,-1,-1,1,-1,4,2,326440.0,676750.0,-3.180361,55.978075,95,2,2,4,42254,5,1899-12-30 11:10:00,923,S12000036,3,901,6,30,6,2,3,901,0,5,1,1,1,0,0,1,1,,2.0,2.0,2.0,41.0,7.0,3.0,0.0,0.0,1.0,0.0,0.0,9.0,-1.0,-1.0
6395,201506M001954,1,9,0,5,0,0,0,0,0,0,1,1,1,2,23,5,-1,-1,-1,-1,1,-1,1,2,378730.0,391330.0,-2.321499,53.418338,6,2,2,1,27/05/2015,4,1899-12-30 15:00:00,112,E08000009,6,0,6,30,0,-1,-1,0,0,0,1,1,1,0,0,1,1,E01006163,,,,,,,,,,,,,,
6396,201506K002358,1,9,0,9,0,8,0,0,0,0,1,1,6,1,30,6,-1,-1,-1,-1,1,-1,1,1,371830.0,413620.0,-2.427328,53.618359,6,2,1,1,16/06/2015,3,1899-12-30 12:47:00,100,E08000001,4,6472,6,30,3,1,6,0,0,0,1,1,1,0,3,1,1,E01004809,1.0,3.0,1.0,53.0,8.0,2.0,9.0,9.0,0.0,0.0,2.0,0.0,-1.0,-1.0
6397,201563AC42915,1,9,0,18,6,1,0,0,0,0,1,1,6,3,-1,-1,-1,-1,-1,-1,-1,-1,1,1,251660.0,213070.0,-4.152519,51.79655,63,2,1,1,14/12/2015,2,1899-12-30 10:29:00,751,W06000010,6,0,6,60,9,4,6,0,0,0,1,1,1,0,0,2,2,W01000663,1.0,3.0,1.0,36.0,7.0,2.0,9.0,5.0,0.0,0.0,0.0,0.0,1.0,-1.0
6398,20154100K0581,1,9,0,18,0,0,0,0,1,3,1,1,6,2,25,5,1984,1,15,-1,1,-1,3,7,535285.0,202513.0,-0.043577,51.705055,41,2,7,3,19/06/2015,6,1899-12-30 14:53:00,430,E10000015,3,10,3,40,0,-1,-1,0,0,0,1,1,1,0,0,1,1,E01023294,2.0,2.0,2.0,24.0,5.0,3.0,0.0,0.0,1.0,0.0,0.0,9.0,1.0,2.0
6399,20151326J1234,1,9,0,18,0,2,0,4,0,0,1,1,6,1,39,7,2926,2,13,-1,1,-1,1,2,424427.0,422283.0,-1.631524,53.696421,13,2,2,1,19/06/2015,6,1899-12-30 17:19:00,203,E08000034,3,652,6,20,6,4,6,0,0,0,1,1,1,0,0,1,1,E01011130,1.0,3.0,1.0,39.0,7.0,2.0,10.0,9.0,0.0,0.0,0.0,0.0,1.0,4.0
6400,201550GP2J006,2,9,0,9,0,1,0,0,0,0,1,1,6,1,47,8,-1,-1,-1,-1,3,-1,1,2,172567.0,44127.0,-5.191811,50.253248,50,2,2,1,13/05/2015,4,1899-12-30 06:00:00,596,E06000052,3,3047,6,40,6,4,6,0,0,0,1,1,1,0,0,1,1,E01018918,,,,,,,,,,,,,,
6401,20151328K9999,1,9,0,18,0,0,0,0,0,0,1,1,6,1,39,7,1560,2,6,-1,1,-1,2,1,443200.0,439744.0,-1.34478,53.852139,13,2,1,2,20/08/2015,5,1899-12-30 06:59:00,204,E08000035,2,1,3,70,0,-1,-1,0,0,0,1,1,1,0,0,2,2,E01011309,2.0,2.0,2.0,38.0,7.0,2.0,0.0,0.0,1.0,0.0,0.0,9.0,1.0,4.0
6402,2015471501424,1,9,0,18,0,8,0,0,0,0,1,1,6,2,36,7,1596,1,7,-1,1,-1,1,2,502659.0,103422.0,-0.543959,50.821251,47,2,2,1,42311,4,1899-12-30 17:16:00,558,E10000032,3,259,1,30,1,4,3,284,0,4,1,1,1,0,0,1,1,E01031469,,,,,,,,,,,,,,
6403,201504SB15207,2,9,0,18,0,8,2,10,1,2,1,1,2,2,24,5,-1,-1,-1,-1,1,-1,1,2,343610.0,419480.0,-2.854964,53.66874,4,2,2,1,42318,1,1899-12-30 02:49:00,84,E10000017,3,565,6,50,3,4,6,0,0,8,4,1,1,0,0,2,1,E01025531,1.0,1.0,2.0,24.0,5.0,2.0,0.0,0.0,0.0,0.0,0.0,9.0,1.0,5.0
6404,2015160C03211,2,9,0,16,0,0,0,0,0,0,0,1,6,3,-1,-1,-1,-1,-1,-1,-1,-1,1,2,502819.0,425397.0,-0.443524,53.71487,16,2,2,1,21/06/2015,1,1899-12-30 15:00:00,231,E06000011,6,0,6,30,0,-1,-1,0,0,0,1,1,1,0,0,1,2,E01013009,,,,,,,,,,,,,,
6405,2015132BQ1756,1,20,4,18,0,0,0,0,0,0,1,1,1,1,41,7,3908,2,8,-1,1,-1,9,4,423083.0,427779.0,-1.651471,53.74588,13,2,4,9,42074,3,1899-12-30 22:54:00,203,E08000034,1,62,3,70,0,-1,-1,0,0,0,4,1,1,4,0,1,1,E01011050,1.0,2.0,1.0,62.0,9.0,2.0,0.0,0.0,1.0,0.0,0.0,20.0,1.0,5.0
6406,2015350054815,1,9,0,9,0,6,0,0,0,0,3,1,6,1,28,6,1598,1,10,-1,1,-1,1,2,547750.0,259050.0,0.160976,52.209868,35,2,2,1,15/04/2015,4,1899-12-30 17:55:00,390,E10000003,6,0,6,30,3,4,6,0,0,0,1,1,1,0,0,1,1,E01017947,,,,,,,,,,,,,,
6407,2015471503469,2,9,0,18,0,1,0,0,0,0,2,1,6,1,45,7,998,1,-1,-1,1,-1,7,5,544457.0,101513.0,0.048333,50.795186,47,2,5,7,20/06/2015,7,1899-12-30 13:22:00,554,E10000011,3,259,3,30,3,4,6,0,0,1,1,1,1,0,0,1,1,E01021051,,,,,,,,,,,,,,
6408,201504WB15308,1,9,0,18,0,1,0,0,0,0,4,1,6,1,37,7,1895,1,16,-1,1,-1,1,2,344210.0,464000.0,-2.853997,54.068899,4,2,2,1,16/09/2015,4,1899-12-30 20:02:00,76,E10000017,6,0,6,20,3,4,6,0,0,0,1,1,1,0,0,1,1,E01025138,,,,,,,,,,,,,,
6409,2015610037315,1,5,0,18,0,1,0,0,0,0,4,1,6,1,-1,-1,-1,-1,-1,-1,1,-1,3,2,351197.0,194419.0,-2.706728,51.646438,61,2,2,3,42191,1,1899-12-30 08:55:00,732,W06000021,4,4235,6,60,3,4,6,0,0,0,1,1,1,0,0,2,1,W01001590,3.0,2.0,2.0,13.0,3.0,3.0,0.0,0.0,0.0,0.0,0.0,5.0,1.0,10.0