,accident_index,vehicle_reference,vehicle_type,towing_and_articulation,vehicle_manoeuvre,vehicle_location-restricted_lane,junction_location,skidding_and_overturning,hit_object_in_carriageway,vehicle_leaving_carriageway,hit_object_off_carriageway,1st_point_of_impact,was_vehicle_left_hand_drive?,journey_purpose_of_driver,sex_of_driver,age_of_driver,age_band_of_driver,engine_capacity_(cc),propulsion_code,age_of_vehicle,driver_imd_decile,driver_home_area_type,vehicle_imd_decile,NUmber_of_Casualities_unique_to_accident_index,No_of_Vehicles_involved_unique_to_accident_index,location_easting_osgr,location_northing_osgr,longitude,latitude,police_force,accident_severity,number_of_vehicles,number_of_casualties,date,day_of_week,time,local_authority_(district),local_authority_(highway),1st_road_class,1st_road_number,road_type,speed_limit,junction_detail,junction_control,2nd_road_class,2nd_road_number,pedestrian_crossing-human_control,pedestrian_crossing-physical_facilities,light_conditions,weather_conditions,road_surface_conditions,special_conditions_at_site,carriageway_hazards,urban_or_rural_area,did_police_officer_attend_scene_of_accident,lsoa_of_accident_location,casualty_reference,casualty_class,sex_of_casualty,age_of_casualty,age_band_of_casualty,casualty_severity,pedestrian_location,pedestrian_movement,car_passenger,bus_or_coach_passenger,pedestrian_road_maintenance_worker,casualty_type,casualty_home_area_type,casualty_imd_decile
6410,201560S040273,1,9,0,7,0,6,0,0,0,0,1,1,6,2,40,7,-1,-1,-1,-1,-1,-1,2,2,333170.0,350511.0,-2.998356,53.047667,60,2,2,2,22/03/2015,1,1899-12-30 16:35:00,725,W06000006,3,5152,6,30,3,2,3,541,0,0,1,1,1,0,0,1,2,W01000372,2.0,2.0,2.0,24.0,5.0,3.0,0.0,0.0,2.0,0.0,0.0,9.0,-1.0,-1.0
6411,201501ZD30147,1,9,0,18,0,2,0,0,0,0,1,1,6,1,46,8,1596,1,12,-1,1,-1,1,1,532950.0,165760.0,-0.091218,51.375337,1,2,1,1,42218,1,1899-12-30 19:55:00,20,E09000008,3,222,3,30,3,2,5,0,0,0,4,1,1,0,0,1,1,E01000975,1.0,3.0,1.0,33.0,6.0,2.0,5.0,1.0,0.0,0.0,2.0,0.0,1.0,3.0
6412,201537EA87359,2,4,0,18,0,1,0,0,0,0,1,1,6,1,47,8,125,1,1,-1,1,-1,1,2,614741.0,244405.0,1.130842,52.056394,37,2,2,1,42278,7,1899-12-30 18:00:00,412,E10000029,3,1214,3,30,3,4,6,0,0,0,4,1,2,0,0,1,1,E01029985,1.0,1.0,1.0,47.0,8.0,2.0,0.0,0.0,0.0,0.0,0.0,4.0,1.0,2.0
6413,2015440047944,2,9,0,3,0,1,0,0,0,0,2,1,6,2,84,11,998,1,3,-1,2,-1,1,2,445239.0,121948.0,-1.356748,50.995156,44,2,2,1,42279,3,1899-12-30 15:10:00,491,E10000014,3,335,6,60,1,4,6,0,0,0,1,1,1,0,0,2,1,E01022676,1.0,1.0,2.0,84.0,11.0,2.0,0.0,0.0,0.0,0.0,0.0,9.0,2.0,5.0
6414,201550KC5F005,1,9,0,18,0,0,2,0,1,10,3,1,6,1,30,6,-1,-1,-1,-1,2,-1,1,1,268135.0,111882.0,-3.87624,50.891326,50,2,1,1,42344,6,1899-12-30 22:28:00,586,E10000008,3,377,6,60,0,-1,-1,0,0,0,6,2,2,0,0,2,1,E01020073,1.0,1.0,1.0,30.0,6.0,2.0,0.0,0.0,0.0,0.0,0.0,9.0,2.0,6.0
6415,2015471501354,1,9,0,9,0,8,0,0,0,0,1,1,6,2,33,6,1598,1,10,-1,1,-1,1,2,537128.0,102176.0,-0.055345,50.802924,47,2,2,1,42188,7,1899-12-30 14:45:00,565,E06000043,3,259,6,30,8,4,6,0,0,5,1,1,1,0,0,1,1,E01016960,,,,,,,,,,,,,,
6416,2015075354768,1,19,0,18,0,1,0,0,0,0,1,1,1,1,29,6,2151,2,13,-1,1,-1,1,1,363061.0,386877.0,-2.556726,53.377446,7,2,1,1,27/11/2015,6,1899-12-30 15:40:00,128,E06000007,3,50,6,30,9,4,6,0,0,0,5,2,2,0,0,1,1,E01012559,1.0,3.0,1.0,14.0,3.0,2.0,5.0,3.0,0.0,0.0,0.0,0.0,1.0,10.0
6417,201543R199075,2,9,0,18,0,0,0,0,0,0,3,1,6,2,54,8,1360,1,12,-1,2,-1,1,2,485304.0,166583.0,-0.775364,51.391885,43,2,2,1,42315,7,1899-12-30 20:00:00,470,E06000036,6,7002,6,30,0,-1,-1,0,0,0,1,1,1,0,0,1,1,E01016213,,,,,,,,,,,,,,
6418,201597NA02711,1,19,0,18,0,4,0,0,7,11,1,1,6,1,37,7,1686,2,13,-1,1,-1,2,2,272619.0,663582.0,-4.036137,55.848567,97,2,2,2,22/11/2015,1,1899-12-30 15:35:00,932,S12000044,6,0,1,30,1,4,6,0,0,0,1,1,2,0,0,1,1,,1.0,2.0,2.0,22.0,5.0,2.0,0.0,0.0,1.0,0.0,0.0,19.0,1.0,-1.0
6419,201531D021315,2,2,0,18,0,1,0,0,0,0,3,1,6,1,16,4,49,1,7,-1,1,-1,1,2,457075.0,333432.0,-1.153047,52.895314,31,2,2,1,19/01/2015,2,1899-12-30 19:33:00,347,E10000024,6,0,6,30,8,4,6,0,0,0,4,1,2,0,0,1,1,E01028407,1.0,1.0,1.0,16.0,4.0,2.0,0.0,0.0,0.0,0.0,0.0,2.0,1.0,10.0
6420,201550EL2F005,2,9,0,4,0,0,0,0,0,0,2,1,1,1,28,6,1598,1,10,-1,1,-1,2,2,250809.0,57226.0,-4.100391,50.395932,50,2,2,2,28/04/2015,3,1899-12-30 08:06:00,583,E06000026,3,38,3,70,0,-1,-1,0,0,0,1,1,1,0,0,2,1,E01015069,,,,,,,,,,,,,,
6421,201501SX20639,1,9,0,18,0,0,0,0,0,0,4,1,3,2,37,7,1598,1,4,-1,1,-1,1,1,523410.0,196080.0,-0.217607,51.649978,1,2,1,1,13/05/2015,4,1899-12-30 07:52:00,30,E09000003,6,0,6,30,0,-1,-1,0,0,0,1,1,1,0,0,1,1,E01000286,1.0,3.0,2.0,38.0,7.0,2.0,5.0,1.0,0.0,0.0,2.0,0.0,1.0,5.0
6422,2015450023154,1,19,0,9,0,5,0,0,0,0,1,1,6,1,25,5,1995,2,5,-1,1,-1,1,2,506062.0,170565.0,-0.475934,51.424181,45,2,2,1,42039,5,1899-12-30 21:08:00,40,E10000030,4,377,6,40,3,4,6,0,0,0,4,1,1,0,0,1,1,E01030721,,,,,,,,,,,,,,
6423,201560S081446,1,19,0,9,0,6,0,0,0,0,3,1,1,1,39,7,-1,-1,-1,-1,-1,-1,1,2,287435.0,369009.0,-3.686828,53.206192,60,2,2,1,42161,7,1899-12-30 10:00:00,721,W06000003,3,548,6,60,3,4,6,0,0,0,1,1,1,0,0,2,1,W01000159,,,,,,,,,,,,,,
6424,2015075374173,1,1,0,18,9,1,0,0,0,0,0,1,6,1,53,8,-1,-1,-1,-1,1,-1,1,1,372227.0,378388.0,-2.418201,53.301707,7,2,1,1,15/12/2015,3,1899-12-30 16:34:00,129,E06000049,3,5033,6,60,8,4,6,0,0,0,6,2,2,7,0,2,1,E01018648,1.0,1.0,1.0,53.0,8.0,2.0,0.0,0.0,0.0,0.0,0.0,1.0,1.0,6.0
6425,20154100T2085,2,9,0,3,0,0,0,0,0,0,2,1,6,2,39,7,-1,-1,-1,-1,1,-1,5,3,523528.0,222639.0,-0.206467,51.888629,41,2,3,5,20/09/2015,1,1899-12-30 11:17:00,435,E10000015,2,1,7,70,0,-1,-1,0,0,0,1,1,1,0,0,1,1,E01023786,3.0,1.0,2.0,39.0,7.0,3.0,0.0,0.0,0.0,0.0,0.0,9.0,1.0,10.0
6426,2015210023966,2,1,0,18,0,1,1,0,0,0,4,1,6,1,6,2,-1,-1,-1,-1,1,-1,1,2,388466.0,357006.0,-2.173753,53.110114,21,2,2,1,42009,6,1899-12-30 18:36:00,256,E10000028,6,284,6,30,3,4,6,284,0,0,1,1,1,0,0,1,1,E01029765,1.0,1.0,1.0,6.0,2.0,2.0,0.0,0.0,0.0,0.0,0.0,1.0,1.0,2.0
6427,201522C504156,2,1,0,18,0,8,0,0,0,0,1,1,2,1,35,6,-1,-1,-1,-1,-1,-1,1,2,384880.0,255340.0,-2.222625,52.196085,22,2,2,1,42046,2,1899-12-30 08:40:00,276,E10000034,3,449,6,30,3,4,6,0,0,0,1,1,1,0,0,1,1,E01033247,1.0,1.0,1.0,35.0,6.0,2.0,0.0,0.0,0.0,0.0,0.0,1.0,-1.0,-1.0
6428,2015471501877,2,5,0,7,0,0,0,0,0,0,2,1,6,1,54,8,600,1,3,-1,1,-1,2,2,516520.0,122100.0,-0.341307,50.98652,47,2,2,2,42128,1,1899-12-30 10:18:00,562,E10000032,3,24,3,60,0,-1,-1,0,0,0,1,1,1,0,0,2,1,E01031611,2.0,1.0,1.0,54.0,8.0,2.0,0.0,0.0,0.0,0.0,0.0,5.0,1.0,10.0
6429,2015350158815,2,1,0,18,0,8,0,0,0,0,4,1,6,2,27,6,-1,-1,-1,-1,1,-1,1,2,547000.0,255620.0,0.148521,52.179253,35,2,2,1,23/10/2015,6,1899-12-30 20:00:00,390,E10000003,3,1134,1,30,1,4,3,1134,0,0,4,1,1,0,0,1,1,E01017993,1.0,1.0,2.0,27.0,6.0,2.0,0.0,0.0,0.0,0.0,0.0,1.0,1.0,5.0
6430,2015530209632,1,9,0,9,0,5,0,0,0,0,1,1,6,1,46,8,1200,1,2,-1,-1,-1,3,2,393029.0,214792.0,-2.102566,51.831697,53,2,2,3,42042,5,1899-12-30 09:30:00,621,E10000013,3,417,6,60,3,4,4,4070,0,0,1,1,2,0,0,2,1,E01022201,,,,,,,,,,,,,,
6431,201597NC02309,2,19,0,18,0,0,0,0,0,0,1,1,6,1,31,6,1598,2,8,-1,1,-1,2,2,275652.0,675389.0,-3.993158,55.955379,97,2,2,2,20/09/2015,1,1899-12-30 19:20:00,932,S12000044,1,80,3,70,0,-1,-1,0,0,0,4,2,2,0,0,1,1,,2.0,1.0,1.0,31.0,6.0,3.0,0.0,0.0,0.0,0.0,0.0,19.0,1.0,-1.0
6432,2015051503089,2,9,0,16,0,2,0,0,0,0,0,1,6,2,31,6,1998,1,10,-1,1,-1,1,2,351944.0,392346.0,-2.724658,53.425704,5,2,2,1,27/11/2015,6,1899-12-30 15:40:00,92,E08000013,3,569,3,30,1,4,4,5419,0,0,1,1,2,0,0,1,1,E01006911,,,,,,,,,,,,,,
6433,201534WS21135,2,9,0,13,0,0,0,0,0,0,0,1,6,3,-1,-1,-1,-1,-1,-1,-1,-1,1,3,457792.0,233414.0,-1.159671,51.996173,34,2,3,1,20/08/2015,5,1899-12-30 06:20:00,385,E10000021,3,421,7,60,0,-1,-1,0,0,0,1,1,2,0,0,2,1,E01027290,,,,,,,,,,,,,,
6434,2015360088027,1,3,0,16,0,3,1,0,0,0,4,1,6,1,20,4,79,1,20,-1,3,-1,1,1,562173.0,319046.0,0.401043,52.74471,36,2,1,1,15/02/2015,1,1899-12-30 20:20:00,407,E10000020,3,148,1,30,1,2,5,8,0,0,4,1,1,0,0,1,1,E01026706,1.0,1.0,1.0,20.0,4.0,2.0,0.0,0.0,0.0,0.0,0.0,3.0,3.0,4.0
6435,2015521507108,2,11,0,11,0,0,0,0,0,0,4,1,1,1,31,6,5900,2,17,-1,-1,-1,1,2,358994.0,173448.0,-2.591596,51.458514,52,2,2,1,22/09/2015,3,1899-12-30 14:10:00,601,E06000023,3,38,6,20,0,-1,-1,0,0,5,1,1,1,0,0,1,1,E01033342,,,,,,,,,,,,,,
6436,2015051501794,1,9,0,7,0,2,2,0,4,6,3,1,6,1,29,6,2495,2,9,-1,1,-1,3,2,337788.0,386802.0,-2.936568,53.374396,5,2,2,3,19/07/2015,1,1899-12-30 01:52:00,91,E08000012,3,561,3,30,3,4,6,0,0,0,4,1,1,0,0,1,1,E01006521,2.0,2.0,1.0,40.0,7.0,2.0,0.0,0.0,1.0,0.0,0.0,9.0,1.0,3.0
6437,2015610043515,1,9,0,18,9,0,0,0,0,0,2,1,6,1,53,8,-1,-1,-1,-1,1,-1,1,1,327540.0,188807.0,-3.047419,51.593432,61,2,1,1,26/08/2015,4,1899-12-30 14:00:00,733,W06000022,6,0,6,30,0,-1,-1,0,0,0,1,1,1,0,0,1,1,W01001669,1.0,3.0,2.0,77.0,11.0,2.0,6.0,9.0,0.0,0.0,0.0,0.0,-1.0,-1.0
6438,2015051501928,1,5,0,18,0,8,1,0,0,0,1,1,6,1,24,5,600,1,17,-1,3,-1,1,1,334982.0,390426.0,-2.979485,53.406627,5,2,1,1,20/06/2015,7,1899-12-30 17:52:00,91,E08000012,6,0,6,30,3,2,6,0,0,5,1,1,1,0,0,1,1,E01033760,1.0,3.0,2.0,75.0,10.0,2.0,5.0,1.0,0.0,0.0,0.0,0.0,1.0,3.0
6439,201534NW32535,2,9,0,3,0,0,0,0,0,0,2,1,2,1,28,6,1399,2,4,-1,1,-1,2,3,486699.0,267957.0,-0.72993,52.3029,34,2,3,2,14/12/2015,2,1899-12-30 17:30:00,386,E10000021,3,509,6,60,0,-1,-1,0,0,0,6,2,2,0,0,1,1,E01027341,,,,,,,,,,,,,,
6440,201542I258808,2,5,0,18,0,7,1,0,1,0,3,1,2,1,60,9,599,1,11,-1,1,-1,1,2,557536.0,179613.0,0.267907,51.493516,42,2,2,1,42316,3,1899-12-30 16:49:00,462,E06000034,1,25,7,70,5,4,3,13,0,0,1,1,1,0,0,2,1,E01016012,1.0,1.0,1.0,60.0,9.0,2.0,0.0,0.0,0.0,0.0,0.0,5.0,1.0,7.0
6441,2015440242757,1,1,0,18,0,8,0,0,0,0,1,1,6,3,-1,-1,-1,-1,-1,-1,-1,-1,1,2,465728.0,105137.0,-1.067852,50.842034,44,2,2,1,15/07/2015,4,1899-12-30 14:45:00,498,E06000044,6,0,6,30,8,4,6,0,0,0,1,1,1,0,0,1,1,E01017051,,,,,,,,,,,,,,
6442,2015450027591,1,5,0,17,0,2,5,10,1,11,1,1,6,1,33,6,675,1,-1,-1,1,-1,1,1,511255.0,164266.0,-0.403247,51.36657,45,2,1,1,16/07/2015,5,1899-12-30 20:44:00,510,E10000030,6,3898,6,30,3,4,6,0,0,0,1,1,1,0,0,1,1,E01030317,1.0,1.0,1.0,33.0,6.0,2.0,0.0,0.0,0.0,0.0,0.0,5.0,1.0,10.0
6443,2015450022228,2,9,0,2,0,0,0,0,0,0,1,1,6,3,-1,-1,-1,-1,-1,-1,-1,-1,1,2,504387.0,165033.0,-0.501641,51.374767,45,2,2,1,30/01/2015,6,1899-12-30 18:12:00,514,E10000030,6,3031,6,30,0,-1,-1,0,0,0,4,1,2,0,0,1,1,E01030650,,,,,,,,,,,,,,
6444,2015132810748,1,9,0,14,0,0,0,0,0,0,1,1,6,2,58,9,1360,1,9,-1,1,-1,1,2,415237.0,429829.0,-1.770338,53.764592,13,2,2,1,42012,7,1899-12-30 11:55:00,200,E08000032,6,0,6,30,0,-1,-1,0,0,0,1,1,1,0,0,1,1,E01010749,1.0,3.0,2.0,84.0,11.0,2.0,5.0,2.0,0.0,0.0,0.0,0.0,-1.0,-1.0
6445,201522F502812,2,5,0,18,0,1,0,0,1,10,1,1,6,2,20,4,996,1,11,-1,3,-1,2,2,349630.0,313420.0,-2.747094,52.716079,22,2,2,2,15/07/2015,4,1899-12-30 15:30:00,286,E06000051,3,5191,6,30,3,4,6,0,0,0,1,1,1,0,0,1,1,E01028945,2.0,1.0,2.0,20.0,4.0,2.0,0.0,0.0,0.0,0.0,0.0,5.0,3.0,5.0
6446,2015405BA1106,1,9,0,18,0,2,0,0,0,0,1,1,6,1,48,8,1598,2,-1,-1,3,-1,1,1,504106.0,250132.0,-0.480215,52.139684,40,2,1,1,18/11/2015,4,1899-12-30 18:15:00,420,E06000055,3,5141,6,30,2,4,3,4280,0,1,4,1,2,0,0,1,2,E01017501,1.0,3.0,1.0,30.0,6.0,2.0,2.0,1.0,0.0,0.0,0.0,0.0,1.0,4.0
6447,2015530209748,2,5,0,18,0,8,0,0,0,0,1,1,6,1,25,5,636,1,1,-1,1,-1,1,2,386087.0,219868.0,-2.203512,51.877203,53,2,2,1,26/08/2015,4,1899-12-30 14:30:00,623,E10000013,4,4063,6,30,6,2,6,4034,0,0,1,1,1,0,0,1,1,E01022295,1.0,1.0,1.0,25.0,5.0,2.0,0.0,0.0,0.0,0.0,0.0,5.0,1.0,8.0
6448,2015471502269,2,8,0,18,0,8,0,0,0,0,1,1,6,1,36,7,1968,2,1,-1,1,-1,6,3,560861.0,99797.0,0.280152,50.775451,47,2,3,6,25/04/2015,7,1899-12-30 12:28:00,551,E10000011,6,0,6,30,3,4,6,0,0,0,1,1,1,0,0,1,1,E01020965,2.0,1.0,1.0,36.0,7.0,2.0,0.0,0.0,0.0,0.0,0.0,8.0,1.0,8.0
6449,20154100T1064,2,9,0,18,0,0,0,0,7,6,2,1,6,2,28,6,1598,1,14,-1,1,-1,1,2,510158.0,206572.0,-0.405759,51.747027,41,2,2,1,29/05/2015,6,1899-12-30 13:45:00,434,E10000015,1,1,3,70,0,-1,-1,0,0,0,1,1,1,0,0,2,1,E01023722,1.0,1.0,2.0,28.0,6.0,2.0,0.0,0.0,0.0,0.0,0.0,9.0,1.0,6.0
6450,2015051502234,2,9,0,18,0,1,0,0,0,0,3,1,2,1,40,7,1598,2,2,-1,1,-1,1,2,340776.0,400227.0,-2.894191,53.495396,5,2,2,1,17/09/2015,5,1899-12-30 16:24:00,90,E08000011,6,0,3,30,3,2,3,506,0,0,1,1,1,0,0,2,1,E01006491,,,,,,,,,,,,,,
6451,201531C196115,1,9,0,9,0,6,0,0,0,0,1,1,2,1,44,7,1753,2,13,-1,1,-1,1,2,457024.0,342837.0,-1.152155,52.979854,31,2,2,1,17/08/2015,2,1899-12-30 19:11:00,346,E06000018,5,187,6,30,3,4,6,0,0,0,1,1,1,0,0,1,1,E01013970,,,,,,,,,,,,,,
6452,201550KT2O001,1,5,0,18,0,0,1,12,0,0,1,1,6,1,27,6,599,1,12,-1,3,-1,2,1,293213.0,121609.0,-3.522683,50.98395,50,2,1,2,42159,2,1899-12-30 16:53:00,586,E10000008,4,3227,6,60,0,-1,-1,0,0,0,1,1,1,0,7,2,1,E01020049,2.0,2.0,2.0,21.0,5.0,2.0,0.0,0.0,0.0,0.0,0.0,5.0,3.0,6.0
6453,201506E003988,2,9,0,2,0,2,0,0,0,0,2,1,6,3,-1,-1,998,1,13,-1,-1,-1,1,2,381360.0,387140.0,-2.281679,53.380777,6,2,2,1,18/07/2015,7,1899-12-30 22:15:00,102,E08000003,6,0,6,30,3,4,6,0,0,0,4,1,1,0,0,1,1,E01005068,,,,,,,,,,,,,,
6454,20151327H0619,2,9,0,2,0,0,0,0,0,0,4,1,6,3,-1,-1,2400,2,4,-1,2,-1,1,2,413214.0,447310.0,-1.800281,53.921763,13,2,2,1,17/07/2015,6,1899-12-30 12:09:00,200,E08000032,6,0,6,30,0,-1,-1,0,0,0,1,1,1,0,2,1,1,E01010696,,,,,,,,,,,,,,
6455,2015460255287,1,20,0,18,0,0,5,0,1,9,3,1,1,1,40,7,4580,2,2,-1,2,-1,2,1,607310.0,148660.0,0.965973,51.199529,46,2,1,2,42312,7,1899-12-30 08:39:00,530,E10000016,6,691,6,60,0,-1,-1,0,0,0,1,1,1,0,0,2,1,E01023988,2.0,2.0,1.0,37.0,7.0,3.0,0.0,0.0,0.0,0.0,0.0,20.0,-1.0,-1.0
6456,2015132711439,2,1,0,18,0,0,1,0,0,0,4,1,6,1,66,10,-1,-1,-1,-1,3,-1,1,2,408133.0,432911.0,-1.878024,53.79245,13,2,2,1,30/06/2015,3,1899-12-30 21:10:00,200,E08000032,6,0,6,30,0,-1,-1,0,0,0,1,1,1,0,0,2,2,E01010595,1.0,1.0,1.0,66.0,10.0,2.0,0.0,0.0,0.0,0.0,0.0,1.0,3.0,6.0
6457,2015051502063,1,19,0,1,0,0,0,0,0,0,2,1,6,1,37,7,-1,-1,-1,-1,1,-1,1,1,333109.0,415751.0,-3.013072,53.633988,5,2,1,1,24/08/2015,2,1899-12-30 15:28:00,93,E08000014,6,0,6,20,0,-1,-1,0,0,0,1,1,1,0,0,1,1,E01006934,1.0,3.0,2.0,51.0,8.0,2.0,5.0,2.0,0.0,0.0,0.0,0.0,1.0,6.0
6458,201560S081134,1,9,0,9,0,5,0,0,0,0,1,1,6,2,45,7,-1,-1,-1,-1,-1,-1,1,2,298395.0,380090.0,-3.526339,53.307972,60,2,2,1,42130,6,1899-12-30 20:30:00,721,W06000003,3,548,6,20,3,4,6,0,0,8,1,1,1,0,0,1,1,W01000149,,,,,,,,,,,,,,
6459,2015331505330,1,9,0,16,0,0,5,0,7,2,1,1,6,1,37,7,1975,1,9,-1,-1,-1,5,1,458485.0,306135.0,-1.136956,52.649804,33,2,1,5,19/07/2015,1,1899-12-30 05:23:00,364,E06000016,4,5327,6,30,0,-1,-1,0,0,0,1,1,1,0,0,2,1,E01013607,2.0,2.0,2.0,23.0,5.0,2.0,0.0,0.0,1.0,0.0,0.0,9.0,-1.0,-1.0
6460,201550EC2H029,1,11,0,18,0,0,0,0,0,0,4,1,1,2,49,8,6370,2,8,-1,3,-1,1,1,248130.0,55018.0,-4.137163,50.375403,50,2,1,1,24/09/2015,5,1899-12-30 18:00:00,583,E06000026,6,0,6,30,0,-1,-1,0,0,4,1,1,1,0,0,1,1,E01015054,1.0,3.0,2.0,21.0,5.0,2.0,1.0,1.0,0.0,0.0,0.0,0.0,1.0,4.0
6461,201520G003625,1,8,0,16,0,2,0,10,1,4,4,1,1,1,38,7,-1,-1,-1,-1,1,-1,7,1,392180.0,296680.0,-2.116804,52.567888,20,2,1,7,14/03/2015,7,1899-12-30 04:50:00,309,E08000031,3,4123,6,30,3,4,6,0,0,0,4,1,1,0,0,1,1,E01010449,2.0,2.0,2.0,28.0,6.0,2.0,0.0,0.0,2.0,0.0,0.0,8.0,1.0,7.0
6462,201504SC15138,2,5,0,18,0,1,0,0,0,0,1,1,6,1,33,6,599,1,13,-1,2,-1,1,2,350330.0,418940.0,-2.753177,53.66457,4,2,2,1,30/05/2015,7,1899-12-30 10:15:00,73,E10000017,4,5249,6,40,3,4,3,581,0,0,1,1,1,0,0,2,1,E01024975,1.0,1.0,1.0,33.0,6.0,2.0,0.0,0.0,0.0,0.0,0.0,5.0,2.0,4.0
6463,201501MM70723,1,9,0,9,0,8,0,0,0,0,4,1,6,1,49,8,1598,1,16,-1,1,-1,1,2,533240.0,177990.0,-0.082458,51.485174,1,2,2,1,16/07/2015,5,1899-12-30 13:20:00,8,E09000028,4,214,6,30,3,4,6,0,0,0,1,1,1,0,0,1,1,E01003968,,,,,,,,,,,,,,
6464,2015471503836,1,11,0,18,0,1,0,0,0,0,1,1,1,1,52,8,9360,2,2,-1,1,-1,34,3,530908.0,104300.0,-0.142807,50.823451,47,2,3,34,42162,2,1899-12-30 09:22:00,565,E06000043,6,0,6,30,3,2,6,0,0,4,1,1,1,0,0,1,1,E01016952,15.0,2.0,2.0,16.0,4.0,3.0,0.0,0.0,0.0,3.0,0.0,11.0,1.0,9.0
6465,2015471503075,2,1,0,18,0,1,0,0,0,0,0,1,6,1,20,4,-1,-1,-1,-1,1,-1,1,4,553907.0,133755.0,0.195926,51.082475,47,2,4,1,42069,4,1899-12-30 06:40:00,556,E10000011,3,26,3,60,3,4,6,0,0,8,1,1,1,0,0,2,1,E01021173,,,,,,,,,,,,,,
6466,201550BN2D007,2,9,0,16,0,0,0,0,0,0,1,1,6,1,23,5,-1,-1,-1,-1,2,-1,3,2,236945.0,68915.0,-4.300381,50.497284,50,2,2,3,42250,2,1899-12-30 17:45:00,596,E06000052,3,388,6,60,0,-1,-1,0,0,0,7,2,2,0,0,2,1,E01018750,2.0,1.0,1.0,23.0,5.0,2.0,0.0,0.0,0.0,0.0,0.0,9.0,2.0,6.0
6467,201501EK41009,1,11,0,7,0,2,0,0,0,0,0,1,1,1,58,9,6700,2,8,-1,1,-1,1,1,530320.0,182990.0,-0.122641,51.530787,1,2,1,1,13/11/2015,6,1899-12-30 10:30:00,2,E09000007,3,5200,2,30,7,2,3,501,0,5,1,1,1,0,0,1,1,E01000953,1.0,2.0,2.0,52.0,8.0,2.0,0.0,0.0,0.0,2.0,0.0,11.0,-1.0,-1.0
6468,201542I322410,2,3,0,18,0,4,0,0,0,0,1,1,6,1,16,4,-1,-1,-1,-1,-1,-1,1,2,576039.0,224314.0,0.556708,51.88958,42,2,2,1,42348,2,1899-12-30 17:40:00,451,E10000012,4,1053,6,30,2,4,6,0,0,1,1,1,1,0,0,1,1,E01021357,1.0,1.0,1.0,16.0,4.0,2.0,0.0,0.0,0.0,0.0,0.0,3.0,-1.0,-1.0
6469,2015450026860,2,21,1,18,0,0,0,0,0,0,2,1,1,1,27,6,-1,-1,-1,-1,-1,-1,1,3,525058.0,152477.0,-0.2092,51.257749,45,2,3,1,30/06/2015,3,1899-12-30 14:15:00,513,E10000030,1,25,3,70,0,-1,-1,0,0,0,1,1,1,0,0,2,1,E01030590,,,,,,,,,,,,,,
6470,2015941500268,1,9,0,9,0,8,0,0,0,0,1,1,6,1,81,11,1229,1,4,-1,2,-1,2,2,353905.0,702527.0,-2.744752,56.213079,94,2,2,2,42159,2,1899-12-30 09:52:00,925,S12000015,3,917,6,50,3,4,4,942,0,0,1,7,1,0,0,2,1,,1.0,1.0,1.0,81.0,11.0,3.0,0.0,0.0,0.0,0.0,0.0,9.0,2.0,-1.0
6471,2015471504841,4,9,0,18,0,1,0,0,0,0,0,1,1,1,41,7,1995,2,2,-1,1,-1,4,4,532433.0,115240.0,-0.11721,50.921429,47,2,4,4,22/08/2015,7,1899-12-30 22:06:00,554,E10000011,4,2116,6,30,3,4,6,0,0,0,4,1,1,0,0,2,1,E01021026,,,,,,,,,,,,,,
6472,2015100786415,1,8,0,18,0,0,0,0,0,0,4,1,1,1,53,8,1461,2,1,-1,1,-1,1,1,426289.0,558466.0,-1.591386,54.920203,10,2,1,1,19/12/2015,7,1899-12-30 01:07:00,146,E08000020,3,167,3,40,0,-1,-1,0,0,0,6,1,2,0,0,1,1,E01008189,1.0,3.0,2.0,31.0,6.0,2.0,5.0,1.0,0.0,0.0,0.0,0.0,1.0,1.0
6473,201542I318110,2,9,0,18,0,0,0,0,0,0,4,1,1,1,53,8,1997,2,2,-1,-1,-1,1,3,555722.0,179522.0,0.241758,51.493201,42,2,3,1,42195,4,1899-12-30 08:14:00,462,E06000034,3,13,3,40,0,-1,-1,0,0,0,1,1,2,0,0,2,1,E01015925,,,,,,,,,,,,,,
6474,2015471502508,1,9,0,9,0,6,0,0,0,0,1,1,6,2,45,7,1910,2,9,-1,1,-1,1,2,532777.0,106936.0,-0.115333,50.846718,47,2,2,1,42190,5,1899-12-30 21:26:00,565,E06000043,3,270,6,30,3,4,6,0,0,1,4,1,1,0,0,1,1,E01016909,,,,,,,,,,,,,,
6475,201597GA02211,1,9,0,18,0,0,0,0,0,0,1,1,6,1,65,9,1956,2,3,-1,1,-1,1,1,257585.0,664622.0,-4.276609,55.853698,97,2,1,1,13/11/2015,6,1899-12-30 20:45:00,926,S12000043,3,8,3,30,0,-1,-1,0,0,0,4,5,2,0,0,1,1,,1.0,3.0,1.0,42.0,7.0,2.0,5.0,4.0,0.0,0.0,0.0,0.0,1.0,-1.0