,accident_index,vehicle_reference,vehicle_type,towing_and_articulation,vehicle_manoeuvre,vehicle_location-restricted_lane,junction_location,skidding_and_overturning,hit_object_in_carriageway,vehicle_leaving_carriageway,hit_object_off_carriageway,1st_point_of_impact,was_vehicle_left_hand_drive?,journey_purpose_of_driver,sex_of_driver,age_of_driver,age_band_of_driver,engine_capacity_(cc),propulsion_code,age_of_vehicle,driver_imd_decile,driver_home_area_type,vehicle_imd_decile,NUmber_of_Casualities_unique_to_accident_index,No_of_Vehicles_involved_unique_to_accident_index,location_easting_osgr,location_northing_osgr,longitude,latitude,police_force,accident_severity,number_of_vehicles,number_of_casualties,date,day_of_week,time,local_authority_(district),local_authority_(highway),1st_road_class,1st_road_number,road_type,speed_limit,junction_detail,junction_control,2nd_road_class,2nd_road_number,pedestrian_crossing-human_control,pedestrian_crossing-physical_facilities,light_conditions,weather_conditions,road_surface_conditions,special_conditions_at_site,carriageway_hazards,urban_or_rural_area,did_police_officer_attend_scene_of_accident,lsoa_of_accident_location,casualty_reference,casualty_class,sex_of_casualty,age_of_casualty,age_band_of_casualty,casualty_severity,pedestrian_location,pedestrian_movement,car_passenger,bus_or_coach_passenger,pedestrian_road_maintenance_worker,casualty_type,casualty_home_area_type,casualty_imd_decile
6476,201504SA15301,2,9,0,18,0,1,1,0,0,0,1,1,2,1,35,6,1598,2,-1,-1,1,-1,1,2,358150.0,436550.0,-2.63723,53.823525,4,2,2,1,29/06/2015,2,1899-12-30 17:05:00,79,E10000017,4,5269,6,40,3,4,6,0,0,0,1,1,1,0,0,2,1,E01025279,,,,,,,,,,,,,,
6477,2015621501860,1,9,0,4,0,5,0,0,0,0,2,1,6,2,68,10,-1,-1,-1,-1,1,-1,1,3,309512.0,179535.0,-3.305215,51.507474,62,2,3,1,42226,5,1899-12-30 09:51:00,741,W06000015,1,4,3,70,5,4,3,4232,0,0,1,1,1,0,0,2,1,W01001729,,,,,,,,,,,,,,
6478,201501BS70329,1,5,0,14,0,2,0,0,0,0,1,1,6,1,23,5,599,1,2,-1,1,-1,1,1,524160.0,181660.0,-0.211867,51.520221,1,2,1,1,42314,5,1899-12-30 17:25:00,12,E09000020,4,450,6,30,6,4,5,0,0,1,1,1,1,0,0,1,1,E01002909,1.0,3.0,2.0,44.0,7.0,2.0,4.0,2.0,0.0,0.0,2.0,0.0,1.0,3.0
6479,2015555999168,2,9,0,2,0,0,0,0,0,0,1,1,6,3,-1,-1,-1,-1,-1,-1,-1,-1,1,3,398237.0,93543.0,-2.026351,50.741492,55,2,3,1,42006,1,1899-12-30 20:58:00,644,E10000009,6,0,6,30,0,-1,-1,0,0,0,4,1,1,0,0,1,1,E01020471,,,,,,,,,,,,,,
6480,2015300015692,2,1,0,18,9,8,0,0,0,0,1,1,6,1,47,8,-1,-1,-1,-1,1,-1,1,2,434850.0,335890.0,-1.483131,52.919304,30,2,2,1,42164,1,1899-12-30 12:03:00,323,E06000015,3,601,6,30,6,2,3,601,0,4,1,1,1,0,0,1,1,E01013479,1.0,1.0,1.0,47.0,8.0,2.0,0.0,0.0,0.0,0.0,0.0,1.0,1.0,1.0
6481,201501TW60298,1,5,0,4,0,0,0,0,0,0,0,1,6,1,56,9,-1,-1,-1,-1,1,-1,1,1,519020.0,175690.0,-0.287926,51.467672,1,2,1,1,42347,7,1899-12-30 18:30:00,24,E09000027,3,316,3,40,0,-1,-1,0,0,1,4,1,1,0,0,1,1,E01003862,1.0,1.0,1.0,56.0,9.0,2.0,0.0,0.0,0.0,0.0,0.0,5.0,1.0,10.0
6482,2015440292855,1,1,0,18,0,0,0,0,0,0,2,1,2,1,46,8,-1,-1,-1,-1,3,-1,1,2,460363.0,111192.0,-1.143043,50.897061,44,2,2,1,16/08/2015,1,1899-12-30 16:50:00,502,E10000014,6,0,6,40,0,-1,-1,0,0,0,1,1,1,0,0,2,2,E01023224,1.0,1.0,1.0,46.0,8.0,2.0,0.0,0.0,0.0,0.0,0.0,1.0,3.0,7.0
6483,2015520502271,1,21,5,18,0,1,5,0,0,0,3,-1,6,1,52,8,12600,2,10,-1,1,-1,1,2,328032.0,123191.0,-3.027064,51.003587,52,2,2,1,42280,3,1899-12-30 16:16:00,608,E10000027,3,358,3,60,3,4,6,0,0,0,1,1,1,0,0,2,1,E01029275,1.0,1.0,1.0,52.0,8.0,2.0,0.0,0.0,0.0,0.0,0.0,21.0,1.0,2.0
6484,2015160D06361,2,11,0,18,2,1,0,0,0,0,1,1,1,1,48,8,9360,2,7,-1,1,-1,5,2,508164.0,428678.0,-0.361424,53.743268,16,2,2,5,42258,2,1899-12-30 08:15:00,228,E06000010,3,1105,6,30,3,4,6,0,0,0,1,1,1,0,0,1,1,E01012855,2.0,2.0,2.0,52.0,8.0,3.0,0.0,0.0,0.0,4.0,0.0,11.0,1.0,10.0
6485,201501WW50550,2,9,0,9,0,8,0,0,0,0,1,1,6,1,-1,-1,999,1,8,-1,1,-1,1,2,522450.0,175440.0,-0.238657,51.464694,1,2,2,1,42011,4,1899-12-30 20:00:00,24,E09000027,3,205,6,30,3,4,5,0,0,0,4,1,1,0,0,1,2,E01004639,,,,,,,,,,,,,,
6486,20151329J0699,1,9,0,18,0,0,0,0,0,0,3,1,6,1,25,5,1984,1,8,-1,-1,-1,1,1,425135.0,424091.0,-1.620656,53.712638,13,2,1,1,19/09/2015,7,1899-12-30 12:00:00,203,E08000034,6,0,2,30,0,-1,-1,0,0,0,1,1,1,0,0,1,1,E01011014,1.0,3.0,1.0,2.0,1.0,2.0,5.0,3.0,0.0,0.0,0.0,0.0,-1.0,-1.0
6487,201504SA15607,2,5,0,18,0,8,0,0,0,0,1,1,6,1,66,10,1250,1,16,-1,1,-1,1,2,356490.0,426090.0,-2.660966,53.729381,4,2,2,1,29/12/2015,3,1899-12-30 12:55:00,83,E10000017,4,6258,6,30,9,4,6,0,0,1,1,1,1,0,0,1,1,E01025407,1.0,1.0,1.0,66.0,10.0,2.0,0.0,0.0,0.0,0.0,0.0,5.0,1.0,6.0
6488,201520W035695,1,9,0,18,0,0,0,0,0,0,1,1,6,1,28,6,1390,1,3,-1,1,-1,1,2,406800.0,290990.0,-1.901223,52.516753,20,2,2,1,42344,6,1899-12-30 20:50:00,300,E08000025,3,34,6,30,0,-1,-1,0,0,7,4,2,2,0,0,1,1,E01009242,1.0,3.0,1.0,15.0,3.0,2.0,8.0,1.0,0.0,0.0,0.0,0.0,1.0,1.0
6489,20151324H1015,2,9,0,18,0,1,0,0,0,0,2,1,6,1,24,5,1598,1,7,-1,1,-1,3,2,438495.0,430408.0,-1.417463,53.768601,13,2,2,3,17/04/2015,6,1899-12-30 15:53:00,204,E08000035,3,642,6,30,3,4,6,0,0,0,1,1,1,0,0,2,1,E01011390,3.0,2.0,2.0,16.0,4.0,2.0,0.0,0.0,1.0,0.0,0.0,9.0,1.0,8.0
6490,201501TW60362,1,5,0,18,0,8,0,0,0,0,3,1,2,1,58,9,599,1,4,-1,1,-1,1,1,519640.0,175310.0,-0.279133,51.464126,1,2,1,1,42046,2,1899-12-30 17:25:00,24,E09000027,3,305,6,30,3,4,6,0,0,0,4,1,1,0,0,1,1,E01003859,1.0,3.0,1.0,90.0,11.0,2.0,5.0,3.0,0.0,0.0,2.0,0.0,1.0,9.0
6491,2015350067815,2,9,0,4,0,0,0,0,1,0,2,1,6,2,28,6,1997,2,4,-1,1,-1,5,2,544900.0,261850.0,0.120494,52.235779,35,2,2,5,31/03/2015,3,1899-12-30 07:35:00,395,E10000003,3,14,3,70,0,-1,-1,0,0,0,1,1,1,0,0,2,1,E01018259,5.0,2.0,1.0,28.0,6.0,3.0,0.0,0.0,1.0,0.0,0.0,9.0,1.0,3.0
6492,2015460262482,1,9,0,17,0,1,0,7,1,2,1,1,6,2,47,8,1598,1,1,-1,1,-1,1,1,580015.0,163101.0,0.583006,51.338494,46,2,1,1,42318,1,1899-12-30 04:29:00,544,E06000035,6,0,6,30,3,4,6,0,0,0,4,1,1,0,0,1,1,E01016052,1.0,1.0,2.0,47.0,8.0,2.0,0.0,0.0,0.0,0.0,0.0,9.0,1.0,9.0
6493,201560S130343,2,9,0,17,0,0,0,0,0,0,1,1,6,1,79,11,-1,-1,-1,-1,-1,-1,2,2,273475.0,301386.0,-3.869381,52.595495,60,2,2,2,26/08/2015,4,1899-12-30 22:05:00,722,W06000002,3,493,6,60,0,-1,-1,0,0,0,6,2,2,0,0,2,1,W01001933,2.0,2.0,1.0,77.0,11.0,2.0,0.0,0.0,1.0,0.0,0.0,9.0,-1.0,-1.0
6494,2015521506309,1,9,0,9,0,6,0,0,0,0,0,1,6,1,65,9,1240,1,9,-1,1,-1,1,2,374548.0,164972.0,-2.36712,51.383219,52,2,2,1,42132,4,1899-12-30 19:43:00,611,E06000022,3,367,6,30,3,4,3,4,0,0,1,1,1,0,0,1,1,E01033080,,,,,,,,,,,,,,
6495,20154100B0836,1,9,0,18,0,8,0,0,1,2,1,1,6,1,29,6,1998,1,13,-1,1,-1,2,1,525551.0,213037.0,-0.18057,51.80189,41,2,1,2,42320,6,1899-12-30 22:55:00,438,E10000015,6,1212,6,30,3,4,6,217,0,0,4,4,2,0,0,1,1,E01023951,1.0,1.0,1.0,29.0,6.0,2.0,0.0,0.0,0.0,0.0,0.0,9.0,1.0,9.0
6496,2015551500819,5,21,1,4,0,0,0,0,0,0,0,1,6,3,-1,-1,-1,-1,-1,-1,-1,-1,2,5,343724.0,92799.0,-2.798763,50.732067,55,2,5,2,25/06/2015,5,1899-12-30 16:26:00,645,E10000009,3,35,6,60,0,-1,-1,0,0,0,1,1,1,0,0,2,1,E01020517,,,,,,,,,,,,,,
6497,2015100505215,1,9,0,18,0,0,0,0,0,0,1,1,2,1,62,9,1686,2,1,-1,1,-1,1,1,422501.0,566181.0,-1.649881,54.989715,10,2,1,1,21/08/2015,6,1899-12-30 21:30:00,147,E08000021,3,167,3,70,0,-1,-1,0,0,7,4,2,2,0,0,1,1,E01008380,1.0,3.0,2.0,15.0,3.0,2.0,8.0,3.0,0.0,0.0,0.0,0.0,1.0,1.0
6498,201514K086515,1,9,0,18,0,1,0,0,0,0,1,1,6,3,-1,-1,-1,-1,-1,-1,1,-1,1,1,435823.0,387927.0,-1.462857,53.386977,14,2,1,1,42159,2,1899-12-30 23:20:00,215,E08000019,6,0,6,30,3,4,6,0,0,0,4,1,1,0,0,1,1,E01033270,1.0,3.0,1.0,31.0,6.0,2.0,5.0,1.0,0.0,0.0,0.0,0.0,1.0,1.0
6499,201514C140415,1,9,0,17,0,0,1,0,0,0,2,1,6,2,22,5,-1,-1,-1,-1,1,-1,5,2,448195.0,393708.0,-1.275974,53.437954,14,2,2,5,26/12/2015,7,1899-12-30 12:00:00,213,E08000018,6,0,6,40,0,-1,-1,0,0,0,1,1,2,0,0,2,1,E01007692,4.0,2.0,2.0,24.0,5.0,3.0,0.0,0.0,1.0,0.0,0.0,9.0,1.0,4.0
6500,201522C503063,1,9,0,13,0,0,0,0,0,0,4,1,6,1,28,6,1968,2,4,-1,1,-1,1,2,410290.0,238320.0,-1.851382,52.043183,22,2,2,1,18/07/2015,7,1899-12-30 13:00:00,277,E10000034,3,44,6,60,0,-1,-1,0,0,0,1,1,1,0,0,2,1,E01032353,,,,,,,,,,,,,,
6501,201522C504002,2,1,0,18,0,8,0,0,0,0,4,1,2,2,60,9,-1,-1,-1,-1,1,-1,1,2,383580.0,254950.0,-2.241625,52.192541,22,2,2,1,14/10/2015,4,1899-12-30 06:40:00,276,E10000034,6,0,6,30,3,4,6,0,0,0,4,1,1,0,0,1,1,E01032320,1.0,1.0,2.0,60.0,9.0,2.0,0.0,0.0,0.0,0.0,0.0,1.0,1.0,8.0
6502,2015440262663,1,1,0,18,0,0,0,0,0,0,1,1,6,1,22,5,-1,-1,-1,-1,1,-1,1,1,460983.0,100354.0,-1.136029,50.799547,44,2,1,1,31/07/2015,6,1899-12-30 03:30:00,493,E10000014,3,32,6,30,0,-1,-1,0,0,0,4,1,1,0,0,1,1,E01022833,1.0,1.0,1.0,22.0,5.0,2.0,0.0,0.0,0.0,0.0,0.0,1.0,1.0,7.0
6503,2015300012716,1,9,0,17,0,0,0,0,0,0,2,1,6,1,29,6,1895,1,17,-1,1,-1,1,2,443230.0,334550.0,-1.358683,52.906652,30,2,2,1,42341,5,1899-12-30 17:47:00,324,E10000007,4,5010,6,60,0,-1,-1,0,0,0,6,1,1,0,0,2,1,E01019654,,,,,,,,,,,,,,
6504,201504EF15155,1,9,0,18,0,8,0,0,0,0,4,1,6,1,28,6,1149,1,5,-1,1,-1,3,2,383600.0,430860.0,-2.250318,53.773816,4,2,2,3,27/05/2015,4,1899-12-30 16:50:00,72,E10000017,6,0,6,30,8,4,6,0,0,0,1,2,2,0,0,1,1,E01024871,3.0,2.0,1.0,5.0,1.0,3.0,0.0,0.0,1.0,0.0,0.0,9.0,1.0,6.0
6505,2015320118513,2,9,0,17,0,0,0,0,0,0,1,1,6,2,46,8,1461,2,1,-1,1,-1,1,2,519117.0,308459.0,-0.240245,52.660775,32,2,2,1,42166,6,1899-12-30 17:52:00,355,E10000019,4,1166,6,60,0,-1,-1,0,0,0,6,1,2,0,0,2,1,E01026304,,,,,,,,,,,,,,
6506,2015120094927,1,9,0,9,0,6,0,0,0,0,0,1,6,1,72,10,1598,1,3,-1,-1,-1,1,2,480069.0,514435.0,-0.76458,54.518895,12,2,2,1,42191,1,1899-12-30 15:20:00,186,E10000023,3,174,6,60,3,4,6,2293,0,0,1,1,1,0,0,2,1,E01027841,,,,,,,,,,,,,,
6507,201522F501543,2,9,0,4,0,0,0,0,0,0,2,1,2,1,20,4,-1,-1,-1,-1,-1,-1,1,2,333820.0,326830.0,-2.98382,52.834905,22,2,2,1,20/04/2015,2,1899-12-30 07:55:00,286,E06000051,3,5,6,60,0,-1,-1,0,0,0,1,1,4,0,0,2,1,E01028922,,,,,,,,,,,,,,
6508,2015551600945,1,9,0,9,0,1,0,0,7,0,4,1,6,1,81,11,1332,1,4,-1,2,-1,3,2,383444.0,123301.0,-2.237355,51.008851,55,2,2,3,42073,7,1899-12-30 12:24:00,642,E10000009,3,30,6,60,8,4,6,0,0,0,1,1,1,0,0,2,1,E01033158,1.0,1.0,1.0,81.0,11.0,3.0,0.0,0.0,0.0,0.0,0.0,9.0,2.0,5.0
6509,2015540074315,2,9,0,9,0,6,0,0,0,0,1,1,6,2,66,10,1769,1,10,-1,2,-1,1,2,382745.0,168817.0,-2.249523,51.418102,54,2,2,1,42064,7,1899-12-30 14:08:00,635,E06000054,3,4,6,30,3,4,6,0,0,0,1,1,2,0,0,1,1,E01031890,,,,,,,,,,,,,,
6510,201563DP35515,1,9,0,9,0,8,0,0,0,0,3,1,6,1,81,11,-1,-1,-1,-1,3,-1,2,2,331520.0,272680.0,-3.006735,52.347896,63,2,2,2,42287,7,1899-12-30 09:35:00,753,W06000023,3,4113,6,60,8,4,6,0,0,0,1,1,1,0,0,2,1,W01000449,1.0,1.0,1.0,81.0,11.0,2.0,0.0,0.0,0.0,0.0,0.0,9.0,3.0,6.0
6511,201523S010006,2,9,0,18,0,0,0,0,0,0,1,1,6,1,87,11,-1,-1,-1,-1,1,-1,3,2,431018.0,265437.0,-1.546703,52.286202,23,2,2,3,42064,7,1899-12-30 08:40:00,294,E10000031,3,452,6,30,0,-1,-1,0,0,0,1,2,2,0,0,1,1,E01031291,3.0,2.0,2.0,84.0,11.0,2.0,0.0,0.0,1.0,0.0,0.0,9.0,1.0,6.0
6512,2015405CA0859,2,9,0,4,0,0,0,0,0,0,3,1,6,1,58,9,1997,2,-1,-1,3,-1,1,3,505973.0,221840.0,-0.461689,51.885058,40,2,3,1,25/07/2015,7,1899-12-30 11:41:00,424,E06000056,1,1,3,70,0,-1,-1,0,0,0,1,1,1,0,0,2,1,E01017562,,,,,,,,,,,,,,
6513,2015360095068,1,9,0,9,0,5,0,0,0,0,1,1,6,3,-1,-1,1586,1,6,-1,-1,-1,1,2,622211.0,311722.0,1.284143,52.65766,36,2,2,1,31/10/2015,7,1899-12-30 10:15:00,401,E10000020,3,1042,6,40,3,2,6,0,0,5,1,1,1,0,0,1,1,E01026530,,,,,,,,,,,,,,
6514,2015440216123,2,9,0,7,0,8,0,0,0,0,4,1,6,2,26,6,1796,1,8,-1,1,-1,1,2,469282.0,111404.0,-1.016198,50.897968,44,2,2,1,25/06/2015,5,1899-12-30 17:57:00,495,E10000014,3,3,6,30,3,4,6,0,0,0,1,1,1,0,0,1,1,E01022920,,,,,,,,,,,,,,
6515,201543N097055,2,5,0,18,0,1,1,0,0,0,1,1,6,1,27,6,998,1,6,-1,1,-1,2,2,487675.0,193930.0,-0.734502,51.637353,43,2,2,2,16/05/2015,7,1899-12-30 14:00:00,480,E10000002,6,3061,6,30,3,4,6,3061,0,0,1,1,1,0,0,1,1,E01017852,2.0,1.0,1.0,27.0,6.0,2.0,0.0,0.0,0.0,0.0,0.0,5.0,1.0,6.0
6516,2015051501116,1,97,0,18,0,1,0,0,0,0,1,1,6,1,17,4,-1,-1,-1,-1,1,-1,1,2,340205.0,395536.0,-2.901903,53.453171,5,2,2,1,26/04/2015,1,1899-12-30 12:40:00,91,E08000012,6,0,6,30,3,4,6,0,0,0,1,1,1,0,0,1,1,E01006662,1.0,1.0,1.0,17.0,4.0,2.0,0.0,0.0,0.0,0.0,0.0,97.0,1.0,1.0
6517,201550KE2D007,1,9,0,18,0,8,0,0,0,0,4,1,1,2,45,7,1598,2,2,-1,1,-1,1,1,300099.0,80950.0,-3.413541,50.619672,50,2,1,1,13/05/2015,4,1899-12-30 17:24:00,580,E10000008,4,3178,6,30,3,4,6,0,0,0,1,1,1,0,0,1,1,E01019916,1.0,3.0,2.0,10.0,2.0,2.0,5.0,1.0,0.0,0.0,0.0,0.0,1.0,3.0
6518,201501GD10679,1,9,0,18,0,2,0,0,0,0,1,1,6,1,22,5,1386,1,9,-1,1,-1,1,1,534600.0,186830.0,-0.059509,51.564291,1,2,1,1,29/08/2015,7,1899-12-30 03:00:00,4,E09000012,3,107,6,30,3,4,6,0,0,0,4,1,1,0,0,1,1,E01001822,1.0,3.0,1.0,62.0,9.0,2.0,5.0,1.0,0.0,0.0,2.0,0.0,-1.0,-1.0
6519,2015120156562,2,19,0,18,0,0,0,0,0,0,0,1,6,1,31,6,2402,2,8,-1,3,-1,1,2,474403.0,485275.0,-0.859378,54.257746,12,2,2,1,42133,7,1899-12-30 15:15:00,185,E10000023,3,170,6,60,0,-1,-1,0,0,0,1,1,1,0,0,2,1,E01027800,,,,,,,,,,,,,,
6520,2015941500820,1,9,0,5,7,7,0,0,7,7,4,1,6,2,45,7,1998,8,-1,-1,-1,-1,2,2,319927.0,692992.0,-3.289562,56.122923,94,2,2,2,21/10/2015,4,1899-12-30 22:44:00,925,S12000015,4,9149,6,40,6,4,3,92,0,0,6,2,2,0,0,2,1,,1.0,1.0,2.0,45.0,7.0,2.0,0.0,0.0,0.0,0.0,0.0,9.0,-1.0,-1.0
6521,2015051501180,1,9,0,4,0,0,0,0,0,0,0,1,6,2,32,6,1796,1,12,-1,1,-1,1,2,337271.0,388265.0,-2.944628,53.387483,5,2,2,1,42068,1,1899-12-30 12:30:00,91,E08000012,6,0,6,30,0,-1,-1,0,0,0,1,1,2,0,0,1,1,E01006522,,,,,,,,,,,,,,
6522,20154100F0677,2,9,0,16,0,0,0,0,7,0,1,1,6,1,43,7,1598,1,5,-1,3,-1,2,2,518629.0,208835.0,-0.282342,51.765637,41,2,2,2,23/03/2015,2,1899-12-30 21:11:00,434,E10000015,5,143,6,60,0,-1,-1,0,0,0,6,2,2,0,0,2,1,E01023736,1.0,2.0,2.0,15.0,3.0,3.0,0.0,0.0,1.0,0.0,0.0,9.0,3.0,9.0
6523,201520J001655,1,9,0,9,0,8,0,0,0,0,4,1,6,1,61,9,1747,1,14,-1,1,-1,1,2,395560.0,283350.0,-2.066755,52.448092,20,2,2,1,24/01/2015,7,1899-12-30 17:35:00,303,E08000027,6,0,6,30,3,4,6,0,0,0,4,1,2,0,0,1,1,E01009738,,,,,,,,,,,,,,
6524,201542I222307,1,9,0,9,0,1,0,0,0,0,1,1,6,1,48,8,1998,1,9,-1,1,-1,1,2,560571.0,179483.0,0.311529,51.491495,42,2,2,1,20/07/2015,2,1899-12-30 20:04:00,462,E06000034,6,0,6,30,3,4,6,0,0,0,1,1,1,0,0,1,1,E01033614,,,,,,,,,,,,,,
6525,201522F502927,2,9,0,17,0,0,0,0,0,0,1,1,6,2,34,6,2967,2,6,-1,1,-1,3,2,329930.0,330780.0,-3.042403,52.869914,22,2,2,3,25/08/2015,3,1899-12-30 22:05:00,286,E06000051,4,5069,6,60,0,-1,-1,0,0,0,6,1,2,0,0,2,1,E01028909,3.0,1.0,2.0,34.0,6.0,3.0,0.0,0.0,0.0,0.0,0.0,9.0,1.0,8.0
6526,201501KF60410,1,9,0,18,0,0,0,0,0,0,1,1,6,2,-1,-1,1596,1,5,-1,-1,-1,1,1,541110.0,182260.0,0.032519,51.521637,1,2,1,1,15/05/2015,6,1899-12-30 17:15:00,17,E09000025,6,0,6,30,0,-1,-1,0,0,0,1,1,1,0,0,1,2,E01003601,1.0,3.0,2.0,6.0,2.0,2.0,5.0,4.0,0.0,0.0,2.0,0.0,1.0,2.0
6527,201501JI40454,2,9,0,9,0,8,0,0,0,0,1,1,6,1,-1,-1,1390,1,5,-1,-1,-1,1,2,545330.0,187160.0,0.095323,51.564596,1,2,2,1,42042,5,1899-12-30 15:25:00,14,E09000026,5,0,6,30,3,2,6,0,0,5,1,1,1,0,0,1,2,E01003768,,,,,,,,,,,,,,
6528,201531P020215,1,9,0,18,0,7,1,0,0,0,1,1,6,1,31,6,2987,2,9,-1,2,-1,3,6,450960.0,343269.0,-1.242393,52.984346,31,2,6,3,42096,4,1899-12-30 14:00:00,342,E10000024,1,1,7,70,5,4,1,1,0,0,1,1,1,0,0,2,1,E01028119,1.0,1.0,1.0,31.0,6.0,3.0,0.0,0.0,0.0,0.0,0.0,9.0,2.0,10.0
6529,20151326R0053,1,9,0,18,0,0,1,4,1,0,1,1,6,1,26,6,1596,1,13,-1,1,-1,1,3,413045.0,433681.0,-1.803429,53.799272,13,2,3,1,27/06/2015,7,1899-12-30 00:25:00,200,E08000032,6,0,3,30,0,-1,-1,0,0,0,4,1,1,0,0,1,1,E01010630,1.0,1.0,1.0,26.0,6.0,2.0,0.0,0.0,0.0,0.0,0.0,9.0,1.0,1.0
6530,201543P043095,1,9,0,6,0,2,0,0,0,0,1,1,6,1,26,6,1395,1,2,-1,-1,-1,1,2,449200.0,196981.0,-1.28997,51.669457,43,2,2,1,42133,7,1899-12-30 20:38:00,483,E10000025,3,415,6,30,3,4,6,0,0,0,4,1,1,0,0,1,1,E01028703,,,,,,,,,,,,,,
6531,2015471504254,1,9,0,18,0,0,0,0,0,0,1,1,6,1,19,4,-1,-1,-1,-1,1,-1,2,1,532448.0,106477.0,-0.12017,50.842668,47,2,1,2,24/07/2015,6,1899-12-30 11:35:00,565,E06000043,3,270,6,30,0,-1,-1,0,0,0,1,2,2,0,0,1,1,E01016904,1.0,3.0,2.0,21.0,5.0,2.0,5.0,1.0,0.0,0.0,0.0,0.0,1.0,6.0
6532,201531C147115,2,9,0,18,0,0,0,0,0,0,1,1,1,1,26,6,1329,1,-1,-1,1,-1,4,3,454653.0,344169.0,-1.187239,52.992073,31,2,3,4,22/07/2015,4,1899-12-30 12:53:00,346,E06000018,4,682,6,30,0,-1,-1,0,0,0,1,1,1,0,0,1,1,E01013834,2.0,1.0,1.0,26.0,6.0,2.0,0.0,0.0,0.0,0.0,0.0,9.0,1.0,2.0
6533,2015360087453,1,19,0,9,0,6,0,0,0,0,1,1,1,1,49,8,2187,2,12,-1,1,-1,1,2,620920.0,309323.0,1.263484,52.636656,36,2,2,1,26/01/2015,2,1899-12-30 07:20:00,404,E10000020,3,1074,6,30,3,4,6,0,0,0,4,2,2,0,0,1,1,E01026866,,,,,,,,,,,,,,
6534,201506K096125,1,9,0,9,0,8,0,0,0,0,4,1,6,1,56,9,1910,2,8,-1,-1,-1,2,2,370720.0,409730.0,-2.443741,53.583335,6,2,2,2,42095,1,1899-12-30 17:22:00,100,E08000001,4,6226,6,30,6,4,6,0,0,0,4,1,2,0,0,1,1,E01004870,2.0,2.0,1.0,9.0,2.0,3.0,0.0,0.0,1.0,0.0,0.0,9.0,1.0,2.0
6535,2015331500187,2,1,0,18,0,8,0,0,0,0,3,1,2,1,42,7,-1,-1,-1,-1,1,-1,1,2,453773.0,319535.0,-1.20441,52.770739,33,2,2,1,42126,5,1899-12-30 06:50:00,362,E10000018,3,6,6,30,6,2,4,5350,0,5,4,1,2,0,0,1,2,E01025718,1.0,1.0,1.0,42.0,7.0,2.0,0.0,0.0,0.0,0.0,0.0,1.0,1.0,3.0
6536,201591NE09221,2,9,0,16,0,0,0,0,0,0,3,1,6,2,44,7,1598,1,13,-1,2,-1,6,3,259044.0,860963.0,-4.361376,57.616547,91,2,3,6,24/05/2015,1,1899-12-30 17:45:00,927,S12000017,3,9,6,60,0,-1,-1,0,0,0,1,1,2,0,0,2,1,,6.0,1.0,2.0,44.0,7.0,3.0,0.0,0.0,0.0,0.0,0.0,9.0,-1.0,-1.0
6537,2015471502453,1,5,0,18,0,0,0,0,0,0,0,1,6,1,53,8,998,1,4,-1,2,-1,1,1,592158.0,120174.0,0.73424,50.948966,47,2,1,1,42099,2,1899-12-30 15:17:00,555,E10000011,3,259,6,30,0,-1,-1,0,0,0,1,1,1,0,0,2,1,E01021117,1.0,1.0,1.0,53.0,8.0,2.0,0.0,0.0,0.0,0.0,0.0,5.0,2.0,7.0
6538,201501EO40250,1,1,0,18,0,2,0,0,0,0,2,1,6,1,20,4,-1,-1,-1,-1,1,-1,1,2,530690.0,183980.0,-0.116943,51.539598,1,2,2,1,30/03/2015,2,1899-12-30 14:00:00,3,E09000019,3,5203,6,30,3,4,6,0,0,0,1,1,1,0,0,1,2,E01002714,1.0,1.0,1.0,20.0,4.0,2.0,0.0,0.0,0.0,0.0,0.0,1.0,1.0,2.0
6539,201514A144115,4,9,0,18,0,0,0,0,0,0,2,1,6,1,63,9,1560,2,3,-1,3,-1,2,7,454739.0,397074.0,-1.176892,53.467569,14,2,7,2,42014,5,1899-12-30 09:21:00,211,E08000017,1,18,3,70,0,-1,-1,0,0,0,1,7,1,0,0,2,1,E01007545,,,,,,,,,,,,,,
6540,2015621501562,1,9,0,12,0,3,5,0,0,10,4,1,1,1,44,7,-1,-1,-1,-1,1,-1,1,1,319714.0,174905.0,-3.157196,51.467396,62,2,1,1,14/09/2015,2,1899-12-30 10:15:00,741,W06000015,3,4232,3,30,1,4,3,4234,0,0,1,2,2,0,0,1,1,W01001943,1.0,1.0,1.0,44.0,7.0,2.0,0.0,0.0,0.0,0.0,0.0,9.0,1.0,-1.0
6541,2015621500893,1,5,0,18,0,0,0,0,0,0,0,1,6,1,55,8,-1,-1,-1,-1,1,-1,1,1,271808.0,196974.0,-3.854595,51.65689,62,2,1,1,24/05/2015,1,1899-12-30 12:28:00,743,W06000012,1,4,3,70,0,-1,-1,0,0,0,1,1,1,0,0,1,1,W01000917,1.0,1.0,1.0,55.0,8.0,2.0,0.0,0.0,0.0,0.0,0.0,5.0,1.0,-1.0
6542,201534WN31635,1,9,0,18,0,8,0,0,0,0,1,1,2,1,55,8,1798,1,7,-1,1,-1,1,1,477543.0,264821.0,-0.864899,52.27608,34,2,1,1,42228,3,1899-12-30 16:44:00,384,E10000021,3,5076,3,40,3,2,6,8082,0,0,4,1,1,0,0,1,1,E01027221,1.0,3.0,2.0,29.0,6.0,2.0,5.0,3.0,0.0,0.0,0.0,0.0,1.0,1.0