,accident_index,vehicle_reference,vehicle_type,towing_and_articulation,vehicle_manoeuvre,vehicle_location-restricted_lane,junction_location,skidding_and_overturning,hit_object_in_carriageway,vehicle_leaving_carriageway,hit_object_off_carriageway,1st_point_of_impact,was_vehicle_left_hand_drive?,journey_purpose_of_driver,sex_of_driver,age_of_driver,age_band_of_driver,engine_capacity_(cc),propulsion_code,age_of_vehicle,driver_imd_decile,driver_home_area_type,vehicle_imd_decile,NUmber_of_Casualities_unique_to_accident_index,No_of_Vehicles_involved_unique_to_accident_index,location_easting_osgr,location_northing_osgr,longitude,latitude,police_force,accident_severity,number_of_vehicles,number_of_casualties,date,day_of_week,time,local_authority_(district),local_authority_(highway),1st_road_class,1st_road_number,road_type,speed_limit,junction_detail,junction_control,2nd_road_class,2nd_road_number,pedestrian_crossing-human_control,pedestrian_crossing-physical_facilities,light_conditions,weather_conditions,road_surface_conditions,special_conditions_at_site,carriageway_hazards,urban_or_rural_area,did_police_officer_attend_scene_of_accident,lsoa_of_accident_location,casualty_reference,casualty_class,sex_of_casualty,age_of_casualty,age_band_of_casualty,casualty_severity,pedestrian_location,pedestrian_movement,car_passenger,bus_or_coach_passenger,pedestrian_road_maintenance_worker,casualty_type,casualty_home_area_type,casualty_imd_decile
6543,2015160C05691,2,9,0,2,0,0,0,0,0,0,3,1,6,3,-1,-1,1997,2,3,-1,-1,-1,1,3,474485.0,455426.0,-0.865469,53.98952,16,2,3,1,15/09/2015,3,1899-12-30 08:15:00,231,E06000011,6,0,6,30,0,-1,-1,0,0,0,1,2,2,0,0,2,1,E01013126,,,,,,,,,,,,,,
6544,201534NE10505,2,9,0,7,0,8,0,0,0,0,0,1,6,2,-1,-1,1299,1,12,-1,-1,-1,1,3,495822.0,268030.0,-0.596157,52.302043,34,2,3,1,19/04/2015,1,1899-12-30 12:05:00,382,E10000021,3,5028,6,30,3,4,6,3519,0,0,1,1,1,0,0,1,1,E01027062,,,,,,,,,,,,,,
6545,2015471505516,2,9,0,17,0,0,0,0,1,0,1,1,6,2,49,8,2000,1,11,-1,2,-1,4,2,481481.0,123865.0,-0.839981,51.008408,47,2,2,4,22/09/2015,3,1899-12-30 15:23:00,559,E10000032,3,272,6,60,0,-1,-1,0,0,0,1,1,2,0,0,2,1,E01031520,2.0,1.0,2.0,49.0,8.0,2.0,0.0,0.0,0.0,0.0,0.0,9.0,2.0,7.0
6546,2015440207949,1,9,0,9,0,8,0,0,0,0,3,1,6,2,34,6,1598,1,13,-1,1,-1,1,2,439942.0,114021.0,-1.43309,50.924269,44,2,2,1,20/06/2015,7,1899-12-30 14:40:00,500,E06000045,6,0,6,30,3,4,6,0,0,1,1,1,1,0,0,1,1,E01017250,,,,,,,,,,,,,,
6547,201506A099486,1,3,0,18,0,1,5,0,0,0,3,1,6,1,21,5,124,1,6,-1,1,-1,1,2,386630.0,400190.0,-2.203015,53.498237,6,2,2,1,42312,7,1899-12-30 04:45:00,102,E08000003,3,62,3,30,6,2,5,0,0,5,7,1,1,0,0,1,1,E01005257,1.0,1.0,1.0,21.0,5.0,2.0,0.0,0.0,0.0,0.0,0.0,3.0,1.0,7.0
6548,201514A193615,1,3,0,16,0,0,1,0,0,0,1,1,2,1,25,5,125,1,3,-1,2,-1,1,2,451836.0,405225.0,-1.219273,53.541119,14,2,2,1,23/12/2015,4,1899-12-30 07:48:00,211,E08000017,3,635,6,40,0,-1,-1,0,0,0,4,1,2,0,0,2,1,E01007583,1.0,1.0,1.0,25.0,5.0,2.0,0.0,0.0,0.0,0.0,0.0,3.0,2.0,1.0
6549,2015471500535,1,9,0,18,0,0,1,0,0,0,1,1,6,1,18,4,1388,1,12,-1,1,-1,5,2,585467.0,114400.0,0.636161,50.89929,47,2,2,5,25/01/2015,1,1899-12-30 16:16:00,555,E10000011,6,0,6,60,0,-1,-1,0,0,0,1,1,1,0,0,2,1,E01021109,1.0,2.0,1.0,17.0,4.0,2.0,0.0,0.0,1.0,0.0,0.0,9.0,1.0,5.0
6550,201542I200207,1,9,0,11,0,0,0,0,0,0,0,1,1,1,56,9,1598,1,9,-1,1,-1,1,3,578509.0,192989.0,0.576495,51.607437,42,2,3,1,42315,7,1899-12-30 11:11:00,459,E10000012,3,1245,3,70,0,-1,-1,0,0,0,1,1,1,0,0,2,1,E01021920,,,,,,,,,,,,,,
6551,201501LX51270,1,9,0,18,0,1,0,0,0,0,1,1,6,1,36,7,1896,2,14,-1,1,-1,1,1,530020.0,171660.0,-0.131131,51.429037,1,2,1,1,16/11/2015,2,1899-12-30 23:02:00,9,E09000022,3,23,6,30,9,2,3,216,0,5,4,2,2,0,0,1,1,E01003119,1.0,3.0,1.0,-1.0,-1.0,2.0,1.0,3.0,0.0,0.0,2.0,0.0,-1.0,-1.0
6552,2015051503211,2,3,0,18,0,8,0,0,0,0,1,1,6,1,28,6,125,1,14,-1,1,-1,1,2,330418.0,386798.0,-3.047325,53.373439,5,2,2,1,42136,7,1899-12-30 17:00:00,95,E08000015,3,552,6,30,6,2,6,0,0,5,4,1,1,0,0,1,1,E01007245,1.0,1.0,1.0,28.0,6.0,2.0,0.0,0.0,0.0,0.0,0.0,3.0,1.0,4.0
6553,2015132BI0260,1,9,0,9,0,8,0,0,0,0,3,1,6,2,32,6,1968,2,7,-1,1,-1,1,2,430892.0,438631.0,-1.531983,53.843011,13,2,2,1,18/11/2015,4,1899-12-30 08:34:00,204,E08000035,6,0,6,30,3,4,6,0,0,0,1,5,2,0,0,1,2,E01011512,,,,,,,,,,,,,,
6554,201542I227807,3,19,0,18,0,0,0,0,0,0,4,1,1,1,42,7,2198,2,5,-1,1,-1,2,4,550999.0,197481.0,0.18149,51.65584,42,2,4,2,16/07/2015,5,1899-12-30 12:20:00,456,E10000012,1,25,3,70,0,-1,-1,0,0,0,1,1,1,0,0,2,1,E01021800,,,,,,,,,,,,,,
6555,201501JI40520,1,9,0,18,0,1,0,0,0,0,1,1,6,1,24,5,1896,2,18,-1,1,-1,1,1,543940.0,185540.0,0.074621,51.550396,1,2,1,1,19/07/2015,1,1899-12-30 20:35:00,14,E09000026,3,123,6,30,3,4,6,0,0,0,1,1,1,0,0,1,1,E01003729,1.0,3.0,1.0,11.0,3.0,2.0,5.0,3.0,0.0,0.0,2.0,0.0,1.0,2.0
6556,201531C073115,2,10,0,18,0,1,0,0,0,0,0,1,1,1,57,9,-1,2,8,-1,1,-1,4,2,455209.0,334245.0,-1.180644,52.902816,31,2,2,4,42039,5,1899-12-30 09:50:00,346,E06000018,6,0,6,30,3,4,6,0,0,0,1,1,1,0,0,1,2,E01013907,3.0,2.0,2.0,-1.0,-1.0,3.0,0.0,0.0,0.0,0.0,0.0,10.0,1.0,6.0
6557,2015471504033,2,3,0,18,0,8,0,0,0,0,3,1,6,1,17,4,125,1,1,-1,3,-1,1,2,557096.0,111184.0,0.231671,50.878802,47,2,2,1,14/07/2015,3,1899-12-30 16:14:00,556,E10000011,3,22,1,60,1,4,3,267,0,0,1,1,1,0,0,2,1,E01021197,1.0,1.0,1.0,17.0,4.0,2.0,0.0,0.0,0.0,0.0,0.0,3.0,3.0,5.0
6558,201504EF15141,2,9,0,2,0,0,0,8,0,0,1,1,6,1,23,5,1870,2,9,-1,1,-1,4,3,382690.0,422660.0,-2.263664,53.700085,4,2,3,4,42040,7,1899-12-30 04:35:00,82,E10000017,6,0,6,30,0,-1,-1,0,0,0,1,1,1,0,0,1,1,E01025373,3.0,2.0,2.0,19.0,4.0,3.0,0.0,0.0,2.0,0.0,0.0,9.0,3.0,4.0
6559,2015440428477,1,5,0,18,0,1,0,0,0,0,1,1,6,1,23,5,599,1,11,-1,1,-1,1,2,457687.0,104948.0,-1.182072,50.841191,44,2,2,1,42228,3,1899-12-30 18:05:00,492,E10000014,3,32,6,30,8,4,6,0,0,0,4,1,1,0,0,1,2,E01022724,1.0,1.0,1.0,23.0,5.0,2.0,0.0,0.0,0.0,0.0,0.0,5.0,1.0,2.0
6560,201520W012455,1,9,0,18,0,8,0,0,0,0,1,1,2,2,38,7,1598,1,8,-1,1,-1,1,2,407990.0,288890.0,-1.883736,52.497858,20,2,2,1,20/01/2015,3,1899-12-30 17:45:00,300,E08000025,3,5127,1,30,1,4,4,4144,0,4,4,3,2,0,0,1,1,E01008910,,,,,,,,,,,,,,
6561,2015160C02781,1,5,0,18,0,0,1,10,0,0,3,1,6,1,51,8,1050,1,10,-1,1,-1,1,1,478916.0,447771.0,-0.799882,53.920078,16,2,1,1,26/05/2015,3,1899-12-30 16:43:00,231,E06000011,6,0,6,60,0,-1,-1,0,0,0,1,1,1,5,2,2,1,E01013127,1.0,1.0,1.0,51.0,8.0,2.0,0.0,0.0,0.0,0.0,0.0,5.0,1.0,5.0
6562,2015440387785,1,9,0,18,0,0,0,0,1,0,1,1,6,1,84,11,1339,1,11,-1,1,-1,2,1,482275.0,160885.0,-0.820204,51.341108,44,2,1,2,42196,7,1899-12-30 17:43:00,494,E10000014,4,3272,6,30,0,-1,-1,0,0,0,4,1,2,0,0,1,1,E01022890,1.0,3.0,2.0,14.0,3.0,2.0,6.0,9.0,0.0,0.0,0.0,0.0,1.0,10.0
6563,2015320010472,4,21,4,18,0,0,0,0,0,0,1,1,6,1,60,9,9290,2,2,-1,3,-1,3,4,525130.0,336682.0,-0.14061,52.913,32,2,4,3,25/02/2015,4,1899-12-30 05:32:00,350,E10000019,3,17,6,60,0,-1,-1,0,0,0,4,1,2,0,0,2,1,E01026016,,,,,,,,,,,,,,
6564,201520G004355,1,9,0,16,0,1,5,7,7,2,1,1,6,3,-1,-1,1360,1,9,-1,-1,-1,1,1,394310.0,295540.0,-2.08536,52.557667,20,2,1,1,13/04/2015,2,1899-12-30 00:30:00,309,E08000031,6,0,6,30,3,4,6,0,0,8,4,1,2,0,0,1,1,E01010451,1.0,2.0,1.0,21.0,5.0,2.0,0.0,0.0,1.0,0.0,0.0,9.0,1.0,3.0
6565,2015460262671,3,9,0,4,0,8,0,0,0,0,0,1,6,2,37,7,998,1,5,-1,1,-1,1,3,622430.0,136850.0,1.174761,51.087816,46,2,3,1,42165,3,1899-12-30 17:10:00,539,E10000016,6,3910,6,30,3,4,6,0,0,0,1,1,2,0,0,1,1,E01024515,,,,,,,,,,,,,,
6566,201563DP21415,2,9,0,3,0,1,0,0,0,0,2,1,6,1,51,8,-1,-1,-1,-1,1,-1,2,4,299130.0,225240.0,-3.468002,51.916521,63,2,4,2,14/08/2015,6,1899-12-30 09:40:00,753,W06000023,3,470,6,60,9,4,6,0,0,0,1,2,2,0,0,2,2,W01001897,,,,,,,,,,,,,,
6567,201522C501120,4,9,0,10,0,8,0,0,0,0,2,1,6,1,23,5,1248,2,11,-1,1,-1,2,4,379850.0,245390.0,-2.29562,52.106469,22,2,4,2,31/03/2015,3,1899-12-30 16:00:00,273,E10000034,4,4211,6,30,3,4,6,0,0,0,1,4,1,0,0,1,1,E01032185,,,,,,,,,,,,,,
6568,201542I233808,1,5,0,16,0,0,1,0,4,0,0,1,6,1,35,6,998,1,5,-1,1,-1,1,1,577220.0,195160.0,0.558998,51.627344,42,2,1,1,42043,1,1899-12-30 12:40:00,454,E10000012,3,130,3,70,0,-1,-1,0,0,0,1,1,1,0,0,2,1,E01021594,1.0,1.0,1.0,35.0,6.0,2.0,0.0,0.0,0.0,0.0,0.0,5.0,1.0,9.0
6569,201560S173022,2,19,0,18,0,0,0,0,0,0,1,1,6,1,42,7,-1,-1,-1,-1,-1,-1,2,2,330288.0,362825.0,-3.044016,53.15797,60,2,2,2,42288,3,1899-12-30 20:14:00,724,W06000005,3,5118,6,50,0,-1,-1,0,0,0,4,1,1,0,0,2,1,W01000327,2.0,2.0,2.0,35.0,6.0,2.0,0.0,0.0,1.0,0.0,0.0,19.0,-1.0,-1.0
6570,201542I223807,1,9,0,17,0,0,0,10,1,2,4,1,6,2,69,10,2979,1,13,-1,1,-1,1,1,574314.0,192584.0,0.515777,51.605112,42,2,1,1,13/07/2015,2,1899-12-30 17:06:00,450,E10000012,6,0,6,30,0,-1,-1,0,0,0,1,1,1,0,0,1,1,E01021330,1.0,1.0,2.0,69.0,10.0,2.0,0.0,0.0,0.0,0.0,0.0,9.0,1.0,8.0
6571,201514C096615,1,9,0,9,0,5,0,0,0,0,1,1,6,1,26,6,998,1,4,-1,1,-1,1,2,441804.0,395435.0,-1.371944,53.45402,14,2,2,1,19/09/2015,7,1899-12-30 19:45:00,213,E08000018,6,0,6,30,3,4,6,0,0,0,4,1,1,0,0,1,1,E01007729,,,,,,,,,,,,,,
6572,2015120202525,3,9,0,18,0,1,1,0,1,4,1,1,6,1,46,8,-1,-1,-1,-1,2,-1,2,3,455024.0,447226.0,-1.163716,53.918263,12,2,3,2,14/10/2015,4,1899-12-30 17:34:00,189,E06000014,3,64,3,70,8,4,6,0,0,0,1,1,1,0,0,2,1,E01013421,2.0,2.0,2.0,45.0,7.0,2.0,0.0,0.0,1.0,0.0,0.0,9.0,2.0,9.0
6573,201501PY20796,1,1,0,7,0,8,0,0,0,0,3,1,6,1,32,6,-1,-1,-1,-1,1,-1,1,2,535610.0,170490.0,-0.051218,51.417214,1,2,2,1,42074,3,1899-12-30 17:10:00,19,E09000006,6,0,6,30,3,4,3,213,0,0,1,1,1,0,0,1,2,E01000805,1.0,1.0,1.0,32.0,6.0,2.0,0.0,0.0,0.0,0.0,0.0,1.0,1.0,5.0
6574,2015440020618,1,11,0,17,0,0,0,0,1,1,1,1,1,1,49,8,9600,2,17,-1,1,-1,2,2,459318.0,113914.0,-1.157459,50.921644,44,2,2,2,19/01/2015,2,1899-12-30 15:25:00,502,E10000014,6,0,6,60,0,-1,-1,0,0,0,1,1,2,0,0,2,1,E01023277,1.0,2.0,1.0,16.0,4.0,3.0,0.0,0.0,0.0,4.0,0.0,11.0,3.0,7.0
6575,201506E099797,1,9,0,18,0,8,0,0,0,0,1,1,6,1,30,6,-1,-1,-1,-1,-1,-1,1,2,386620.0,393980.0,-2.202899,53.442419,6,2,2,1,42312,7,1899-12-30 10:50:00,102,E08000003,3,5079,3,30,1,4,4,5093,0,0,1,1,1,0,0,1,2,E01005218,,,,,,,,,,,,,,
6576,2015360093388,2,19,0,18,0,0,0,0,1,0,1,1,6,1,73,10,1995,2,8,-1,3,-1,2,2,548296.0,306481.0,0.18998,52.635819,36,2,2,2,42133,7,1899-12-30 08:45:00,407,E10000020,3,1101,6,50,0,-1,-1,0,0,0,1,1,2,0,0,2,1,E01026661,2.0,1.0,1.0,73.0,10.0,3.0,0.0,0.0,0.0,0.0,0.0,19.0,3.0,3.0
6577,2015921500898,1,1,0,18,0,6,0,0,0,0,1,1,2,1,35,6,-1,-1,-1,-1,3,-1,1,2,393250.0,804260.0,-2.113133,57.12921,92,2,2,1,42346,4,1899-12-30 17:40:00,910,S12000033,3,945,6,30,1,4,6,0,0,4,1,1,1,2,0,1,1,,1.0,1.0,1.0,35.0,6.0,2.0,0.0,0.0,0.0,0.0,0.0,1.0,3.0,-1.0
6578,2015471501511,1,9,0,16,0,0,0,0,0,0,4,1,1,1,47,8,1499,2,1,-1,-1,-1,1,2,530410.0,141650.0,-0.136476,51.159248,47,2,2,1,42280,3,1899-12-30 12:19:00,560,E10000032,1,23,3,70,0,-1,-1,0,0,0,1,1,1,0,0,2,1,E01031587,,,,,,,,,,,,,,
6579,201522G500203,1,9,0,7,0,3,0,0,0,0,1,1,1,1,25,5,1248,2,4,-1,-1,-1,1,1,368620.0,308080.0,-2.465476,52.669514,22,2,1,1,13/01/2015,3,1899-12-30 13:45:00,284,E06000020,4,4373,6,30,1,4,6,0,0,0,1,1,2,0,0,1,1,E01014166,1.0,3.0,1.0,60.0,9.0,2.0,5.0,1.0,0.0,0.0,0.0,0.0,-1.0,-1.0
6580,201504SA15452,2,5,0,16,0,0,0,0,0,0,0,1,6,1,50,8,749,1,5,-1,1,-1,2,3,352370.0,428520.0,-2.723783,53.750859,4,2,3,2,42318,1,1899-12-30 15:40:00,83,E10000017,4,5254,7,40,0,-1,-1,0,0,0,1,1,1,0,0,2,1,E01025408,,,,,,,,,,,,,,
6581,201501JC30400,2,9,0,3,0,1,0,0,0,0,4,1,6,2,-1,-1,-1,-1,-1,-1,-1,-1,1,2,536170.0,189470.0,-0.03585,51.587638,1,2,2,1,17/06/2015,4,1899-12-30 08:45:00,13,E09000031,3,503,6,30,3,4,6,0,0,0,1,1,1,0,0,1,2,E01004396,,,,,,,,,,,,,,
6582,201597AC01106,2,9,0,9,0,1,0,0,0,0,4,1,6,2,40,7,1997,2,8,-1,1,-1,1,2,257715.0,664986.0,-4.274725,55.857004,97,2,2,1,29/06/2015,2,1899-12-30 17:50:00,926,S12000043,3,814,6,30,3,4,6,0,0,0,1,1,1,0,0,1,2,,,,,,,,,,,,,,,
6583,201514B031915,2,9,0,17,0,8,0,0,0,0,1,1,6,1,54,8,1975,2,17,-1,2,-1,2,2,439645.0,410268.0,-1.402582,53.587504,14,2,2,2,42312,7,1899-12-30 19:50:00,210,E08000016,3,628,1,40,1,4,3,6195,0,0,1,1,1,0,0,2,1,E01007331,,,,,,,,,,,,,,
6584,201542I023101,4,9,0,3,0,0,0,0,0,0,2,1,1,2,41,7,-1,-1,-1,-1,3,-1,3,6,574097.0,203264.0,0.517959,51.701113,42,2,6,3,21/01/2015,4,1899-12-30 09:29:00,454,E10000012,3,130,3,70,0,-1,-1,0,0,0,1,1,2,0,0,2,1,E01021555,3.0,1.0,2.0,41.0,7.0,3.0,0.0,0.0,0.0,0.0,0.0,9.0,3.0,6.0
6585,201563AC33315,1,9,0,18,0,4,0,0,0,0,1,1,6,3,-1,-1,-1,-1,-1,-1,-1,-1,1,2,252500.0,199990.0,-4.134799,51.679251,63,2,2,1,42011,4,1899-12-30 06:25:00,751,W06000010,3,484,1,40,1,4,3,4138,0,0,1,1,1,0,0,2,2,W01000628,,,,,,,,,,,,,,
6586,201501JC30222,1,3,0,18,0,8,0,0,0,0,3,1,6,1,38,7,-1,-1,-1,-1,1,-1,3,1,537790.0,188140.0,-0.013003,51.575293,1,2,1,3,22/04/2015,4,1899-12-30 08:54:00,13,E09000031,3,112,6,30,6,2,3,104,0,5,1,1,1,0,0,1,1,E01004420,2.0,3.0,1.0,6.0,2.0,3.0,1.0,3.0,0.0,0.0,2.0,0.0,1.0,2.0
6587,2015471505960,3,9,0,7,0,5,0,0,0,0,0,1,6,2,52,8,1598,1,10,-1,1,-1,1,3,525509.0,105037.0,-0.219167,50.83127,47,2,3,1,42318,1,1899-12-30 11:10:00,557,E10000032,3,259,6,30,3,4,6,0,0,0,1,1,1,0,0,1,1,E01031348,,,,,,,,,,,,,,
6588,2015360086948,1,9,0,18,0,0,0,0,1,0,1,1,6,1,27,6,2494,1,11,-1,-1,-1,2,1,652287.0,308283.0,1.725255,52.613667,36,2,1,2,42156,3,1899-12-30 12:03:00,402,E10000020,6,0,6,30,0,-1,-1,0,0,0,1,1,1,0,0,1,1,E01026596,1.0,3.0,1.0,32.0,6.0,2.0,6.0,9.0,0.0,0.0,0.0,0.0,3.0,4.0
6589,2015471504248,2,9,0,16,0,1,0,0,1,0,1,1,6,1,81,11,1200,1,-1,-1,3,-1,3,2,547302.0,130128.0,0.100221,51.051615,47,2,2,3,24/07/2015,6,1899-12-30 12:56:00,556,E10000011,4,2026,6,40,3,4,4,2188,0,0,1,5,2,0,0,2,1,E01021173,3.0,2.0,2.0,76.0,11.0,2.0,0.0,0.0,2.0,0.0,0.0,9.0,3.0,6.0
6590,2015132B51307,2,21,1,18,0,0,0,0,0,0,1,1,1,1,47,8,11705,2,8,-1,1,-1,4,4,425228.0,426669.0,-1.619037,53.735804,13,2,4,4,42135,5,1899-12-30 17:50:00,204,E08000035,1,62,3,70,0,-1,-1,0,0,0,4,8,2,0,0,1,1,E01011534,2.0,1.0,1.0,47.0,8.0,3.0,0.0,0.0,0.0,0.0,0.0,21.0,1.0,4.0
6591,201501RG40073,1,9,0,18,0,8,0,0,0,0,1,1,6,2,44,7,1498,1,10,-1,1,-1,1,1,542700.0,174420.0,0.052255,51.45079,1,2,1,1,42156,3,1899-12-30 17:35:00,6,E09000011,3,210,6,30,6,2,3,208,0,5,4,1,1,0,0,1,1,E01001609,1.0,3.0,2.0,11.0,3.0,2.0,1.0,3.0,0.0,0.0,2.0,0.0,1.0,4.0
6592,2015350116015,2,9,0,3,0,0,0,0,0,0,2,1,2,2,29,6,1242,1,8,-1,1,-1,4,7,546620.0,262140.0,0.145788,52.23793,35,2,7,4,30/06/2015,3,1899-12-30 08:20:00,395,E10000003,3,14,3,70,0,-1,-1,0,0,0,1,1,1,0,0,2,1,E01018274,1.0,1.0,2.0,29.0,6.0,2.0,0.0,0.0,0.0,0.0,0.0,9.0,1.0,8.0
6593,2015160D00551,2,9,0,2,0,0,0,0,0,0,4,1,6,1,-1,-1,1896,2,9,-1,1,-1,2,2,511825.0,433755.0,-0.304103,53.788109,16,2,2,2,42218,1,1899-12-30 01:25:00,228,E06000010,6,0,6,30,0,-1,-1,0,0,0,4,1,2,0,0,1,1,E01012908,,,,,,,,,,,,,,
6594,201511NI10545,2,9,0,18,0,0,0,0,1,0,1,1,6,1,68,10,1997,2,9,-1,3,-1,3,2,414845.0,549185.0,-1.7704,54.837271,11,2,2,3,30/05/2015,7,1899-12-30 13:15:00,169,E06000047,3,691,6,60,0,-1,-1,0,0,0,1,1,1,0,0,2,1,E01020664,2.0,1.0,1.0,68.0,10.0,2.0,0.0,0.0,0.0,0.0,0.0,9.0,3.0,10.0
6595,201542I117604,1,9,0,9,0,1,0,4,0,0,1,1,6,2,19,4,1598,1,12,-1,1,-1,2,2,557925.0,181696.0,0.274437,51.512122,42,2,2,2,15/04/2015,4,1899-12-30 22:55:00,462,E06000034,6,0,6,30,3,4,6,0,0,0,4,1,1,0,0,1,1,E01015972,1.0,1.0,2.0,19.0,4.0,3.0,0.0,0.0,0.0,0.0,0.0,9.0,1.0,4.0
6596,201501XD81067,1,9,0,16,0,8,0,0,0,0,4,1,6,1,23,5,1298,1,13,-1,1,-1,1,2,520690.0,181890.0,-0.261777,51.52304,1,2,2,1,26/11/2015,5,1899-12-30 18:00:00,27,E09000009,3,4000,6,30,3,4,5,0,0,0,4,1,1,0,0,1,1,E01001238,,,,,,,,,,,,,,
6597,2015921501114,2,9,0,18,0,8,5,0,0,0,1,1,6,2,26,6,1598,1,2,-1,1,-1,1,2,386650.0,806655.0,-2.222282,57.150578,92,2,2,1,42045,6,1899-12-30 22:15:00,910,S12000033,6,0,6,40,3,2,6,0,0,0,4,1,1,0,0,2,1,,1.0,1.0,2.0,26.0,6.0,2.0,0.0,0.0,0.0,0.0,0.0,9.0,1.0,-1.0
6598,201506J004198,2,4,0,18,0,8,0,0,1,0,1,1,6,1,61,9,-1,-1,-1,-1,1,-1,1,2,391110.0,392390.0,-2.135258,53.428223,6,2,2,1,30/07/2015,5,1899-12-30 15:20:00,109,E08000007,6,0,6,30,8,4,6,0,0,0,1,1,1,0,0,1,1,E01005753,1.0,1.0,1.0,61.0,9.0,2.0,0.0,0.0,0.0,0.0,0.0,4.0,1.0,1.0
6599,2015320097866,1,9,0,13,0,0,0,0,7,9,1,1,6,1,33,6,1490,1,10,-1,1,-1,4,1,496763.0,387945.0,-0.546827,53.379504,32,2,1,4,26/09/2015,7,1899-12-30 15:01:00,356,E10000019,3,15,6,60,0,-1,-1,0,0,0,1,1,1,0,0,2,1,E01026399,2.0,2.0,2.0,32.0,6.0,2.0,0.0,0.0,2.0,0.0,0.0,9.0,1.0,7.0
6600,2015132A21017,1,9,0,18,0,0,0,0,0,0,4,1,6,3,-1,-1,-1,-1,-1,-1,-1,-1,1,1,414413.0,408476.0,-1.783822,53.572692,13,2,1,1,42045,6,1899-12-30 09:00:00,203,E08000034,6,0,6,30,0,-1,-1,0,0,0,1,1,1,0,0,1,2,E01011181,1.0,3.0,2.0,18.0,4.0,2.0,6.0,8.0,0.0,0.0,0.0,0.0,1.0,9.0
6601,201520K008665,2,3,0,18,0,8,0,0,0,0,1,1,1,1,30,6,124,1,1,-1,1,-1,1,2,397170.0,286430.0,-2.043094,52.475792,20,2,2,1,17/04/2015,6,1899-12-30 05:46:00,305,E08000028,3,4100,6,30,3,4,6,0,0,4,1,1,1,0,0,1,1,E01009932,1.0,1.0,1.0,30.0,6.0,2.0,0.0,0.0,0.0,0.0,0.0,3.0,1.0,1.0
6602,201520M004185,1,9,0,18,0,2,0,0,0,0,1,1,6,1,42,7,2300,1,18,-1,1,-1,2,1,432380.0,278950.0,-1.525439,52.407603,20,2,1,2,14/02/2015,7,1899-12-30 19:57:00,302,E08000026,4,4101,6,30,3,4,6,0,0,4,4,2,2,0,0,1,1,E01009689,1.0,3.0,2.0,72.0,10.0,2.0,2.0,1.0,0.0,0.0,0.0,0.0,-1.0,-1.0
6603,2015440418041,2,9,0,5,0,1,0,0,0,0,0,1,2,1,-1,-1,998,1,18,-1,-1,-1,1,2,458907.0,100892.0,-1.165398,50.804599,44,2,2,1,42047,4,1899-12-30 06:33:00,493,E10000014,6,0,6,30,3,4,6,0,0,0,4,1,2,0,0,1,1,E01032882,,,,,,,,,,,,,,
6604,2015051500898,1,9,0,9,0,1,1,0,7,11,1,1,6,1,20,4,1242,1,11,-1,1,-1,3,2,334311.0,391733.0,-2.98985,53.41829,5,2,2,3,42039,5,1899-12-30 19:25:00,91,E08000012,3,5038,6,30,3,4,6,0,0,0,1,1,1,0,0,1,1,E01006776,2.0,2.0,2.0,23.0,5.0,2.0,0.0,0.0,1.0,0.0,0.0,9.0,1.0,3.0
6605,201537EA96593,2,9,0,16,0,0,0,0,0,0,1,1,6,1,69,10,1124,1,17,-1,1,-1,3,2,566942.0,253185.0,0.438716,52.151712,37,2,2,3,24/12/2015,5,1899-12-30 19:44:00,414,E10000029,4,1061,6,30,0,-1,-1,0,0,0,4,1,2,0,0,2,1,E01030151,3.0,2.0,2.0,72.0,10.0,2.0,0.0,0.0,1.0,0.0,0.0,9.0,1.0,4.0
6606,2015450021690,2,9,0,2,0,0,0,0,0,0,1,1,6,3,45,7,1995,1,9,-1,1,-1,1,3,519770.0,160536.0,-0.282243,51.331316,45,2,3,1,42037,2,1899-12-30 20:15:00,38,E10000030,6,2389,6,30,0,-1,-1,0,0,0,4,1,1,0,0,1,1,E01030404,,,,,,,,,,,,,,
6607,20154100D0615,3,9,0,4,0,1,0,0,0,0,0,1,6,1,55,8,-1,-1,-1,-1,1,-1,5,4,505487.0,208646.0,-0.472764,51.766565,41,2,4,5,28/11/2015,7,1899-12-30 16:20:00,431,E10000015,3,4147,6,50,8,4,-1,-1,0,0,4,2,2,0,0,2,1,E01023399,,,,,,,,,,,,,,
6608,201501BS70410,1,8,0,18,0,8,0,0,0,0,4,1,1,1,61,9,2231,2,8,-1,1,-1,1,1,525800.0,179710.0,-0.188938,51.502334,1,2,1,1,17/07/2015,6,1899-12-30 20:50:00,12,E09000020,3,315,6,30,3,4,6,0,0,4,4,1,1,0,0,1,1,E01002889,1.0,3.0,1.0,-1.0,-1.0,2.0,4.0,1.0,0.0,0.0,2.0,0.0,-1.0,-1.0
6609,2015621500156,1,11,0,18,0,0,0,0,0,0,1,1,1,1,62,9,-1,-1,-1,-1,1,-1,35,5,307421.0,179663.0,-3.335369,51.508286,62,2,5,35,24/01/2015,7,1899-12-30 11:55:00,746,W06000014,1,4,3,70,0,-1,-1,0,0,0,1,1,1,0,0,2,1,W01001113,21.0,2.0,1.0,76.0,11.0,3.0,0.0,0.0,0.0,4.0,0.0,11.0,1.0,-1.0