,accident_index,vehicle_reference,vehicle_type,towing_and_articulation,vehicle_manoeuvre,vehicle_location-restricted_lane,junction_location,skidding_and_overturning,hit_object_in_carriageway,vehicle_leaving_carriageway,hit_object_off_carriageway,1st_point_of_impact,was_vehicle_left_hand_drive?,journey_purpose_of_driver,sex_of_driver,age_of_driver,age_band_of_driver,engine_capacity_(cc),propulsion_code,age_of_vehicle,driver_imd_decile,driver_home_area_type,vehicle_imd_decile,NUmber_of_Casualities_unique_to_accident_index,No_of_Vehicles_involved_unique_to_accident_index,location_easting_osgr,location_northing_osgr,longitude,latitude,police_force,accident_severity,number_of_vehicles,number_of_casualties,date,day_of_week,time,local_authority_(district),local_authority_(highway),1st_road_class,1st_road_number,road_type,speed_limit,junction_detail,junction_control,2nd_road_class,2nd_road_number,pedestrian_crossing-human_control,pedestrian_crossing-physical_facilities,light_conditions,weather_conditions,road_surface_conditions,special_conditions_at_site,carriageway_hazards,urban_or_rural_area,did_police_officer_attend_scene_of_accident,lsoa_of_accident_location,casualty_reference,casualty_class,sex_of_casualty,age_of_casualty,age_band_of_casualty,casualty_severity,pedestrian_location,pedestrian_movement,car_passenger,bus_or_coach_passenger,pedestrian_road_maintenance_worker,casualty_type,casualty_home_area_type,casualty_imd_decile
6676,2015471502838,2,9,0,2,0,0,0,0,0,0,4,1,6,3,-1,-1,1796,1,14,-1,-1,-1,1,2,512713.0,102707.0,-0.401503,50.812956,47,2,2,1,20/05/2015,4,1899-12-30 14:15:00,564,E10000032,6,0,6,30,0,-1,-1,0,0,0,1,1,1,0,0,1,1,E01031813,,,,,,,,,,,,,,
6677,201501LX50923,1,9,0,9,0,2,0,0,0,0,4,1,6,1,50,8,-1,-1,-1,-1,1,-1,1,1,531270.0,177450.0,-0.111014,51.480782,1,2,1,1,25/08/2015,3,1899-12-30 10:10:00,9,E09000022,3,23,6,30,3,4,6,0,0,0,1,1,1,0,0,1,1,E01003100,1.0,3.0,2.0,50.0,8.0,2.0,5.0,1.0,0.0,0.0,2.0,0.0,1.0,4.0
6678,201511SA18295,2,9,0,18,0,8,0,0,0,0,1,1,6,1,39,7,1598,1,7,-1,2,-1,1,2,424235.0,529522.0,-1.625838,54.660208,11,2,2,1,13/09/2015,1,1899-12-30 18:18:00,169,E06000047,6,0,6,30,3,4,6,0,0,0,1,1,1,0,0,2,1,E01020874,,,,,,,,,,,,,,
6679,2015551500617,1,9,0,18,0,0,1,12,7,4,1,1,2,1,44,7,1422,2,9,-1,2,-1,1,1,385751.0,87507.0,-2.203069,50.687038,55,2,1,1,23/09/2015,4,1899-12-30 06:22:00,644,E10000009,3,352,6,50,0,-1,-1,0,0,0,1,1,1,0,7,2,1,E01020489,1.0,1.0,1.0,44.0,7.0,2.0,0.0,0.0,0.0,0.0,0.0,9.0,2.0,7.0
6680,201543N080025,1,2,0,14,0,8,0,0,0,0,1,1,6,1,19,4,49,1,4,-1,1,-1,1,2,490413.0,181352.0,-0.698184,51.523856,43,2,2,1,42279,3,1899-12-30 08:34:00,477,E10000002,3,4,6,40,3,4,6,979,0,0,1,1,1,0,0,1,1,E01017833,1.0,1.0,1.0,19.0,4.0,2.0,0.0,0.0,0.0,0.0,0.0,2.0,1.0,6.0
6681,201520M003945,1,9,0,9,0,5,1,0,0,0,4,1,6,2,42,7,2143,2,1,-1,2,-1,1,2,437790.0,278470.0,-1.44597,52.402942,20,2,2,1,18/01/2015,1,1899-12-30 11:52:00,302,E08000026,4,4082,6,30,8,4,3,428,0,0,1,1,2,0,0,2,1,E01009532,1.0,2.0,2.0,93.0,11.0,2.0,0.0,0.0,1.0,0.0,0.0,9.0,2.0,9.0
6682,20151327K0878,2,1,0,18,0,1,0,0,0,0,1,1,6,1,58,9,-1,-1,-1,-1,1,-1,1,2,430650.0,438919.0,-1.535632,53.845614,13,2,2,1,20/07/2015,2,1899-12-30 14:15:00,204,E08000035,3,61,3,40,8,4,6,0,0,0,1,1,1,0,0,1,1,E01011512,1.0,1.0,1.0,58.0,9.0,2.0,0.0,0.0,0.0,0.0,0.0,1.0,1.0,9.0
6683,201501CP00288,1,1,0,18,0,1,0,8,0,0,1,1,6,1,33,6,-1,-1,-1,-1,1,-1,1,2,531120.0,181600.0,-0.111632,51.518111,1,2,2,1,29/09/2015,3,1899-12-30 12:10:00,2,E09000007,3,40,6,30,3,4,3,5200,0,0,1,1,1,0,0,1,1,E01032740,1.0,1.0,1.0,33.0,6.0,2.0,0.0,0.0,0.0,0.0,0.0,1.0,1.0,1.0
6684,201543N112015,2,1,0,10,0,1,0,0,0,0,2,1,2,1,30,6,-1,-1,-1,-1,1,-1,1,2,489277.0,187503.0,-0.712994,51.579329,43,2,2,1,20/01/2015,3,1899-12-30 08:13:00,480,E10000002,3,4155,6,30,3,4,6,0,0,0,1,1,1,0,0,1,1,E01017846,1.0,1.0,1.0,30.0,6.0,2.0,0.0,0.0,0.0,0.0,0.0,1.0,1.0,7.0
6685,2015320033492,2,9,0,4,0,1,0,0,1,9,2,1,6,1,30,6,3628,2,6,-1,2,-1,4,5,522867.0,340799.0,-0.172687,52.950511,32,2,5,4,18/05/2015,2,1899-12-30 11:33:00,350,E10000019,3,17,6,60,3,4,6,0,0,0,1,2,2,0,0,2,1,E01026033,1.0,1.0,1.0,30.0,6.0,3.0,0.0,0.0,0.0,0.0,0.0,9.0,2.0,4.0
6686,2015520505385,1,9,0,6,0,0,0,0,0,0,3,1,6,2,86,11,1298,1,12,-1,3,-1,3,2,338100.0,115917.0,-2.882354,50.939358,52,2,2,3,28/07/2015,3,1899-12-30 14:13:00,610,E10000027,3,303,6,60,0,-1,-1,0,0,0,1,1,1,0,0,2,1,E01029193,3.0,2.0,1.0,86.0,11.0,2.0,0.0,0.0,1.0,0.0,0.0,9.0,3.0,8.0
6687,2015521506547,1,9,0,18,0,0,0,0,0,0,1,1,6,1,57,9,-1,-1,-1,-1,1,-1,1,2,358659.0,159718.0,-2.594813,51.335041,52,2,2,1,42286,5,1899-12-30 15:05:00,611,E06000022,3,368,6,60,0,-1,-1,0,0,0,1,1,1,0,0,2,1,E01014384,,,,,,,,,,,,,,
6688,201520W017705,1,19,0,9,0,5,0,0,0,0,4,1,1,1,30,6,2148,2,7,-1,1,-1,1,2,408140.0,291330.0,-1.881468,52.519791,20,2,2,1,42250,2,1899-12-30 05:58:00,300,E08000025,6,0,6,30,8,4,6,0,0,0,4,1,2,0,0,1,1,E01009239,,,,,,,,,,,,,,
6689,2015120226837,2,9,0,18,0,1,0,0,0,0,1,1,6,1,72,10,1242,1,-1,-1,3,-1,3,2,444256.0,501154.0,-1.319751,54.403932,12,2,2,3,22/12/2015,3,1899-12-30 19:25:00,181,E10000023,3,19,3,70,3,4,5,163,0,0,6,1,2,0,0,2,1,E01027627,3.0,2.0,2.0,79.0,11.0,3.0,0.0,0.0,1.0,0.0,0.0,9.0,3.0,7.0
6690,201520M000915,1,9,0,14,0,0,0,0,0,0,1,1,6,2,25,5,1299,1,10,-1,1,-1,1,1,433780.0,277060.0,-1.50505,52.390528,20,2,1,1,14/01/2015,4,1899-12-30 12:43:00,302,E08000026,6,0,6,30,0,-1,-1,0,0,0,1,1,1,0,0,1,1,E01009552,1.0,3.0,2.0,62.0,9.0,2.0,5.0,2.0,0.0,0.0,0.0,0.0,1.0,3.0
6691,2015521508686,2,1,0,18,0,8,0,0,0,0,1,1,6,1,77,11,-1,-1,-1,-1,1,-1,1,2,332349.0,161166.0,-2.972708,51.345532,52,2,2,1,42197,2,1899-12-30 19:00:00,605,E06000024,3,370,6,30,3,4,6,0,0,0,4,1,1,0,0,1,1,E01014801,1.0,1.0,1.0,77.0,11.0,2.0,0.0,0.0,0.0,0.0,0.0,1.0,1.0,3.0
6692,201543N182075,1,5,0,17,0,0,1,0,1,0,0,1,1,1,53,8,749,1,14,-1,1,-1,1,1,492419.0,187185.0,-0.667747,51.575965,43,2,1,1,23/07/2015,5,1899-12-30 18:37:00,477,E10000002,6,40,6,50,0,-1,-1,0,0,0,1,1,1,0,0,2,1,E01017833,1.0,1.0,1.0,53.0,8.0,2.0,0.0,0.0,0.0,0.0,0.0,5.0,1.0,6.0
6693,2015420033943,2,1,0,18,0,8,0,0,0,0,3,1,6,2,27,6,-1,-1,-1,-1,1,-1,1,2,581402.0,213659.0,0.62897,51.792165,42,2,2,1,26/11/2015,5,1899-12-30 18:45:00,451,E10000012,6,0,6,30,1,4,6,0,0,0,4,8,1,0,0,1,2,E01021423,1.0,1.0,2.0,27.0,6.0,2.0,0.0,0.0,0.0,0.0,0.0,1.0,1.0,6.0
6694,201504WB15329,2,5,0,16,0,0,0,0,0,0,0,1,1,1,37,7,998,1,8,-1,1,-1,1,2,353020.0,463680.0,-2.719338,54.066904,4,2,2,1,27/09/2015,1,1899-12-30 18:30:00,76,E10000017,6,0,6,60,0,-1,-1,0,0,0,1,1,2,0,0,2,1,E01025132,,,,,,,,,,,,,,
6695,2015471507714,1,9,0,17,0,0,0,0,8,10,3,1,6,1,20,4,1199,1,12,-1,1,-1,1,1,536803.0,136124.0,-0.047206,51.108095,47,2,1,1,29/12/2015,3,1899-12-30 18:01:00,563,E10000032,4,2110,6,60,0,-1,-1,0,0,0,6,1,2,0,0,2,1,E01031736,1.0,1.0,1.0,20.0,4.0,2.0,0.0,0.0,0.0,0.0,0.0,9.0,1.0,8.0
6696,2015440185099,1,9,0,8,9,8,0,0,0,0,4,1,2,1,34,6,1275,1,19,-1,1,-1,1,2,452093.0,107043.0,-1.261216,50.860558,44,2,2,1,42041,3,1899-12-30 07:00:00,492,E10000014,6,0,6,30,8,4,6,0,0,0,1,5,2,0,0,1,2,E01022752,,,,,,,,,,,,,,
6697,201597ND00111,2,9,0,2,0,0,0,0,0,0,4,1,6,3,-1,-1,998,1,2,-1,-1,-1,1,3,273545.0,660889.0,-4.020103,55.824629,97,2,3,1,42015,1,1899-12-30 17:55:00,932,S12000044,6,0,6,30,0,-1,-1,0,0,0,7,1,1,0,0,1,1,,,,,,,,,,,,,,,
6698,2015170S42825,1,9,0,18,0,0,0,0,0,0,1,1,6,2,71,10,1124,1,11,-1,1,-1,1,1,441855.0,512944.0,-1.355073,54.510084,17,2,1,1,16/11/2015,2,1899-12-30 18:15:00,245,E06000004,3,67,6,30,0,-1,-1,0,0,4,4,1,1,0,0,1,1,E01012299,1.0,3.0,1.0,65.0,9.0,2.0,1.0,1.0,0.0,0.0,0.0,0.0,1.0,10.0
6699,201501XH30108,1,9,0,18,0,2,0,4,0,0,1,1,6,1,38,7,-1,-1,-1,-1,1,-1,1,4,509010.0,180660.0,-0.43044,51.514357,1,2,4,1,28/02/2015,7,1899-12-30 23:10:00,26,E09000017,6,0,6,30,3,4,6,0,0,0,4,5,2,0,0,1,1,E01002405,1.0,1.0,1.0,38.0,7.0,2.0,0.0,0.0,0.0,0.0,0.0,9.0,1.0,4.0
6700,2015440414155,1,5,0,16,0,0,0,0,0,0,1,1,6,1,21,5,645,1,12,-1,1,-1,1,1,458261.0,92445.0,-1.175899,50.728711,44,2,1,1,28/11/2015,7,1899-12-30 19:25:00,505,E06000046,3,3054,6,30,0,-1,-1,0,0,8,4,5,2,0,0,1,1,E01017341,1.0,3.0,1.0,58.0,9.0,2.0,7.0,3.0,0.0,0.0,0.0,0.0,1.0,4.0
6701,2015331502041,2,1,0,5,0,8,0,0,0,0,1,1,6,1,28,6,-1,-1,-1,-1,1,-1,1,2,459237.0,304260.0,-1.126178,52.632869,33,2,2,1,25/12/2015,6,1899-12-30 22:13:00,364,E06000016,3,594,3,30,3,2,6,2830,0,5,4,9,1,0,0,1,2,E01032872,1.0,1.0,1.0,28.0,6.0,2.0,0.0,0.0,0.0,0.0,0.0,1.0,1.0,2.0
6702,201504ED15089,1,9,0,9,0,1,0,0,0,0,1,1,6,1,74,10,1396,1,12,-1,1,-1,1,2,376210.0,428170.0,-2.362237,53.749352,4,2,2,1,42127,5,1899-12-30 18:10:00,75,E10000017,6,0,6,30,3,4,6,0,0,0,4,1,1,0,0,1,1,E01025036,,,,,,,,,,,,,,
6703,2015921500755,1,9,0,18,0,0,2,0,5,0,3,1,6,2,39,7,1390,1,12,-1,1,-1,4,1,386479.0,787213.0,-2.224052,56.975924,92,2,1,4,42101,7,1899-12-30 19:55:00,911,S12000034,3,90,3,70,0,-1,-1,0,0,0,1,7,2,0,0,2,1,,2.0,2.0,2.0,11.0,3.0,3.0,0.0,0.0,2.0,0.0,0.0,9.0,1.0,-1.0
6704,201542I292409,2,9,0,18,0,8,0,0,0,0,1,1,6,1,21,5,999,1,2,-1,1,-1,1,2,543887.0,197185.0,0.07863,51.655044,42,2,2,1,16/09/2015,4,1899-12-30 00:18:00,456,E10000012,6,0,6,30,6,4,6,0,0,0,6,1,1,0,0,1,1,E01021778,1.0,1.0,1.0,21.0,5.0,2.0,0.0,0.0,0.0,0.0,0.0,9.0,1.0,9.0
6705,201501XD80341,2,9,0,18,0,8,0,0,0,0,3,1,6,2,-1,-1,1798,1,2,-1,1,-1,1,2,514860.0,184250.0,-0.345002,51.545465,1,2,2,1,42039,5,1899-12-30 22:07:00,27,E09000009,6,0,6,30,3,4,6,0,0,0,4,1,1,0,0,1,1,E01001272,1.0,1.0,2.0,-1.0,-1.0,2.0,0.0,0.0,0.0,0.0,0.0,9.0,1.0,5.0
6706,2015051503148,2,9,0,18,0,0,0,0,0,0,1,1,6,2,60,9,1781,1,14,-1,1,-1,2,2,341186.0,385362.0,-2.885231,53.361843,5,2,2,2,42047,4,1899-12-30 14:30:00,91,E08000012,4,5171,3,40,0,-1,-1,0,0,0,4,2,2,0,0,1,1,E01006535,1.0,1.0,2.0,60.0,9.0,2.0,0.0,0.0,0.0,0.0,0.0,9.0,1.0,2.0
6707,20154100A0431,1,9,0,9,9,2,0,4,7,11,1,1,6,2,80,11,1229,1,3,-1,1,-1,2,3,532858.0,212666.0,-0.074803,51.79687,41,2,3,2,42012,7,1899-12-30 09:55:00,432,E10000015,6,523,2,20,3,2,6,602,0,5,1,1,1,0,0,1,1,E01023478,1.0,3.0,2.0,55.0,8.0,2.0,6.0,9.0,0.0,0.0,0.0,0.0,3.0,10.0
6708,2015075271782,1,9,0,1,0,0,0,0,0,0,2,1,6,1,-1,-1,1395,1,1,-1,1,-1,1,1,365139.0,352211.0,-2.521689,53.065994,7,2,1,1,42347,7,1899-12-30 11:20:00,129,E06000049,6,0,2,30,0,-1,-1,0,0,0,1,1,1,0,0,1,1,E01018504,1.0,3.0,2.0,81.0,11.0,2.0,5.0,4.0,0.0,0.0,0.0,0.0,1.0,9.0
6709,2015921501240,1,19,0,13,0,8,1,0,0,0,1,1,1,1,51,8,1598,7,12,-1,1,-1,1,2,386369.0,840409.0,-2.228803,57.453772,92,2,2,1,42166,6,1899-12-30 17:00:00,911,S12000034,4,9170,6,60,3,4,6,0,0,0,6,1,2,0,0,2,1,,1.0,1.0,1.0,51.0,8.0,2.0,0.0,0.0,0.0,0.0,0.0,19.0,1.0,-1.0
6710,201534NK26535,2,9,0,3,0,0,0,0,0,0,2,1,1,1,44,7,-1,-1,-1,-1,-1,-1,1,4,489222.0,275921.0,-0.690827,52.374076,34,2,4,1,19/10/2015,2,1899-12-30 18:02:00,383,E10000021,3,14,3,70,0,-1,-1,0,0,0,1,1,1,0,0,2,1,E01027091,1.0,1.0,1.0,44.0,7.0,2.0,0.0,0.0,0.0,0.0,0.0,9.0,-1.0,-1.0
6711,201560S168706,1,3,0,9,0,1,0,0,0,0,1,1,6,1,19,4,-1,-1,-1,-1,-1,-1,1,2,246794.0,390394.0,-4.305181,53.388098,60,2,2,1,42074,3,1899-12-30 08:45:00,720,W06000001,6,0,6,60,3,4,6,0,0,0,1,1,2,0,0,2,1,W01000021,1.0,1.0,1.0,19.0,4.0,2.0,0.0,0.0,0.0,0.0,0.0,3.0,-1.0,-1.0
6712,201514A033715,1,9,0,18,0,2,0,0,0,0,1,1,6,1,-1,-1,1997,2,13,-1,1,-1,1,2,456577.0,406432.0,-1.147522,53.551479,14,2,2,1,28/02/2015,7,1899-12-30 22:46:00,211,E08000017,3,19,6,30,3,4,6,0,0,0,4,2,2,0,0,1,1,E01007509,,,,,,,,,,,,,,
6713,2015520503698,1,21,0,9,0,0,0,0,0,0,0,1,6,1,44,7,6871,2,17,-1,1,-1,1,2,353166.0,114300.0,-2.667739,50.926242,52,2,2,1,14/05/2015,5,1899-12-30 13:37:00,610,E10000027,3,30,6,40,0,-1,-1,0,0,0,1,1,1,0,0,2,1,E01029178,,,,,,,,,,,,,,
6714,2015120066887,1,1,0,18,0,0,0,0,1,9,1,1,6,1,37,7,-1,-1,-1,-1,1,-1,1,1,433512.0,446936.0,-1.491261,53.91749,12,2,1,1,23/04/2015,5,1899-12-30 20:00:00,182,E10000023,6,2872,6,60,0,-1,-1,0,0,0,1,1,1,0,0,2,1,E01027724,1.0,1.0,1.0,37.0,7.0,2.0,0.0,0.0,0.0,0.0,0.0,1.0,1.0,10.0
6715,2015547265915,1,9,0,3,0,1,0,0,0,0,0,1,6,2,38,7,1598,1,7,-1,1,-1,1,3,415543.0,188394.0,-1.777018,51.594182,54,2,3,1,42316,3,1899-12-30 18:35:00,633,E06000030,3,4311,6,30,8,4,6,0,0,0,1,1,1,0,0,1,1,E01015544,,,,,,,,,,,,,,
6716,201506G096576,2,9,0,16,0,0,0,0,0,0,1,1,6,1,21,5,2199,2,5,-1,1,-1,1,2,392380.0,396550.0,-2.116247,53.465635,6,2,2,1,22/01/2015,5,1899-12-30 20:20:00,110,E08000008,3,6017,6,30,0,-1,-1,0,0,0,4,1,2,0,0,1,1,,,,,,,,,,,,,,,
6717,2015621501369,2,1,0,15,0,0,1,0,0,0,1,1,6,1,52,8,-1,-1,-1,-1,1,-1,1,2,262972.0,195812.0,-3.981797,51.644363,62,2,2,1,42193,6,1899-12-30 14:21:00,745,W06000011,3,483,3,30,0,-1,-1,0,0,0,1,1,1,0,0,1,1,W01000757,2.0,1.0,1.0,52.0,8.0,2.0,0.0,0.0,0.0,0.0,0.0,1.0,1.0,-1.0
6718,2015160A02691,1,3,0,7,0,5,0,0,0,0,4,1,6,1,58,9,124,1,11,-1,2,-1,1,1,522711.0,402768.0,-0.151176,53.507289,16,2,1,1,13/08/2015,5,1899-12-30 19:12:00,233,E06000012,3,18,6,50,3,4,6,0,0,0,1,1,1,0,0,2,1,E01013225,1.0,1.0,1.0,58.0,9.0,2.0,0.0,0.0,0.0,0.0,0.0,3.0,2.0,8.0
6719,2015160C05911,1,3,0,18,0,0,1,0,7,4,3,1,6,1,56,9,124,1,-1,-1,1,-1,1,1,502155.0,458732.0,-0.442496,54.0145,16,2,1,1,42073,7,1899-12-30 05:09:00,231,E06000011,4,1249,6,30,0,-1,-1,0,0,0,4,1,1,0,0,1,1,E01012975,1.0,1.0,1.0,56.0,9.0,2.0,0.0,0.0,0.0,0.0,0.0,3.0,1.0,1.0
6720,2015100022015,1,9,0,18,0,0,1,0,7,1,1,1,6,1,33,6,1896,2,9,-1,-1,-1,2,2,435229.0,572861.0,-1.450152,55.049005,10,2,2,2,42309,1,1899-12-30 02:05:00,148,E08000022,3,193,6,30,0,-1,-1,0,0,1,4,1,2,0,0,1,1,E01008550,1.0,2.0,2.0,18.0,4.0,2.0,0.0,0.0,2.0,0.0,0.0,9.0,2.0,4.0
6721,201501CW11901,2,3,0,18,0,1,0,0,0,0,1,1,6,1,21,5,124,1,3,-1,1,-1,1,2,527810.0,181790.0,-0.159241,51.520576,1,2,2,1,16/12/2015,4,1899-12-30 00:01:00,1,E09000033,3,41,6,30,6,2,6,0,0,5,4,2,2,0,0,1,1,E01004662,1.0,1.0,1.0,21.0,5.0,2.0,0.0,0.0,0.0,0.0,0.0,3.0,1.0,1.0
6722,2015160C01751,3,9,0,18,0,0,0,0,0,0,2,1,6,2,38,7,2993,2,6,-1,3,-1,8,4,499023.0,443425.0,-0.495233,53.877582,16,2,4,8,42312,7,1899-12-30 12:40:00,231,E06000011,4,1248,6,60,0,-1,-1,0,0,0,1,1,1,0,7,2,1,E01012927,5.0,2.0,2.0,6.0,2.0,3.0,0.0,0.0,1.0,0.0,0.0,9.0,3.0,6.0
6723,2015950000186,1,8,0,18,0,0,0,0,0,0,4,1,1,2,50,8,2143,2,4,-1,1,-1,1,2,317869.0,670253.0,-3.31569,55.918325,95,2,2,1,19/01/2015,2,1899-12-30 09:50:00,923,S12000036,6,0,6,30,0,-1,-1,0,0,0,1,1,1,0,0,1,1,,,,,,,,,,,,,,,
6724,201534TM16665,1,21,1,18,0,0,0,0,0,0,1,2,1,1,53,8,-1,-1,-1,-1,-1,-1,1,4,464031.0,261424.0,-1.063551,52.247281,34,2,4,1,42162,2,1899-12-30 22:38:00,381,E10000021,1,1,3,50,0,-1,-1,0,0,0,4,1,1,0,0,2,1,E01027011,1.0,1.0,1.0,53.0,8.0,2.0,0.0,0.0,0.0,0.0,0.0,21.0,-1.0,-1.0
6725,20151323K0712,2,9,0,2,7,0,0,0,0,0,0,1,6,1,72,10,1398,1,1,-1,1,-1,1,3,414506.0,437505.0,-1.781069,53.833603,13,2,3,1,20/03/2015,6,1899-12-30 12:55:00,200,E08000032,6,0,6,30,0,-1,-1,0,0,0,1,1,1,0,0,1,1,E01010788,,,,,,,,,,,,,,
6726,2015030001699,1,9,0,1,0,0,0,11,0,0,2,1,6,1,75,10,1560,2,1,-1,1,-1,1,1,328620.0,478350.0,-3.095578,54.195918,3,2,1,1,42223,4,1899-12-30 11:20:00,65,E10000006,6,0,6,30,0,-1,-1,0,0,0,1,1,1,0,2,1,1,E01019392,1.0,3.0,1.0,74.0,10.0,2.0,10.0,9.0,0.0,0.0,0.0,0.0,1.0,10.0
6727,2015350045115,1,19,0,1,9,6,0,0,0,0,2,1,6,1,24,5,2198,2,7,-1,1,-1,1,1,527490.0,297090.0,-0.120896,52.556724,35,2,1,1,42312,7,1899-12-30 11:50:00,392,E10000003,3,605,6,30,8,4,6,0,0,0,1,1,1,0,0,1,1,E01018074,1.0,3.0,2.0,67.0,10.0,2.0,6.0,9.0,0.0,0.0,0.0,0.0,1.0,3.0
6728,2015132290850,3,9,0,2,0,0,0,0,0,0,2,1,6,3,-1,-1,1339,1,1,-1,-1,-1,2,8,423741.0,422756.0,-1.641878,53.700704,13,2,8,2,42249,2,1899-12-30 14:30:00,203,E08000034,3,638,6,30,0,-1,-1,0,0,0,1,1,1,0,0,1,1,E01033542,,,,,,,,,,,,,,
6729,201501PY20108,1,9,0,18,0,0,0,0,0,0,1,1,6,2,26,6,1198,1,9,-1,1,-1,3,4,544520.0,169800.0,0.076545,51.408815,1,2,4,3,13/02/2015,6,1899-12-30 22:39:00,19,E09000006,4,264,6,30,0,-1,-1,0,0,0,4,1,1,0,0,1,1,E01000696,3.0,2.0,1.0,20.0,4.0,2.0,0.0,0.0,1.0,0.0,0.0,9.0,-1.0,-1.0
6730,201542I297807,1,90,0,18,0,1,2,0,7,9,1,1,6,2,51,8,1499,1,1,-1,3,-1,1,1,549151.0,211687.0,0.160873,51.78397,42,2,1,1,23/07/2015,5,1899-12-30 14:20:00,457,E10000012,6,0,6,60,3,4,6,0,0,0,1,1,1,0,0,2,2,E01021857,1.0,1.0,2.0,51.0,8.0,2.0,0.0,0.0,0.0,0.0,0.0,90.0,3.0,9.0
6731,201504EG15047,2,5,0,18,0,8,0,0,0,0,1,1,6,1,32,6,599,1,8,-1,1,-1,1,2,386360.0,437800.0,-2.208751,53.836272,4,2,2,1,42127,5,1899-12-30 18:02:00,77,E10000017,6,0,6,30,6,4,6,0,0,0,1,1,1,0,0,1,1,E01025188,1.0,1.0,1.0,32.0,6.0,2.0,0.0,0.0,0.0,0.0,0.0,5.0,1.0,1.0
6732,2015350021515,1,9,0,17,0,0,1,0,1,4,3,1,2,2,52,8,-1,-1,-1,-1,2,-1,1,1,567230.0,257120.0,0.444859,52.18697,35,2,1,1,24/01/2015,7,1899-12-30 08:00:00,391,E10000003,5,229,6,60,0,-1,-1,0,0,0,1,1,4,0,0,2,1,E01018023,1.0,1.0,2.0,52.0,8.0,2.0,0.0,0.0,0.0,0.0,0.0,9.0,2.0,10.0
6733,201543W219035,1,9,0,18,0,0,0,0,0,0,1,1,1,1,34,6,1998,1,13,-1,1,-1,2,2,440234.0,165675.0,-1.423176,51.388698,43,2,2,2,24/03/2015,3,1899-12-30 10:10:00,471,E06000037,6,7135,6,60,0,-1,-1,0,0,0,1,1,1,0,0,2,1,E01016301,1.0,1.0,1.0,34.0,6.0,2.0,0.0,0.0,0.0,0.0,0.0,9.0,1.0,5.0
6734,201514A114015,1,9,0,18,0,8,0,0,0,0,4,1,6,1,85,11,998,1,2,-1,1,-1,4,3,461056.0,393142.0,-1.082508,53.431537,14,2,3,4,42163,5,1899-12-30 12:45:00,211,E08000017,3,631,6,40,3,4,4,6463,0,0,1,1,1,0,0,2,1,E01007614,1.0,1.0,1.0,85.0,11.0,3.0,0.0,0.0,0.0,0.0,0.0,9.0,1.0,7.0
6735,201550ED2B006,1,9,0,4,0,0,0,0,0,0,2,1,6,2,49,8,1951,2,14,-1,2,-1,2,2,244176.0,58180.0,-4.194039,50.402783,50,2,2,2,26/02/2015,5,1899-12-30 15:10:00,583,E06000026,6,0,6,30,0,-1,-1,0,0,0,1,1,1,0,0,1,2,E01015142,2.0,2.0,2.0,22.0,5.0,3.0,0.0,0.0,1.0,0.0,0.0,9.0,2.0,7.0
6736,201543P358065,1,9,0,17,0,0,2,0,1,4,1,1,6,2,46,8,1840,1,16,-1,2,-1,1,1,465712.0,196191.0,-1.051387,51.66067,43,2,1,1,29/06/2015,2,1899-12-30 09:00:00,484,E10000025,4,480,6,50,0,-1,-1,0,0,0,1,1,1,5,0,2,1,E01028610,1.0,1.0,2.0,46.0,8.0,2.0,0.0,0.0,0.0,0.0,0.0,9.0,2.0,10.0
6737,201520K001885,1,20,0,1,0,1,0,0,0,0,4,1,6,1,-1,-1,-1,-1,-1,-1,1,-1,1,3,401060.0,288470.0,-1.985817,52.494139,20,2,3,1,27/01/2015,3,1899-12-30 20:30:00,305,E08000028,6,0,6,30,3,4,6,0,0,0,7,1,2,0,0,1,2,E01010050,,,,,,,,,,,,,,
6738,201563CP03815,2,9,0,3,0,0,0,4,0,0,1,1,6,2,35,6,-1,-1,-1,-1,3,-1,2,4,195700.0,216530.0,-4.965037,51.809973,63,2,4,2,19/03/2015,5,1899-12-30 14:05:00,752,W06000009,3,40,6,40,0,-1,-1,0,0,0,1,1,1,4,0,1,1,W01000572,2.0,2.0,2.0,23.0,5.0,2.0,0.0,0.0,1.0,0.0,0.0,9.0,1.0,-1.0
6739,2015320032304,1,5,0,18,0,3,1,0,0,0,1,1,6,1,29,6,996,1,18,-1,1,-1,1,2,496677.0,389472.0,-0.547652,53.393241,32,2,2,1,16/05/2015,7,1899-12-30 16:20:00,356,E10000019,3,631,6,50,1,4,3,15,0,0,1,1,1,0,0,2,1,E01026386,1.0,1.0,1.0,29.0,6.0,2.0,0.0,0.0,0.0,0.0,0.0,5.0,1.0,3.0
6740,201506E099797,2,1,0,18,0,8,0,0,0,0,2,1,6,2,33,6,-1,-1,-1,-1,1,-1,1,2,386620.0,393980.0,-2.202899,53.442419,6,2,2,1,42312,7,1899-12-30 10:50:00,102,E08000003,3,5079,3,30,1,4,4,5093,0,0,1,1,1,0,0,1,2,E01005218,1.0,1.0,2.0,33.0,6.0,2.0,0.0,0.0,0.0,0.0,0.0,1.0,1.0,1.0
6741,201550EL2J025,1,9,0,16,0,0,5,4,0,0,1,1,6,1,37,7,1679,1,13,-1,-1,-1,1,3,246834.0,59900.0,-4.157367,50.41894,50,2,3,1,28/11/2015,7,1899-12-30 00:55:00,583,E06000026,6,0,6,30,0,-1,-1,0,0,0,4,2,2,0,0,1,1,E01015026,1.0,1.0,1.0,37.0,7.0,2.0,0.0,0.0,0.0,0.0,0.0,9.0,-1.0,-1.0