,accident_index,vehicle_reference,vehicle_type,towing_and_articulation,vehicle_manoeuvre,vehicle_location-restricted_lane,junction_location,skidding_and_overturning,hit_object_in_carriageway,vehicle_leaving_carriageway,hit_object_off_carriageway,1st_point_of_impact,was_vehicle_left_hand_drive?,journey_purpose_of_driver,sex_of_driver,age_of_driver,age_band_of_driver,engine_capacity_(cc),propulsion_code,age_of_vehicle,driver_imd_decile,driver_home_area_type,vehicle_imd_decile,NUmber_of_Casualities_unique_to_accident_index,No_of_Vehicles_involved_unique_to_accident_index,location_easting_osgr,location_northing_osgr,longitude,latitude,police_force,accident_severity,number_of_vehicles,number_of_casualties,date,day_of_week,time,local_authority_(district),local_authority_(highway),1st_road_class,1st_road_number,road_type,speed_limit,junction_detail,junction_control,2nd_road_class,2nd_road_number,pedestrian_crossing-human_control,pedestrian_crossing-physical_facilities,light_conditions,weather_conditions,road_surface_conditions,special_conditions_at_site,carriageway_hazards,urban_or_rural_area,did_police_officer_attend_scene_of_accident,lsoa_of_accident_location,casualty_reference,casualty_class,sex_of_casualty,age_of_casualty,age_band_of_casualty,casualty_severity,pedestrian_location,pedestrian_movement,car_passenger,bus_or_coach_passenger,pedestrian_road_maintenance_worker,casualty_type,casualty_home_area_type,casualty_imd_decile
6939,201514K138615,2,9,0,18,0,2,0,0,0,0,1,1,6,1,25,5,1870,2,13,-1,1,-1,2,2,434172.0,387489.0,-1.487727,53.383149,14,2,2,2,42283,4,1899-12-30 20:31:00,215,E08000019,6,0,6,30,3,4,6,0,0,4,1,1,1,0,0,1,1,E01008068,,,,,,,,,,,,,,
6940,2015051500053,1,9,0,18,0,2,0,4,0,0,1,1,1,1,46,8,-1,-1,-1,-1,1,-1,2,2,340700.0,398252.0,-2.894963,53.477637,5,2,2,2,42217,5,1899-12-30 13:35:00,90,E08000011,3,506,3,40,3,4,6,0,0,0,1,1,1,1,0,1,1,E01006455,2.0,1.0,1.0,46.0,8.0,3.0,0.0,0.0,0.0,0.0,0.0,9.0,1.0,1.0
6941,201597NE70305,2,9,0,7,0,8,0,0,0,0,3,1,6,1,28,6,1998,1,10,-1,1,-1,2,2,282331.0,656208.0,-3.877919,55.784816,97,2,2,2,15/05/2015,6,1899-12-30 17:50:00,932,S12000044,3,73,6,30,3,4,6,0,0,0,1,2,2,0,0,1,1,,2.0,1.0,1.0,28.0,6.0,3.0,0.0,0.0,0.0,0.0,0.0,9.0,1.0,-1.0
6942,2015520507865,1,2,0,13,0,8,0,0,0,0,3,1,6,2,16,4,49,1,4,-1,2,-1,1,2,355568.0,117660.0,-2.633976,50.956645,52,2,2,1,21/10/2015,4,1899-12-30 17:10:00,610,E10000027,6,0,6,30,3,4,6,0,0,0,1,2,2,0,0,1,1,E01029254,1.0,1.0,2.0,16.0,4.0,2.0,0.0,0.0,0.0,0.0,0.0,2.0,2.0,6.0
6943,2015350044415,1,11,0,16,2,0,0,0,0,0,0,1,1,1,57,9,6700,2,4,-1,1,-1,1,1,517360.0,295820.0,-0.27069,52.547588,35,2,1,1,42251,5,1899-12-30 14:30:00,394,E06000031,6,0,6,30,0,-1,-1,0,0,0,1,1,1,0,0,1,2,E01015639,1.0,2.0,1.0,70.0,10.0,2.0,0.0,0.0,0.0,4.0,0.0,11.0,1.0,9.0
6944,2015405CA1219,1,9,0,18,9,8,0,0,0,0,1,1,6,1,53,8,2389,1,20,-1,1,-1,1,3,509196.0,218733.0,-0.415862,51.856513,40,2,3,1,42104,1,1899-12-30 16:36:00,424,E06000056,3,1081,1,30,1,4,3,1081,0,0,1,1,1,0,0,2,1,E01017564,1.0,2.0,2.0,64.0,9.0,2.0,0.0,0.0,1.0,0.0,0.0,9.0,1.0,2.0
6945,201501FH10191,2,3,0,18,0,8,0,0,0,0,1,1,6,1,20,4,124,1,14,-1,1,-1,1,2,523980.0,177530.0,-0.215911,51.483144,1,2,2,1,24/04/2015,6,1899-12-30 22:06:00,11,E09000013,3,3218,6,30,3,4,6,0,0,1,4,1,1,0,0,1,1,E01001886,1.0,1.0,1.0,20.0,4.0,2.0,0.0,0.0,0.0,0.0,0.0,3.0,1.0,4.0
6946,201501QA10266,1,9,0,18,0,1,0,0,0,0,1,1,6,3,-1,-1,1598,1,9,-1,-1,-1,5,2,512980.0,187740.0,-0.370981,51.577211,1,2,2,5,20/06/2015,7,1899-12-30 01:29:00,29,E09000015,5,0,2,30,9,2,5,0,0,5,4,1,1,0,0,1,1,E01002209,4.0,2.0,2.0,25.0,5.0,3.0,0.0,0.0,2.0,0.0,0.0,9.0,-1.0,-1.0
6947,2015350201615,1,19,0,18,0,8,0,0,0,0,1,1,6,3,-1,-1,-1,-1,-1,-1,-1,-1,1,2,519230.0,301280.0,-0.241164,52.596243,35,2,2,1,42259,4,1899-12-30 05:18:00,394,E06000031,6,0,6,30,3,4,6,0,0,1,4,1,1,0,0,1,1,E01015633,,,,,,,,,,,,,,
6948,2015132BD0689,1,3,0,17,0,0,1,0,1,9,3,1,6,1,23,5,-1,-1,-1,-1,1,-1,1,1,405954.0,415728.0,-1.911425,53.638037,13,2,1,1,42349,5,1899-12-30 12:55:00,203,E08000034,6,0,6,60,0,-1,-1,0,0,0,1,4,2,0,0,2,1,E01011070,1.0,1.0,1.0,23.0,5.0,2.0,0.0,0.0,0.0,0.0,0.0,3.0,1.0,1.0
6949,2015405DA0394,2,9,0,18,0,0,0,0,0,0,1,1,6,2,45,7,2179,2,-1,-1,-1,-1,1,2,494229.0,232824.0,-0.629261,51.985891,40,2,2,1,42041,3,1899-12-30 18:15:00,424,E06000056,5,194,6,60,0,-1,-1,0,0,0,1,1,1,0,0,2,1,E01017452,,,,,,,,,,,,,,
6950,2015521508016,1,9,0,17,0,0,0,0,0,0,1,1,6,1,28,6,1124,1,14,-1,1,-1,1,2,372478.0,171479.0,-2.397371,51.441629,52,2,2,1,42134,2,1899-12-30 12:15:00,612,E06000025,6,0,6,60,0,-1,-1,0,0,0,1,2,2,0,0,2,1,E01014870,1.0,1.0,1.0,28.0,6.0,2.0,0.0,0.0,0.0,0.0,0.0,9.0,1.0,9.0
6951,2015471501486,2,1,0,18,0,1,0,0,0,0,3,1,6,2,24,5,-1,-1,-1,-1,1,-1,1,2,529974.0,104494.0,-0.155991,50.825405,47,2,2,1,16/03/2015,2,1899-12-30 07:39:00,565,E06000043,4,2066,6,20,3,4,6,0,0,0,1,2,2,0,0,1,1,E01016850,1.0,1.0,2.0,24.0,5.0,2.0,0.0,0.0,0.0,0.0,0.0,1.0,1.0,2.0
6952,201506G009229,1,9,0,4,0,8,0,0,0,0,1,1,1,1,30,6,1598,1,12,-1,-1,-1,1,1,393050.0,395720.0,-2.106136,53.458184,6,2,1,1,42319,4,1899-12-30 19:35:00,110,E08000008,6,0,6,20,3,4,6,0,0,0,7,9,1,0,0,1,1,E01005974,1.0,3.0,1.0,42.0,7.0,2.0,5.0,1.0,0.0,0.0,0.0,0.0,-1.0,-1.0
6953,2015030002547,2,9,0,18,0,0,0,0,1,0,2,1,6,2,30,6,-1,-1,-1,-1,1,-1,6,4,323150.0,524700.0,-3.191414,54.611587,3,2,4,6,42226,5,1899-12-30 15:15:00,60,E10000006,3,66,6,60,0,-1,-1,0,0,0,1,1,1,0,0,2,1,E01019092,6.0,2.0,2.0,64.0,9.0,3.0,0.0,0.0,2.0,0.0,0.0,9.0,1.0,2.0
6954,2015420033727,1,5,0,18,0,0,1,10,4,2,1,1,5,1,21,5,675,1,5,-1,1,-1,1,1,563131.0,178575.0,0.347952,51.482606,42,2,1,1,27/11/2015,6,1899-12-30 16:26:00,462,E06000034,6,0,3,50,0,-1,-1,0,0,0,4,1,2,0,0,2,2,E01015967,1.0,1.0,1.0,21.0,5.0,2.0,0.0,0.0,0.0,0.0,0.0,5.0,1.0,4.0
6955,2015460255295,2,9,0,18,0,0,0,0,0,0,1,1,1,2,46,8,1461,2,3,-1,1,-1,1,2,560900.0,142240.0,0.299463,51.156794,46,2,2,1,42281,6,1899-12-30 07:27:00,543,E10000016,6,4311,6,40,0,-1,-1,0,0,0,1,1,1,4,0,2,1,E01024839,,,,,,,,,,,,,,
6956,2015961500706,3,21,1,2,0,0,0,0,0,0,0,2,1,1,57,9,-1,-1,-1,-1,-1,-1,1,3,246841.0,687257.0,-4.460934,56.053588,96,2,3,1,21/04/2015,3,1899-12-30 10:30:00,939,S12000030,3,811,6,60,0,-1,-1,0,0,0,1,1,1,0,2,2,1,,,,,,,,,,,,,,,
6957,201501FH10281,2,9,0,18,0,8,0,0,1,10,3,1,6,1,53,8,2435,1,19,-1,1,-1,1,2,521890.0,180100.0,-0.245107,51.506695,1,2,2,1,42068,1,1899-12-30 08:57:00,11,E09000013,4,408,6,30,6,2,3,4020,0,5,1,1,1,1,0,1,1,E01001861,1.0,1.0,1.0,53.0,8.0,2.0,0.0,0.0,0.0,0.0,0.0,9.0,1.0,3.0
6958,2015160C02811,1,9,0,18,0,0,2,10,5,7,1,1,6,1,56,9,1796,1,14,-1,1,-1,1,1,481959.0,429819.0,-0.758341,53.758293,16,2,1,1,42041,3,1899-12-30 18:12:00,231,E06000011,1,62,3,70,0,-1,-1,0,0,0,1,4,1,0,0,2,1,E01013020,1.0,1.0,1.0,56.0,9.0,2.0,0.0,0.0,0.0,0.0,0.0,9.0,1.0,1.0
6959,201501CP00219,1,3,0,18,0,2,0,0,0,0,4,1,6,1,29,6,-1,-1,-1,-1,1,-1,1,2,532080.0,181570.0,-0.097815,51.517618,48,2,2,1,42192,3,1899-12-30 21:37:00,570,E09000001,3,40,2,30,3,4,6,0,0,0,4,1,1,0,0,1,1,E01032740,1.0,1.0,1.0,29.0,6.0,2.0,0.0,0.0,0.0,0.0,0.0,3.0,1.0,6.0
6960,2015450023160,2,9,0,18,0,1,0,7,0,0,1,1,6,2,82,11,-1,-1,-1,-1,1,-1,2,2,513805.0,164771.0,-0.366472,51.370604,45,2,2,2,30/03/2015,2,1899-12-30 11:41:00,510,E10000030,3,244,6,30,6,4,3,244,0,8,1,1,1,0,0,1,1,E01030307,2.0,1.0,2.0,82.0,11.0,2.0,0.0,0.0,0.0,0.0,0.0,9.0,1.0,10.0
6961,201520M013405,2,1,0,18,0,2,0,0,0,0,1,1,6,2,16,4,-1,-1,-1,-1,1,-1,1,2,431740.0,276570.0,-1.535071,52.386245,20,2,2,1,42072,5,1899-12-30 16:22:00,302,E08000026,3,429,6,40,7,2,3,45,0,5,1,1,1,0,0,1,1,E01009669,1.0,1.0,2.0,16.0,4.0,2.0,0.0,0.0,0.0,0.0,0.0,1.0,1.0,10.0
6962,2015450028176,1,9,0,18,0,0,0,0,0,0,4,1,6,1,63,9,1956,2,1,-1,2,-1,2,1,504180.0,164220.0,-0.504852,51.367497,45,2,1,2,17/07/2015,6,1899-12-30 12:41:00,514,E10000030,1,25,3,70,0,-1,-1,0,0,0,1,1,1,0,0,1,1,E01030662,2.0,2.0,2.0,57.0,9.0,3.0,0.0,0.0,1.0,0.0,0.0,9.0,2.0,7.0
6963,2015420031663,1,9,0,18,0,0,0,0,0,0,1,1,6,2,27,6,1242,1,7,-1,-1,-1,2,1,561211.0,194954.0,0.327828,51.630304,42,2,1,2,42196,7,1899-12-30 12:10:00,452,E10000012,3,129,6,30,0,-1,-1,0,0,1,1,5,2,0,0,1,1,E01021465,1.0,3.0,2.0,2.0,1.0,3.0,1.0,3.0,0.0,0.0,0.0,0.0,-1.0,-1.0
6964,2015100184315,1,9,0,9,0,6,0,0,0,0,1,1,6,2,46,8,1584,1,10,-1,1,-1,1,2,420360.0,564553.0,-1.683456,54.975177,10,2,2,1,42159,2,1899-12-30 18:37:00,147,E08000021,4,1311,6,30,3,4,5,113,0,8,1,1,1,0,0,1,1,E01033547,,,,,,,,,,,,,,
6965,2015521506450,2,1,0,18,0,8,0,0,0,0,1,1,6,2,49,8,-1,-1,-1,-1,1,-1,1,2,362371.0,175287.0,-2.543189,51.475284,52,2,2,1,17/05/2015,1,1899-12-30 11:15:00,601,E06000023,3,432,6,20,3,4,6,0,0,8,1,1,1,0,0,1,1,E01014572,1.0,1.0,2.0,49.0,8.0,2.0,0.0,0.0,0.0,0.0,0.0,1.0,1.0,2.0
6966,2015961500269,2,19,0,18,0,0,0,0,0,0,1,1,2,1,44,7,2464,2,7,-1,2,-1,1,2,289387.0,695970.0,-3.781805,56.143562,96,2,2,1,13/02/2015,6,1899-12-30 07:20:00,915,S12000005,6,0,6,60,0,-1,-1,0,0,0,1,2,2,0,0,2,1,,,,,,,,,,,,,,,
6967,201520S046235,2,11,0,18,0,8,0,10,1,4,3,1,1,1,43,7,7300,2,3,-1,1,-1,6,2,405210.0,285840.0,-1.924732,52.470472,20,2,2,6,42012,7,1899-12-30 15:57:00,300,E08000025,4,4284,6,30,6,2,4,4532,0,5,1,8,2,0,0,1,1,E01008990,5.0,2.0,2.0,61.0,9.0,2.0,0.0,0.0,0.0,4.0,0.0,11.0,1.0,3.0
6968,201522D502944,1,9,0,5,0,8,0,0,1,0,4,1,6,2,55,8,-1,-1,-1,-1,3,-1,3,2,389820.0,279360.0,-2.151087,52.412144,22,2,2,3,27/08/2015,5,1899-12-30 17:58:00,270,E10000034,3,450,6,60,6,4,6,0,0,0,1,1,1,0,0,2,1,E01032138,1.0,2.0,2.0,17.0,4.0,3.0,0.0,0.0,1.0,0.0,0.0,9.0,3.0,7.0
6969,2015360092109,2,9,0,14,0,0,0,0,0,0,1,1,6,2,52,8,1598,1,4,-1,1,-1,1,2,649142.0,319438.0,1.687327,52.71519,36,2,2,1,18/07/2015,7,1899-12-30 11:50:00,402,E10000020,5,453,6,30,0,-1,-1,0,0,0,1,1,1,0,0,2,1,E01026606,,,,,,,,,,,,,,
6970,201504WA15022,1,9,0,18,0,1,0,0,0,0,3,1,6,1,72,10,1390,1,18,-1,1,-1,1,2,333310.0,429120.0,-3.012914,53.754157,4,2,2,1,19/01/2015,2,1899-12-30 14:30:00,74,E10000017,6,0,6,30,6,4,6,0,0,0,1,1,1,0,0,1,1,E01025002,,,,,,,,,,,,,,
6971,201560S092588,1,9,0,18,0,1,0,0,1,11,1,1,6,2,41,7,-1,-1,-1,-1,-1,-1,2,1,324514.0,353606.0,-3.128178,53.074329,60,2,1,2,25/06/2015,5,1899-12-30 15:29:00,724,W06000005,4,5430,6,60,8,4,6,0,0,0,1,1,1,0,0,2,1,W01000310,1.0,1.0,2.0,41.0,7.0,2.0,0.0,0.0,0.0,0.0,0.0,9.0,-1.0,-1.0
6972,2015450036186,3,9,0,18,0,0,1,12,0,0,1,1,1,1,38,7,1598,1,2,-1,1,-1,5,4,514491.0,162422.0,-0.357376,51.349354,45,2,4,5,16/12/2015,4,1899-12-30 03:37:00,510,E10000030,3,3,3,70,0,-1,-1,0,0,0,6,2,2,0,7,2,1,E01030342,4.0,2.0,2.0,18.0,4.0,2.0,0.0,0.0,2.0,0.0,0.0,9.0,1.0,9.0
6973,201504ED15444,2,8,0,9,0,5,0,0,0,0,3,1,6,2,90,11,996,1,5,-1,-1,-1,1,2,365150.0,425270.0,-2.529619,53.722663,4,2,2,1,29/09/2015,3,1899-12-30 12:03:00,70,E06000008,6,0,6,30,3,4,6,0,0,0,1,1,1,0,0,1,1,E01012609,,,,,,,,,,,,,,
6974,2015621501715,5,9,0,3,0,1,0,0,0,0,2,1,6,2,46,8,-1,-1,-1,-1,1,-1,2,6,303236.0,167767.0,-3.392394,51.400652,62,2,6,2,42073,7,1899-12-30 12:27:00,746,W06000014,4,4265,6,40,3,4,6,0,0,0,1,1,1,0,0,2,1,W01001119,,,,,,,,,,,,,,
6975,2015440245419,3,9,0,2,0,0,0,0,0,0,3,1,6,3,-1,-1,796,1,15,-1,-1,-1,1,3,443998.0,110175.0,-1.375848,50.889392,44,2,3,1,17/07/2015,6,1899-12-30 13:00:00,500,E06000045,6,0,6,30,0,-1,-1,0,0,0,1,1,1,0,0,1,1,E01017279,,,,,,,,,,,,,,
6976,2015471501774,2,9,0,13,0,8,0,0,7,0,1,1,1,2,50,8,1560,2,1,-1,1,-1,1,2,506741.0,102820.0,-0.486205,50.815102,47,2,2,1,31/03/2015,3,1899-12-30 06:55:00,558,E10000032,4,2140,6,30,3,4,6,0,0,0,1,4,1,0,0,1,1,E01031415,,,,,,,,,,,,,,
6977,2015420036114,2,9,0,4,0,1,0,0,0,0,2,1,5,1,55,8,1275,1,21,-1,1,-1,3,2,569205.0,190220.0,0.440935,51.585433,42,2,2,3,17/12/2015,5,1899-12-30 18:55:00,450,E10000012,3,176,7,40,9,4,3,176,0,0,4,2,2,0,0,2,2,E01021262,2.0,2.0,2.0,70.0,10.0,3.0,0.0,0.0,2.0,0.0,0.0,9.0,1.0,7.0
6978,2015440410706,2,9,0,4,0,0,0,0,0,0,2,1,2,2,60,9,1360,1,3,-1,1,-1,1,3,471615.0,117436.0,-0.981846,50.951917,44,2,3,1,26/11/2015,5,1899-12-30 08:20:00,497,E10000014,3,3,3,70,0,-1,-1,0,0,0,1,1,1,0,0,2,1,E01022589,1.0,1.0,2.0,60.0,9.0,2.0,0.0,0.0,0.0,0.0,0.0,9.0,1.0,10.0
6979,201550DE2M036,2,1,0,14,0,0,0,0,0,0,1,1,2,1,64,9,-1,-1,-1,-1,1,-1,1,2,291062.0,91745.0,-3.544421,50.715094,50,2,2,1,42226,5,1899-12-30 08:30:00,581,E10000008,4,3212,6,30,0,-1,-1,0,0,0,1,1,1,0,0,1,2,E01020030,1.0,1.0,1.0,64.0,9.0,2.0,0.0,0.0,0.0,0.0,0.0,1.0,1.0,8.0
6980,20154100J0712,2,9,0,5,0,4,0,0,0,0,2,1,6,1,63,9,3222,2,13,-1,1,-1,1,2,526637.0,200192.0,-0.1695,51.686214,41,2,2,1,42016,3,1899-12-30 05:35:00,33,E10000015,3,111,1,60,1,4,1,25,0,0,4,2,2,0,0,2,1,E01023574,,,,,,,,,,,,,,
6981,201523N025851,2,5,0,18,0,3,1,0,0,0,1,1,6,1,32,6,599,1,16,-1,1,-1,2,2,435712.0,290283.0,-1.475251,52.509276,23,2,2,2,19/06/2015,6,1899-12-30 12:18:00,291,E10000031,3,444,1,50,1,4,6,0,0,0,1,1,1,0,0,1,1,E01031116,1.0,1.0,1.0,32.0,6.0,3.0,0.0,0.0,0.0,0.0,0.0,5.0,1.0,3.0
6982,2015440144600,1,9,0,18,0,8,1,0,3,4,1,1,6,1,18,4,1199,1,14,-1,1,-1,2,1,487277.0,155165.0,-0.749809,51.288942,44,2,1,2,29/04/2015,4,1899-12-30 23:30:00,499,E10000014,6,0,6,30,3,4,6,0,0,0,4,1,1,0,0,1,1,E01023111,1.0,1.0,1.0,18.0,4.0,2.0,0.0,0.0,0.0,0.0,0.0,9.0,1.0,6.0
6983,201531C123415,1,9,0,18,0,0,0,0,0,0,3,1,2,1,42,7,1991,2,11,-1,1,-1,2,1,453203.0,342275.0,-1.20915,52.975194,31,2,1,2,24/06/2015,4,1899-12-30 17:18:00,346,E06000018,6,0,6,30,0,-1,-1,0,0,0,1,1,1,0,0,1,1,E01013824,1.0,3.0,1.0,9.0,2.0,2.0,5.0,4.0,0.0,0.0,0.0,0.0,1.0,1.0
6984,201520W012955,1,8,0,5,0,2,0,0,0,0,0,1,6,1,-1,-1,1998,1,8,-1,-1,-1,1,1,406610.0,287400.0,-1.904093,52.484481,20,2,1,1,42007,1,1899-12-30 01:56:00,300,E08000025,6,0,2,30,6,4,6,0,0,0,4,1,2,0,0,1,1,E01033622,1.0,2.0,2.0,29.0,6.0,2.0,0.0,0.0,2.0,0.0,0.0,8.0,1.0,6.0
6985,201501KG70185,1,11,0,4,0,0,0,0,0,0,4,1,1,1,49,8,6700,2,4,-1,1,-1,1,1,544490.0,184390.0,0.082076,51.539922,1,2,1,1,18/04/2015,7,1899-12-30 09:40:00,16,E09000002,5,0,6,30,0,-1,-1,0,0,0,1,1,1,0,0,1,1,E01000007,1.0,3.0,1.0,78.0,11.0,2.0,6.0,9.0,0.0,0.0,2.0,0.0,1.0,3.0
6986,201520H002325,1,9,0,9,0,5,0,0,0,0,1,1,6,2,17,4,-1,-1,-1,-1,2,-1,2,2,400340.0,300060.0,-1.996413,52.598332,20,2,2,2,42158,6,1899-12-30 19:39:00,307,E08000030,3,34,6,30,3,2,6,0,0,0,4,1,1,0,0,1,1,E01010368,,,,,,,,,,,,,,
6987,2015520509208,1,9,0,18,0,8,0,0,0,0,4,1,6,2,42,7,1997,1,10,-1,3,-1,1,1,354692.0,116018.0,-2.646242,50.941812,52,2,1,1,42228,3,1899-12-30 15:05:00,610,E10000027,6,0,6,30,3,4,6,0,0,0,1,1,1,0,0,1,1,E01029241,1.0,3.0,1.0,11.0,3.0,2.0,5.0,1.0,0.0,0.0,0.0,0.0,-1.0,-1.0
6988,2015450032212,1,9,0,17,0,0,0,0,1,4,1,1,6,2,43,7,-1,-1,-1,-1,1,-1,2,1,514512.0,152583.0,-0.36023,51.260916,45,2,1,2,42196,7,1899-12-30 21:47:00,512,E10000030,6,2530,6,30,0,-1,-1,0,0,0,6,1,2,0,0,2,1,E01030521,2.0,2.0,2.0,4.0,1.0,2.0,0.0,0.0,1.0,0.0,0.0,9.0,1.0,9.0
6989,201542I102204,1,3,0,17,0,0,1,0,1,0,0,1,6,1,16,4,-1,-1,-1,-1,1,-1,1,1,576206.0,220980.0,0.557432,51.859582,42,2,1,1,42189,3,1899-12-30 10:05:00,451,E10000012,6,0,6,40,0,-1,-1,0,0,0,1,1,1,0,0,2,1,E01021347,1.0,1.0,1.0,16.0,4.0,2.0,0.0,0.0,0.0,0.0,0.0,3.0,1.0,5.0
6990,201522E501829,1,9,0,18,0,4,0,0,0,0,1,1,6,1,80,11,1339,1,4,-1,1,-1,1,2,351660.0,239780.0,-2.706395,52.054284,22,2,2,1,13/05/2015,4,1899-12-30 18:50:00,285,E06000019,6,0,6,30,1,4,6,0,0,0,1,1,1,0,0,1,1,E01014011,1.0,1.0,1.0,80.0,11.0,2.0,0.0,0.0,0.0,0.0,0.0,9.0,1.0,9.0
6991,2015420034071,1,9,0,5,9,5,0,0,0,0,1,1,5,2,78,11,1398,2,6,-1,3,-1,2,1,578197.0,234070.0,0.593081,51.97652,42,2,1,2,42016,3,1899-12-30 12:25:00,451,E10000012,3,1017,6,30,3,4,6,0,0,0,1,1,1,0,0,2,2,E01021397,1.0,3.0,1.0,2.0,1.0,2.0,6.0,9.0,0.0,0.0,0.0,0.0,-1.0,-1.0
6992,201501PY20245,2,9,0,9,0,8,0,0,0,0,4,1,6,2,24,5,1242,1,4,-1,1,-1,1,2,542980.0,167720.0,0.053581,51.390514,1,2,2,1,13/04/2015,2,1899-12-30 07:30:00,19,E09000006,5,0,1,30,2,4,6,0,0,0,1,1,1,0,0,1,1,E01000662,1.0,1.0,2.0,24.0,5.0,2.0,0.0,0.0,0.0,0.0,0.0,9.0,1.0,2.0
6993,2015120160339,1,19,0,18,6,0,0,0,0,0,1,1,1,1,51,8,2295,7,13,-1,1,-1,1,2,441481.0,450706.0,-1.369428,53.950797,12,2,2,1,42317,6,1899-12-30 14:08:00,182,E10000023,2,1,3,70,0,-1,-1,0,0,0,1,1,1,0,0,2,1,E01027703,1.0,1.0,1.0,51.0,8.0,2.0,0.0,0.0,0.0,0.0,0.0,19.0,1.0,1.0
6994,2015520506286,1,9,0,17,0,0,0,0,0,0,1,1,6,2,53,8,999,1,6,-1,1,-1,4,2,323087.0,138955.0,-3.100886,51.144671,52,2,2,4,22/08/2015,7,1899-12-30 17:45:00,607,E10000027,3,39,6,30,0,-1,-1,0,0,0,1,2,2,0,0,2,1,E01029122,2.0,2.0,1.0,26.0,6.0,3.0,0.0,0.0,2.0,0.0,0.0,9.0,3.0,5.0
6995,201501XH30076,2,20,0,18,0,8,0,0,0,0,1,1,6,1,-1,-1,-1,-1,-1,-1,-1,-1,1,2,511430.0,180420.0,-0.395655,51.511729,1,2,2,1,29/01/2015,5,1899-12-30 13:45:00,26,E09000017,6,0,6,30,8,4,6,0,0,0,1,2,2,0,0,1,2,E01002505,,,,,,,,,,,,,,
6996,2015120098616,2,1,0,18,0,8,0,0,0,0,3,1,6,1,49,8,-1,-1,-1,-1,1,-1,1,2,415842.0,465624.0,-1.759319,54.086288,12,2,2,1,13/06/2015,7,1899-12-30 09:02:00,182,E10000023,4,6265,6,30,3,4,6,3274,0,0,1,2,2,0,0,2,1,E01027702,1.0,1.0,1.0,49.0,8.0,2.0,0.0,0.0,0.0,0.0,0.0,1.0,1.0,10.0
6997,2015551500805,1,3,0,18,0,8,1,0,0,0,0,1,6,1,29,6,124,1,5,-1,1,-1,1,1,368021.0,80094.0,-2.453402,50.619669,55,2,1,1,42344,6,1899-12-30 22:53:00,646,E10000009,6,0,6,30,3,4,6,0,0,0,4,2,2,0,0,1,1,E01020553,1.0,1.0,1.0,29.0,6.0,2.0,0.0,0.0,0.0,0.0,0.0,3.0,-1.0,-1.0
6998,2015921500571,2,9,0,17,0,0,0,0,0,0,3,1,1,2,44,7,1598,1,11,-1,1,-1,1,2,389552.0,828352.0,-2.175242,57.345554,92,2,2,1,18/05/2015,2,1899-12-30 11:44:00,911,S12000034,3,920,6,60,0,-1,-1,0,0,0,1,2,2,0,0,2,1,,,,,,,,,,,,,,,
6999,201514C133115,1,9,0,18,0,0,0,0,0,0,1,1,6,1,61,9,1968,2,8,-1,1,-1,1,1,451125.0,386316.0,-1.233068,53.371241,14,2,1,1,42289,5,1899-12-30 21:21:00,213,E08000018,4,6463,6,40,0,-1,-1,0,0,0,4,1,2,0,0,2,1,E01007789,1.0,3.0,2.0,20.0,4.0,2.0,5.0,2.0,0.0,0.0,0.0,0.0,1.0,9.0
7000,2015360087026,2,11,0,18,0,8,0,0,0,0,1,1,1,1,53,8,4250,2,6,-1,2,-1,6,2,568294.0,335944.0,0.500329,52.8946,36,2,2,6,42036,6,1899-12-30 12:06:00,407,E10000020,3,149,6,60,3,4,5,105,0,0,1,1,1,0,0,2,1,E01026678,6.0,2.0,2.0,67.0,10.0,3.0,0.0,0.0,0.0,4.0,0.0,11.0,2.0,6.0
7001,2015521508605,2,9,0,4,0,0,0,0,0,0,2,1,6,1,56,9,2902,2,12,-1,1,-1,2,3,358979.0,187245.0,-2.593423,51.582561,52,2,3,2,42349,5,1899-12-30 18:37:00,612,E06000025,1,48,3,70,0,-1,-1,0,0,0,6,1,4,0,0,2,1,E01014963,2.0,1.0,1.0,56.0,9.0,2.0,0.0,0.0,0.0,0.0,0.0,9.0,1.0,8.0
7002,2015440138027,1,9,0,13,0,8,1,0,0,0,4,1,1,1,52,8,-1,-1,-1,-1,1,-1,2,2,459746.0,84702.0,-1.156111,50.658938,44,2,2,2,24/04/2015,6,1899-12-30 12:50:00,505,E06000046,3,3055,6,30,3,4,6,0,0,1,1,1,1,0,0,1,1,E01017348,1.0,1.0,1.0,52.0,8.0,3.0,0.0,0.0,0.0,0.0,0.0,9.0,1.0,2.0
7003,2015075293974,1,5,0,13,0,0,2,7,0,0,4,1,2,1,51,8,893,1,22,-1,1,-1,1,2,344892.0,366969.0,-2.826353,53.196931,7,2,2,1,42045,6,1899-12-30 18:10:00,130,E06000050,3,51,6,40,0,-1,-1,0,0,8,1,1,1,0,0,2,1,E01018323,1.0,1.0,1.0,51.0,8.0,2.0,0.0,0.0,0.0,0.0,0.0,5.0,1.0,4.0
7004,201501CW10909,1,9,0,18,0,8,0,0,0,0,4,1,6,3,-1,-1,-1,-1,-1,-1,-1,-1,1,1,529590.0,180920.0,-0.13392,51.512353,1,2,1,1,26/06/2015,6,1899-12-30 03:45:00,1,E09000033,5,0,6,30,3,4,5,0,0,0,4,1,1,0,0,1,1,E01033596,1.0,3.0,2.0,23.0,5.0,2.0,6.0,9.0,0.0,0.0,2.0,0.0,1.0,3.0