,accident_index,vehicle_reference,vehicle_type,towing_and_articulation,vehicle_manoeuvre,vehicle_location-restricted_lane,junction_location,skidding_and_overturning,hit_object_in_carriageway,vehicle_leaving_carriageway,hit_object_off_carriageway,1st_point_of_impact,was_vehicle_left_hand_drive?,journey_purpose_of_driver,sex_of_driver,age_of_driver,age_band_of_driver,engine_capacity_(cc),propulsion_code,age_of_vehicle,driver_imd_decile,driver_home_area_type,vehicle_imd_decile,NUmber_of_Casualities_unique_to_accident_index,No_of_Vehicles_involved_unique_to_accident_index,location_easting_osgr,location_northing_osgr,longitude,latitude,police_force,accident_severity,number_of_vehicles,number_of_casualties,date,day_of_week,time,local_authority_(district),local_authority_(highway),1st_road_class,1st_road_number,road_type,speed_limit,junction_detail,junction_control,2nd_road_class,2nd_road_number,pedestrian_crossing-human_control,pedestrian_crossing-physical_facilities,light_conditions,weather_conditions,road_surface_conditions,special_conditions_at_site,carriageway_hazards,urban_or_rural_area,did_police_officer_attend_scene_of_accident,lsoa_of_accident_location,casualty_reference,casualty_class,sex_of_casualty,age_of_casualty,age_band_of_casualty,casualty_severity,pedestrian_location,pedestrian_movement,car_passenger,bus_or_coach_passenger,pedestrian_road_maintenance_worker,casualty_type,casualty_home_area_type,casualty_imd_decile
7005,201563CP06515,2,19,0,4,0,5,0,0,0,0,2,1,1,1,53,8,-1,-1,-1,-1,3,-1,1,2,204320.0,238950.0,-4.852904,52.014384,63,2,2,1,42313,2,1899-12-30 10:00:00,752,W06000009,3,487,6,60,8,4,6,0,0,0,1,1,1,0,0,2,1,W01000597,,,,,,,,,,,,,,
7006,201501RG40547,1,9,0,4,0,8,0,0,0,0,2,1,6,1,28,6,1970,1,13,-1,1,-1,1,2,542530.0,175150.0,0.050104,51.457392,1,2,2,1,17/02/2015,3,1899-12-30 18:41:00,6,E09000011,3,208,6,30,3,4,6,0,0,0,4,1,1,0,0,1,1,E01001621,1.0,2.0,1.0,19.0,4.0,2.0,0.0,0.0,1.0,0.0,0.0,9.0,-1.0,-1.0
7007,2015170H10505,1,9,0,18,0,0,0,0,0,0,1,1,6,2,64,9,1598,1,3,-1,1,-1,1,2,449429.0,532508.0,-1.234817,54.685205,17,2,2,1,42191,1,1899-12-30 15:20:00,240,E06000001,6,0,6,30,0,-1,-1,0,0,0,1,1,1,0,0,1,1,E01011965,1.0,1.0,2.0,64.0,9.0,2.0,0.0,0.0,0.0,0.0,0.0,9.0,1.0,4.0
7008,201501LX50940,1,9,0,9,0,8,0,0,0,0,4,1,6,2,26,6,1598,2,2,-1,1,-1,3,3,529450.0,170110.0,-0.139891,51.415238,1,2,3,3,28/08/2015,6,1899-12-30 22:22:00,9,E09000022,4,272,6,30,6,4,6,0,0,0,4,1,1,0,0,1,1,E01003139,1.0,1.0,2.0,26.0,6.0,2.0,0.0,0.0,0.0,0.0,0.0,9.0,1.0,6.0
7009,2015471500005,1,9,0,16,0,0,1,7,0,11,1,1,6,1,22,5,-1,-1,-1,-1,1,-1,1,5,583594.0,111251.0,0.607974,50.8716,47,2,5,1,42005,5,1899-12-30 04:02:00,552,E10000011,3,259,6,30,0,-1,-1,0,0,0,4,1,2,0,0,1,1,E01021006,1.0,2.0,1.0,23.0,5.0,2.0,0.0,0.0,1.0,0.0,0.0,9.0,1.0,4.0
7010,2015051501781,1,9,0,9,0,1,0,0,0,0,4,1,6,1,32,6,-1,-1,-1,-1,1,-1,6,3,338535.0,390394.0,-2.926042,53.406766,5,2,3,6,18/07/2015,7,1899-12-30 13:05:00,91,E08000012,6,0,6,30,3,4,6,0,0,0,1,1,1,0,0,1,1,E01006692,5.0,2.0,2.0,33.0,6.0,3.0,0.0,0.0,1.0,0.0,0.0,9.0,1.0,1.0
7011,201504WB15312,1,9,0,18,0,0,0,0,4,6,1,1,6,2,37,7,1388,1,7,-1,1,-1,2,5,349630.0,463690.0,-2.771134,54.066673,4,2,5,2,20/09/2015,1,1899-12-30 16:10:00,76,E10000017,1,6,3,70,0,-1,-1,0,0,0,1,1,1,4,0,2,1,E01025131,2.0,2.0,2.0,58.0,9.0,3.0,0.0,0.0,1.0,0.0,0.0,9.0,1.0,2.0
7012,201520W014845,1,9,0,9,0,8,0,0,0,0,3,1,6,1,82,11,-1,-1,-1,-1,1,-1,3,2,406480.0,294650.0,-1.905868,52.54966,20,2,2,3,42311,4,1899-12-30 16:18:00,300,E08000025,6,0,6,30,3,4,6,0,0,0,1,1,1,0,0,1,1,E01009223,3.0,2.0,2.0,80.0,11.0,2.0,0.0,0.0,1.0,0.0,0.0,9.0,1.0,9.0
7013,201542I022301,1,9,0,9,0,2,0,0,0,0,3,1,6,2,77,11,2295,1,14,-1,3,-1,2,2,578658.0,232778.0,0.599114,51.964768,42,2,2,2,24/01/2015,7,1899-12-30 12:00:00,451,E10000012,3,1017,6,30,3,4,3,1124,0,0,1,1,2,0,0,2,1,E01021397,,,,,,,,,,,,,,
7014,2015320022984,1,19,0,17,0,0,0,0,0,0,3,1,6,1,38,7,1868,2,9,-1,3,-1,2,2,532041.0,326760.0,-0.041917,52.822207,32,2,2,2,28/04/2015,3,1899-12-30 18:38:00,354,E10000019,4,1357,6,50,0,-1,-1,0,0,0,1,1,1,0,0,2,1,E01026283,1.0,1.0,1.0,38.0,7.0,2.0,0.0,0.0,0.0,0.0,0.0,19.0,3.0,5.0
7015,2015350195115,2,1,0,18,0,8,0,0,0,0,1,1,2,2,38,7,-1,-1,-1,-1,1,-1,1,2,546170.0,258810.0,0.137766,52.208132,35,2,2,1,25/11/2015,4,1899-12-30 08:30:00,390,E10000003,3,1134,1,30,1,2,3,603,0,7,1,1,1,0,0,1,2,E01017989,1.0,1.0,2.0,38.0,7.0,2.0,0.0,0.0,0.0,0.0,0.0,1.0,1.0,10.0
7016,2015440444831,2,1,0,17,0,0,0,0,0,0,1,1,6,1,42,7,-1,-1,-1,-1,1,-1,1,2,468973.0,161246.0,-1.011071,51.34612,44,2,2,1,19/12/2015,7,1899-12-30 10:15:00,490,E10000014,6,0,6,60,0,-1,-1,0,0,0,1,1,2,0,0,2,1,E01022492,1.0,1.0,1.0,42.0,7.0,2.0,0.0,0.0,0.0,0.0,0.0,1.0,1.0,10.0
7017,2015405CA0023,1,2,0,18,0,1,1,0,0,0,4,1,4,1,16,4,49,1,1,-1,1,-1,1,1,505036.0,223408.0,-0.474821,51.899328,40,2,1,1,42156,3,1899-12-30 15:10:00,421,E06000032,6,0,6,30,3,4,6,0,0,0,1,1,2,0,0,1,1,E01015718,1.0,1.0,1.0,16.0,4.0,2.0,0.0,0.0,0.0,0.0,0.0,2.0,1.0,3.0
7018,201534NW16405,2,9,0,18,0,8,0,0,0,0,1,1,2,2,34,6,1598,1,5,-1,1,-1,2,2,484551.0,264546.0,-0.762278,52.272576,34,2,2,2,30/06/2015,3,1899-12-30 16:10:00,386,E10000021,3,4500,6,40,6,2,4,573,0,5,1,1,1,0,0,2,1,E01027323,1.0,1.0,2.0,34.0,6.0,3.0,0.0,0.0,0.0,0.0,0.0,9.0,1.0,8.0
7019,2015450035293,2,9,0,18,0,0,0,0,0,0,0,1,6,3,-1,-1,-1,-1,-1,-1,-1,-1,1,3,503156.0,166083.0,-0.519016,51.38443,45,2,3,1,42228,3,1899-12-30 08:19:00,514,E10000030,1,25,3,70,0,-1,-1,0,0,0,1,1,1,0,0,2,1,E01030677,,,,,,,,,,,,,,
7020,201560S075812,1,9,0,16,0,8,2,0,3,10,3,1,6,1,18,4,-1,-1,-1,-1,-1,-1,5,1,295905.0,359301.0,-3.556903,53.120688,60,2,1,5,27/05/2015,4,1899-12-30 00:30:00,723,W06000004,4,4501,6,60,3,4,3,543,0,0,6,1,1,0,0,2,1,W01000211,4.0,2.0,2.0,21.0,5.0,2.0,0.0,0.0,2.0,0.0,0.0,9.0,-1.0,-1.0
7021,2015621500411,2,9,0,9,0,0,0,0,0,0,3,1,6,2,43,7,-1,-1,-1,-1,1,-1,1,2,313184.0,168710.0,-3.249659,51.410741,62,2,2,1,42158,6,1899-12-30 08:09:00,746,W06000014,3,4055,6,30,0,-1,-1,0,0,0,1,1,1,0,0,1,1,W01001070,,,,,,,,,,,,,,
7022,2015555997661,1,9,0,18,0,1,0,4,0,0,1,1,6,1,74,10,-1,-1,-1,-1,1,-1,1,2,407577.0,95107.0,-1.893951,50.755512,55,2,2,1,16/01/2015,6,1899-12-30 09:07:00,640,E06000028,6,0,6,30,6,4,6,0,0,0,1,1,1,0,0,1,1,E01015334,1.0,1.0,1.0,74.0,10.0,2.0,0.0,0.0,0.0,0.0,0.0,9.0,1.0,5.0
7023,2015160A00441,2,9,0,18,0,0,0,0,0,0,2,1,6,1,43,7,2184,2,11,-1,1,-1,1,3,528099.0,410022.0,-0.067016,53.57117,16,2,3,1,16/02/2015,2,1899-12-30 00:12:00,233,E06000012,6,0,6,30,0,-1,-1,0,0,8,4,7,2,4,7,1,1,E01013139,,,,,,,,,,,,,,
7024,2015450029002,1,9,0,4,0,1,0,0,0,0,1,1,6,2,18,4,998,1,12,-1,2,-1,1,2,531296.0,146155.0,-0.122169,51.199532,45,2,2,1,42286,5,1899-12-30 21:15:00,516,E10000030,5,65,6,40,3,4,5,67,0,0,6,1,1,0,0,2,1,E01030817,1.0,1.0,2.0,18.0,4.0,2.0,0.0,0.0,0.0,0.0,0.0,9.0,2.0,9.0
7025,20151321N0194,1,9,0,18,0,0,0,0,0,0,1,1,6,1,52,8,-1,-1,-1,-1,1,-1,2,2,430098.0,435394.0,-1.544366,53.813965,13,2,2,2,23/01/2015,6,1899-12-30 07:29:00,204,E08000035,6,0,6,30,0,-1,-1,0,0,0,1,1,1,0,0,1,1,E01011671,1.0,1.0,1.0,52.0,8.0,2.0,0.0,0.0,0.0,0.0,0.0,9.0,1.0,1.0
7026,201543P312055,1,1,0,18,0,1,0,0,0,0,0,1,6,1,52,8,-1,-1,-1,-1,1,-1,1,1,453207.0,208339.0,-1.230303,51.771205,43,2,1,1,42190,5,1899-12-30 01:00:00,482,E10000025,4,4150,6,30,3,4,6,0,0,4,4,1,1,0,0,1,2,E01028561,1.0,1.0,1.0,52.0,8.0,2.0,0.0,0.0,0.0,0.0,0.0,1.0,1.0,7.0
7027,201531D129415,1,9,0,9,0,5,0,0,0,0,0,1,6,1,-1,-1,1596,1,2,-1,1,-1,1,2,459035.0,343315.0,-1.122121,52.983933,31,2,2,1,42069,4,1899-12-30 18:56:00,343,E10000024,4,684,6,30,3,4,6,0,0,5,1,1,1,0,0,1,1,E01028214,,,,,,,,,,,,,,
7028,201597KB02303,1,9,0,18,0,0,0,0,0,0,1,1,6,2,89,11,1086,1,5,-1,2,-1,1,2,243098.0,664109.0,-4.5075,55.844596,97,2,2,1,21/03/2015,7,1899-12-30 17:51:00,935,S12000038,3,761,6,30,0,-1,-1,0,0,0,1,1,1,0,0,1,1,,1.0,1.0,2.0,89.0,11.0,2.0,0.0,0.0,0.0,0.0,0.0,9.0,2.0,-1.0
7029,201501ZT80327,1,9,0,18,0,0,0,0,0,0,1,1,6,1,23,5,1360,1,9,-1,1,-1,1,1,529060.0,164950.0,-0.14737,51.368954,1,2,1,1,42165,3,1899-12-30 13:04:00,21,E09000029,3,232,6,30,0,-1,-1,0,0,0,1,1,1,0,0,1,1,E01004173,1.0,3.0,2.0,92.0,11.0,2.0,5.0,1.0,0.0,0.0,2.0,0.0,1.0,5.0
7030,2015051502444,1,9,0,18,0,1,0,0,0,0,1,1,6,2,50,8,898,1,-1,-1,1,-1,1,1,342091.0,391362.0,-2.872736,53.415869,5,2,1,1,42318,1,1899-12-30 18:50:00,91,E08000012,6,0,6,30,3,4,6,0,0,0,4,1,1,0,0,1,1,E01006574,1.0,3.0,2.0,6.0,2.0,2.0,5.0,3.0,0.0,0.0,0.0,0.0,1.0,1.0
7031,2015440243139,4,19,0,18,0,0,0,0,1,0,3,1,6,1,58,9,1968,2,2,-1,3,-1,2,6,480201.0,137871.0,-0.85512,51.134506,44,2,6,2,15/07/2015,4,1899-12-30 15:00:00,497,E10000014,3,325,6,60,0,-1,-1,0,0,0,1,1,1,0,0,2,1,E01022640,,,,,,,,,,,,,,
7032,201550DE2S012,3,9,0,18,0,1,0,0,0,0,0,1,6,1,-1,-1,1686,2,1,-1,-1,-1,1,5,292078.0,89730.0,-3.529446,50.69717,50,2,5,1,20/10/2015,3,1899-12-30 01:15:00,581,E10000008,6,0,6,30,9,4,6,0,0,0,4,1,1,0,0,1,1,E01019970,,,,,,,,,,,,,,
7033,2015551501203,1,9,0,9,0,5,0,0,0,0,1,1,6,2,63,9,1390,1,15,-1,1,-1,2,1,413099.0,93469.0,-1.815727,50.740685,55,2,1,2,13/11/2015,6,1899-12-30 14:39:00,640,E06000028,6,0,6,30,3,4,6,0,0,0,1,1,2,0,0,1,1,E01015316,1.0,3.0,2.0,1.0,1.0,3.0,5.0,3.0,0.0,0.0,0.0,0.0,-1.0,-1.0
7034,201501BS70348,1,1,0,18,0,2,0,0,0,0,1,1,6,1,25,5,-1,-1,-1,-1,1,-1,2,1,526510.0,178030.0,-0.179316,51.487078,1,2,1,2,23/06/2015,3,1899-12-30 08:15:00,12,E09000020,5,0,6,30,6,2,3,308,0,5,1,1,1,0,0,1,1,E01002895,2.0,3.0,2.0,40.0,7.0,2.0,1.0,1.0,0.0,0.0,2.0,0.0,1.0,1.0
7035,2015051501557,5,9,0,2,0,0,0,0,0,0,3,1,6,3,-1,-1,1242,1,13,-1,-1,-1,1,6,335264.0,396327.0,-2.976459,53.459695,5,2,6,1,42041,3,1899-12-30 19:50:00,93,E08000014,6,0,6,30,0,-1,-1,0,0,0,1,1,1,0,0,1,1,E01007052,,,,,,,,,,,,,,
7036,2015200034464,3,9,0,8,0,1,0,0,0,0,3,1,6,1,25,5,1781,1,16,-1,1,-1,5,3,403425.0,281263.0,-1.951054,52.429339,20,2,3,5,13/11/2015,6,1899-12-30 20:27:00,300,E08000025,3,38,3,40,9,-1,3,-1,0,0,4,1,2,0,0,1,1,E01008950,3.0,2.0,2.0,24.0,5.0,3.0,0.0,0.0,0.0,0.0,0.0,9.0,1.0,4.0
7037,2015100371415,1,9,0,9,0,6,0,0,0,0,4,1,6,2,41,7,1896,2,10,-1,1,-1,1,1,420115.0,567104.0,-1.687105,54.998111,10,2,1,1,42129,3,1899-12-30 11:40:00,147,E08000021,4,6324,6,30,3,4,6,1279,0,4,1,2,2,0,0,1,1,E01008445,1.0,3.0,1.0,61.0,9.0,2.0,4.0,1.0,0.0,0.0,0.0,0.0,1.0,2.0
7038,201542I144205,2,9,0,18,0,0,0,0,0,0,1,1,6,1,40,7,1596,1,5,-1,1,-1,7,4,551100.0,233845.0,0.198801,51.982521,42,2,4,7,42099,2,1899-12-30 21:35:00,463,E10000012,1,11,3,70,0,-1,-1,0,0,0,6,2,2,0,0,2,1,E01022073,2.0,1.0,1.0,40.0,7.0,3.0,0.0,0.0,0.0,0.0,0.0,9.0,1.0,10.0
7039,2015610013115,2,9,0,9,0,8,0,0,0,0,1,1,6,1,51,8,-1,-1,-1,-1,1,-1,2,2,313973.0,188264.0,-3.243091,51.586639,61,2,2,2,42340,5,1899-12-30 18:25:00,733,W06000022,6,0,6,30,3,4,6,0,0,0,4,1,1,0,0,1,1,W01001393,,,,,,,,,,,,,,
7040,2015075166111,1,20,0,13,0,0,0,0,0,0,4,1,1,1,55,8,-1,-1,-1,-1,3,-1,1,2,354244.0,358668.0,-2.685188,53.123208,7,2,2,1,42314,5,1899-12-30 16:25:00,130,E06000050,6,0,6,60,0,-1,-1,0,0,0,1,1,1,0,0,2,1,E01018372,,,,,,,,,,,,,,
7041,201560S082190,1,4,0,17,0,1,0,0,1,11,3,1,6,1,43,7,-1,-1,-1,-1,-1,-1,1,1,305579.0,379399.0,-3.418354,53.303093,60,2,1,1,42191,1,1899-12-30 14:33:00,723,W06000004,4,5119,6,30,3,4,6,0,0,0,1,1,1,0,0,1,1,W01000201,1.0,1.0,1.0,43.0,7.0,2.0,0.0,0.0,0.0,0.0,0.0,4.0,-1.0,-1.0
7042,2015075312129,1,5,0,18,0,0,1,0,0,0,4,1,6,1,25,5,998,1,8,-1,1,-1,1,1,354596.0,387714.0,-2.684083,53.384308,7,2,1,1,19/10/2015,2,1899-12-30 12:00:00,128,E06000007,3,5080,6,50,0,-1,-1,0,0,0,1,1,1,0,0,2,1,E01012530,1.0,1.0,1.0,25.0,5.0,2.0,0.0,0.0,0.0,0.0,0.0,5.0,1.0,7.0
7043,201501KF60529,1,9,0,18,0,1,0,0,0,0,1,1,6,3,-1,-1,-1,-1,-1,-1,-1,-1,1,1,539040.0,184450.0,0.003566,51.541829,1,2,1,1,15/05/2015,6,1899-12-30 16:56:00,17,E09000025,3,118,6,30,3,4,3,11,0,1,1,1,1,0,0,1,2,E01003619,1.0,3.0,1.0,39.0,7.0,2.0,4.0,1.0,0.0,0.0,2.0,0.0,1.0,1.0
7044,201522D503549,2,1,0,4,9,8,0,0,0,0,4,1,6,1,5,1,-1,-1,-1,-1,1,-1,1,2,404730.0,267100.0,-1.932056,52.302002,22,2,2,1,16/08/2015,1,1899-12-30 17:18:00,274,E10000034,6,0,6,30,8,4,6,0,0,0,1,1,1,0,0,1,1,E01032236,,,,,,,,,,,,,,
7045,201563AC20615,2,9,0,18,0,4,0,0,0,0,4,1,2,2,17,4,-1,-1,-1,-1,3,-1,1,2,242450.0,221060.0,-4.289603,51.865811,63,2,2,1,15/07/2015,4,1899-12-30 08:30:00,751,W06000010,3,484,1,30,1,4,3,485,0,0,1,1,1,0,0,1,1,W01000641,1.0,1.0,2.0,17.0,4.0,2.0,0.0,0.0,0.0,0.0,0.0,9.0,3.0,-1.0
7046,2015075268788,1,9,0,9,0,6,0,0,0,0,1,1,2,1,34,6,1149,1,10,-1,1,-1,1,2,386015.0,362841.0,-2.210624,53.162505,7,2,2,1,42256,4,1899-12-30 18:16:00,129,E06000049,6,0,6,30,3,4,6,0,0,0,1,1,1,0,0,1,1,E01018399,,,,,,,,,,,,,,
7047,2015621501611,1,9,0,5,0,4,0,0,0,0,1,1,6,2,21,5,-1,-1,-1,-1,1,-1,1,2,282266.0,178066.0,-3.697142,51.489247,62,2,2,1,19/09/2015,7,1899-12-30 17:08:00,740,W06000013,3,4106,1,40,1,4,6,0,0,0,1,1,1,0,0,2,1,W01001044,,,,,,,,,,,,,,
7048,201501KF60536,2,2,0,18,0,0,0,0,0,0,3,1,6,1,44,7,124,1,15,-1,1,-1,1,2,543780.0,182690.0,0.071152,51.524828,1,2,2,1,30/07/2015,5,1899-12-30 16:48:00,17,E09000025,3,13,3,50,0,-1,-1,0,0,0,1,1,1,0,0,2,1,E01003535,1.0,1.0,1.0,44.0,7.0,2.0,0.0,0.0,0.0,0.0,0.0,2.0,1.0,2.0
7049,2015440154398,1,2,0,13,0,0,1,7,7,0,1,1,2,1,17,4,50,1,11,-1,1,-1,1,2,480643.0,139294.0,-0.848486,51.147237,44,2,2,1,42221,6,1899-12-30 07:25:00,497,E10000014,3,325,6,60,0,-1,-1,0,0,8,1,1,1,0,0,2,1,E01022630,1.0,1.0,1.0,17.0,4.0,2.0,0.0,0.0,0.0,0.0,0.0,2.0,1.0,7.0
7050,201506M008124,1,9,0,9,0,8,0,0,0,0,1,1,2,1,56,9,1199,1,16,-1,1,-1,1,2,379810.0,387400.0,-2.304997,53.383056,6,2,2,1,42105,4,1899-12-30 11:15:00,112,E08000009,5,0,6,60,3,4,5,0,0,0,1,1,2,0,0,1,1,E01006138,,,,,,,,,,,,,,
7051,2015360096345,1,9,0,18,0,0,2,0,4,6,1,1,6,1,31,6,1999,1,8,-1,1,-1,3,2,615549.0,303326.0,1.180336,52.584985,36,2,2,3,16/12/2015,4,1899-12-30 10:45:00,406,E10000020,3,11,3,70,0,-1,-1,0,0,0,1,1,1,0,0,2,1,E01026906,1.0,1.0,1.0,31.0,6.0,3.0,0.0,0.0,0.0,0.0,0.0,9.0,1.0,3.0
7052,2015075111467,1,9,0,16,0,0,2,0,8,11,1,1,6,1,25,5,1149,1,13,-1,1,-1,2,1,394408.0,373100.0,-2.085276,53.254878,7,2,1,2,21/04/2015,3,1899-12-30 19:57:00,129,E06000049,6,0,6,60,0,-1,-1,0,0,0,1,1,1,0,0,2,1,E01018628,2.0,2.0,2.0,18.0,4.0,2.0,0.0,0.0,1.0,0.0,0.0,9.0,1.0,4.0
7053,201542I198707,1,9,0,18,0,0,0,0,0,0,1,1,6,2,55,8,1360,1,12,-1,1,-1,2,2,539018.0,205992.0,0.011798,51.735405,42,2,2,2,42011,4,1899-12-30 16:35:00,456,E10000012,4,194,6,30,0,-1,-1,0,0,0,1,1,1,0,0,1,1,E01021793,2.0,2.0,2.0,77.0,11.0,3.0,0.0,0.0,1.0,0.0,0.0,9.0,1.0,4.0
7054,2015450023603,2,19,0,4,0,1,0,0,0,0,2,1,1,1,44,7,2402,2,7,-1,1,-1,2,3,536246.0,145691.0,-0.05154,51.194205,45,2,3,2,21/04/2015,3,1899-12-30 11:55:00,516,E10000030,3,22,6,40,3,4,6,0,0,0,1,4,1,0,0,2,1,E01030827,,,,,,,,,,,,,,
7055,201543R016085,1,9,0,18,0,2,0,0,0,0,4,1,6,1,73,10,2429,1,10,-1,1,-1,1,1,497989.0,179621.0,-0.589498,51.507035,43,2,1,1,42043,1,1899-12-30 12:36:00,473,E06000039,6,7302,6,30,3,4,6,7302,0,0,1,1,1,0,0,1,1,E01016512,1.0,3.0,2.0,67.0,10.0,2.0,5.0,1.0,0.0,0.0,0.0,0.0,1.0,4.0
7056,2015450020934,3,9,0,4,0,0,0,0,0,0,4,1,6,1,61,9,2199,2,5,-1,2,-1,2,5,502919.0,173791.0,-0.520185,51.453757,45,2,5,2,42309,1,1899-12-30 03:06:00,40,E10000030,1,25,3,70,0,-1,-1,0,0,0,4,4,1,0,3,2,1,E01030735,,,,,,,,,,,,,,
7057,20154100A0304,2,9,0,18,0,0,0,0,0,0,1,1,6,2,31,6,1242,1,5,-1,3,-1,1,2,548660.0,218489.0,0.156677,51.845214,41,2,2,1,20/05/2015,4,1899-12-30 20:30:00,432,E10000015,3,1184,6,60,0,-1,-1,0,0,0,1,1,1,0,0,2,1,E01023496,,,,,,,,,,,,,,
7058,2015471504698,2,5,0,18,0,0,0,0,0,0,1,1,1,1,53,8,865,1,3,-1,1,-1,2,2,562972.0,105183.0,0.312455,50.823256,47,2,2,2,15/08/2015,7,1899-12-30 11:40:00,556,E10000011,3,27,6,60,0,-1,-1,0,0,0,1,1,1,0,0,2,1,E01021206,2.0,2.0,1.0,19.0,4.0,3.0,0.0,0.0,0.0,0.0,0.0,5.0,1.0,1.0
7059,2015440006077,1,9,0,18,0,0,1,0,1,5,1,1,6,1,20,4,-1,-1,-1,-1,3,-1,3,2,472193.0,119609.0,-0.973188,50.971382,44,2,2,3,42156,3,1899-12-30 21:15:00,497,E10000014,3,3,3,70,0,-1,-1,0,0,0,6,4,1,0,0,2,1,E01022592,2.0,2.0,2.0,22.0,5.0,3.0,0.0,0.0,1.0,0.0,0.0,9.0,1.0,10.0
7060,2015210026301,1,9,0,7,0,6,0,0,1,11,1,1,6,1,83,11,998,1,12,-1,1,-1,1,2,397821.0,355859.0,-2.033996,53.099926,21,2,2,1,30/06/2015,3,1899-12-30 13:14:00,256,E10000028,3,53,6,30,8,4,6,0,0,0,1,1,1,0,0,1,2,E01029813,1.0,1.0,1.0,83.0,11.0,2.0,0.0,0.0,0.0,0.0,0.0,9.0,1.0,4.0
7061,2015440083084,1,1,0,18,0,1,1,0,0,0,0,1,1,1,34,6,-1,-1,-1,-1,1,-1,1,1,464833.0,106587.0,-1.080305,50.855173,44,2,1,1,42311,4,1899-12-30 07:30:00,498,E06000044,4,2177,6,40,1,4,4,2177,0,0,1,1,1,0,0,2,1,E01017051,1.0,1.0,1.0,34.0,6.0,2.0,0.0,0.0,0.0,0.0,0.0,1.0,1.0,6.0
7062,2015132AL1191,1,5,0,11,0,0,5,0,0,0,4,1,6,1,62,9,1195,1,2,-1,1,-1,1,1,427928.0,431350.0,-1.577687,53.777739,13,2,1,1,21/10/2015,4,1899-12-30 16:18:00,204,E08000035,1,621,3,50,0,-1,-1,0,0,0,1,1,1,0,0,1,1,E01011369,1.0,1.0,1.0,62.0,9.0,2.0,0.0,0.0,0.0,0.0,0.0,5.0,1.0,10.0
7063,2015961500716,1,9,0,18,0,0,0,0,0,0,1,1,6,1,40,7,1400,1,8,-1,1,-1,3,2,283443.0,679211.0,-3.870109,55.991654,96,2,2,3,28/04/2015,3,1899-12-30 16:20:00,924,S12000014,4,816,6,60,0,-1,-1,0,0,0,1,1,2,0,0,2,1,,1.0,1.0,1.0,40.0,7.0,2.0,0.0,0.0,0.0,0.0,0.0,9.0,1.0,-1.0
7064,2015075344985,1,9,0,9,0,8,0,0,0,0,1,1,6,2,71,10,993,1,16,-1,1,-1,3,2,373573.0,357229.0,-2.396245,53.111586,7,2,2,3,18/11/2015,4,1899-12-30 11:52:00,129,E06000049,3,534,6,60,3,4,6,0,0,0,1,1,2,0,0,2,1,E01018469,1.0,1.0,2.0,71.0,10.0,2.0,0.0,0.0,0.0,0.0,0.0,9.0,1.0,2.0
7065,2015961501143,2,9,0,18,0,8,0,0,0,0,2,1,6,2,55,8,1997,2,8,-1,1,-1,1,2,288130.0,693706.0,-3.801073,56.122938,96,2,2,1,42162,2,1899-12-30 18:30:00,915,S12000005,6,0,6,20,3,4,6,0,0,0,1,1,1,0,0,1,1,,,,,,,,,,,,,,,
7066,201501QA10073,2,9,0,18,0,1,0,0,0,0,1,1,6,1,47,8,-1,-1,-1,-1,1,-1,2,2,518470.0,191250.0,-0.290609,51.607631,1,2,2,2,31/01/2015,7,1899-12-30 16:05:00,29,E09000015,4,461,6,30,3,4,6,0,0,0,1,2,2,0,0,1,1,E01002118,2.0,1.0,1.0,47.0,8.0,2.0,0.0,0.0,0.0,0.0,0.0,9.0,1.0,5.0
7067,201501ZD30146,1,9,0,9,0,8,0,0,0,0,4,1,6,1,50,8,-1,-1,-1,-1,1,-1,1,2,530890.0,158710.0,-0.123388,51.312458,1,2,2,1,28/01/2015,4,1899-12-30 20:34:00,20,E09000008,4,2030,6,30,3,4,6,0,0,0,4,1,1,0,0,1,1,E01001019,,,,,,,,,,,,,,
7068,2015941500457,3,9,0,18,0,0,0,0,0,0,1,1,6,2,51,8,1149,1,11,-1,1,-1,3,3,337844.0,701482.0,-3.00341,56.201862,94,2,3,3,15/06/2015,2,1899-12-30 14:45:00,925,S12000015,3,915,6,30,0,-1,-1,0,0,0,1,1,1,0,0,1,1,,2.0,1.0,2.0,51.0,8.0,3.0,0.0,0.0,0.0,0.0,0.0,9.0,1.0,-1.0
7069,201597ND02508,3,9,0,3,0,2,0,0,0,0,2,1,6,1,30,6,1398,2,3,-1,1,-1,1,3,272420.0,660507.0,-4.037868,55.820903,97,2,3,1,28/08/2015,6,1899-12-30 17:27:00,932,S12000044,3,721,1,30,1,4,3,721,0,8,1,1,1,0,0,1,1,,,,,,,,,,,,,,,
7070,201501CW11100,1,3,0,9,0,8,0,0,0,0,1,1,2,1,45,7,-1,-1,-1,-1,1,-1,1,2,528340.0,178920.0,-0.15265,51.494664,1,2,2,1,27/07/2015,2,1899-12-30 10:51:00,1,E09000033,6,0,6,30,6,2,6,0,0,5,1,1,1,0,0,1,1,E01004687,1.0,1.0,1.0,45.0,7.0,2.0,0.0,0.0,0.0,0.0,0.0,3.0,1.0,3.0