,accident_index,vehicle_reference,vehicle_type,towing_and_articulation,vehicle_manoeuvre,vehicle_location-restricted_lane,junction_location,skidding_and_overturning,hit_object_in_carriageway,vehicle_leaving_carriageway,hit_object_off_carriageway,1st_point_of_impact,was_vehicle_left_hand_drive?,journey_purpose_of_driver,sex_of_driver,age_of_driver,age_band_of_driver,engine_capacity_(cc),propulsion_code,age_of_vehicle,driver_imd_decile,driver_home_area_type,vehicle_imd_decile,NUmber_of_Casualities_unique_to_accident_index,No_of_Vehicles_involved_unique_to_accident_index,location_easting_osgr,location_northing_osgr,longitude,latitude,police_force,accident_severity,number_of_vehicles,number_of_casualties,date,day_of_week,time,local_authority_(district),local_authority_(highway),1st_road_class,1st_road_number,road_type,speed_limit,junction_detail,junction_control,2nd_road_class,2nd_road_number,pedestrian_crossing-human_control,pedestrian_crossing-physical_facilities,light_conditions,weather_conditions,road_surface_conditions,special_conditions_at_site,carriageway_hazards,urban_or_rural_area,did_police_officer_attend_scene_of_accident,lsoa_of_accident_location,casualty_reference,casualty_class,sex_of_casualty,age_of_casualty,age_band_of_casualty,casualty_severity,pedestrian_location,pedestrian_movement,car_passenger,bus_or_coach_passenger,pedestrian_road_maintenance_worker,casualty_type,casualty_home_area_type,casualty_imd_decile
7071,201531C245815,1,3,0,18,0,0,1,7,0,0,3,1,2,1,37,7,125,1,6,-1,1,-1,1,1,457611.0,341413.0,-1.143667,52.966992,31,2,1,1,15/11/2015,1,1899-12-30 19:17:00,346,E06000018,4,684,6,30,0,-1,-1,0,0,0,4,2,2,0,0,1,1,E01013958,1.0,1.0,1.0,37.0,7.0,2.0,0.0,0.0,0.0,0.0,0.0,3.0,1.0,5.0
7072,201501XD80720,1,9,0,18,0,1,0,0,0,0,1,1,6,3,-1,-1,-1,-1,-1,-1,-1,-1,1,1,512740.0,180410.0,-0.376789,51.511379,1,2,1,1,27/04/2015,2,1899-12-30 11:30:00,27,E09000009,3,4020,6,30,3,4,6,0,0,0,1,1,1,0,0,1,2,E01001361,1.0,3.0,1.0,66.0,10.0,2.0,5.0,1.0,0.0,0.0,2.0,0.0,1.0,3.0
7073,2015440093109,2,1,0,17,0,8,0,0,0,0,1,1,2,1,54,8,-1,-1,-1,-1,1,-1,1,2,424210.0,94824.0,-1.658176,50.752515,44,2,2,1,19/03/2015,5,1899-12-30 08:45:00,496,E10000014,6,0,6,30,3,4,6,0,0,0,1,1,1,0,0,1,1,E01023054,1.0,1.0,1.0,54.0,8.0,2.0,0.0,0.0,0.0,0.0,0.0,1.0,1.0,10.0
7074,2015440288499,1,9,0,16,0,2,2,0,1,4,1,1,6,1,39,7,-1,-1,-1,-1,1,-1,2,1,483609.0,160668.0,-0.801108,51.338963,44,2,1,2,20/08/2015,5,1899-12-30 22:20:00,494,E10000014,6,0,6,30,3,4,6,0,0,0,4,1,2,0,0,1,1,E01022876,2.0,2.0,2.0,18.0,4.0,3.0,0.0,0.0,1.0,0.0,0.0,9.0,1.0,9.0
7075,201597GD04607,1,9,0,9,0,5,0,0,0,0,1,1,6,1,60,9,1998,2,6,-1,3,-1,1,2,257625.0,663600.0,-4.275434,55.844534,97,2,2,1,22/07/2015,4,1899-12-30 23:15:00,926,S12000043,6,0,6,30,3,4,6,0,0,0,4,1,2,0,0,1,2,,,,,,,,,,,,,,,
7076,201563CP14115,2,9,0,18,0,8,0,0,0,0,1,1,6,1,42,7,-1,-1,-1,-1,2,-1,1,2,197940.0,219570.0,-4.934364,51.838084,63,2,2,1,20/08/2015,5,1899-12-30 15:05:00,752,W06000009,4,4329,6,60,3,4,6,0,0,0,1,2,2,0,0,2,1,W01000611,,,,,,,,,,,,,,
7077,201506G096499,2,9,0,18,0,0,0,0,0,0,3,1,6,2,57,9,1595,1,8,-1,1,-1,1,2,395340.0,397390.0,-2.071674,53.47322,6,2,2,1,17/01/2015,7,1899-12-30 19:10:00,110,E08000008,4,6175,6,30,0,-1,-1,0,0,0,4,2,2,0,0,1,2,E01006019,1.0,1.0,2.0,57.0,9.0,2.0,0.0,0.0,0.0,0.0,0.0,9.0,1.0,9.0
7078,2015548279915,1,9,0,18,0,6,0,0,0,0,1,1,6,2,30,6,1240,1,12,-1,1,-1,3,2,393569.0,132987.0,-2.093214,51.096153,54,2,2,3,42347,7,1899-12-30 15:35:00,635,E06000054,4,3089,6,30,3,4,5,43,0,0,1,1,1,0,0,2,1,E01032004,1.0,1.0,2.0,30.0,6.0,3.0,0.0,0.0,0.0,0.0,0.0,9.0,1.0,2.0
7079,201501YE80952,1,9,0,18,0,8,0,0,0,0,1,1,6,1,63,9,1598,2,1,-1,1,-1,3,2,531360.0,193340.0,-0.10379,51.623556,1,2,2,3,26/12/2015,7,1899-12-30 21:50:00,32,E09000010,3,105,6,30,6,2,3,111,0,5,4,1,1,0,0,1,1,E01001495,2.0,2.0,1.0,52.0,8.0,3.0,0.0,0.0,1.0,0.0,0.0,9.0,1.0,6.0
7080,20154100T3199,5,9,0,3,0,0,0,0,0,0,2,1,6,2,59,9,875,1,2,-1,1,-1,4,6,503277.0,194344.0,-0.509009,51.638429,41,2,6,4,23/12/2015,4,1899-12-30 13:10:00,436,E10000015,1,25,3,70,0,-1,-1,0,0,0,1,1,1,0,0,2,1,E01023835,3.0,1.0,2.0,59.0,9.0,3.0,0.0,0.0,0.0,0.0,0.0,9.0,1.0,6.0
7081,201501ZD30173,1,9,0,18,0,2,0,0,0,0,1,1,6,2,52,8,1598,1,4,-1,1,-1,1,2,530840.0,168980.0,-0.120331,51.404764,1,2,2,1,17/02/2015,3,1899-12-30 16:54:00,20,E09000008,6,0,6,30,3,4,3,23,0,0,1,1,1,0,0,1,1,E01001090,,,,,,,,,,,,,,
7082,2015950004258,2,9,0,17,0,0,0,0,0,0,1,1,6,2,60,9,1598,2,-1,-1,3,-1,2,2,367526.0,618304.0,-2.515056,55.457501,95,2,2,2,25/09/2015,6,1899-12-30 13:50:00,914,S12000026,6,0,6,60,0,-1,-1,0,0,0,1,1,1,0,0,2,1,,2.0,2.0,2.0,91.0,11.0,3.0,0.0,0.0,1.0,0.0,0.0,9.0,3.0,-1.0
7083,201501SX20866,1,20,0,18,0,2,0,0,0,0,1,1,1,1,-1,-1,-1,-1,-1,-1,-1,-1,1,1,524220.0,191050.0,-0.207688,51.604596,1,2,1,1,42225,3,1899-12-30 17:10:00,30,E09000003,4,552,6,30,1,4,4,1462,0,1,1,1,1,0,0,1,2,E01000259,1.0,3.0,1.0,25.0,5.0,2.0,1.0,1.0,0.0,0.0,2.0,0.0,-1.0,-1.0
7084,201550BL2M005,1,9,0,9,0,6,0,0,0,0,1,1,6,2,79,11,2200,2,23,-1,2,-1,7,3,224866.0,80261.0,-4.475864,50.595733,50,2,3,7,25/08/2015,3,1899-12-30 16:35:00,596,E06000052,3,30,3,70,3,4,4,3257,0,0,1,1,1,0,0,2,1,E01018925,7.0,2.0,2.0,29.0,6.0,3.0,0.0,0.0,1.0,0.0,0.0,9.0,3.0,5.0
7085,201504EG15191,3,9,0,2,0,0,0,0,0,0,3,1,6,1,45,7,1595,1,15,-1,1,-1,6,3,387240.0,438940.0,-2.195427,53.846541,4,2,3,6,22/08/2015,7,1899-12-30 11:07:00,77,E10000017,3,682,6,30,0,-1,-1,0,0,0,1,1,1,0,0,1,1,E01025228,,,,,,,,,,,,,,
7086,201504WA15077,2,9,0,3,0,1,0,0,0,0,2,1,6,1,78,11,1560,2,2,-1,2,-1,5,3,330480.0,433750.0,-3.056871,53.795394,4,2,3,5,42219,1,1899-12-30 12:50:00,71,E06000009,3,584,6,30,3,2,6,0,0,4,1,1,2,0,0,1,1,E01012752,3.0,2.0,2.0,81.0,11.0,3.0,0.0,0.0,1.0,0.0,0.0,9.0,2.0,4.0
7087,2015555999514,2,9,0,18,0,0,0,0,0,0,1,1,6,1,54,8,1995,2,1,-1,3,-1,3,3,401352.0,116871.0,-1.982126,50.951271,55,2,3,3,27/02/2015,6,1899-12-30 17:38:00,647,E10000009,3,354,6,60,0,-1,-1,0,0,0,6,1,1,0,0,2,1,E01020389,1.0,1.0,1.0,54.0,8.0,3.0,0.0,0.0,0.0,0.0,0.0,9.0,3.0,9.0
7088,2015547530215,2,9,0,16,0,0,1,0,0,0,3,1,6,2,53,8,1198,1,7,-1,3,-1,2,2,396648.0,129943.0,-2.049216,51.068808,54,2,2,2,19/08/2015,4,1899-12-30 11:34:00,635,E06000054,5,24,6,60,0,-1,-1,0,0,0,1,2,2,0,0,2,1,E01032029,1.0,1.0,2.0,53.0,8.0,3.0,0.0,0.0,0.0,0.0,0.0,9.0,3.0,7.0
7089,201563DP04715,1,5,0,17,0,1,0,0,1,0,3,1,6,1,50,8,-1,-1,-1,-1,3,-1,1,1,317150.0,230240.0,-3.207277,51.964441,63,2,1,1,21/03/2015,7,1899-12-30 18:20:00,753,W06000023,3,479,6,50,3,4,6,0,0,0,1,1,1,0,0,2,1,W01000494,1.0,1.0,1.0,50.0,8.0,2.0,0.0,0.0,0.0,0.0,0.0,5.0,3.0,-1.0
7090,2015950002961,3,9,0,3,0,0,0,0,0,0,2,1,6,1,59,9,2967,2,2,-1,-1,-1,10,4,312130.0,673630.0,-3.408586,55.947643,95,2,4,10,20/06/2015,7,1899-12-30 09:45:00,923,S12000036,1,9,3,70,0,-1,-1,0,0,0,1,1,1,0,0,2,1,,9.0,2.0,2.0,62.0,9.0,3.0,0.0,0.0,2.0,0.0,0.0,9.0,-1.0,-1.0
7091,201506J097693,1,9,0,7,0,8,0,0,0,0,3,1,6,3,-1,-1,-1,-1,-1,-1,-1,-1,1,1,393080.0,390980.0,-2.105579,53.415579,6,2,1,1,42126,5,1899-12-30 15:50:00,109,E08000007,6,0,6,30,3,4,5,0,0,0,1,1,2,0,0,1,2,E01005905,1.0,3.0,2.0,12.0,3.0,2.0,5.0,1.0,0.0,0.0,0.0,0.0,1.0,7.0
7092,2015300014528,1,9,0,18,0,1,0,0,0,0,1,1,6,1,28,6,2286,2,-1,-1,-1,-1,2,5,412680.0,366610.0,-1.811657,53.196423,30,2,5,2,22/06/2015,2,1899-12-30 17:20:00,329,E10000007,3,515,6,50,3,4,5,211,0,0,1,2,2,0,0,2,1,E01019613,,,,,,,,,,,,,,
7093,2015440225070,2,9,0,18,0,8,0,0,0,0,3,1,6,1,78,11,1995,2,8,-1,1,-1,1,2,455613.0,105456.0,-1.211448,50.845961,44,2,2,1,42042,5,1899-12-30 14:10:00,492,E10000014,6,0,1,30,1,4,6,0,0,0,1,1,1,0,0,1,1,E01022740,,,,,,,,,,,,,,
7094,201501KF60995,2,9,0,18,0,0,0,0,0,0,1,1,6,1,30,6,-1,-1,-1,-1,-1,-1,1,2,538680.0,184400.0,-0.001642,51.541468,1,2,2,1,13/12/2015,1,1899-12-30 04:00:00,17,E09000025,3,11,2,30,0,-1,-1,0,0,0,4,2,2,0,0,1,2,E01003617,,,,,,,,,,,,,,
7095,2015320066117,2,9,0,3,0,1,0,0,0,0,2,1,6,1,35,6,1596,1,11,-1,-1,-1,4,5,527333.0,369675.0,-0.094833,53.208896,32,2,5,4,23/07/2015,5,1899-12-30 11:18:00,351,E10000019,3,158,6,60,8,4,-1,-1,0,0,1,1,1,0,0,2,1,E01026105,2.0,2.0,2.0,4.0,1.0,2.0,0.0,0.0,2.0,0.0,0.0,9.0,-1.0,-1.0
7096,2015160D00661,1,4,0,9,0,0,1,0,0,0,1,1,6,1,48,8,-1,-1,-1,-1,1,-1,1,2,510600.0,429299.0,-0.324283,53.748337,16,2,2,1,42157,6,1899-12-30 17:08:00,228,E06000010,6,0,6,30,0,-1,-1,0,0,0,4,1,2,0,0,1,1,E01012809,1.0,1.0,1.0,48.0,8.0,2.0,0.0,0.0,0.0,0.0,0.0,4.0,1.0,1.0
7097,201501VK30266,2,9,0,4,0,0,0,0,0,0,1,1,1,1,31,6,1796,1,6,-1,1,-1,2,2,518270.0,169560.0,-0.300764,51.412735,1,2,2,2,15/08/2015,7,1899-12-30 06:35:00,23,E09000021,3,308,6,30,0,-1,-1,0,0,4,1,1,1,0,0,1,1,E01002968,,,,,,,,,,,,,,
7098,201543W200115,1,9,0,18,0,8,0,0,0,0,1,1,6,2,35,6,2362,1,10,-1,1,-1,1,2,479721.0,164845.0,-0.855977,51.377071,43,2,2,1,21/11/2015,7,1899-12-30 17:15:00,475,E06000041,4,3430,1,30,2,4,4,3016,0,8,4,1,1,0,0,1,2,E01016640,,,,,,,,,,,,,,
7099,2015100184215,1,9,0,18,9,8,1,0,2,0,1,1,6,1,29,6,1796,1,13,-1,1,-1,2,2,440449.0,555844.0,-1.370851,54.8957,10,2,2,2,42067,6,1899-12-30 16:10:00,150,E08000024,6,5179,6,30,3,4,6,5179,0,5,1,1,2,0,0,1,1,E01008737,2.0,3.0,2.0,11.0,3.0,3.0,6.0,9.0,0.0,0.0,0.0,0.0,1.0,1.0
7100,2015132121284,1,9,0,13,0,0,0,0,0,0,4,1,6,1,72,10,2400,2,5,-1,1,-1,1,2,420841.0,417144.0,-1.686177,53.650386,13,2,2,1,42036,6,1899-12-30 12:00:00,203,E08000034,4,6118,6,40,0,-1,-1,0,0,0,1,1,1,0,0,2,2,E01011192,,,,,,,,,,,,,,
7101,2015075069980,1,9,0,9,0,2,0,0,0,0,3,1,6,1,26,6,1998,2,11,-1,1,-1,1,1,361094.0,389277.0,-2.586589,53.398876,7,2,1,1,42341,5,1899-12-30 20:22:00,128,E06000007,3,574,6,30,3,4,4,5210,0,0,4,2,2,0,0,1,1,E01012525,1.0,3.0,1.0,73.0,10.0,2.0,5.0,3.0,0.0,0.0,0.0,0.0,1.0,2.0
7102,201542I180706,1,5,0,16,0,0,1,0,0,0,3,1,6,1,46,8,738,1,11,-1,1,-1,1,1,582686.0,213550.0,0.647509,51.790769,42,2,1,1,13/06/2015,7,1899-12-30 05:45:00,451,E10000012,3,12,3,70,0,-1,-1,0,0,0,1,1,1,0,0,2,1,E01021424,1.0,1.0,1.0,46.0,8.0,2.0,0.0,0.0,0.0,0.0,0.0,5.0,1.0,5.0
7103,2015160A02881,2,1,0,14,0,0,0,0,0,0,3,1,6,1,18,4,-1,-1,-1,-1,1,-1,2,2,528672.0,405402.0,-0.060267,53.529527,16,2,2,2,17/08/2015,2,1899-12-30 18:29:00,233,E06000012,6,0,6,30,0,-1,-1,0,0,0,1,1,1,0,0,2,1,E01013170,2.0,1.0,1.0,18.0,4.0,2.0,0.0,0.0,0.0,0.0,0.0,1.0,1.0,1.0
7104,20154100G0001,2,1,0,18,4,0,0,0,1,0,2,1,2,1,56,9,-1,-1,-1,-1,-1,-1,1,2,524680.0,221460.0,-0.190162,51.877778,41,2,2,1,42125,2,1899-12-30 18:00:00,435,E10000015,4,197,6,60,0,-1,-1,0,0,0,4,1,1,0,0,2,1,E01023629,1.0,1.0,1.0,56.0,9.0,2.0,0.0,0.0,0.0,0.0,0.0,1.0,-1.0,-1.0
7105,2015051503095,2,9,0,18,0,0,0,0,0,0,1,1,6,1,50,8,2198,2,10,-1,3,-1,3,2,339767.0,402385.0,-2.909814,53.514675,5,2,2,3,26/11/2015,5,1899-12-30 22:15:00,93,E08000014,3,506,3,40,0,-1,-1,0,0,0,4,2,2,0,0,2,1,E01007040,1.0,1.0,1.0,50.0,8.0,3.0,0.0,0.0,0.0,0.0,0.0,9.0,3.0,4.0
7106,201501BS70291,2,1,0,18,0,0,0,0,0,0,1,1,6,1,-1,-1,-1,-1,-1,-1,-1,-1,2,2,525940.0,178360.0,-0.187403,51.490171,1,2,2,2,27/05/2015,4,1899-12-30 13:32:00,12,E09000020,3,3218,6,30,0,-1,-1,0,0,0,1,1,1,0,0,1,1,E01002898,2.0,1.0,1.0,-1.0,-1.0,3.0,0.0,0.0,0.0,0.0,0.0,1.0,-1.0,-1.0
7107,201504WB15485,4,1,0,16,0,0,1,0,0,0,1,1,6,1,64,9,-1,-1,-1,-1,-1,-1,3,4,350030.0,448279.0,-2.762486,53.928215,4,2,4,3,27/09/2015,1,1899-12-30 13:20:00,85,E10000017,5,0,6,60,0,-1,6,0,0,0,1,1,1,0,0,2,1,E01025609,3.0,1.0,1.0,64.0,9.0,2.0,0.0,0.0,0.0,0.0,0.0,1.0,-1.0,-1.0
7108,201511SB17405,2,9,0,18,0,0,1,0,0,0,1,1,6,2,42,7,1796,1,7,-1,1,-1,3,2,388714.0,537898.0,-2.176797,54.735928,11,2,2,3,23/08/2015,1,1899-12-30 13:14:00,169,E06000047,3,689,6,60,0,-1,-1,0,0,0,1,4,1,0,0,2,1,E01020889,2.0,1.0,2.0,42.0,7.0,3.0,0.0,0.0,0.0,0.0,0.0,9.0,1.0,3.0
7109,201501EK41108,1,11,0,18,0,0,0,0,0,0,4,1,1,1,53,8,9360,2,5,-1,1,-1,1,1,529010.0,182220.0,-0.141798,51.524168,1,2,1,1,42259,4,1899-12-30 18:42:00,2,E09000007,3,501,3,30,0,-1,-1,0,0,4,4,1,2,0,0,1,1,E01000946,1.0,3.0,2.0,46.0,8.0,2.0,1.0,1.0,0.0,0.0,2.0,0.0,-1.0,-1.0
7110,2015460258973,1,9,0,18,0,0,0,0,0,0,1,1,6,1,51,8,1998,2,12,-1,1,-1,1,3,613720.0,167400.0,1.068787,51.365435,46,2,3,1,42345,1,1899-12-30 14:15:00,531,E10000016,6,3123,6,30,0,-1,-1,0,0,0,1,1,2,0,0,1,1,E01024059,,,,,,,,,,,,,,
7111,201511NE27645,1,9,0,18,0,0,1,0,0,0,1,1,6,1,24,5,1997,2,12,-1,3,-1,4,2,438910.0,536007.0,-1.397502,54.717567,11,2,2,4,24/12/2015,5,1899-12-30 23:27:00,169,E06000047,5,22,6,60,0,-1,-1,0,0,0,6,2,2,0,0,2,1,E01020792,1.0,1.0,1.0,24.0,5.0,2.0,0.0,0.0,0.0,0.0,0.0,9.0,3.0,2.0
7112,2015521508400,1,9,0,9,0,1,0,0,0,0,1,1,6,1,61,9,-1,-1,-1,-1,3,-1,2,1,374893.0,164643.0,-2.362139,51.380276,52,2,1,2,21/10/2015,4,1899-12-30 11:25:00,611,E06000022,6,0,9,20,3,4,6,0,0,0,1,1,2,0,0,1,1,E01014370,2.0,3.0,1.0,82.0,11.0,3.0,8.0,3.0,0.0,0.0,0.0,0.0,1.0,10.0
7113,201511NF15585,2,9,0,18,0,0,0,0,0,0,1,1,6,2,76,11,1329,1,-1,-1,1,-1,2,2,439050.0,547015.0,-1.393853,54.816475,11,2,2,2,42163,5,1899-12-30 10:40:00,169,E06000047,4,1285,6,30,0,-1,-1,0,0,0,1,1,1,0,0,2,1,E01020776,1.0,1.0,2.0,76.0,11.0,2.0,0.0,0.0,0.0,0.0,0.0,9.0,1.0,7.0
7114,2015210029688,2,9,0,4,0,1,0,0,0,0,2,1,6,2,22,5,1242,1,10,-1,3,-1,2,4,392045.0,304520.0,-2.118987,52.638366,21,2,4,2,23/09/2015,4,1899-12-30 07:15:00,254,E10000028,1,54,7,70,3,4,1,54,0,0,1,1,1,0,0,2,2,E01029616,,,,,,,,,,,,,,
7115,201543W112095,1,21,0,12,0,0,0,0,0,0,3,2,1,1,54,8,-1,-1,-1,-1,-1,-1,4,2,473713.0,169272.0,-0.941363,51.417681,43,2,2,4,14/09/2015,2,1899-12-30 11:41:00,475,E06000041,1,4,3,70,0,-1,-1,0,0,0,1,1,1,0,0,2,1,E01016679,,,,,,,,,,,,,,
7116,2015051502261,1,9,0,14,0,0,0,0,0,0,1,1,6,2,40,7,998,1,3,-1,1,-1,1,1,338957.0,389483.0,-2.919518,53.398627,5,2,1,1,19/09/2015,7,1899-12-30 11:43:00,91,E08000012,4,5178,6,30,0,-1,-1,0,0,4,1,1,1,0,0,1,1,E01006588,1.0,3.0,1.0,5.0,1.0,2.0,1.0,2.0,0.0,0.0,0.0,0.0,1.0,2.0
7117,2015520506159,1,9,0,18,0,0,0,0,0,0,1,1,6,1,23,5,2494,1,17,-1,2,-1,2,2,348163.0,112505.0,-2.738662,50.909673,52,2,2,2,13/08/2015,5,1899-12-30 19:10:00,610,E10000027,3,30,6,60,0,-1,-1,0,0,0,1,2,2,0,0,2,1,E01029212,1.0,1.0,1.0,23.0,5.0,3.0,0.0,0.0,0.0,0.0,0.0,9.0,2.0,5.0
7118,2015300016312,1,9,0,18,0,1,0,0,0,0,1,1,6,1,35,6,1388,1,8,-1,-1,-1,1,1,436890.0,332830.0,-1.453139,52.891662,30,2,1,1,18/10/2015,1,1899-12-30 12:10:00,323,E06000015,3,514,6,30,1,2,3,5111,0,4,1,1,1,0,0,1,1,E01013583,1.0,3.0,1.0,14.0,3.0,2.0,4.0,3.0,0.0,0.0,0.0,0.0,-1.0,-1.0
7119,201504SB15059,1,11,0,9,0,8,0,0,0,0,4,1,1,1,49,8,4250,1,4,-1,2,-1,1,2,353020.0,410770.0,-2.711234,53.591391,4,2,2,1,22/03/2015,1,1899-12-30 16:30:00,84,E10000017,3,5209,6,40,8,4,6,0,0,0,1,1,1,0,0,2,1,E01025538,,,,,,,,,,,,,,
7120,2015075013564,1,9,0,18,0,8,0,0,0,0,1,1,6,1,44,7,998,1,4,-1,1,-1,1,1,340191.0,376338.0,-2.898475,53.280628,7,2,1,1,42248,6,1899-12-30 13:15:00,130,E06000050,3,5032,6,30,3,4,6,0,0,0,1,1,2,0,0,1,2,E01018520,1.0,3.0,2.0,21.0,5.0,2.0,5.0,2.0,0.0,0.0,0.0,0.0,1.0,1.0
7121,2015460264549,2,3,0,18,0,8,0,0,0,0,1,1,6,1,23,5,-1,-1,-1,-1,1,-1,1,2,552330.0,156350.0,0.183002,51.285922,46,2,2,1,42047,4,1899-12-30 17:57:00,538,E10000016,3,25,6,30,5,4,6,0,0,0,4,1,1,0,0,1,1,E01024467,1.0,1.0,1.0,23.0,5.0,2.0,0.0,0.0,0.0,0.0,0.0,3.0,1.0,6.0
7122,201514C064815,2,9,0,10,0,1,0,0,0,0,2,1,6,2,57,9,1896,2,8,-1,1,-1,1,3,436554.0,398336.0,-1.450663,53.480484,14,2,3,1,25/06/2015,5,1899-12-30 18:35:00,210,E08000016,3,6135,6,50,3,4,4,6090,0,0,1,1,1,0,0,2,1,E01007424,,,,,,,,,,,,,,
7123,2015440368288,1,11,0,4,0,0,0,0,0,0,4,1,1,1,33,6,8268,2,9,-1,1,-1,1,1,453964.0,118182.0,-1.232991,50.960544,44,2,1,1,23/10/2015,6,1899-12-30 07:50:00,502,E10000014,4,2177,6,30,0,-1,-1,0,0,0,1,1,1,0,0,2,1,E01023220,1.0,3.0,2.0,12.0,3.0,2.0,5.0,1.0,0.0,0.0,0.0,0.0,2.0,10.0
7124,201537EA88723,2,5,0,18,0,8,1,0,0,0,1,1,6,1,57,9,1854,1,2,-1,3,-1,1,2,629403.0,233421.0,1.336977,51.951938,37,2,2,1,42188,7,1899-12-30 14:20:00,415,E10000029,6,0,6,30,3,4,6,0,0,0,1,1,1,0,0,1,1,E01030163,1.0,1.0,1.0,57.0,9.0,2.0,0.0,0.0,0.0,0.0,0.0,5.0,3.0,6.0
7125,2015950003864,2,1,0,18,0,1,0,0,0,0,1,1,6,2,18,4,-1,-1,-1,-1,1,-1,1,2,322870.0,670830.0,-3.23586,55.924337,95,2,2,1,19/08/2015,4,1899-12-30 09:00:00,923,S12000036,6,0,6,30,3,4,6,0,0,0,1,1,1,0,0,1,1,,1.0,1.0,2.0,18.0,4.0,2.0,0.0,0.0,0.0,0.0,0.0,1.0,1.0,-1.0
7126,201531C073315,1,90,0,5,0,1,0,0,0,0,1,1,1,1,29,6,2998,2,3,-1,2,-1,1,2,455778.0,337668.0,-1.171599,52.933524,31,2,2,1,24/03/2015,3,1899-12-30 13:08:00,346,E06000018,3,52,6,30,5,4,6,0,0,0,1,1,2,0,0,1,1,E01013928,,,,,,,,,,,,,,
7127,2015610021315,2,9,0,18,0,4,0,0,0,0,2,1,6,1,49,8,-1,-1,-1,-1,3,-1,1,2,336074.0,189715.0,-2.924407,51.602629,61,2,2,1,42100,5,1899-12-30 17:11:00,733,W06000022,3,48,6,40,1,4,3,48,0,0,1,1,1,0,0,2,1,W01001639,,,,,,,,,,,,,,
7128,201563DP34015,1,3,0,16,0,0,0,0,0,0,0,1,2,1,40,7,-1,-1,-1,-1,3,-1,1,1,301260.0,288840.0,-3.455607,52.488509,63,2,1,1,24/11/2015,3,1899-12-30 13:12:00,753,W06000023,6,0,6,60,0,-1,-1,0,0,0,1,2,2,0,0,2,1,W01000453,1.0,1.0,1.0,40.0,7.0,2.0,0.0,0.0,0.0,0.0,0.0,3.0,3.0,-1.0
7129,2015521600584,2,1,0,18,0,8,0,0,0,0,1,1,6,1,54,8,-1,-1,-1,-1,1,-1,1,2,333421.0,160387.0,-2.957172,51.338656,52,2,2,1,42075,5,1899-12-30 15:15:00,605,E06000024,3,370,6,40,1,2,6,0,0,4,1,1,2,0,0,1,1,E01014809,1.0,1.0,1.0,54.0,8.0,2.0,0.0,0.0,0.0,0.0,0.0,1.0,1.0,1.0
7130,201543N185015,1,9,0,18,0,0,0,0,0,0,1,1,1,1,62,9,1341,1,12,-1,1,-1,1,2,491666.0,189910.0,-0.677899,51.600582,43,2,2,1,26/01/2015,2,1899-12-30 08:10:00,480,E10000002,3,40,6,50,0,-1,-1,0,0,0,1,1,2,0,0,2,1,E01017934,,,,,,,,,,,,,,
7131,2015210031258,2,9,0,9,0,2,0,0,0,0,2,1,6,1,81,11,1560,2,6,-1,-1,-1,1,2,412916.0,310363.0,-1.810346,52.690801,21,2,2,1,28/10/2015,4,1899-12-30 11:30:00,252,E10000028,3,5192,6,30,8,4,6,0,0,0,1,2,2,0,0,1,1,E01029525,,,,,,,,,,,,,,
7132,2015420034032,2,1,0,18,0,8,5,0,0,0,4,1,2,2,29,6,-1,-1,-1,-1,1,-1,1,2,581402.0,213659.0,0.62897,51.792165,42,2,2,1,42016,3,1899-12-30 06:30:00,451,E10000012,4,1383,6,30,3,4,6,0,0,0,4,2,2,0,0,1,2,E01021423,1.0,1.0,2.0,29.0,6.0,2.0,0.0,0.0,0.0,0.0,0.0,1.0,1.0,8.0
7133,2015230043786,1,9,0,18,0,1,5,10,8,4,3,1,6,2,39,7,973,1,12,-1,1,-1,1,1,451872.0,276077.0,-1.239372,52.38028,23,2,1,1,42350,7,1899-12-30 00:50:00,292,E10000031,6,0,6,30,3,4,6,0,0,0,4,1,2,0,0,1,1,E01031130,1.0,1.0,2.0,39.0,7.0,2.0,0.0,0.0,0.0,0.0,0.0,9.0,1.0,5.0
7134,2015132950266,1,9,0,17,0,0,1,0,8,4,4,1,2,1,22,5,1229,1,7,-1,3,-1,1,1,407898.0,450921.0,-1.881134,53.954324,13,2,1,1,42133,7,1899-12-30 05:00:00,200,E08000032,4,6160,6,60,0,-1,-1,0,0,0,6,1,2,0,0,2,2,E01010646,1.0,1.0,1.0,22.0,5.0,2.0,0.0,0.0,0.0,0.0,0.0,9.0,3.0,6.0
7135,201522F503251,1,9,0,9,0,5,0,0,0,0,1,1,6,1,63,9,1242,1,8,-1,3,-1,5,3,369380.0,325980.0,-2.455915,52.830466,22,2,3,5,42346,4,1899-12-30 15:36:00,286,E06000051,3,41,6,60,3,4,3,529,0,0,1,1,1,0,0,2,1,E01028869,1.0,1.0,1.0,63.0,9.0,3.0,0.0,0.0,0.0,0.0,0.0,9.0,3.0,7.0
7136,2015961500232,2,11,0,17,0,8,0,0,0,0,1,1,1,1,57,9,7300,2,6,-1,-1,-1,5,2,280882.0,690539.0,-3.916176,56.092746,96,2,2,5,42126,5,1899-12-30 15:05:00,939,S12000030,3,9,6,30,3,4,6,0,0,0,1,1,1,0,0,1,1,,5.0,2.0,2.0,40.0,7.0,3.0,0.0,0.0,0.0,4.0,0.0,11.0,1.0,-1.0