,accident_index,vehicle_reference,vehicle_type,towing_and_articulation,vehicle_manoeuvre,vehicle_location-restricted_lane,junction_location,skidding_and_overturning,hit_object_in_carriageway,vehicle_leaving_carriageway,hit_object_off_carriageway,1st_point_of_impact,was_vehicle_left_hand_drive?,journey_purpose_of_driver,sex_of_driver,age_of_driver,age_band_of_driver,engine_capacity_(cc),propulsion_code,age_of_vehicle,driver_imd_decile,driver_home_area_type,vehicle_imd_decile,NUmber_of_Casualities_unique_to_accident_index,No_of_Vehicles_involved_unique_to_accident_index,location_easting_osgr,location_northing_osgr,longitude,latitude,police_force,accident_severity,number_of_vehicles,number_of_casualties,date,day_of_week,time,local_authority_(district),local_authority_(highway),1st_road_class,1st_road_number,road_type,speed_limit,junction_detail,junction_control,2nd_road_class,2nd_road_number,pedestrian_crossing-human_control,pedestrian_crossing-physical_facilities,light_conditions,weather_conditions,road_surface_conditions,special_conditions_at_site,carriageway_hazards,urban_or_rural_area,did_police_officer_attend_scene_of_accident,lsoa_of_accident_location,casualty_reference,casualty_class,sex_of_casualty,age_of_casualty,age_band_of_casualty,casualty_severity,pedestrian_location,pedestrian_movement,car_passenger,bus_or_coach_passenger,pedestrian_road_maintenance_worker,casualty_type,casualty_home_area_type,casualty_imd_decile
7137,2015450023297,1,9,0,18,0,6,1,0,0,0,3,1,2,1,53,8,-1,-1,-1,-1,1,-1,1,2,486337.0,160120.0,-0.762088,51.333629,45,2,2,1,13/03/2015,6,1899-12-30 19:16:00,515,E10000030,6,3424,6,30,6,4,6,0,0,0,4,1,1,0,0,1,1,E01030793,1.0,1.0,1.0,53.0,8.0,2.0,0.0,0.0,0.0,0.0,0.0,9.0,1.0,10.0
7138,2015120022262,1,9,0,18,0,0,0,0,0,0,1,1,6,1,21,5,1198,1,4,-1,1,-1,1,1,430446.0,456664.0,-1.536972,54.005109,12,2,1,1,42249,2,1899-12-30 16:27:00,182,E10000023,3,59,6,30,0,-1,-1,0,0,4,1,1,1,0,0,1,1,E01027739,1.0,3.0,1.0,12.0,3.0,2.0,1.0,1.0,0.0,0.0,0.0,0.0,1.0,10.0
7139,201543R089055,1,9,0,9,0,8,1,0,0,0,1,1,6,2,28,6,1398,1,13,-1,1,-1,4,3,493125.0,181022.0,-0.659191,51.52045,43,2,3,4,42252,7,1899-12-30 18:45:00,473,E06000039,3,4,6,40,6,2,6,7302,0,4,1,1,1,0,0,1,1,E01016468,2.0,2.0,2.0,26.0,6.0,3.0,0.0,0.0,1.0,0.0,0.0,9.0,1.0,5.0
7140,2015460258630,1,9,0,18,0,0,1,0,0,0,1,1,6,1,42,7,2494,1,16,-1,1,-1,3,2,617020.0,134410.0,1.096169,51.067978,46,2,2,3,42101,7,1899-12-30 00:38:00,539,E10000016,6,1423,6,30,0,-1,-1,0,0,0,6,1,1,0,0,2,1,E01024527,1.0,1.0,1.0,42.0,7.0,3.0,0.0,0.0,0.0,0.0,0.0,9.0,1.0,10.0
7141,2015460251661,2,9,0,10,0,1,0,0,0,0,2,1,2,1,25,5,1587,1,16,-1,1,-1,1,2,614060.0,166830.0,1.07332,51.360189,46,2,2,1,42217,5,1899-12-30 06:55:00,531,E10000016,3,2990,6,60,8,4,6,0,0,0,1,2,2,0,0,2,2,E01024057,,,,,,,,,,,,,,
7142,201501TX20093,1,9,0,9,0,8,0,0,0,0,1,1,2,2,28,6,995,1,2,-1,1,-1,1,1,517450.0,178200.0,-0.309684,51.490558,1,2,1,1,42310,4,1899-12-30 10:28:00,25,E09000018,4,452,6,30,3,4,6,0,0,1,1,1,1,0,0,1,1,E01002565,1.0,3.0,2.0,36.0,7.0,2.0,2.0,3.0,0.0,0.0,2.0,0.0,1.0,3.0
7143,201563DP12915,1,9,0,16,0,0,5,0,7,10,0,1,6,1,84,11,-1,-1,-1,-1,3,-1,2,1,298290.0,245480.0,-3.486226,52.098278,63,2,1,2,42222,2,1899-12-30 14:20:00,753,W06000023,4,4519,6,60,0,-1,-1,0,0,0,1,1,1,0,0,2,1,W01000450,1.0,1.0,1.0,84.0,11.0,2.0,0.0,0.0,0.0,0.0,0.0,9.0,3.0,-1.0
7144,2015440222715,2,97,0,18,0,0,1,0,0,0,1,1,6,1,43,7,-1,-1,-1,-1,1,-1,1,2,446017.0,118650.0,-1.346079,50.96544,44,2,2,1,30/06/2015,3,1899-12-30 19:15:00,491,E10000014,6,0,6,30,0,-1,-1,0,0,0,1,1,1,7,0,1,1,E01022670,1.0,1.0,1.0,43.0,7.0,2.0,0.0,0.0,0.0,0.0,0.0,97.0,1.0,9.0
7145,201560S069073,2,9,0,2,0,2,0,0,0,0,1,1,6,3,-1,-1,-1,-1,-1,-1,-1,-1,1,3,332863.0,356159.0,-3.004115,53.09839,60,2,3,1,15/05/2015,6,1899-12-30 09:20:00,725,W06000006,6,0,6,30,3,4,6,0,0,0,1,1,1,0,0,2,1,W01000390,,,,,,,,,,,,,,
7146,2015450031271,2,5,0,10,0,1,0,0,0,0,2,1,2,1,35,6,599,1,6,-1,-1,-1,1,2,517591.0,148234.0,-0.317549,51.221201,45,2,2,1,29/10/2015,5,1899-12-30 17:33:00,512,E10000030,6,301,6,30,3,4,6,0,0,0,4,2,2,0,0,1,1,E01030546,1.0,1.0,1.0,35.0,6.0,2.0,0.0,0.0,0.0,0.0,0.0,5.0,-1.0,-1.0
7147,2015450036823,1,9,0,18,0,0,0,4,0,0,1,1,1,1,57,9,1560,2,4,-1,1,-1,5,2,503891.0,159533.0,-0.510369,51.32542,45,2,2,5,22/12/2015,3,1899-12-30 04:00:00,518,E10000030,4,367,6,30,0,-1,-1,0,0,0,4,5,2,0,0,1,1,E01030997,5.0,2.0,1.0,18.0,4.0,3.0,0.0,0.0,2.0,0.0,0.0,9.0,1.0,10.0
7148,201523S030239,2,9,0,17,0,8,0,0,0,0,1,1,6,2,73,10,-1,-1,-1,-1,3,-1,1,2,446346.0,260190.0,-1.322731,52.237957,23,2,2,1,42219,1,1899-12-30 08:44:00,293,E10000031,6,0,6,60,3,4,6,0,0,0,1,1,1,7,0,2,1,E01031224,,,,,,,,,,,,,,
7149,201501QK50742,2,11,0,5,0,0,0,0,0,0,2,1,1,1,48,8,9360,2,3,-1,1,-1,1,2,517030.0,184910.0,-0.313504,51.550951,1,2,2,1,29/09/2015,3,1899-12-30 06:15:00,28,E09000005,3,4005,3,40,0,-1,-1,0,0,0,1,1,1,0,0,1,1,E01000612,,,,,,,,,,,,,,
7150,2015471504039,3,9,0,18,0,0,0,0,0,0,0,1,6,1,46,8,-1,-1,-1,-1,1,-1,2,3,558020.0,115021.0,0.246453,50.913027,47,2,3,2,14/07/2015,3,1899-12-30 14:37:00,556,E10000011,3,267,6,60,0,-1,-1,0,0,0,1,1,1,0,0,2,1,E01021195,,,,,,,,,,,,,,
7151,2015075004633,6,9,0,18,0,8,1,0,0,0,2,1,1,2,37,7,1956,2,1,-1,1,-1,2,8,336184.0,379057.0,-2.95911,53.304597,7,2,8,2,42156,3,1899-12-30 08:14:00,130,E06000050,1,53,3,70,9,4,3,41,0,0,1,2,2,0,0,2,1,E01007168,,,,,,,,,,,,,,
7152,201543N212055,2,9,0,18,0,8,0,0,0,0,1,1,6,2,21,5,1598,1,8,-1,2,-1,3,2,493542.0,198654.0,-0.648487,51.678872,43,2,2,3,24/05/2015,1,1899-12-30 20:05:00,478,E10000002,3,413,3,70,3,4,6,408,0,0,1,1,1,0,0,2,1,E01017778,2.0,1.0,2.0,21.0,5.0,3.0,0.0,0.0,0.0,0.0,0.0,9.0,2.0,10.0
7153,2015521503099,1,5,0,18,0,0,0,0,7,0,4,1,6,1,40,7,652,1,10,-1,1,-1,2,2,359873.0,171940.0,-2.578774,51.445019,52,2,2,2,15/04/2015,4,1899-12-30 22:10:00,601,E06000023,3,4,6,30,0,-1,-1,0,0,0,4,1,1,0,0,1,1,E01014730,1.0,1.0,1.0,40.0,7.0,2.0,0.0,0.0,0.0,0.0,0.0,5.0,1.0,6.0
7154,2015460264201,2,9,0,4,0,0,0,0,0,0,2,1,6,2,61,9,1794,1,7,-1,1,-1,1,2,569080.0,169630.0,0.429276,51.400503,46,2,2,1,20/11/2015,6,1899-12-30 18:33:00,535,E10000016,3,2,3,70,0,-1,-1,0,0,0,4,1,1,0,0,2,1,E01024300,,,,,,,,,,,,,,
7155,2015120169068,1,9,0,14,0,0,0,0,0,0,1,1,6,2,69,10,2495,2,24,-1,3,-1,1,2,443344.0,476265.0,-1.337398,54.180342,12,2,2,1,24/09/2015,5,1899-12-30 16:05:00,181,E10000023,5,99,6,30,0,-1,-1,0,0,0,1,1,1,0,0,2,1,E01027635,1.0,3.0,1.0,12.0,3.0,2.0,5.0,2.0,0.0,0.0,0.0,0.0,3.0,8.0
7156,201543N247115,2,19,0,4,0,0,0,0,0,0,2,1,6,1,22,5,2143,2,-1,-1,1,-1,2,3,485519.0,192380.0,-0.766026,51.623751,43,2,3,2,16/11/2015,2,1899-12-30 11:00:00,480,E10000002,5,126,6,30,0,-1,-1,0,0,0,1,1,1,0,0,1,1,E01017839,,,,,,,,,,,,,,
7157,201550DE2J020,1,9,0,7,0,1,0,0,0,0,4,1,1,2,50,8,998,1,-1,-1,3,-1,1,2,292975.0,92674.0,-3.517604,50.723801,50,2,2,1,17/07/2015,6,1899-12-30 09:20:00,581,E10000008,4,3183,6,30,3,2,6,0,0,0,1,1,1,0,0,1,1,E01019995,,,,,,,,,,,,,,
7158,2015405DA0589,2,19,0,14,0,1,0,0,0,0,3,1,6,1,63,9,-1,-1,-1,-1,1,-1,1,2,513575.0,236141.0,-0.346565,52.012086,40,2,2,1,21/07/2015,3,1899-12-30 17:10:00,424,E06000056,5,142,6,30,3,4,6,138,0,0,1,1,1,0,0,2,1,E01017393,,,,,,,,,,,,,,
7159,2015030001698,2,9,0,16,0,0,0,0,0,0,3,1,6,1,83,11,2143,2,2,-1,3,-1,1,2,342130.0,496210.0,-2.891994,54.358116,3,2,2,1,42192,3,1899-12-30 13:18:00,65,E10000006,4,5284,6,60,0,-1,-1,0,0,0,1,1,1,0,0,2,1,E01019396,,,,,,,,,,,,,,
7160,2015360096560,1,9,0,18,0,0,0,0,0,0,1,1,6,2,31,6,1596,1,13,-1,3,-1,3,2,591889.0,331276.0,0.847888,52.844794,36,2,2,3,22/12/2015,3,1899-12-30 10:44:00,405,E10000020,3,148,6,60,0,-1,-1,0,0,0,1,1,1,0,0,2,1,E01026746,1.0,1.0,2.0,31.0,6.0,2.0,0.0,0.0,0.0,0.0,0.0,9.0,3.0,5.0
7161,201537EA87332,1,9,0,18,0,0,1,0,7,4,1,1,6,1,41,7,-1,-1,-1,-1,3,-1,2,1,586865.0,266609.0,0.736986,52.265886,37,2,1,2,24/01/2015,7,1899-12-30 08:42:00,414,E10000029,5,735,6,60,0,-1,-1,0,0,0,1,1,4,0,0,2,1,E01030103,2.0,2.0,1.0,10.0,2.0,2.0,0.0,0.0,2.0,0.0,0.0,9.0,3.0,10.0
7162,2015160A02911,2,1,0,12,0,0,0,0,0,0,1,1,6,1,53,8,-1,-1,-1,-1,1,-1,1,2,525427.0,410654.0,-0.107088,53.577492,16,2,2,1,42044,4,1899-12-30 05:35:00,233,E06000012,3,180,3,30,0,-1,-1,0,0,0,4,1,2,0,0,1,1,E01013144,1.0,1.0,1.0,53.0,8.0,2.0,0.0,0.0,0.0,0.0,0.0,1.0,1.0,2.0
7163,201501KF60046,2,9,0,18,0,0,0,0,0,0,4,1,6,1,-1,-1,-1,-1,-1,-1,1,-1,3,2,543840.0,183060.0,0.072167,51.528137,1,2,2,3,16/01/2015,6,1899-12-30 13:05:00,17,E09000025,3,406,3,50,0,-1,-1,0,0,0,1,1,1,0,0,2,1,E01003535,3.0,2.0,1.0,10.0,2.0,3.0,0.0,0.0,2.0,0.0,0.0,9.0,1.0,1.0
7164,2015440091449,1,9,0,5,0,8,0,0,0,0,3,1,6,2,18,4,1388,1,10,-1,2,-1,2,2,458179.0,116075.0,-1.173317,50.94119,44,2,2,2,17/03/2015,3,1899-12-30 19:25:00,502,E10000014,6,0,6,30,3,4,6,0,0,0,4,1,1,0,0,2,1,E01023275,,,,,,,,,,,,,,
7165,2015471507385,2,1,0,18,0,8,0,0,0,0,4,1,1,1,46,8,-1,-1,-1,-1,1,-1,1,2,561180.0,102032.0,0.285652,50.795445,47,2,2,1,14/12/2015,2,1899-12-30 07:37:00,551,E10000011,6,0,1,40,1,4,6,0,0,8,1,1,1,0,0,1,1,E01020922,1.0,1.0,1.0,46.0,8.0,2.0,0.0,0.0,0.0,0.0,0.0,1.0,1.0,3.0
7166,201534WS03745,1,9,0,9,0,0,0,0,0,0,1,1,6,1,43,7,-1,-1,-1,-1,2,-1,2,2,472720.0,245707.0,-0.939669,52.104925,34,2,2,2,42310,4,1899-12-30 07:20:00,385,E10000021,3,5,6,60,0,-1,-1,0,0,0,1,1,1,0,0,2,1,E01027297,1.0,1.0,1.0,43.0,7.0,2.0,0.0,0.0,0.0,0.0,0.0,9.0,2.0,9.0
7167,201534WS25155,2,2,0,18,0,0,0,0,0,0,3,1,6,2,34,6,-1,-1,-1,-1,2,-1,1,2,469136.0,247428.0,-0.991639,52.120854,34,2,2,1,42104,1,1899-12-30 09:30:00,385,E10000021,6,4906,6,30,0,-1,-1,0,0,0,1,1,1,0,0,2,2,E01027298,1.0,1.0,2.0,34.0,6.0,2.0,0.0,0.0,0.0,0.0,0.0,2.0,2.0,10.0
7168,201543N240065,1,9,0,9,0,5,0,0,0,0,3,1,6,1,26,6,2598,1,20,-1,1,-1,1,2,495320.0,190043.0,-0.625122,51.601172,43,2,2,1,42041,3,1899-12-30 10:41:00,477,E10000002,3,40,1,50,1,4,3,355,0,0,1,1,2,0,0,2,1,E01017799,,,,,,,,,,,,,,
7169,2015450026848,1,9,0,9,0,5,0,0,0,0,4,1,1,1,51,8,-1,-1,-1,-1,1,-1,1,2,522202.0,163113.0,-0.246469,51.35396,45,2,2,1,15/07/2015,4,1899-12-30 15:27:00,38,E10000030,4,2200,6,30,6,4,6,0,0,4,1,1,1,0,0,1,1,E01030390,,,,,,,,,,,,,,
7170,2015450036833,2,9,0,2,9,0,0,0,0,0,2,1,6,1,-1,-1,2993,2,11,-1,1,-1,2,2,483264.0,146679.0,-0.809315,51.213254,45,2,2,2,22/12/2015,3,1899-12-30 23:23:00,517,E10000030,5,120,6,30,0,-1,-1,0,0,0,6,2,2,0,0,1,1,E01030886,,,,,,,,,,,,,,
7171,2015300011533,1,19,0,13,0,0,0,0,0,0,1,1,1,1,25,5,2198,2,1,-1,1,-1,5,3,416540.0,387570.0,-1.752796,53.384719,30,2,3,5,42156,3,1899-12-30 17:30:00,325,E10000007,3,57,6,50,0,-1,-1,0,0,0,6,1,2,0,0,2,1,E01019736,2.0,2.0,1.0,21.0,5.0,3.0,0.0,0.0,0.0,0.0,0.0,19.0,1.0,2.0
7172,201504WD15191,1,90,0,16,0,0,0,0,0,0,1,1,6,2,23,5,-1,-1,-1,-1,1,-1,3,2,332930.0,439860.0,-3.021019,53.850623,4,2,2,3,42105,4,1899-12-30 09:40:00,71,E06000009,6,0,6,30,0,-1,-1,0,0,0,1,1,1,0,0,2,1,E01012704,1.0,1.0,2.0,23.0,5.0,2.0,0.0,0.0,0.0,0.0,0.0,90.0,1.0,3.0
7173,201563BC01215,1,5,0,18,0,0,1,0,0,0,0,1,6,1,69,10,-1,-1,-1,-1,3,-1,1,1,269530.0,281070.0,-3.919616,52.412025,63,2,1,1,26/01/2015,2,1899-12-30 14:38:00,750,W06000008,3,44,6,40,0,-1,-1,0,0,0,1,1,1,0,0,2,1,W01000543,1.0,1.0,1.0,69.0,10.0,2.0,0.0,0.0,0.0,0.0,0.0,5.0,3.0,-1.0
7174,20154100B0524,6,9,0,2,0,0,0,0,0,0,2,1,6,3,-1,-1,1242,1,12,-1,-1,-1,1,4,524704.0,212189.0,-0.193152,51.794459,41,2,4,1,42286,5,1899-12-30 14:16:00,438,E10000015,6,442,6,30,0,-1,-1,0,0,0,1,1,1,0,0,1,1,E01023957,,,,,,,,,,,,,,
7175,201504WA15217,1,9,0,18,0,0,0,0,0,0,1,1,2,2,90,11,1388,1,11,-1,1,-1,1,3,334050.0,427690.0,-3.001387,53.7414,4,2,3,1,13/06/2015,7,1899-12-30 15:40:00,74,E10000017,3,584,6,30,0,-1,-1,0,0,0,1,1,1,0,0,1,1,E01024995,1.0,1.0,2.0,90.0,11.0,2.0,0.0,0.0,0.0,0.0,0.0,9.0,1.0,7.0
7176,2015621501169,1,9,0,18,0,0,0,0,0,0,4,1,6,1,18,4,-1,-1,-1,-1,1,-1,1,1,317595.0,171042.0,-3.186794,51.432364,62,2,1,1,13/07/2015,2,1899-12-30 08:03:00,746,W06000014,4,4267,6,30,0,-1,-1,0,0,0,1,2,2,0,0,1,1,W01001131,1.0,3.0,1.0,14.0,3.0,2.0,5.0,2.0,0.0,0.0,0.0,0.0,2.0,-1.0
7177,2015100449115,1,9,0,18,0,0,5,0,7,11,1,1,6,2,41,7,1461,2,10,-1,1,-1,4,1,392584.0,636540.0,-2.11932,55.622385,10,2,1,4,17/07/2015,6,1899-12-30 15:15:00,139,E06000048,3,697,6,60,0,-1,-1,0,0,0,1,1,1,0,0,2,1,E01027381,3.0,2.0,2.0,10.0,2.0,3.0,0.0,0.0,2.0,0.0,0.0,9.0,1.0,-1.0
7178,2015610033215,2,5,0,18,0,3,0,0,0,0,4,1,6,2,28,6,-1,-1,-1,-1,1,-1,1,2,314931.0,193296.0,-3.23049,51.632019,61,2,2,1,42070,6,1899-12-30 12:30:00,731,W06000018,3,469,1,40,1,4,6,0,0,0,1,1,1,0,0,2,1,W01001369,1.0,1.0,2.0,28.0,6.0,2.0,0.0,0.0,0.0,0.0,0.0,5.0,1.0,-1.0
7179,2015950005946,1,9,0,18,0,0,0,0,0,0,1,1,6,1,38,7,1248,2,4,-1,1,-1,1,1,327250.0,671740.0,-3.16603,55.933195,95,2,1,1,22/12/2015,3,1899-12-30 16:40:00,923,S12000036,6,0,6,30,0,-1,-1,0,0,5,4,1,2,0,0,1,1,,1.0,3.0,1.0,34.0,6.0,2.0,4.0,3.0,0.0,0.0,0.0,0.0,1.0,-1.0
7180,2015530209583,2,1,0,18,0,8,0,0,0,0,1,1,6,1,47,8,-1,-1,-1,-1,1,-1,1,2,373226.0,201090.0,-2.388876,51.707902,53,2,2,1,42190,5,1899-12-30 19:35:00,624,E10000013,3,38,6,60,3,4,5,261,0,0,1,1,1,0,0,2,1,E01022362,1.0,1.0,1.0,47.0,8.0,2.0,0.0,0.0,0.0,0.0,0.0,1.0,1.0,4.0
7181,2015300016010,1,9,0,17,0,0,0,0,0,0,1,1,2,2,51,8,1596,1,2,-1,3,-1,4,2,427500.0,372160.0,-1.589353,53.245753,30,2,2,4,28/09/2015,2,1899-12-30 08:25:00,329,E10000007,3,619,6,50,0,-1,-1,0,0,0,1,1,1,0,0,2,1,E01019606,1.0,1.0,2.0,51.0,8.0,2.0,0.0,0.0,0.0,0.0,0.0,9.0,3.0,10.0
7182,201563AC25715,2,9,0,3,0,2,0,0,0,0,2,1,2,1,27,6,-1,-1,-1,-1,1,-1,2,2,253230.0,200600.0,-4.124505,51.684923,63,2,2,2,42256,4,1899-12-30 08:13:00,751,W06000010,4,4297,6,30,3,4,6,0,0,4,1,1,1,0,0,1,1,W01000707,2.0,1.0,1.0,27.0,6.0,3.0,0.0,0.0,0.0,0.0,0.0,9.0,1.0,-1.0
7183,2015471506342,2,1,0,18,0,0,0,0,0,0,1,1,6,2,34,6,-1,-1,-1,-1,2,-1,1,2,531189.0,105323.0,-0.138454,50.832582,47,2,2,1,29/10/2015,5,1899-12-30 18:00:00,565,E06000043,6,0,6,30,0,-1,-1,0,0,0,4,2,2,0,0,1,2,E01016964,1.0,1.0,2.0,34.0,6.0,2.0,0.0,0.0,0.0,0.0,0.0,1.0,2.0,6.0
7184,201554A204515,1,5,0,18,0,0,1,0,0,0,1,1,6,1,22,5,599,1,17,-1,1,-1,1,2,390000.0,164163.0,-2.145061,51.376431,54,2,2,1,42349,5,1899-12-30 08:00:00,635,E06000054,3,350,3,40,0,-1,-1,0,0,4,1,1,1,0,0,1,1,E01032062,1.0,1.0,1.0,22.0,5.0,2.0,0.0,0.0,0.0,0.0,0.0,5.0,1.0,6.0
7185,2015610060115,1,9,0,9,0,5,0,0,0,0,1,1,6,1,-1,-1,-1,-1,-1,-1,-1,-1,2,2,333276.0,188140.0,-2.964501,51.588145,61,2,2,2,17/07/2015,6,1899-12-30 12:00:00,733,W06000022,4,4591,6,30,6,4,6,0,0,8,1,1,1,0,0,1,1,W01001613,2.0,2.0,1.0,18.0,4.0,3.0,0.0,0.0,2.0,0.0,0.0,9.0,-1.0,-1.0
7186,201501KD50012,1,9,0,9,0,8,0,0,0,0,4,1,6,1,25,5,-1,-1,-1,-1,1,-1,4,2,550370.0,183020.0,0.166214,51.526078,1,2,2,4,42309,1,1899-12-30 05:55:00,15,E09000016,3,1306,3,30,3,4,6,0,0,0,4,1,1,0,0,1,1,E01002368,3.0,2.0,1.0,21.0,5.0,3.0,0.0,0.0,2.0,0.0,0.0,9.0,1.0,7.0
7187,2015120167050,2,22,0,18,0,6,0,0,0,0,1,1,6,2,88,11,-1,-1,-1,-1,1,-1,1,2,503606.0,488084.0,-0.410291,54.277909,12,2,2,1,21/09/2015,2,1899-12-30 14:25:00,186,E10000023,3,64,6,30,6,2,6,453,0,0,1,1,1,0,0,1,1,E01027862,1.0,1.0,2.0,88.0,11.0,2.0,0.0,0.0,0.0,0.0,0.0,22.0,1.0,7.0
7188,201506P003323,1,9,0,18,0,1,0,0,0,0,1,1,6,1,23,5,1910,2,8,-1,1,-1,8,2,387300.0,406930.0,-2.193191,53.558835,6,2,2,8,42315,7,1899-12-30 02:00:00,106,E08000005,3,664,6,30,3,4,5,0,0,0,4,1,1,0,0,1,1,E01005528,3.0,2.0,1.0,19.0,4.0,3.0,0.0,0.0,1.0,0.0,0.0,9.0,1.0,3.0
7189,2015100083515,2,9,0,2,0,0,0,0,0,0,1,1,6,2,42,7,2993,2,5,-1,1,-1,1,3,423248.0,565189.0,-1.638287,54.980767,10,2,3,1,42218,1,1899-12-30 14:35:00,147,E08000021,5,116,6,30,0,-1,-1,0,0,0,1,1,1,0,0,1,1,E01008396,,,,,,,,,,,,,,
7190,2015331505263,1,9,0,18,0,0,0,0,0,0,0,1,6,1,54,8,-1,-1,-1,-1,-1,-1,1,1,437230.0,310830.0,-1.450581,52.693879,33,2,1,1,27/05/2015,4,1899-12-30 22:14:00,366,E10000018,5,7112,6,40,0,-1,-1,0,0,0,7,1,1,0,0,2,1,E01025913,1.0,2.0,1.0,-1.0,-1.0,2.0,0.0,0.0,1.0,0.0,0.0,9.0,-1.0,-1.0
7191,2015100139915,1,9,0,18,0,0,0,0,0,0,1,1,6,3,-1,-1,-1,-1,-1,-1,-1,-1,1,1,421487.0,565274.0,-1.665795,54.981609,10,2,1,1,42158,6,1899-12-30 15:43:00,147,E08000021,5,114,6,30,0,-1,-1,0,0,0,1,1,1,0,0,1,1,E01008346,1.0,3.0,1.0,14.0,3.0,2.0,5.0,2.0,0.0,0.0,0.0,0.0,1.0,5.0
7192,2015210026702,1,20,0,9,0,6,0,0,0,0,3,1,6,1,45,7,2287,2,2,-1,1,-1,1,2,388751.0,359861.0,-2.169597,53.135784,21,2,2,1,42315,7,1899-12-30 08:10:00,256,E10000028,3,527,6,40,8,4,6,0,0,0,1,1,1,0,0,1,1,E01029769,,,,,,,,,,,,,,
7193,2015450027178,3,9,0,18,0,0,0,0,0,0,2,1,6,2,29,6,1997,2,3,-1,1,-1,7,5,531000.0,144724.0,-0.126925,51.18674,45,2,5,7,19/07/2015,1,1899-12-30 11:55:00,516,E10000030,1,23,3,70,0,-1,-1,0,0,0,1,1,1,0,0,2,1,E01030814,6.0,1.0,2.0,29.0,6.0,3.0,0.0,0.0,0.0,0.0,0.0,9.0,1.0,9.0
7194,2015051500406,2,9,0,18,0,0,0,0,4,0,3,1,1,1,50,8,1910,2,9,-1,1,-1,2,3,334809.0,398055.0,-2.98367,53.475169,5,2,3,2,42096,4,1899-12-30 09:10:00,93,E08000014,3,5036,3,40,0,-1,-1,0,0,0,1,1,1,0,0,1,1,E01006981,1.0,1.0,1.0,50.0,8.0,2.0,0.0,0.0,0.0,0.0,0.0,9.0,1.0,1.0
7195,2015405BA0181,1,9,0,4,0,0,0,0,0,0,2,-1,6,1,19,4,998,1,7,-1,1,-1,1,3,516067.0,255610.0,-0.303648,52.186532,40,2,3,1,17/02/2015,3,1899-12-30 14:34:00,420,E06000055,3,1,3,60,0,-1,-1,0,0,0,1,1,1,0,0,2,1,E01017542,,,,,,,,,,,,,,
7196,201501CW11799,1,19,0,18,0,2,0,0,0,0,4,1,1,1,-1,-1,-1,-1,-1,-1,-1,-1,1,1,529260.0,180860.0,-0.138695,51.511889,1,2,1,1,20/11/2015,6,1899-12-30 07:50:00,1,E09000033,5,0,2,30,3,4,6,0,0,0,1,1,1,0,0,1,2,E01033595,1.0,3.0,2.0,47.0,8.0,2.0,6.0,9.0,0.0,0.0,2.0,0.0,-1.0,-1.0
7197,2015405CA0933,2,9,0,9,0,8,0,0,0,0,2,1,6,2,24,5,1598,1,9,-1,2,-1,1,2,508746.0,222407.0,-0.421237,51.88962,40,2,2,1,42132,4,1899-12-30 13:25:00,421,E06000032,3,6,6,30,3,4,6,0,0,4,1,1,1,0,0,1,1,E01015739,,,,,,,,,,,,,,
7198,201501XD81014,2,9,0,9,0,8,0,0,0,0,1,1,6,2,39,7,1598,1,4,-1,1,-1,3,3,513340.0,184600.0,-0.3668,51.548918,1,2,3,3,13/11/2015,6,1899-12-30 21:12:00,27,E09000009,3,312,6,30,3,2,5,0,0,5,4,1,1,0,0,1,1,E01001322,,,,,,,,,,,,,,
7199,2015350014315,2,1,0,18,0,8,0,0,0,0,3,1,2,2,21,5,-1,-1,-1,-1,1,-1,1,2,546280.0,258610.0,0.139288,52.206306,35,2,2,1,42126,5,1899-12-30 08:25:00,390,E10000003,6,0,6,30,3,4,6,0,0,0,1,8,3,0,0,1,2,E01017989,1.0,1.0,2.0,21.0,5.0,2.0,0.0,0.0,0.0,0.0,0.0,1.0,1.0,9.0
7200,2015132650776,3,11,0,9,0,1,0,0,0,0,1,1,1,1,57,9,9360,2,6,-1,-1,-1,4,3,419603.0,445164.0,-1.703136,53.902274,13,2,3,4,42130,6,1899-12-30 13:30:00,204,E08000035,6,0,6,30,3,4,3,659,0,0,1,1,1,0,0,1,1,E01011571,4.0,2.0,1.0,49.0,8.0,3.0,0.0,0.0,0.0,4.0,0.0,11.0,-1.0,-1.0
7201,201520S014775,1,9,0,9,0,8,0,0,0,0,3,1,6,2,55,8,-1,-1,-1,-1,1,-1,2,2,400530.0,284040.0,-1.993628,52.454314,20,2,2,2,42127,5,1899-12-30 17:31:00,300,E08000025,6,0,6,30,3,4,6,0,0,0,1,1,1,0,0,1,1,E01009257,1.0,1.0,2.0,55.0,8.0,3.0,0.0,0.0,0.0,0.0,0.0,9.0,1.0,3.0
7202,201531B195315,1,3,0,18,9,0,0,10,1,11,4,1,6,1,16,4,124,1,7,-1,3,-1,1,1,466578.0,366281.0,-1.005037,53.189462,31,2,1,1,26/09/2015,7,1899-12-30 20:45:00,345,E10000024,5,57,6,60,0,-1,-1,0,0,0,6,1,1,0,0,2,1,E01028312,1.0,1.0,1.0,16.0,4.0,2.0,0.0,0.0,0.0,0.0,0.0,3.0,3.0,7.0
7203,2015300014719,1,9,0,12,0,0,0,0,0,0,0,1,6,1,-1,-1,1794,1,14,-1,1,-1,1,2,450430.0,364400.0,-1.246981,53.174327,30,2,2,1,42070,6,1899-12-30 13:00:00,321,E10000007,3,617,3,50,0,-1,-1,0,0,0,1,1,1,0,0,1,2,E01019503,,,,,,,,,,,,,,