,accident_index,vehicle_reference,vehicle_type,towing_and_articulation,vehicle_manoeuvre,vehicle_location-restricted_lane,junction_location,skidding_and_overturning,hit_object_in_carriageway,vehicle_leaving_carriageway,hit_object_off_carriageway,1st_point_of_impact,was_vehicle_left_hand_drive?,journey_purpose_of_driver,sex_of_driver,age_of_driver,age_band_of_driver,engine_capacity_(cc),propulsion_code,age_of_vehicle,driver_imd_decile,driver_home_area_type,vehicle_imd_decile,NUmber_of_Casualities_unique_to_accident_index,No_of_Vehicles_involved_unique_to_accident_index,location_easting_osgr,location_northing_osgr,longitude,latitude,police_force,accident_severity,number_of_vehicles,number_of_casualties,date,day_of_week,time,local_authority_(district),local_authority_(highway),1st_road_class,1st_road_number,road_type,speed_limit,junction_detail,junction_control,2nd_road_class,2nd_road_number,pedestrian_crossing-human_control,pedestrian_crossing-physical_facilities,light_conditions,weather_conditions,road_surface_conditions,special_conditions_at_site,carriageway_hazards,urban_or_rural_area,did_police_officer_attend_scene_of_accident,lsoa_of_accident_location,casualty_reference,casualty_class,sex_of_casualty,age_of_casualty,age_band_of_casualty,casualty_severity,pedestrian_location,pedestrian_movement,car_passenger,bus_or_coach_passenger,pedestrian_road_maintenance_worker,casualty_type,casualty_home_area_type,casualty_imd_decile
7270,2015051600162,2,11,0,18,0,0,0,0,0,0,1,1,1,1,57,9,5883,2,11,-1,1,-1,12,2,345070.0,389562.0,-2.827607,53.40001,5,2,2,12,42105,4,1899-12-30 13:45:00,90,E08000011,3,5080,6,40,0,-1,-1,0,0,0,1,1,1,0,0,1,1,E01006480,8.0,2.0,2.0,40.0,7.0,3.0,0.0,0.0,0.0,4.0,0.0,11.0,1.0,1.0
7271,2015210026877,2,9,0,18,0,8,0,0,0,0,1,1,6,2,40,7,1969,2,-1,-1,1,-1,1,2,387014.0,286565.0,-2.192622,52.476856,21,2,2,1,19/07/2015,1,1899-12-30 14:00:00,254,E10000028,3,449,6,60,3,4,5,100,0,8,1,1,1,0,0,2,2,E01029651,,,,,,,,,,,,,,
7272,2015300017269,1,9,0,9,0,6,0,0,0,0,1,1,6,2,55,8,1229,1,8,-1,3,-1,1,1,401160.0,381470.0,-1.984044,53.330143,30,2,1,1,23/12/2015,4,1899-12-30 10:20:00,325,E10000007,6,0,6,30,3,4,3,5004,0,1,1,1,1,0,0,2,1,E01019765,1.0,3.0,2.0,88.0,11.0,2.0,5.0,1.0,0.0,0.0,0.0,0.0,-1.0,-1.0
7273,201520H008085,1,21,0,18,9,8,0,10,7,4,2,1,1,1,50,8,-1,2,11,-1,-1,-1,1,2,405570.0,306010.0,-1.919101,52.651793,20,2,2,1,29/07/2015,4,1899-12-30 09:47:00,307,E08000030,6,0,6,30,8,4,6,0,0,0,1,1,1,0,0,1,1,E01010302,1.0,3.0,1.0,52.0,8.0,2.0,6.0,9.0,0.0,0.0,0.0,0.0,1.0,7.0
7274,2015300015694,2,5,0,16,0,0,0,0,0,0,1,1,6,1,21,5,675,1,-1,-1,1,-1,1,2,405600.0,394340.0,-1.917154,53.445799,30,2,2,1,42164,1,1899-12-30 13:35:00,325,E10000007,3,57,6,50,0,-1,-1,0,0,0,1,1,1,0,0,2,1,E01019754,1.0,1.0,1.0,21.0,5.0,2.0,0.0,0.0,0.0,0.0,0.0,5.0,1.0,4.0
7275,2015921501168,1,19,0,18,0,0,0,0,0,0,1,1,1,1,31,6,2198,2,7,-1,-1,-1,1,2,377331.0,778858.0,-2.373786,56.90051,92,2,2,1,14/10/2015,4,1899-12-30 09:50:00,911,S12000034,3,90,3,70,0,-1,-1,0,0,0,1,1,1,0,0,2,1,,1.0,1.0,1.0,31.0,6.0,2.0,0.0,0.0,0.0,0.0,0.0,19.0,1.0,1.0
7276,2015320076212,1,20,0,9,0,5,0,0,0,0,4,1,1,1,58,9,-1,-1,-1,-1,1,-1,1,2,510965.0,309324.0,-0.360429,52.670276,32,2,2,1,42346,4,1899-12-30 12:00:00,355,E10000019,3,1175,6,60,6,4,5,319,0,0,1,1,1,0,0,2,1,E01026334,,,,,,,,,,,,,,
7277,20151329P1357,1,9,0,18,0,8,0,0,0,0,1,1,6,1,21,5,998,1,15,-1,1,-1,1,1,411992.0,434188.0,-1.819396,53.803854,13,2,1,1,25/09/2015,6,1899-12-30 18:30:00,200,E08000032,6,0,6,30,3,4,6,0,0,1,1,1,1,0,0,1,1,E01010800,1.0,3.0,1.0,28.0,6.0,2.0,4.0,1.0,0.0,0.0,0.0,0.0,-1.0,-1.0
7278,2015450025922,1,1,0,11,0,0,0,0,0,0,1,1,6,1,15,3,-1,-1,-1,-1,1,-1,1,2,515236.0,168339.0,-0.344767,51.402385,45,2,2,1,42283,4,1899-12-30 18:40:00,510,E10000030,4,3379,6,30,0,-1,-1,0,0,0,1,1,1,0,0,1,1,E01030326,1.0,1.0,1.0,15.0,3.0,2.0,0.0,0.0,0.0,0.0,0.0,1.0,1.0,8.0
7279,2015450028888,3,9,0,18,0,1,0,0,0,0,1,1,6,2,42,7,1796,1,3,-1,1,-1,4,4,485043.0,148104.0,-0.783514,51.225803,45,2,4,4,21/08/2015,6,1899-12-30 12:13:00,517,E10000030,3,325,6,40,1,4,3,325,0,0,1,1,1,0,0,2,1,E01030892,1.0,1.0,2.0,42.0,7.0,2.0,0.0,0.0,0.0,0.0,0.0,9.0,1.0,10.0
7280,201523N025895,2,9,0,18,0,0,0,0,0,0,1,1,6,1,35,6,1396,2,4,-1,1,-1,5,2,421058.0,289837.0,-1.691186,52.506026,23,2,2,5,28/06/2015,1,1899-12-30 08:00:00,290,E10000031,4,4114,6,50,0,-1,-1,0,0,0,1,2,2,0,0,2,1,E01031021,4.0,2.0,2.0,55.0,8.0,2.0,0.0,0.0,2.0,0.0,0.0,9.0,-1.0,-1.0
7281,2015210034141,3,9,0,17,0,0,0,0,0,0,1,1,6,2,54,8,2688,2,12,-1,1,-1,4,3,412930.0,306105.0,-1.810304,52.652523,21,2,3,4,27/11/2015,6,1899-12-30 22:25:00,252,E10000028,3,38,3,70,0,-1,-1,0,0,0,6,1,1,0,0,2,1,E01029488,,,,,,,,,,,,,,
7282,201543N005055,2,1,0,18,5,8,1,0,0,0,0,1,6,1,39,7,-1,-1,-1,-1,1,-1,1,2,480994.0,214486.0,-0.826243,51.823136,43,2,2,1,42040,7,1899-12-30 18:10:00,476,E10000002,3,41,6,30,8,4,6,2133,0,0,1,1,1,0,0,1,2,E01017665,1.0,1.0,1.0,39.0,7.0,2.0,0.0,0.0,0.0,0.0,0.0,1.0,1.0,10.0
7283,2015521503501,1,5,0,18,0,0,0,10,7,10,3,1,6,1,23,5,899,1,16,-1,1,-1,2,1,372055.0,164782.0,-2.402927,51.381393,52,2,1,2,42252,7,1899-12-30 03:10:00,611,E06000022,6,0,6,30,0,-1,-1,0,0,0,4,1,1,0,0,1,1,E01014463,1.0,1.0,1.0,23.0,5.0,2.0,0.0,0.0,0.0,0.0,0.0,5.0,1.0,1.0
7284,201522D503662,1,9,0,9,0,5,0,0,0,0,0,1,6,1,58,9,2261,1,11,-1,1,-1,1,2,384110.0,276270.0,-2.234884,52.384227,22,2,2,1,27/09/2015,1,1899-12-30 12:50:00,278,E10000034,3,44,6,30,6,2,3,448,0,0,1,1,1,0,0,1,1,E01032466,,,,,,,,,,,,,,
7285,201511NI12205,2,16,0,18,0,2,0,0,0,0,0,1,6,2,47,8,-1,-1,-1,-1,3,-1,1,2,417202.0,543950.0,-1.734012,54.790152,11,2,2,1,22/06/2015,2,1899-12-30 09:40:00,169,E06000047,5,16,6,40,3,4,6,0,0,0,1,1,1,0,0,2,2,E01020660,1.0,1.0,2.0,47.0,8.0,2.0,0.0,0.0,0.0,0.0,0.0,16.0,3.0,5.0
7286,201550AC3G006,1,9,0,5,0,6,0,0,0,0,3,1,6,1,61,9,1198,1,-1,-1,3,-1,1,2,172568.0,44127.0,-5.191797,50.253248,50,2,2,1,14/07/2015,3,1899-12-30 10:35:00,596,E06000052,4,3298,6,40,6,3,6,0,0,0,1,2,2,0,0,1,1,E01018918,,,,,,,,,,,,,,
7287,2015921500575,4,9,0,2,0,2,0,0,0,0,3,1,6,3,18,4,1896,2,12,-1,-1,-1,2,9,346217.0,798887.0,-2.888821,57.077842,92,2,9,2,14/05/2015,5,1899-12-30 17:00:00,911,S12000034,3,93,6,30,8,4,6,0,0,0,1,1,1,0,0,2,1,,,,,,,,,,,,,,,
7288,2015170S10305,1,9,0,11,0,0,0,0,0,0,4,1,6,1,45,7,1461,2,2,-1,1,-1,1,2,447194.0,520310.0,-1.271443,54.575808,17,2,2,1,42006,1,1899-12-30 15:05:00,245,E06000004,3,19,7,70,0,-1,-1,0,0,0,1,1,1,0,0,1,1,E01012278,,,,,,,,,,,,,,
7289,20151328U1212,1,5,0,18,0,0,5,0,0,0,1,1,6,1,36,7,-1,-1,-1,-1,1,-1,2,1,429152.0,429305.0,-1.559306,53.759292,13,2,1,2,30/08/2015,1,1899-12-30 17:50:00,204,E08000035,6,0,6,30,0,-1,-1,0,0,0,1,1,1,0,0,1,1,E01011493,1.0,1.0,1.0,36.0,7.0,2.0,0.0,0.0,0.0,0.0,0.0,5.0,1.0,4.0
7290,201511NE09265,1,9,0,18,0,0,0,0,0,0,1,1,6,1,43,7,1199,2,5,-1,1,-1,5,3,444330.0,534023.0,-1.313672,54.699292,11,2,3,5,15/03/2015,1,1899-12-30 10:31:00,169,E06000047,3,19,3,70,0,-1,-1,0,0,0,1,1,1,0,3,2,1,E01020772,2.0,2.0,2.0,49.0,8.0,3.0,0.0,0.0,1.0,0.0,0.0,9.0,1.0,6.0
7291,2015520506286,1,9,0,17,0,0,0,0,0,0,1,1,6,2,53,8,999,1,6,-1,1,-1,4,2,323087.0,138955.0,-3.100886,51.144671,52,2,2,4,22/08/2015,7,1899-12-30 17:45:00,607,E10000027,3,39,6,30,0,-1,-1,0,0,0,1,2,2,0,0,2,1,E01029122,1.0,1.0,2.0,53.0,8.0,2.0,0.0,0.0,0.0,0.0,0.0,9.0,1.0,3.0
7292,2015520506251,1,9,0,16,0,0,0,0,8,10,4,1,6,1,55,8,1870,2,11,-1,2,-1,5,2,340388.0,114929.0,-2.849632,50.930716,52,2,2,5,19/08/2015,4,1899-12-30 20:46:00,610,E10000027,6,0,6,60,0,-1,-1,0,0,0,6,2,2,0,0,2,1,E01029217,1.0,1.0,1.0,55.0,8.0,3.0,0.0,0.0,0.0,0.0,0.0,9.0,2.0,5.0
7293,201501JC30682,1,9,0,18,0,1,0,0,0,0,2,1,6,1,53,8,1948,1,15,-1,1,-1,1,2,535840.0,190190.0,-0.040332,51.594187,1,2,2,1,42014,5,1899-12-30 21:33:00,13,E09000031,4,179,6,30,3,4,6,0,0,0,4,1,1,0,0,1,1,E01004401,1.0,1.0,1.0,53.0,8.0,2.0,0.0,0.0,0.0,0.0,0.0,9.0,1.0,6.0
7294,2015520509115,2,9,0,18,0,1,0,0,0,0,1,1,6,2,24,5,2204,2,9,-1,3,-1,3,2,348456.0,134462.0,-2.737621,51.107125,52,2,2,3,23/11/2015,2,1899-12-30 19:20:00,606,E10000027,4,3151,6,60,6,4,6,0,0,0,1,2,2,0,0,2,1,E01029074,2.0,1.0,2.0,24.0,5.0,2.0,0.0,0.0,0.0,0.0,0.0,9.0,3.0,4.0
7295,2015120219553,2,21,1,18,0,0,0,0,0,0,2,1,1,1,26,6,12777,2,4,-1,1,-1,1,4,427348.0,492280.0,-1.581018,54.325368,12,2,4,1,42320,6,1899-12-30 09:50:00,181,E10000023,3,1,3,50,0,-1,-1,0,0,0,1,1,1,4,0,2,1,E01027603,1.0,1.0,1.0,26.0,6.0,2.0,0.0,0.0,0.0,0.0,0.0,21.0,1.0,9.0
7296,2015320134109,2,9,0,18,0,8,0,0,0,0,1,1,6,2,32,6,-1,-1,-1,-1,-1,-1,1,2,523665.0,323321.0,-0.167447,52.793293,32,3,2,1,42197,2,1899-12-30 09:00:00,354,E10000019,6,0,6,30,3,4,6,0,0,0,1,1,2,0,0,1,2,E01026274,1.0,1.0,2.0,32.0,6.0,3.0,0.0,0.0,0.0,0.0,0.0,9.0,-1.0,-1.0
7297,2015450030124,1,1,0,18,0,8,5,0,0,0,4,1,2,1,26,6,-1,-1,-1,-1,1,-1,1,2,515363.0,168420.0,-0.342915,51.403087,45,3,2,1,42014,5,1899-12-30 06:25:00,510,E10000030,3,309,6,30,3,4,3,3050,0,4,4,1,1,0,0,1,2,E01030326,1.0,1.0,1.0,26.0,6.0,3.0,0.0,0.0,0.0,0.0,0.0,1.0,1.0,7.0
7298,2015051501641,1,9,0,2,0,0,0,0,0,0,1,1,6,2,60,9,1796,1,14,-1,1,-1,1,2,329037.0,390365.0,-3.068882,53.405312,5,3,2,1,42042,5,1899-12-30 12:20:00,95,E08000015,6,0,6,20,0,-1,-1,0,0,0,1,1,1,0,0,1,1,E01007121,1.0,1.0,2.0,60.0,9.0,3.0,0.0,0.0,0.0,0.0,0.0,9.0,1.0,1.0
7299,2015450023731,2,9,0,18,0,8,0,0,0,0,1,1,1,1,37,7,-1,-1,-1,-1,1,-1,1,2,505006.0,164587.0,-0.492883,51.370644,45,3,2,1,42067,6,1899-12-30 20:58:00,514,E10000030,3,318,6,30,6,2,4,3121,0,0,7,1,2,0,0,1,1,E01030645,,,,,,,,,,,,,,
7300,201501KD50226,1,3,0,17,0,1,0,0,0,0,3,1,2,1,53,8,-1,-1,-1,-1,1,-1,1,1,552780.0,188480.0,0.203296,51.574488,1,3,1,1,42313,2,1899-12-30 09:48:00,15,E09000016,5,0,6,30,3,4,6,0,0,0,1,1,1,0,0,1,1,E01002272,1.0,1.0,1.0,53.0,8.0,3.0,0.0,0.0,0.0,0.0,0.0,3.0,1.0,8.0
7301,2015132BT0625,1,9,0,18,0,8,0,0,0,0,1,1,6,1,38,7,1968,2,5,-1,1,-1,1,2,428480.0,437171.0,-1.568774,53.830027,13,3,2,1,29/11/2015,1,1899-12-30 11:25:00,204,E08000035,6,0,6,30,6,4,6,0,0,0,1,5,2,0,0,1,1,E01011689,,,,,,,,,,,,,,
7302,2015621500834,2,9,0,18,0,1,0,0,0,0,1,1,6,2,32,6,-1,-1,-1,-1,1,-1,2,2,277859.0,188299.0,-3.764139,51.580277,62,3,2,2,42343,3,1899-12-30 08:27:00,743,W06000012,3,48,6,30,3,4,6,0,0,5,1,1,1,0,0,1,1,W01000967,2.0,1.0,2.0,32.0,6.0,3.0,0.0,0.0,0.0,0.0,0.0,9.0,1.0,-1.0
7303,20151328P1879,1,9,0,16,0,0,1,11,4,6,1,1,6,1,31,6,1242,1,2,-1,1,-1,1,1,418146.0,431137.0,-1.726134,53.776255,13,3,1,1,25/08/2015,3,1899-12-30 23:25:00,200,E08000032,3,6177,3,30,0,-1,-1,0,0,0,4,1,2,0,1,1,1,E01010614,1.0,1.0,1.0,31.0,6.0,3.0,0.0,0.0,0.0,0.0,0.0,9.0,1.0,3.0
7304,2015030000100,1,9,0,15,0,0,1,0,7,10,2,1,6,2,23,5,-1,-1,-1,-1,1,-1,1,2,350680.0,531550.0,-2.766368,54.676585,3,3,2,1,42339,2,1899-12-30 12:17:00,64,E10000006,3,6,3,60,0,-1,-1,0,0,0,1,5,2,6,0,2,1,E01019329,1.0,1.0,2.0,23.0,5.0,3.0,0.0,0.0,0.0,0.0,0.0,9.0,1.0,1.0
7305,201504WA15202,2,9,0,2,0,0,0,0,0,0,2,1,6,1,55,8,1753,2,7,-1,1,-1,2,2,331210.0,431870.0,-3.045371,53.778596,4,3,2,2,25/05/2015,2,1899-12-30 09:50:00,71,E06000009,6,0,3,30,0,-1,-1,0,0,5,1,1,1,0,0,1,1,E01012725,2.0,1.0,1.0,55.0,8.0,3.0,0.0,0.0,0.0,0.0,0.0,9.0,1.0,4.0
7306,201501JC30101,2,3,0,13,0,1,0,0,0,0,1,1,2,1,38,7,-1,-1,-1,-1,1,-1,1,2,537580.0,187900.0,-0.016125,51.573188,1,3,2,1,42066,3,1899-12-30 20:15:00,13,E09000031,3,104,6,30,3,4,6,0,0,0,4,1,2,0,0,1,1,E01004423,1.0,1.0,1.0,38.0,7.0,3.0,0.0,0.0,0.0,0.0,0.0,3.0,1.0,8.0
7307,201550CD2I001,1,9,0,18,0,0,0,0,2,11,1,1,6,1,52,8,1997,2,2,-1,2,-1,3,1,237164.0,123001.0,-4.321212,50.983325,50,3,1,3,42310,4,1899-12-30 11:29:00,588,E10000008,3,39,6,60,0,-1,-1,0,0,0,1,1,2,0,0,2,1,E01020295,1.0,1.0,1.0,52.0,8.0,3.0,0.0,0.0,0.0,0.0,0.0,9.0,2.0,6.0
7308,2015471505088,1,9,0,18,0,0,0,0,0,0,1,1,6,1,77,11,2400,2,2,-1,3,-1,1,2,516071.0,128414.0,-0.345683,51.043364,47,3,2,1,42044,4,1899-12-30 13:02:00,562,E10000032,6,0,6,30,0,-1,-1,0,0,0,1,1,1,0,0,2,1,E01031680,,,,,,,,,,,,,,
7309,201501PY20647,1,1,0,4,0,8,0,0,0,0,2,1,6,1,48,8,-1,-1,-1,-1,1,-1,1,2,542430.0,168420.0,0.045962,51.396942,1,3,2,1,42256,4,1899-12-30 07:40:00,19,E09000006,5,0,1,30,2,4,6,0,0,0,1,1,1,0,0,1,1,E01000651,1.0,1.0,1.0,48.0,8.0,3.0,0.0,0.0,0.0,0.0,0.0,1.0,1.0,1.0
7310,2015551500677,3,9,0,18,0,0,0,0,0,0,0,1,6,3,-1,-1,1499,2,-1,-1,-1,-1,4,3,392574.0,99352.0,-2.106727,50.793684,55,3,3,4,23/05/2015,7,1899-12-30 07:30:00,647,E10000009,3,31,6,60,0,-1,-1,0,0,0,1,1,1,0,0,2,1,E01020410,4.0,2.0,2.0,49.0,8.0,3.0,0.0,0.0,1.0,0.0,0.0,9.0,-1.0,-1.0
7311,2015930000109,1,11,0,18,0,2,0,0,0,0,0,1,1,1,44,7,9600,2,18,-1,1,-1,1,2,340241.0,730669.0,-2.971422,56.464353,93,3,2,1,42248,6,1899-12-30 17:40:00,918,S12000042,5,204,6,30,3,2,3,929,0,4,1,1,1,0,0,1,1,,1.0,2.0,2.0,51.0,8.0,3.0,0.0,0.0,0.0,4.0,0.0,11.0,1.0,-1.0
7312,201501BS70293,1,19,0,18,0,0,0,0,0,0,1,1,6,1,43,7,-1,-1,-1,-1,1,-1,1,2,526830.0,179670.0,-0.174121,51.501745,1,3,2,1,20/05/2015,4,1899-12-30 16:25:00,1,E09000033,3,315,6,30,0,-1,-1,0,0,5,1,1,1,0,0,1,1,E01004689,,,,,,,,,,,,,,
7313,201536T150012,1,9,0,5,0,4,0,0,0,0,4,1,6,1,41,7,1998,1,14,-1,-1,-1,1,1,652489.0,308833.0,1.728652,52.618507,36,3,1,1,42309,1,1899-12-30 10:30:00,402,E10000020,5,619,1,30,1,4,6,0,0,0,1,1,1,0,0,1,1,,1.0,3.0,2.0,81.0,11.0,3.0,5.0,1.0,0.0,0.0,0.0,0.0,-1.0,-1.0
7314,2015030003151,1,9,0,7,0,1,2,0,7,10,1,1,6,1,29,6,1198,1,3,-1,-1,-1,2,1,303920.0,535450.0,-3.492595,54.704865,3,3,1,2,13/12/2015,1,1899-12-30 22:40:00,60,E10000006,6,0,6,30,9,4,6,0,0,0,4,2,2,0,0,2,1,E01019097,2.0,2.0,2.0,28.0,6.0,3.0,0.0,0.0,1.0,0.0,0.0,9.0,-1.0,-1.0
7315,2015405BA0048,2,9,0,18,0,0,1,0,1,7,4,-1,6,2,27,6,1229,1,2,-1,3,-1,1,2,516384.0,256313.0,-0.298772,52.192782,40,3,2,1,17/01/2015,7,1899-12-30 13:40:00,420,E06000055,3,1,3,60,0,-1,-1,0,0,0,1,1,1,0,0,1,1,E01017542,1.0,1.0,2.0,27.0,6.0,3.0,0.0,0.0,0.0,0.0,0.0,9.0,3.0,7.0
7316,2015100466915,2,19,0,18,0,8,0,0,0,0,1,1,1,1,26,6,1995,2,2,-1,1,-1,1,2,411834.0,562714.0,-1.816728,54.958925,10,3,2,1,42102,3,1899-12-30 15:50:00,146,E08000020,3,695,6,60,3,4,4,6395,0,0,1,1,1,0,0,2,1,E01008200,,,,,,,,,,,,,,
7317,2015551501128,2,9,0,17,0,1,1,0,0,0,3,1,3,2,53,8,1896,2,13,-1,3,-1,1,2,386498.0,110907.0,-2.193362,50.897481,55,3,2,1,42288,3,1899-12-30 07:32:00,642,E10000009,3,354,6,60,3,4,6,0,0,0,1,1,2,0,2,2,1,E01020444,,,,,,,,,,,,,,
7318,201520G009075,2,9,0,13,0,0,0,0,0,0,4,1,6,3,-1,-1,-1,-1,-1,-1,-1,-1,1,3,388080.0,298690.0,-2.177367,52.585883,20,3,3,1,25/05/2015,2,1899-12-30 21:32:00,309,E08000031,3,454,6,30,0,-1,-1,0,0,0,4,1,1,0,0,1,2,E01010551,,,,,,,,,,,,,,
7319,2015215001356,1,9,0,16,0,8,0,0,0,0,1,1,5,2,23,5,-1,-1,-1,-1,2,-1,2,2,415458.0,312673.0,-1.772629,52.711501,21,3,2,2,42280,3,1899-12-30 07:30:00,252,E10000028,6,199,6,30,3,4,6,199,0,0,1,1,1,0,0,2,1,E01029479,1.0,1.0,2.0,23.0,5.0,3.0,0.0,0.0,0.0,0.0,0.0,9.0,2.0,9.0
7320,2015051501965,1,11,0,4,0,0,0,0,0,0,4,1,1,3,-1,-1,-1,-1,-1,-1,-1,-1,1,1,333948.0,390337.0,-2.995018,53.405699,5,3,1,1,42163,5,1899-12-30 16:05:00,91,E08000012,6,0,6,30,0,-1,-1,0,0,0,1,1,1,0,0,1,2,E01033752,1.0,3.0,1.0,29.0,6.0,3.0,10.0,9.0,0.0,0.0,0.0,0.0,1.0,6.0
7321,201563CP17615,1,9,0,18,0,1,0,0,0,0,1,1,6,2,31,6,-1,-1,-1,-1,3,-1,2,3,200630.0,202130.0,-4.885363,51.682447,63,3,3,2,18/08/2015,3,1899-12-30 17:00:00,752,W06000009,3,4075,6,60,8,4,6,0,0,0,1,1,1,0,0,2,2,W01000578,,,,,,,,,,,,,,
7322,201520S054435,2,11,0,3,0,2,0,0,0,0,2,1,1,2,48,8,9000,2,5,-1,-1,-1,2,2,402110.0,277960.0,-1.970414,52.399651,20,3,2,2,28/09/2015,2,1899-12-30 08:32:00,300,E08000025,6,0,6,30,3,4,6,0,0,0,1,1,1,0,0,1,1,E01009213,2.0,2.0,2.0,12.0,3.0,3.0,0.0,0.0,0.0,4.0,0.0,11.0,1.0,1.0
7323,2015420032668,1,9,0,4,0,1,0,0,0,0,1,1,6,1,68,10,1910,2,7,-1,1,-1,1,2,567375.0,194243.0,0.416464,51.622119,42,3,2,1,17/11/2015,3,1899-12-30 14:10:00,450,E10000012,3,129,2,30,1,4,4,1007,0,4,1,1,1,0,0,1,2,E01021244,,,,,,,,,,,,,,
7324,2015471503507,3,9,0,18,0,0,0,0,0,0,2,1,2,1,55,8,1988,1,14,-1,1,-1,2,3,526558.0,137636.0,-0.192941,51.124036,47,3,3,2,22/06/2015,2,1899-12-30 16:58:00,560,E10000032,3,23,3,70,0,-1,-1,0,0,0,1,1,1,0,0,1,1,E01031573,,,,,,,,,,,,,,
7325,2015950004217,2,4,0,18,0,0,0,0,0,0,1,1,6,1,26,6,599,1,8,-1,1,-1,1,2,324870.0,674080.0,-3.204768,55.953848,95,3,2,1,25/09/2015,6,1899-12-30 12:00:00,923,S12000036,6,0,6,30,6,4,6,0,0,5,1,1,1,0,0,1,1,,1.0,1.0,1.0,26.0,6.0,3.0,0.0,0.0,0.0,0.0,0.0,4.0,1.0,-1.0
7326,2015350188115,1,9,0,9,0,4,0,0,0,0,1,1,1,1,29,6,1984,1,6,-1,3,-1,1,2,545130.0,257610.0,0.122043,52.197626,35,3,2,1,13/11/2015,6,1899-12-30 09:50:00,390,E10000003,3,603,1,30,1,4,3,1309,0,1,1,2,1,0,0,1,1,E01032797,,,,,,,,,,,,,,
7327,2015100043615,1,9,0,18,0,0,1,0,0,0,1,1,6,1,34,6,1590,1,14,-1,1,-1,3,2,437027.0,555256.0,-1.424279,54.890681,10,3,2,3,31/01/2015,7,1899-12-30 12:40:00,150,E08000024,5,1405,3,30,0,-1,-1,0,0,0,1,1,2,0,0,1,1,E01008825,,,,,,,,,,,,,,
7328,201597GB22906,2,9,0,2,0,0,0,0,0,0,3,1,6,1,35,6,1596,1,7,-1,1,-1,1,2,252675.0,660683.0,-4.352834,55.816861,97,3,2,1,30/06/2015,3,1899-12-30 18:40:00,926,S12000043,6,0,6,30,0,-1,-1,0,0,0,1,1,1,0,0,1,1,,,,,,,,,,,,,,,
7329,201501XD80480,2,9,0,4,0,8,0,0,0,0,2,1,6,2,68,10,1339,1,12,-1,1,-1,1,2,521430.0,182470.0,-0.250916,51.528094,1,3,2,1,42314,5,1899-12-30 17:40:00,27,E09000009,3,4000,1,30,2,4,3,4000,0,1,1,1,1,0,0,1,1,E01001239,1.0,1.0,2.0,68.0,10.0,3.0,0.0,0.0,0.0,0.0,0.0,9.0,1.0,4.0
7330,201543R177085,2,9,0,18,0,0,0,0,1,0,1,1,6,1,20,4,1198,1,10,-1,1,-1,2,2,491763.0,177618.0,-0.679701,51.490074,43,3,2,2,24/08/2015,2,1899-12-30 19:40:00,474,E06000040,3,308,6,60,0,-1,-1,0,0,0,4,2,2,0,0,2,1,E01016540,2.0,1.0,1.0,20.0,4.0,3.0,0.0,0.0,0.0,0.0,0.0,9.0,1.0,4.0
7331,2015132861294,2,9,0,3,0,1,0,0,0,0,4,1,6,2,54,8,1997,2,-1,-1,1,-1,1,2,412644.0,434245.0,-1.809494,53.804351,13,3,2,1,42132,4,1899-12-30 12:45:00,200,E08000032,6,0,6,30,9,4,6,0,0,0,1,1,1,0,0,1,2,E01010801,1.0,2.0,2.0,31.0,6.0,3.0,0.0,0.0,1.0,0.0,0.0,9.0,1.0,2.0
7332,2015471505838,1,19,0,18,0,2,0,0,0,0,2,1,6,3,-1,-1,2143,2,1,-1,-1,-1,1,2,527290.0,136454.0,-0.182903,51.113251,47,3,2,1,42165,3,1899-12-30 15:10:00,560,E10000032,3,2004,6,30,3,2,3,2220,0,5,1,2,2,0,0,1,2,E01032835,,,,,,,,,,,,,,
7333,201591NM03313,1,19,0,10,0,1,0,0,1,0,3,1,6,1,68,10,-1,-1,-1,-1,1,-1,1,2,284544.0,855043.0,-3.931973,57.570653,91,3,2,1,28/04/2015,3,1899-12-30 15:12:00,927,S12000017,3,96,7,60,5,4,6,0,0,0,1,2,2,0,0,2,1,,1.0,1.0,1.0,68.0,10.0,3.0,0.0,0.0,0.0,0.0,0.0,19.0,-1.0,-1.0
7334,2015950005663,1,9,0,18,0,0,0,0,0,0,1,1,6,3,-1,-1,1769,1,11,-1,-1,-1,1,2,322050.0,671370.0,-3.249134,55.929055,95,3,2,1,42320,6,1899-12-30 22:30:00,923,S12000036,6,0,6,30,0,-1,-1,0,2,8,7,8,2,0,0,1,1,,1.0,2.0,1.0,35.0,6.0,3.0,0.0,0.0,1.0,0.0,0.0,9.0,-1.0,-1.0
7335,2015471501209,2,9,0,3,0,4,0,0,0,0,2,1,6,1,24,5,1364,1,6,-1,1,-1,2,2,529102.0,141647.0,-0.155172,51.159517,47,3,2,2,28/02/2015,7,1899-12-30 10:56:00,560,E10000032,3,23,1,50,1,4,1,23,0,0,1,1,1,0,0,2,1,E01031587,1.0,1.0,1.0,24.0,5.0,3.0,0.0,0.0,0.0,0.0,0.0,9.0,1.0,4.0
7336,2015215001295,2,1,0,18,0,0,0,0,0,0,4,1,6,1,11,3,-1,-1,-1,-1,1,-1,1,2,387894.0,352355.0,-2.182121,53.068294,21,3,2,1,42158,6,1899-12-30 15:36:00,257,E06000021,6,0,6,30,0,-1,-1,0,0,8,1,1,1,0,0,1,1,E01014261,1.0,1.0,1.0,11.0,3.0,3.0,0.0,0.0,0.0,0.0,0.0,1.0,1.0,2.0