,accident_index,vehicle_reference,vehicle_type,towing_and_articulation,vehicle_manoeuvre,vehicle_location-restricted_lane,junction_location,skidding_and_overturning,hit_object_in_carriageway,vehicle_leaving_carriageway,hit_object_off_carriageway,1st_point_of_impact,was_vehicle_left_hand_drive?,journey_purpose_of_driver,sex_of_driver,age_of_driver,age_band_of_driver,engine_capacity_(cc),propulsion_code,age_of_vehicle,driver_imd_decile,driver_home_area_type,vehicle_imd_decile,NUmber_of_Casualities_unique_to_accident_index,No_of_Vehicles_involved_unique_to_accident_index,location_easting_osgr,location_northing_osgr,longitude,latitude,police_force,accident_severity,number_of_vehicles,number_of_casualties,date,day_of_week,time,local_authority_(district),local_authority_(highway),1st_road_class,1st_road_number,road_type,speed_limit,junction_detail,junction_control,2nd_road_class,2nd_road_number,pedestrian_crossing-human_control,pedestrian_crossing-physical_facilities,light_conditions,weather_conditions,road_surface_conditions,special_conditions_at_site,carriageway_hazards,urban_or_rural_area,did_police_officer_attend_scene_of_accident,lsoa_of_accident_location,casualty_reference,casualty_class,sex_of_casualty,age_of_casualty,age_band_of_casualty,casualty_severity,pedestrian_location,pedestrian_movement,car_passenger,bus_or_coach_passenger,pedestrian_road_maintenance_worker,casualty_type,casualty_home_area_type,casualty_imd_decile
7337,2015440449153,1,9,0,18,0,2,0,0,0,0,4,1,6,1,25,5,1398,1,4,-1,1,-1,1,1,448616.0,113671.0,-1.309734,50.920458,44,3,1,1,22/12/2015,3,1899-12-30 13:40:00,491,E10000014,3,334,6,40,1,4,4,3342,0,8,1,2,2,0,0,1,1,E01022700,1.0,3.0,1.0,12.0,3.0,3.0,4.0,1.0,0.0,0.0,0.0,0.0,1.0,9.0
7338,2015160D03261,2,1,0,18,0,0,0,0,0,0,3,1,6,2,8,2,-1,-1,-1,-1,1,-1,1,2,507244.0,434007.0,-0.373518,53.791336,16,3,2,1,28/06/2015,1,1899-12-30 11:05:00,228,E06000010,6,0,6,30,0,-1,-1,0,0,0,1,1,1,0,0,1,1,E01012876,1.0,1.0,2.0,8.0,2.0,3.0,0.0,0.0,0.0,0.0,0.0,1.0,1.0,1.0
7339,2015350179615,1,9,0,18,0,0,0,0,0,0,1,1,6,1,34,6,1560,2,3,-1,1,-1,1,2,517690.0,297690.0,-0.265163,52.56432,35,3,2,1,13/11/2015,6,1899-12-30 08:06:00,394,E06000031,6,0,6,30,0,-1,-1,0,0,0,1,1,1,0,0,1,1,E01033173,,,,,,,,,,,,,,
7340,2015471502304,2,3,0,18,0,0,0,0,0,0,4,1,6,1,26,6,-1,-1,-1,-1,1,-1,1,2,502771.0,101639.0,-0.542869,50.805203,47,3,2,1,22/04/2015,4,1899-12-30 17:24:00,558,E10000032,6,0,6,30,0,-1,-1,0,0,0,1,1,1,0,0,1,1,E01031456,1.0,1.0,1.0,26.0,6.0,3.0,0.0,0.0,0.0,0.0,0.0,3.0,1.0,2.0
7341,201501VK30306,1,8,0,12,0,0,0,0,0,0,4,1,1,1,53,8,2143,2,-1,-1,1,-1,1,2,518040.0,168420.0,-0.304448,51.402537,1,3,2,1,13/09/2015,1,1899-12-30 15:55:00,23,E09000021,3,240,6,30,0,-1,-1,0,0,0,1,1,1,0,0,1,2,E01002965,1.0,1.0,1.0,53.0,8.0,3.0,0.0,0.0,0.0,0.0,0.0,8.0,1.0,4.0
7342,2015984117915,1,9,0,18,0,2,5,0,0,0,1,1,6,1,40,7,1998,2,-1,-1,1,-1,3,2,328017.0,570629.0,-3.127512,55.024963,98,3,2,3,42191,1,1899-12-30 04:00:00,917,S12000006,2,74,3,70,5,4,6,0,0,0,1,1,1,0,0,2,1,,1.0,1.0,1.0,40.0,7.0,3.0,0.0,0.0,0.0,0.0,0.0,9.0,1.0,-1.0
7343,2015450028401,1,9,0,18,0,2,0,0,0,0,2,1,6,2,50,8,1998,1,16,-1,1,-1,3,3,499224.0,150784.0,-0.579754,51.247607,45,3,3,3,28/08/2015,6,1899-12-30 21:13:00,511,E10000030,3,25,3,40,6,2,3,322,0,5,4,1,1,0,0,1,1,E01030450,2.0,2.0,1.0,26.0,6.0,3.0,0.0,0.0,2.0,0.0,0.0,9.0,1.0,7.0
7344,2015950000499,2,1,0,18,0,8,1,0,0,0,1,1,2,1,23,5,-1,-1,-1,-1,1,-1,1,2,324210.0,672720.0,-3.214953,55.941528,95,3,2,1,42126,5,1899-12-30 17:38:00,923,S12000036,6,0,6,30,6,2,6,0,0,5,4,1,1,0,0,1,1,,1.0,1.0,1.0,23.0,5.0,3.0,0.0,0.0,0.0,0.0,0.0,1.0,1.0,-1.0
7345,201501XD80654,2,1,0,7,0,8,0,0,0,0,1,1,6,1,10,2,-1,-1,-1,-1,1,-1,1,2,513420.0,180440.0,-0.366985,51.511513,1,3,2,1,29/07/2015,4,1899-12-30 16:50:00,27,E09000009,6,0,6,30,6,2,3,4020,0,0,1,2,2,0,0,1,1,E01001216,1.0,1.0,1.0,10.0,2.0,3.0,0.0,0.0,0.0,0.0,0.0,1.0,1.0,4.0
7346,2015548807015,2,1,0,18,0,8,0,0,0,0,1,1,6,2,42,7,-1,-1,-1,-1,1,-1,1,2,407009.0,182005.0,-1.900339,51.536906,54,3,2,1,29/09/2015,3,1899-12-30 12:33:00,635,E06000054,5,415,6,30,3,4,6,0,0,0,1,1,1,0,0,1,1,E01031967,1.0,1.0,2.0,42.0,7.0,3.0,0.0,0.0,0.0,0.0,0.0,1.0,1.0,6.0
7347,2015460257124,2,9,0,3,0,1,0,0,0,0,2,1,6,2,38,7,1589,1,19,-1,1,-1,5,3,575225.0,167791.0,0.516619,51.38212,46,3,3,5,28/05/2015,5,1899-12-30 11:30:00,544,E06000035,3,2,6,30,3,4,6,0,0,4,1,1,1,4,0,1,1,E01016110,4.0,2.0,1.0,6.0,2.0,3.0,0.0,0.0,2.0,0.0,0.0,9.0,1.0,2.0
7348,201597BC00409,2,9,0,3,0,1,0,0,0,0,2,1,6,1,40,7,1598,2,4,-1,1,-1,2,3,260357.0,667469.0,-4.233833,55.880069,97,3,3,2,42194,2,1899-12-30 13:15:00,926,S12000043,3,803,3,40,6,2,6,0,0,5,1,1,1,0,0,1,1,,2.0,2.0,2.0,55.0,8.0,3.0,0.0,0.0,2.0,0.0,0.0,9.0,1.0,-1.0
7349,2015215000373,2,9,0,3,0,0,0,0,0,0,2,1,2,2,23,5,1229,1,1,-1,1,-1,1,3,389514.0,347423.0,-2.157782,53.023994,21,3,3,1,15/01/2015,5,1899-12-30 08:50:00,257,E06000021,3,5008,3,30,0,-1,-1,0,0,0,1,2,2,0,0,1,1,E01033216,1.0,1.0,2.0,23.0,5.0,3.0,0.0,0.0,0.0,0.0,0.0,9.0,1.0,5.0
7350,201531A213515,1,9,0,15,0,1,0,0,1,0,3,1,1,2,20,4,1995,2,1,-1,1,-1,1,2,449218.0,352078.0,-1.266997,53.063687,31,3,2,1,42226,5,1899-12-30 11:15:00,340,E10000024,3,608,1,70,1,4,1,1,0,0,1,1,1,0,0,2,2,E01027995,,,,,,,,,,,,,,
7351,201501WW50944,2,8,0,18,0,8,0,0,0,0,1,1,6,1,35,6,-1,-1,-1,-1,1,-1,1,2,525360.0,173080.0,-0.197624,51.442848,1,3,2,1,14/11/2015,7,1899-12-30 05:50:00,10,E09000032,3,218,6,30,3,4,6,0,0,0,1,1,1,0,0,1,1,E01004598,,,,,,,,,,,,,,
7352,201501EK40883,2,9,0,9,0,8,0,0,0,0,1,1,6,1,-1,-1,1395,1,-1,-1,-1,-1,1,2,529530.0,184640.0,-0.133417,51.545797,1,3,2,1,26/09/2015,7,1899-12-30 09:30:00,2,E09000007,3,503,6,30,8,4,6,0,0,0,1,1,1,0,0,1,2,E01000870,,,,,,,,,,,,,,
7353,201501ZD30516,1,9,0,4,0,2,0,0,0,0,2,1,6,2,47,8,1997,2,7,-1,1,-1,1,2,533200.0,166340.0,-0.087411,51.38049,1,3,2,1,42283,4,1899-12-30 19:40:00,20,E09000008,3,222,6,30,3,4,6,0,0,1,1,1,1,0,0,1,1,E01000976,,,,,,,,,,,,,,
7354,2015440333322,1,9,0,18,0,0,0,0,0,0,3,1,6,2,38,7,1796,1,5,-1,1,-1,1,2,436269.0,147081.0,-1.48204,51.221778,44,3,2,1,25/09/2015,6,1899-12-30 18:00:00,501,E10000014,6,0,6,30,0,-1,-1,0,0,0,1,1,1,0,0,1,1,E01023156,,,,,,,,,,,,,,
7355,201560S192013,2,9,0,18,0,1,0,0,0,0,1,1,2,2,42,7,-1,-1,-1,-1,-1,-1,1,2,257041.0,364539.0,-4.139588,53.158731,60,3,2,1,17/12/2015,5,1899-12-30 08:36:00,722,W06000002,3,4244,6,50,8,4,6,0,0,0,1,2,2,0,0,2,1,W01000099,1.0,1.0,2.0,42.0,7.0,3.0,0.0,0.0,0.0,0.0,0.0,9.0,-1.0,-1.0
7356,2015051502715,2,9,0,18,0,0,0,0,0,0,4,1,6,2,25,5,1149,1,14,-1,1,-1,3,1,333730.0,416919.0,-3.003931,53.644563,5,3,1,3,42015,1,1899-12-30 20:30:00,93,E08000014,3,570,6,30,0,-1,-1,0,0,0,4,1,2,0,0,1,2,E01006970,2.0,2.0,2.0,43.0,7.0,3.0,0.0,0.0,1.0,0.0,0.0,9.0,1.0,1.0
7357,201591NN04644,1,4,0,14,0,0,1,0,0,0,4,1,6,1,25,5,124,1,3,-1,1,-1,1,1,264070.0,844646.0,-4.268191,57.471639,91,3,1,1,18/02/2015,4,1899-12-30 13:05:00,927,S12000017,6,0,6,30,0,-1,-1,0,0,0,1,4,2,7,0,1,1,,1.0,1.0,1.0,25.0,5.0,3.0,0.0,0.0,0.0,0.0,0.0,4.0,1.0,-1.0
7358,201501PY20337,2,1,0,18,0,8,0,0,0,0,1,1,6,1,47,8,-1,-1,-1,-1,1,-1,1,2,534030.0,170490.0,-0.073926,51.417589,1,3,2,1,42250,2,1899-12-30 18:00:00,19,E09000006,3,214,6,30,3,4,6,0,0,4,1,1,1,0,0,1,1,E01000741,1.0,1.0,1.0,47.0,8.0,3.0,0.0,0.0,0.0,0.0,0.0,1.0,1.0,6.0
7359,2015120068332,1,9,0,16,0,0,2,0,1,0,3,1,6,1,18,4,-1,-1,-1,-1,1,-1,1,1,436271.0,452114.0,-1.448644,53.963842,12,3,1,1,25/04/2015,7,1899-12-30 19:40:00,182,E10000023,3,658,6,60,0,-1,-1,0,0,0,7,1,2,0,0,2,2,E01027725,1.0,1.0,1.0,18.0,4.0,3.0,0.0,0.0,0.0,0.0,0.0,9.0,1.0,8.0
7360,2015350136715,2,8,0,18,0,1,0,0,0,0,1,1,1,1,42,7,2664,2,14,-1,1,-1,10,2,519270.0,298190.0,-0.241685,52.568469,35,3,2,10,25/08/2015,3,1899-12-30 00:35:00,394,E06000031,3,15,1,30,1,2,3,15,0,5,4,9,1,0,0,1,1,E01015599,8.0,2.0,1.0,49.0,8.0,3.0,0.0,0.0,2.0,0.0,0.0,8.0,1.0,2.0
7361,2015300016444,3,9,0,5,0,6,0,0,0,0,1,1,6,1,21,5,1582,2,-1,-1,-1,-1,4,3,433880.0,334790.0,-1.497671,52.909478,30,3,3,4,27/10/2015,3,1899-12-30 17:53:00,323,E06000015,3,5250,6,30,6,4,6,0,0,0,4,2,2,0,0,1,1,E01013458,4.0,1.0,1.0,21.0,5.0,3.0,0.0,0.0,0.0,0.0,0.0,9.0,-1.0,-1.0
7362,201520M011635,2,9,0,5,0,4,0,0,0,0,3,1,2,2,21,5,1896,2,10,-1,1,-1,2,2,435990.0,279390.0,-1.472327,52.411334,20,3,2,2,18/06/2015,5,1899-12-30 07:36:00,302,E08000026,3,4600,1,30,1,4,6,0,0,0,1,1,1,0,0,1,1,E01009658,2.0,1.0,2.0,21.0,5.0,3.0,0.0,0.0,0.0,0.0,0.0,9.0,1.0,5.0
7363,2015300017108,2,8,0,18,0,0,0,0,0,0,2,1,1,1,32,6,1956,2,3,-1,1,-1,1,3,428960.0,329720.0,-1.571276,52.86419,30,3,3,1,42320,6,1899-12-30 16:34:00,328,E10000007,3,38,7,70,0,-1,-1,0,0,0,4,1,1,0,0,2,1,E01019841,1.0,1.0,1.0,32.0,6.0,3.0,0.0,0.0,0.0,0.0,0.0,8.0,1.0,3.0
7364,201501XH30255,2,9,0,3,0,0,0,0,0,0,2,1,6,2,44,7,1596,1,7,-1,1,-1,3,4,505430.0,182110.0,-0.481578,51.528069,1,3,4,3,21/04/2015,3,1899-12-30 16:02:00,26,E09000017,3,408,6,30,0,-1,-1,0,0,0,1,8,1,0,0,1,1,E01002518,2.0,1.0,2.0,44.0,7.0,3.0,0.0,0.0,0.0,0.0,0.0,9.0,1.0,7.0
7365,201543W105105,2,19,0,4,0,1,0,0,0,0,2,1,2,1,30,6,2500,2,6,-1,1,-1,2,2,463991.0,170827.0,-1.080869,51.43284,43,3,2,2,13/10/2015,3,1899-12-30 18:00:00,471,E06000037,3,4,3,70,5,4,6,7153,0,0,4,1,1,0,0,2,1,E01016345,1.0,1.0,1.0,30.0,6.0,3.0,0.0,0.0,0.0,0.0,0.0,19.0,1.0,2.0
7366,2015450035872,2,9,0,16,0,0,1,0,0,0,3,1,6,1,22,5,1299,1,11,-1,1,-1,1,2,498054.0,150268.0,-0.596652,51.243171,45,3,2,1,42167,1,1899-12-30 21:23:00,511,E10000030,3,3,3,50,0,-1,-1,0,0,0,4,2,2,0,0,1,1,E01030470,,,,,,,,,,,,,,
7367,2015331502042,1,9,0,18,0,1,0,0,0,0,1,1,6,1,73,10,2438,1,25,-1,1,-1,1,2,461183.0,311707.0,-1.096048,52.699591,33,3,2,1,26/12/2015,7,1899-12-30 17:15:00,362,E10000018,3,46,3,70,1,2,3,46,0,0,4,1,2,0,0,2,2,E01025758,1.0,1.0,1.0,73.0,10.0,3.0,0.0,0.0,0.0,0.0,0.0,9.0,1.0,1.0
7368,20154100B0648,2,1,0,9,0,1,0,0,0,0,4,1,6,1,30,6,-1,-1,-1,-1,1,-1,1,2,522764.0,209349.0,-0.222271,51.769365,41,3,2,1,42318,1,1899-12-30 11:17:00,438,E10000015,6,377,6,30,2,4,6,211,0,8,1,1,1,0,0,1,1,E01023929,1.0,1.0,1.0,30.0,6.0,3.0,0.0,0.0,0.0,0.0,0.0,1.0,1.0,6.0
7369,201501WW50435,2,9,0,9,0,8,0,0,0,0,1,1,6,1,-1,-1,1595,1,15,-1,1,-1,1,2,527360.0,171330.0,-0.169491,51.426675,1,3,2,1,16/05/2015,7,1899-12-30 17:00:00,10,E09000032,3,24,6,30,3,2,6,0,0,0,1,1,1,0,0,1,2,E01004617,,,,,,,,,,,,,,
7370,2015215000510,2,9,0,9,0,6,0,0,0,0,1,1,6,1,51,8,2720,2,7,-1,1,-1,1,2,425704.0,321802.0,-1.620259,52.793178,21,3,2,1,22/01/2015,5,1899-12-30 16:50:00,251,E10000028,3,444,6,30,3,4,6,15,0,0,4,1,2,0,0,1,1,E01029451,,,,,,,,,,,,,,
7371,201563AC28815,3,19,3,3,0,0,0,0,0,0,2,1,6,1,37,7,-1,-1,-1,-1,1,-1,3,4,240690.0,219490.0,-4.314418,51.851206,63,3,4,3,42071,2,1899-12-30 11:56:00,751,W06000010,3,40,3,40,0,-1,-1,0,0,0,1,1,2,0,0,2,1,W01000694,,,,,,,,,,,,,,
7372,201501ZD30920,2,9,0,18,0,2,0,0,0,0,2,1,6,2,33,6,1360,1,10,-1,1,-1,4,4,531880.0,166470.0,-0.106319,51.381967,1,3,4,4,30/10/2015,6,1899-12-30 16:00:00,20,E09000008,3,235,6,30,3,4,6,0,0,0,1,1,1,0,0,1,1,E01001011,3.0,1.0,2.0,33.0,6.0,3.0,0.0,0.0,0.0,0.0,0.0,9.0,1.0,2.0
7373,2015350122615,1,9,0,9,0,6,0,0,0,0,1,1,1,1,23,5,-1,-1,-1,-1,2,-1,1,2,557000.0,286840.0,0.309209,52.456948,35,3,2,1,29/07/2015,4,1899-12-30 06:50:00,391,E10000003,6,0,6,30,3,4,6,0,0,0,1,1,1,0,0,2,1,E01018044,,,,,,,,,,,,,,
7374,201501PY20476,1,9,0,4,0,8,0,0,0,0,2,1,6,2,46,8,1685,2,2,-1,1,-1,3,3,547510.0,167970.0,0.118745,51.391602,1,3,3,3,42042,5,1899-12-30 15:34:00,19,E09000006,4,258,6,30,3,4,6,0,0,0,1,1,1,0,0,1,1,E01000724,,,,,,,,,,,,,,
7375,2015546653815,4,9,0,4,0,0,1,0,0,0,1,1,6,1,52,8,1598,1,14,-1,3,-1,1,4,415732.0,139300.0,-1.776447,51.152744,54,3,4,1,23/07/2015,5,1899-12-30 19:05:00,635,E06000054,3,345,6,60,0,-1,-1,0,0,0,1,1,1,0,0,2,1,E01031979,,,,,,,,,,,,,,
7376,2015520501100,1,9,0,3,0,1,0,0,0,0,2,-1,6,2,40,7,2143,2,1,-1,2,-1,1,2,350686.0,138448.0,-2.706317,51.143162,52,3,2,1,30/01/2015,6,1899-12-30 15:48:00,606,E10000027,3,361,6,30,3,4,6,0,0,0,1,1,1,0,0,2,1,E01032627,1.0,1.0,2.0,40.0,7.0,3.0,0.0,0.0,0.0,0.0,0.0,9.0,2.0,6.0
7377,2015610037515,1,9,0,16,0,0,1,0,7,3,3,1,6,2,17,4,-1,-1,-1,-1,2,-1,1,1,345134.0,187952.0,-2.793331,51.587737,61,3,1,1,31/05/2015,1,1899-12-30 00:13:00,732,W06000021,4,4245,6,40,0,-1,-1,0,0,0,4,2,2,0,0,2,1,W01001582,1.0,2.0,1.0,-1.0,-1.0,3.0,0.0,0.0,2.0,0.0,0.0,9.0,-1.0,-1.0
7378,2015450032352,2,9,0,10,0,1,0,0,0,0,2,1,2,2,61,9,2171,1,12,-1,1,-1,1,2,499709.0,167323.0,-0.568186,51.396191,45,3,2,1,42258,2,1899-12-30 08:30:00,514,E10000030,5,10,6,30,3,4,6,0,0,0,1,1,2,0,0,1,1,E01030691,,,,,,,,,,,,,,
7379,201501KD50370,1,11,0,18,0,1,0,0,0,0,4,1,1,3,-1,-1,-1,-1,-1,-1,-1,-1,1,1,551440.0,188400.0,0.18394,51.574131,1,3,1,1,42191,1,1899-12-30 23:00:00,15,E09000016,5,0,6,30,2,4,5,0,0,1,4,1,1,0,0,1,2,E01002356,1.0,3.0,2.0,12.0,3.0,3.0,1.0,1.0,0.0,0.0,2.0,0.0,1.0,4.0
7380,201501SX20341,2,9,0,18,0,8,0,0,0,0,3,1,6,2,48,8,-1,-1,-1,-1,1,-1,1,2,520700.0,191460.0,-0.258349,51.609045,1,3,2,1,20/04/2015,2,1899-12-30 08:20:00,30,E09000003,6,0,6,30,6,4,6,0,0,0,1,1,1,0,0,1,1,E01000132,1.0,1.0,2.0,48.0,8.0,3.0,0.0,0.0,0.0,0.0,0.0,9.0,1.0,3.0
7381,2015983119415,1,9,0,18,0,0,0,0,0,0,1,1,2,2,61,9,1799,1,6,-1,1,-1,1,1,297599.0,575544.0,-3.604907,55.063775,98,3,1,1,42314,5,1899-12-30 07:30:00,917,S12000006,4,725,6,30,0,-1,-1,0,0,4,1,1,1,0,0,1,2,,1.0,3.0,2.0,60.0,9.0,3.0,1.0,1.0,0.0,0.0,0.0,0.0,1.0,-1.0
7382,201543S028125,2,1,0,18,0,8,0,0,0,0,4,1,2,1,44,7,-1,-1,-1,-1,1,-1,1,2,489464.0,238055.0,-0.697264,52.033696,43,3,2,1,42016,3,1899-12-30 06:35:00,479,E06000042,3,421,3,70,3,4,6,1103,0,0,4,1,2,0,0,2,3,E01016783,1.0,1.0,1.0,44.0,7.0,3.0,0.0,0.0,0.0,0.0,0.0,1.0,1.0,6.0
7383,2015075079974,2,9,0,18,0,1,0,0,0,0,4,1,6,2,39,7,1995,2,1,-1,1,-1,2,2,375397.0,358890.0,-2.369125,53.126604,7,3,2,2,22/03/2015,1,1899-12-30 16:55:00,129,E06000049,3,534,6,60,3,4,5,317,0,0,1,1,1,0,0,2,1,E01018443,1.0,1.0,2.0,39.0,7.0,3.0,0.0,0.0,0.0,0.0,0.0,9.0,1.0,10.0
7384,201501YE80588,2,9,0,18,0,0,0,0,4,6,4,1,6,2,40,7,1870,2,17,-1,1,-1,3,2,534270.0,199980.0,-0.059231,51.682537,1,3,2,3,42316,3,1899-12-30 15:00:00,32,E09000010,1,25,3,70,0,-1,-1,0,0,0,1,1,1,0,0,2,1,E01001412,3.0,2.0,1.0,14.0,3.0,3.0,0.0,0.0,2.0,0.0,0.0,9.0,1.0,4.0
7385,201504EF15338,2,8,0,4,0,0,0,0,0,0,2,1,3,1,51,8,1997,2,10,-1,1,-1,1,2,376500.0,422970.0,-2.357443,53.702628,4,3,2,1,42349,5,1899-12-30 09:00:00,82,E10000017,4,6232,6,40,0,-1,-1,0,0,0,1,1,2,4,0,2,1,E01025378,1.0,1.0,1.0,51.0,8.0,3.0,0.0,0.0,0.0,0.0,0.0,8.0,1.0,1.0
7386,2015320005250,3,9,0,2,0,0,0,0,0,0,1,1,6,3,28,6,998,1,2,-1,-1,-1,1,4,528792.0,336175.0,-0.086385,52.90758,32,3,4,1,27/01/2015,3,1899-12-30 18:30:00,350,E10000019,4,1397,6,30,0,-1,-1,0,0,0,4,8,2,7,0,2,1,E01026017,,,,,,,,,,,,,,
7387,2015100576315,2,9,0,3,0,1,0,0,0,0,2,1,6,1,54,8,1997,2,6,-1,3,-1,2,3,398617.0,566847.0,-2.02315,54.9962,10,3,3,2,42347,7,1899-12-30 11:20:00,139,E06000048,3,68,6,60,9,4,6,0,0,0,1,2,2,0,0,2,2,E01027481,1.0,1.0,1.0,54.0,8.0,3.0,0.0,0.0,0.0,0.0,0.0,9.0,3.0,5.0
7388,201550AH3T001,1,9,0,16,0,0,1,0,0,0,1,1,6,1,28,6,-1,-1,-1,-1,1,-1,1,2,175974.0,31287.0,-5.136522,50.139247,50,3,2,1,42158,6,1899-12-30 07:01:00,596,E06000052,6,0,6,60,0,-1,-1,0,0,0,1,1,2,0,0,2,1,E01018900,1.0,1.0,1.0,28.0,6.0,3.0,0.0,0.0,0.0,0.0,0.0,9.0,1.0,8.0
7389,201501YE80260,1,9,0,18,0,8,0,0,0,0,1,1,6,1,-1,-1,1461,2,11,-1,-1,-1,4,2,530160.0,192120.0,-0.121568,51.612871,1,3,2,4,28/03/2015,7,1899-12-30 07:44:00,32,E09000010,3,406,3,40,6,2,5,0,0,5,1,1,1,0,0,1,1,E01001393,,,,,,,,,,,,,,
7390,2015471501634,1,9,0,1,0,8,0,0,0,0,2,1,6,1,69,10,1598,2,3,-1,1,-1,1,2,561408.0,100284.0,0.288118,50.779675,47,3,2,1,24/03/2015,3,1899-12-30 11:40:00,551,E10000011,6,0,6,30,3,4,6,0,0,0,1,1,1,0,0,1,1,E01020954,,,,,,,,,,,,,,
7391,2015610043815,1,5,0,18,0,0,1,0,0,0,1,1,6,1,66,10,-1,-1,-1,-1,1,-1,1,2,343132.0,203895.0,-2.824823,51.73087,61,3,2,1,27/08/2015,5,1899-12-30 14:49:00,732,W06000021,6,0,6,60,0,-1,-1,0,0,0,1,1,2,0,0,2,1,W01001549,1.0,1.0,1.0,66.0,10.0,3.0,0.0,0.0,0.0,0.0,0.0,5.0,1.0,-1.0
7392,2015160B00091,1,9,0,4,0,1,0,0,0,0,2,1,6,2,30,6,1796,1,12,-1,3,-1,4,3,491380.0,409626.0,-0.621423,53.575284,16,3,3,4,16/01/2015,6,1899-12-30 08:03:00,232,E06000013,3,1029,6,40,3,4,6,0,0,0,1,1,2,0,0,2,1,E01013310,1.0,1.0,2.0,30.0,6.0,3.0,0.0,0.0,0.0,0.0,0.0,9.0,3.0,7.0
7393,2015300016748,1,9,0,18,0,0,0,0,0,0,1,1,6,1,-1,-1,1968,2,3,-1,3,-1,1,2,431900.0,363540.0,-1.524277,53.168026,30,3,2,1,16/11/2015,2,1899-12-30 17:30:00,327,E10000007,5,112,6,60,0,-1,-1,0,0,0,1,1,1,0,0,2,2,E01019769,,,,,,,,,,,,,,
7394,201501RY10206,2,9,0,18,0,8,0,0,0,0,1,1,6,1,-1,-1,-1,-1,-1,-1,-1,-1,2,2,546270.0,171790.0,0.10251,51.426248,1,3,2,2,42161,7,1899-12-30 12:15:00,18,E09000004,3,211,6,30,3,4,6,0,0,0,1,1,1,0,0,1,2,E01000457,,,,,,,,,,,,,,
7395,201543W104035,1,9,0,7,0,7,0,0,0,0,3,1,6,1,38,7,2616,1,11,-1,1,-1,1,2,472655.0,172224.0,-0.955971,51.444356,43,3,2,1,17/03/2015,3,1899-12-30 16:00:00,472,E06000038,6,7201,6,30,8,4,6,7201,0,0,1,1,1,0,0,1,1,E01016413,,,,,,,,,,,,,,
7396,2015982104315,2,9,0,4,0,0,0,0,0,0,1,1,6,2,36,7,2400,2,5,-1,3,-1,2,2,284001.0,557186.0,-3.810272,54.895898,98,3,2,2,20/05/2015,4,1899-12-30 17:00:00,917,S12000006,3,710,6,60,0,-1,-1,0,0,0,1,1,1,0,0,2,1,,1.0,1.0,2.0,36.0,7.0,3.0,0.0,0.0,0.0,0.0,0.0,9.0,3.0,-1.0
7397,2015460257801,2,9,0,18,0,0,0,0,0,0,3,1,6,1,76,11,1783,1,15,-1,1,-1,3,2,569160.0,137270.0,0.415138,51.109764,46,3,2,3,42314,5,1899-12-30 12:43:00,543,E10000016,3,262,6,60,0,-1,-1,0,0,0,1,1,1,0,0,2,1,E01024805,3.0,2.0,2.0,72.0,10.0,3.0,0.0,0.0,1.0,0.0,0.0,9.0,1.0,10.0
7398,2015030001252,1,9,0,18,0,1,0,0,0,0,1,1,6,1,24,5,-1,-1,-1,-1,1,-1,2,2,319460.0,469540.0,-3.233587,54.115399,3,3,2,2,21/05/2015,5,1899-12-30 11:22:00,61,E10000006,6,0,6,30,6,4,6,0,0,0,1,1,1,0,0,1,1,E01019156,,,,,,,,,,,,,,
7399,2015460260379,1,9,0,18,0,0,0,12,0,0,1,1,6,1,43,7,1796,1,17,-1,1,-1,1,1,545150.0,152480.0,0.078546,51.25302,46,3,1,1,17/08/2015,2,1899-12-30 16:30:00,538,E10000016,4,2026,6,60,0,-1,-1,0,0,0,1,1,1,0,0,2,2,E01024484,1.0,2.0,2.0,44.0,7.0,3.0,0.0,0.0,1.0,0.0,0.0,9.0,1.0,9.0
7400,2015440014186,1,9,0,4,0,8,0,0,0,0,2,1,6,3,-1,-1,1242,1,18,-1,-1,-1,1,3,464473.0,101918.0,-1.086239,50.813232,44,3,3,1,14/01/2015,4,1899-12-30 06:50:00,498,E06000044,3,3,1,30,1,4,3,3,0,0,7,1,1,0,0,1,2,E01017102,,,,,,,,,,,,,,
7401,2015331501988,1,19,0,18,0,1,0,0,0,0,1,1,6,1,29,6,1968,2,-1,-1,3,-1,1,2,430896.0,317345.0,-1.543685,52.752841,33,3,2,1,28/11/2015,7,1899-12-30 17:30:00,366,E10000018,5,7118,6,50,3,4,5,7119,0,0,6,2,2,0,3,2,1,E01025950,,,,,,,,,,,,,,
7402,201501CW11396,2,5,0,18,0,0,0,0,0,0,1,1,6,2,37,7,599,1,5,-1,1,-1,1,2,526740.0,181700.0,-0.174687,51.520008,1,3,2,1,18/09/2015,6,1899-12-30 17:40:00,1,E09000033,3,40,3,40,0,-1,-1,0,0,0,1,1,1,0,0,1,1,E01004702,1.0,1.0,2.0,37.0,7.0,3.0,0.0,0.0,0.0,0.0,0.0,5.0,1.0,8.0