,accident_index,vehicle_reference,vehicle_type,towing_and_articulation,vehicle_manoeuvre,vehicle_location-restricted_lane,junction_location,skidding_and_overturning,hit_object_in_carriageway,vehicle_leaving_carriageway,hit_object_off_carriageway,1st_point_of_impact,was_vehicle_left_hand_drive?,journey_purpose_of_driver,sex_of_driver,age_of_driver,age_band_of_driver,engine_capacity_(cc),propulsion_code,age_of_vehicle,driver_imd_decile,driver_home_area_type,vehicle_imd_decile,NUmber_of_Casualities_unique_to_accident_index,No_of_Vehicles_involved_unique_to_accident_index,location_easting_osgr,location_northing_osgr,longitude,latitude,police_force,accident_severity,number_of_vehicles,number_of_casualties,date,day_of_week,time,local_authority_(district),local_authority_(highway),1st_road_class,1st_road_number,road_type,speed_limit,junction_detail,junction_control,2nd_road_class,2nd_road_number,pedestrian_crossing-human_control,pedestrian_crossing-physical_facilities,light_conditions,weather_conditions,road_surface_conditions,special_conditions_at_site,carriageway_hazards,urban_or_rural_area,did_police_officer_attend_scene_of_accident,lsoa_of_accident_location,casualty_reference,casualty_class,sex_of_casualty,age_of_casualty,age_band_of_casualty,casualty_severity,pedestrian_location,pedestrian_movement,car_passenger,bus_or_coach_passenger,pedestrian_road_maintenance_worker,casualty_type,casualty_home_area_type,casualty_imd_decile
7403,201522G500364,1,9,0,18,0,0,0,4,0,0,1,1,6,1,20,4,1124,1,14,-1,1,-1,1,2,370020.0,313070.0,-2.44523,52.714451,22,3,2,1,31/01/2015,7,1899-12-30 10:45:00,284,E06000020,6,0,6,30,0,-1,-1,0,0,0,1,1,1,0,0,1,1,E01014208,1.0,2.0,1.0,23.0,5.0,3.0,0.0,0.0,1.0,0.0,0.0,9.0,1.0,2.0
7404,201501TX20820,2,8,0,18,0,8,0,0,0,0,1,1,1,1,44,7,-1,-1,-1,-1,1,-1,2,2,520400.0,177940.0,-0.267302,51.487602,1,3,2,2,42196,7,1899-12-30 01:10:00,25,E09000018,3,4,3,40,6,2,5,0,0,5,4,2,2,0,0,1,1,E01002577,2.0,1.0,1.0,44.0,7.0,3.0,0.0,0.0,0.0,0.0,0.0,8.0,1.0,2.0
7405,2015950004222,1,9,0,9,0,8,0,0,0,0,4,1,6,1,17,4,1198,1,9,-1,1,-1,1,2,322520.0,670430.0,-3.241344,55.920688,95,3,2,1,25/09/2015,6,1899-12-30 18:35:00,923,S12000036,5,0,6,30,6,4,6,0,0,8,1,1,1,0,0,1,1,,1.0,2.0,1.0,17.0,4.0,3.0,0.0,0.0,1.0,0.0,0.0,9.0,1.0,-1.0
7406,2015621500063,1,11,0,4,0,1,0,0,0,0,1,1,1,1,56,9,-1,-1,-1,-1,1,-1,5,2,320374.0,179312.0,-3.148692,51.507107,62,3,2,5,42339,2,1899-12-30 16:40:00,741,W06000015,6,0,1,30,1,4,6,0,0,0,4,5,2,0,0,2,1,W01001828,3.0,2.0,1.0,31.0,6.0,3.0,0.0,0.0,0.0,4.0,0.0,11.0,1.0,-1.0
7407,201520T039895,1,19,0,18,0,0,0,0,0,0,1,1,6,1,28,6,1998,2,14,-1,1,-1,1,2,415060.0,287170.0,-1.779672,52.482248,20,3,2,1,20/06/2015,7,1899-12-30 14:48:00,300,E08000025,6,0,6,30,0,-1,-1,0,0,1,1,1,2,0,0,1,1,E01009299,,,,,,,,,,,,,,
7408,201523S030930,2,9,0,18,0,1,0,0,7,9,1,1,6,2,32,6,998,1,15,-1,2,-1,3,2,427845.0,246815.0,-1.594742,52.118956,23,3,2,3,42286,5,1899-12-30 08:00:00,293,E10000031,6,0,6,60,3,4,6,0,0,0,1,1,1,0,0,2,1,E01031196,2.0,1.0,2.0,32.0,6.0,3.0,0.0,0.0,0.0,0.0,0.0,9.0,2.0,7.0
7409,2015405BA0694,1,3,0,7,0,2,0,0,0,0,3,1,2,1,32,6,124,1,-1,-1,1,-1,1,2,504982.0,250150.0,-0.467414,52.13968,40,3,2,1,31/07/2015,6,1899-12-30 14:39:00,420,E06000055,3,600,2,30,3,4,6,0,0,0,1,1,1,0,0,1,1,E01017484,1.0,1.0,1.0,32.0,6.0,3.0,0.0,0.0,0.0,0.0,0.0,3.0,1.0,3.0
7410,201531C035715,1,9,0,9,0,5,0,0,0,0,4,1,6,1,30,6,-1,-1,-1,-1,1,-1,1,2,455537.0,341830.0,-1.174472,52.970958,31,3,2,1,28/02/2015,7,1899-12-30 21:59:00,346,E06000018,6,0,6,30,3,4,6,0,0,5,4,1,2,0,0,1,1,E01013842,,,,,,,,,,,,,,
7411,2015471504638,1,9,0,18,0,1,5,0,0,0,1,1,6,2,45,7,1968,2,1,-1,1,-1,1,3,533573.0,103984.0,-0.105108,50.820003,47,3,3,1,42346,4,1899-12-30 18:55:00,565,E06000043,6,0,6,20,3,4,6,0,0,0,1,1,1,0,0,1,1,E01016869,1.0,1.0,2.0,45.0,7.0,3.0,0.0,0.0,0.0,0.0,0.0,9.0,1.0,1.0
7412,2015030001054,1,9,0,9,0,1,0,0,0,0,1,1,6,1,49,8,1124,1,13,-1,2,-1,1,2,300150.0,513020.0,-3.543435,54.502631,3,3,2,1,29/04/2015,4,1899-12-30 15:10:00,63,E10000006,3,595,6,40,3,4,6,0,0,0,1,1,1,0,0,2,2,E01019273,,,,,,,,,,,,,,
7413,201554A046615,3,19,0,2,0,1,0,0,0,0,0,1,6,1,27,6,2400,2,28,-1,1,-1,6,3,412796.0,183676.0,-1.816843,51.55183,54,3,3,6,42166,6,1899-12-30 17:27:00,633,E06000030,3,3102,3,70,3,4,6,0,0,7,6,5,2,0,2,2,1,E01015568,,,,,,,,,,,,,,
7414,2015460262634,1,9,0,18,0,0,0,0,0,0,1,1,6,2,63,9,1388,1,12,-1,-1,-1,1,2,630240.0,157490.0,1.299301,51.270024,46,3,2,1,14/10/2015,4,1899-12-30 08:00:00,533,E10000016,5,220,6,30,0,-1,-1,0,0,0,1,8,2,0,0,2,2,E01024245,,,,,,,,,,,,,,
7415,2015950000087,1,9,0,7,0,8,0,0,0,0,1,1,2,2,18,4,-1,-1,-1,-1,2,-1,2,2,305705.0,667224.0,-3.509189,55.888887,95,3,2,2,42248,6,1899-12-30 21:16:00,940,S12000040,4,7015,6,30,9,4,6,0,0,8,4,5,2,0,0,1,1,,1.0,1.0,2.0,18.0,4.0,3.0,0.0,0.0,0.0,0.0,0.0,9.0,2.0,-1.0
7416,201501MM71138,2,1,0,15,0,0,0,0,0,0,3,1,6,1,25,5,-1,-1,-1,-1,1,-1,1,2,533190.0,179210.0,-0.082718,51.496149,1,3,2,1,13/10/2015,3,1899-12-30 08:10:00,8,E09000028,3,100,6,30,0,-1,-1,0,0,0,4,1,1,0,0,1,1,E01003979,1.0,1.0,1.0,25.0,5.0,3.0,0.0,0.0,0.0,0.0,0.0,1.0,1.0,8.0
7417,2015160D06441,1,9,0,18,0,1,0,0,0,0,1,1,3,2,40,7,2400,2,1,-1,1,-1,1,1,511177.0,431233.0,-0.314842,53.76559,16,3,1,1,22/10/2015,5,1899-12-30 16:50:00,228,E06000010,6,0,6,30,3,4,6,0,0,0,1,1,1,0,0,1,1,E01012818,1.0,3.0,1.0,12.0,3.0,3.0,5.0,2.0,0.0,0.0,0.0,0.0,1.0,5.0
7418,201563AC06315,1,9,0,18,0,0,0,0,0,0,4,1,6,2,49,8,-1,-1,-1,-1,1,-1,1,1,250100.0,199740.0,-4.169378,51.676369,63,3,1,1,14/03/2015,7,1899-12-30 20:15:00,751,W06000010,6,0,6,30,0,-1,-1,0,0,0,5,1,1,0,0,1,1,W01000660,1.0,3.0,1.0,69.0,10.0,3.0,5.0,9.0,0.0,0.0,0.0,0.0,1.0,-1.0
7419,2015051502962,1,9,0,18,0,0,0,0,0,0,4,1,6,2,69,10,1198,1,1,-1,1,-1,1,1,337895.0,392387.0,-2.936061,53.424603,5,3,1,1,42015,1,1899-12-30 14:15:00,91,E08000012,6,0,2,30,0,-1,-1,0,0,0,1,1,1,0,0,1,2,E01006764,1.0,3.0,1.0,44.0,7.0,3.0,5.0,3.0,0.0,0.0,0.0,0.0,1.0,1.0
7420,2015610070215,1,9,0,18,0,4,0,0,0,0,3,1,6,2,20,4,-1,-1,-1,-1,1,-1,2,4,335950.0,189597.0,-2.926176,51.601554,61,3,4,2,31/07/2015,6,1899-12-30 15:50:00,733,W06000022,3,4,1,40,1,2,3,4,0,5,1,1,1,0,0,2,1,W01001664,2.0,2.0,1.0,20.0,4.0,3.0,0.0,0.0,1.0,0.0,0.0,9.0,1.0,-1.0
7421,2015440245887,1,9,0,9,0,8,0,0,0,0,1,1,6,2,22,5,1598,2,1,-1,1,-1,2,3,482126.0,159870.0,-0.822577,51.332005,44,3,3,2,17/07/2015,6,1899-12-30 17:25:00,494,E10000014,6,0,6,30,2,4,6,0,0,0,1,1,1,0,0,1,1,E01022891,,,,,,,,,,,,,,
7422,201501YR90586,1,9,0,3,0,2,0,0,0,0,2,1,6,2,18,4,998,1,5,-1,1,-1,1,2,530870.0,190800.0,-0.111812,51.600845,1,3,2,1,25/07/2015,7,1899-12-30 16:35:00,31,E09000014,3,105,6,30,3,4,3,105,0,4,1,1,1,0,0,1,2,E01001971,1.0,1.0,2.0,18.0,4.0,3.0,0.0,0.0,0.0,0.0,0.0,9.0,1.0,2.0
7423,20154100J0440,2,9,0,4,0,0,0,0,0,0,2,1,6,1,39,7,1896,2,11,-1,1,-1,1,2,513910.0,197024.0,-0.354551,51.660465,41,3,2,1,26/07/2015,1,1899-12-30 01:35:00,33,E10000015,3,41,6,60,0,-1,-1,0,0,0,4,1,1,0,0,2,1,E01023555,1.0,2.0,1.0,35.0,6.0,3.0,0.0,0.0,1.0,0.0,0.0,9.0,1.0,3.0
7424,201504WB15386,2,9,0,2,0,1,0,0,0,0,3,1,6,3,-1,-1,1590,1,11,-1,-1,-1,2,2,348950.0,445760.0,-2.778511,53.905472,4,3,2,2,27/10/2015,3,1899-12-30 15:23:00,85,E10000017,6,0,6,30,3,4,6,0,0,0,1,1,1,0,0,2,1,E01025560,,,,,,,,,,,,,,
7425,201501SX20213,1,9,0,4,0,2,0,0,0,0,1,1,6,2,32,6,2143,2,-1,-1,1,-1,3,3,523450.0,187790.0,-0.219947,51.575467,1,3,3,3,13/03/2015,6,1899-12-30 19:20:00,30,E09000003,3,406,3,40,5,4,3,406,0,0,1,1,1,0,0,1,1,E01000221,1.0,1.0,2.0,32.0,6.0,3.0,0.0,0.0,0.0,0.0,0.0,9.0,1.0,10.0
7426,201501SX20272,2,9,0,7,0,6,0,0,0,0,3,1,6,2,56,9,1870,2,10,-1,1,-1,1,2,525870.0,196580.0,-0.181889,51.653926,1,3,2,1,26/03/2015,5,1899-12-30 10:00:00,30,E09000003,6,0,6,30,8,4,6,0,0,0,1,1,1,0,0,1,2,E01000247,,,,,,,,,,,,,,
7427,20154100K0595,1,9,0,5,9,6,0,0,0,0,1,1,6,1,40,7,1299,1,10,-1,1,-1,1,2,536678.0,206620.0,-0.02182,51.741623,41,3,2,1,24/11/2015,3,1899-12-30 05:20:00,430,E10000015,3,1170,6,30,2,4,6,338,0,4,4,2,2,0,0,1,2,E01023292,,,,,,,,,,,,,,
7428,201501QK50780,2,9,0,5,0,1,0,0,0,0,1,1,6,1,58,9,3498,1,9,-1,1,-1,2,2,520770.0,186330.0,-0.259102,51.562926,1,3,2,2,19/09/2015,7,1899-12-30 17:30:00,28,E09000005,3,4088,2,30,3,4,6,0,0,4,1,1,1,0,0,1,1,E01000627,,,,,,,,,,,,,,
7429,201501PL60745,1,9,0,18,0,8,1,0,0,0,1,1,6,2,48,8,1242,1,6,-1,1,-1,1,2,537820.0,171530.0,-0.019053,51.426027,1,3,2,1,42256,4,1899-12-30 08:27:00,7,E09000023,3,2218,6,30,6,4,3,2218,0,0,1,2,2,0,0,1,1,E01003192,,,,,,,,,,,,,,
7430,20151321Q0865,1,9,0,18,0,1,0,0,0,0,3,1,6,1,61,9,1997,2,7,-1,1,-1,2,2,415878.0,416793.0,-1.761278,53.647405,13,3,2,2,26/01/2015,2,1899-12-30 15:00:00,203,E08000034,6,0,6,30,6,4,6,0,0,0,1,1,1,0,0,1,1,E01011096,2.0,2.0,2.0,68.0,10.0,3.0,0.0,0.0,1.0,0.0,0.0,9.0,1.0,1.0
7431,201501HT21058,1,19,0,18,0,8,0,0,0,0,1,1,6,1,27,6,1560,2,1,-1,1,-1,1,2,534680.0,181310.0,-0.060465,51.514668,1,3,2,1,15/11/2015,1,1899-12-30 13:30:00,5,E09000030,3,13,6,30,6,4,6,0,0,0,1,1,1,0,0,1,1,E01004304,,,,,,,,,,,,,,
7432,201542I251708,2,9,0,18,0,0,0,0,1,0,1,1,4,1,23,5,3628,2,8,-1,1,-1,2,2,575594.0,188983.0,0.532441,51.572369,42,3,2,2,42316,3,1899-12-30 12:10:00,450,E10000012,6,0,6,30,0,-1,-1,0,0,0,1,1,1,0,0,1,1,E01021313,2.0,1.0,1.0,23.0,5.0,3.0,0.0,0.0,0.0,0.0,0.0,9.0,1.0,4.0
7433,2015360088817,2,1,0,18,0,8,0,0,0,0,1,1,6,1,53,8,-1,-1,-1,-1,2,-1,1,2,652499.0,299882.0,1.721984,52.538205,36,3,2,1,42311,4,1899-12-30 13:49:00,402,E10000020,5,600,6,30,3,4,5,600,0,0,1,1,1,0,0,2,1,E01026588,1.0,1.0,1.0,53.0,8.0,3.0,0.0,0.0,0.0,0.0,0.0,1.0,2.0,7.0
7434,201531A273115,2,9,0,3,0,0,0,0,0,0,2,1,6,1,64,9,1995,2,15,-1,2,-1,1,2,456667.0,367873.0,-1.153066,53.204916,31,3,2,1,25/11/2015,4,1899-12-30 15:00:00,344,E10000024,6,0,2,30,0,-1,-1,0,0,0,1,1,1,0,0,2,2,E01028223,1.0,1.0,1.0,64.0,9.0,3.0,0.0,0.0,0.0,0.0,0.0,9.0,2.0,2.0
7435,2015160A01431,1,9,0,5,0,6,0,0,0,0,0,1,6,3,-1,-1,-1,-1,-1,-1,-1,-1,1,2,527650.0,409349.0,-0.074067,53.565233,16,3,2,1,42282,1,1899-12-30 16:15:00,233,E06000012,6,0,6,30,6,3,6,0,0,0,1,1,1,0,0,1,1,E01013159,,,,,,,,,,,,,,
7436,201501HT20603,2,21,1,4,0,1,0,0,0,0,2,1,1,1,35,6,4485,2,1,-1,-1,-1,1,2,535970.0,180880.0,-0.042052,51.510495,1,3,2,1,42070,6,1899-12-30 13:15:00,5,E09000030,3,1203,3,30,3,2,4,145,0,5,1,1,1,0,0,1,1,E01032769,,,,,,,,,,,,,,
7437,20151328A0871,1,9,0,16,0,0,0,0,0,0,3,1,6,3,-1,-1,1984,1,7,-1,-1,-1,1,2,414391.0,438548.0,-1.782768,53.842981,13,3,2,1,42285,2,1899-12-30 15:04:00,200,E08000032,6,0,6,30,0,-1,-1,0,0,0,1,1,2,0,0,1,1,E01010583,,,,,,,,,,,,,,
7438,2015100107315,1,9,0,4,0,1,0,0,0,0,1,1,2,1,52,8,1560,2,3,-1,-1,-1,1,2,426556.0,570107.0,-1.586147,55.024795,10,3,2,1,21/02/2015,7,1899-12-30 16:30:00,148,E08000022,3,188,3,50,1,4,3,189,0,0,1,4,1,0,0,2,2,E01008514,,,,,,,,,,,,,,
7439,201501YR90198,2,9,0,5,0,1,0,0,0,0,4,1,6,1,39,7,1910,2,8,-1,1,-1,1,2,531890.0,190620.0,-0.097161,51.598989,1,3,2,1,22/02/2015,1,1899-12-30 18:50:00,31,E09000014,3,109,6,30,8,4,6,0,0,0,4,2,2,0,0,1,1,E01002100,,,,,,,,,,,,,,
7440,2015950001633,2,9,0,9,0,8,0,0,0,0,1,1,1,2,27,6,1199,1,14,-1,1,-1,1,2,305731.0,671105.0,-3.510128,55.92375,95,3,2,1,42098,7,1899-12-30 07:24:00,940,S12000040,3,89,6,50,6,2,4,8046,0,0,1,1,1,0,0,2,1,,1.0,1.0,2.0,27.0,6.0,3.0,0.0,0.0,0.0,0.0,0.0,9.0,1.0,-1.0
7441,201511NI12845,1,9,0,18,0,0,1,0,0,0,1,1,6,2,19,4,998,1,8,-1,2,-1,2,3,413240.0,555601.0,-1.795096,54.894971,11,3,3,2,24/06/2015,4,1899-12-30 17:20:00,169,E06000047,4,6310,6,60,0,-1,-1,0,0,0,1,1,2,0,3,2,1,E01020655,,,,,,,,,,,,,,
7442,2015051500532,2,9,0,18,0,0,0,0,0,0,1,1,1,1,62,9,1956,2,4,-1,1,-1,1,2,332154.0,384584.0,-3.020761,53.353768,5,3,2,1,18/02/2015,4,1899-12-30 16:03:00,95,E08000015,6,0,6,30,0,-1,-1,0,0,0,1,1,1,0,0,1,1,E01007117,1.0,1.0,1.0,62.0,9.0,3.0,0.0,0.0,0.0,0.0,0.0,9.0,1.0,4.0
7443,201501XD80132,2,2,0,18,0,8,0,0,0,0,3,1,6,1,53,8,124,1,10,-1,1,-1,1,2,515810.0,179600.0,-0.332836,51.503479,1,3,2,1,20/01/2015,3,1899-12-30 08:55:00,27,E09000009,3,3002,6,30,3,4,6,0,0,0,1,1,1,0,0,1,1,E01001248,1.0,1.0,1.0,53.0,8.0,3.0,0.0,0.0,0.0,0.0,0.0,2.0,1.0,6.0
7444,2015530035432,1,9,0,9,0,5,0,0,0,0,1,1,6,1,35,6,1769,1,10,-1,3,-1,2,2,387122.0,220928.0,-2.188517,51.886758,53,3,2,2,42320,6,1899-12-30 19:45:00,625,E10000013,4,4063,6,30,8,-1,-1,-1,0,0,4,1,2,0,0,1,1,E01022428,1.0,1.0,1.0,35.0,6.0,3.0,0.0,0.0,0.0,0.0,0.0,9.0,3.0,8.0
7445,2015941500778,1,9,0,7,0,2,1,0,0,0,1,1,6,2,30,6,1599,1,9,-1,1,-1,1,2,327477.0,691471.0,-3.167736,56.110469,94,3,2,1,42134,2,1899-12-30 15:40:00,925,S12000015,6,0,6,30,3,2,4,925,0,5,1,1,2,0,0,1,1,,1.0,1.0,2.0,30.0,6.0,3.0,0.0,0.0,0.0,0.0,0.0,9.0,1.0,-1.0
7446,20151321R0137,1,9,0,18,0,8,5,11,0,0,0,1,2,1,40,7,-1,-1,-1,-1,-1,-1,2,1,418027.0,431183.0,-1.727937,53.776673,13,3,1,2,27/01/2015,3,1899-12-30 05:32:00,200,E08000032,3,650,3,40,5,4,6,0,0,0,4,1,2,5,2,1,1,E01010615,2.0,2.0,1.0,29.0,6.0,3.0,0.0,0.0,1.0,0.0,0.0,9.0,-1.0,-1.0
7447,2015405CA0766,1,9,0,11,0,0,0,0,0,0,4,1,6,2,59,9,1364,1,8,-1,1,-1,6,3,506664.0,221215.0,-0.451847,51.879309,40,3,3,6,42101,7,1899-12-30 20:30:00,424,E06000056,1,1,3,70,0,-1,-1,0,0,0,1,1,1,0,0,2,1,E01017562,5.0,2.0,2.0,52.0,8.0,3.0,0.0,0.0,2.0,0.0,0.0,9.0,3.0,-1.0
7448,20151328A1253,2,9,0,18,0,1,0,0,0,0,0,1,6,1,29,6,1968,2,5,-1,1,-1,1,2,431057.0,430936.0,-1.530249,53.773842,13,3,2,1,42285,2,1899-12-30 18:27:00,204,E08000035,6,0,6,30,3,4,6,0,0,0,1,1,1,0,0,1,1,E01011468,,,,,,,,,,,,,,
7449,201501MM70185,2,21,0,18,0,8,0,0,0,0,1,1,1,1,-1,-1,-1,-1,-1,-1,-1,-1,1,2,531440.0,179300.0,-0.107879,51.497367,1,3,2,1,15/01/2015,5,1899-12-30 07:10:00,8,E09000028,3,302,6,30,6,2,3,3203,0,5,1,1,1,0,0,1,2,E01003933,,,,,,,,,,,,,,
7450,2015471502709,1,19,0,18,0,3,0,0,0,0,2,1,1,2,48,8,2148,2,7,-1,1,-1,1,2,524172.0,134680.0,-0.228034,51.09799,47,3,2,1,16/05/2015,7,1899-12-30 16:55:00,560,E10000032,3,2220,1,60,1,4,3,264,0,0,1,1,1,0,0,2,1,E01031547,,,,,,,,,,,,,,
7451,2015300014280,1,9,0,3,0,0,0,0,0,0,2,1,2,2,31,6,1598,1,9,-1,3,-1,3,4,437440.0,332890.0,-1.444957,52.892163,30,3,4,3,42222,2,1899-12-30 07:40:00,323,E06000015,3,5111,3,40,0,-1,-1,0,0,4,1,1,1,0,3,1,1,E01013472,1.0,1.0,2.0,31.0,6.0,3.0,0.0,0.0,0.0,0.0,0.0,9.0,3.0,7.0
7452,2015471501252,1,9,0,9,0,8,0,0,0,0,3,1,2,2,37,7,1796,1,11,-1,1,-1,1,2,528457.0,105350.0,-0.177219,50.833437,47,3,2,1,42038,2,1899-12-30 19:23:00,565,E06000043,3,2023,6,30,6,4,4,2,0,0,4,1,1,0,0,1,1,E01016873,,,,,,,,,,,,,,
7453,201501RY10471,1,8,0,5,0,8,0,10,1,1,4,1,6,1,50,8,-1,-1,-1,-1,1,-1,2,1,550030.0,177080.0,0.158793,51.472797,1,3,1,2,42106,6,1899-12-30 09:14:00,18,E09000004,5,0,1,30,2,4,5,0,0,0,1,1,1,0,0,1,1,E01000441,1.0,2.0,2.0,21.0,5.0,3.0,0.0,0.0,2.0,0.0,0.0,8.0,-1.0,-1.0
7454,2015075289917,1,9,0,9,0,6,0,0,0,0,1,1,6,2,79,11,1598,1,10,-1,2,-1,1,2,373870.0,361585.0,-2.392165,53.150755,7,3,2,1,28/09/2015,2,1899-12-30 12:50:00,129,E06000049,3,533,6,40,3,4,4,5079,0,0,1,1,1,0,0,1,2,E01018440,,,,,,,,,,,,,,
7455,201550JN2M012,1,9,0,18,0,4,0,0,0,0,1,1,2,2,41,7,1796,1,7,-1,1,-1,1,2,286337.0,71793.0,-3.6052,50.534834,50,3,2,1,42069,4,1899-12-30 08:10:00,585,E10000008,3,383,1,30,1,4,6,0,0,0,1,1,1,0,0,1,1,E01020217,,,,,,,,,,,,,,
7456,201543R096025,1,9,0,16,0,0,2,0,1,0,1,1,6,1,42,7,-1,-1,-1,-1,3,-1,1,1,483482.0,182912.0,-0.797693,51.538946,43,3,1,1,14/02/2015,7,1899-12-30 01:15:00,474,E06000040,3,4130,6,40,0,-1,-1,0,0,0,6,2,2,0,0,2,1,E01016579,1.0,1.0,1.0,42.0,7.0,3.0,0.0,0.0,0.0,0.0,0.0,9.0,3.0,7.0
7457,201504SA15617,2,9,0,10,0,1,0,0,0,0,3,1,6,2,46,8,1199,1,12,-1,1,-1,2,2,352580.0,431400.0,-2.721043,53.776762,4,3,2,2,27/12/2015,1,1899-12-30 13:05:00,79,E10000017,6,0,6,20,3,4,6,0,0,0,1,1,1,0,0,1,1,E01025239,2.0,2.0,1.0,50.0,8.0,3.0,0.0,0.0,1.0,0.0,0.0,9.0,1.0,3.0
7458,201501EO40509,2,20,0,18,0,1,0,0,0,0,1,1,6,1,-1,-1,12740,2,2,-1,-1,-1,1,2,530410.0,183000.0,-0.121341,51.530856,1,3,2,1,25/06/2015,5,1899-12-30 14:00:00,2,E09000007,3,501,6,30,6,2,3,5203,0,5,1,1,1,0,0,1,2,E01002711,,,,,,,,,,,,,,
7459,2015440040473,3,19,0,4,0,1,0,0,0,0,2,1,6,1,31,6,1598,2,3,-1,1,-1,2,3,425716.0,111690.0,-1.635651,50.904115,44,3,3,2,42096,4,1899-12-30 15:25:00,496,E10000014,3,31,3,70,6,4,6,0,0,0,1,1,1,0,0,2,1,E01022993,2.0,1.0,1.0,31.0,6.0,3.0,0.0,0.0,0.0,0.0,0.0,19.0,1.0,9.0
7460,2015621501439,3,9,0,4,0,0,0,0,0,0,1,1,1,1,45,7,-1,-1,-1,-1,2,-1,2,3,306694.0,201922.0,-3.351772,51.708248,62,3,3,2,14/08/2015,6,1899-12-30 01:10:00,742,W06000024,3,470,3,70,0,-1,-1,0,0,0,1,1,1,0,0,1,1,W01001313,3.0,1.0,1.0,45.0,7.0,3.0,0.0,0.0,0.0,0.0,0.0,9.0,2.0,-1.0
7461,201511SJ06025,1,11,0,2,2,0,0,0,0,0,0,1,1,1,33,6,5883,2,15,-1,2,-1,1,1,429019.0,514489.0,-1.553162,54.524863,11,3,1,1,30/03/2015,2,1899-12-30 14:00:00,161,E06000005,6,0,6,30,0,-1,-1,0,0,0,1,1,1,0,0,1,2,E01033484,1.0,2.0,1.0,67.0,10.0,3.0,0.0,0.0,0.0,2.0,0.0,11.0,1.0,1.0
7462,201542I086103,1,9,0,18,0,0,0,0,0,0,1,1,6,1,32,6,1796,1,15,-1,2,-1,2,2,589340.0,223367.0,0.74924,51.876721,42,3,2,2,14/03/2015,7,1899-12-30 18:15:00,455,E10000012,3,120,6,60,0,-1,-1,0,0,0,6,1,1,0,0,2,1,E01021677,1.0,2.0,1.0,7.0,2.0,3.0,0.0,0.0,1.0,0.0,0.0,9.0,-1.0,-1.0
7463,2015521505057,1,90,0,18,0,1,0,0,0,0,1,1,1,1,39,7,-1,-1,-1,-1,1,-1,1,2,376144.0,166312.0,-2.344277,51.395337,52,3,2,1,21/07/2015,3,1899-12-30 22:40:00,611,E06000022,3,4,6,30,9,4,6,0,0,8,7,1,1,0,0,1,1,E01014411,,,,,,,,,,,,,,
7464,201523N035138,2,9,0,2,0,0,0,0,0,0,4,1,6,2,37,7,1997,2,9,-1,3,-1,1,2,443466.0,279283.0,-1.362441,52.409831,23,3,2,1,28/01/2015,4,1899-12-30 17:25:00,292,E10000031,6,0,6,30,0,-1,-1,0,0,0,4,1,1,0,0,2,2,E01031160,,,,,,,,,,,,,,
7465,201520M013445,1,9,0,6,0,0,0,0,0,0,3,1,6,1,54,8,-1,-1,-1,-1,1,-1,1,2,435260.0,279590.0,-1.483038,52.413179,20,3,2,1,42013,3,1899-12-30 16:04:00,302,E08000026,6,0,6,30,0,-1,-1,0,0,0,1,1,1,0,0,1,1,E01009659,,,,,,,,,,,,,,
7466,2015621500511,1,9,0,9,0,1,0,0,0,0,4,1,3,2,38,7,-1,-1,-1,-1,1,-1,2,2,305441.0,205042.0,-3.370749,51.736082,62,3,2,2,19/03/2015,5,1899-12-30 08:27:00,742,W06000024,3,4054,6,30,3,4,6,0,0,0,1,1,1,0,0,1,1,W01001318,1.0,1.0,2.0,38.0,7.0,3.0,0.0,0.0,0.0,0.0,0.0,9.0,1.0,-1.0
7467,201520T025185,1,9,0,18,0,1,0,0,0,0,1,1,6,1,52,8,1796,1,11,-1,1,-1,1,2,411030.0,285130.0,-1.83908,52.464004,20,3,2,1,42342,1,1899-12-30 16:28:00,300,E08000025,3,45,3,40,1,4,3,45,0,4,1,1,1,0,0,1,1,E01009335,,,,,,,,,,,,,,
7468,201501TX20701,1,19,0,9,0,8,0,0,0,0,4,1,2,1,49,8,2402,2,4,-1,1,-1,1,2,510800.0,178870.0,-0.405217,51.497921,1,3,2,1,21/09/2015,2,1899-12-30 08:01:00,25,E09000018,6,0,6,30,3,4,5,0,0,0,1,1,1,0,0,1,1,E01002637,,,,,,,,,,,,,,
7469,201501PL60411,1,9,0,18,0,0,0,0,0,0,3,1,6,1,56,9,1560,2,-1,-1,1,-1,1,1,539030.0,175640.0,-4.7e-05,51.462665,1,3,1,1,20/05/2015,4,1899-12-30 15:35:00,7,E09000023,4,220,6,30,0,-1,-1,0,0,0,1,1,1,0,0,1,1,E01003199,1.0,3.0,2.0,16.0,4.0,3.0,5.0,3.0,0.0,0.0,2.0,0.0,1.0,6.0
7470,2015360092134,2,19,0,17,0,0,0,0,0,0,3,1,1,1,51,8,2402,2,11,-1,2,-1,2,2,611892.0,310926.0,1.131311,52.654642,36,3,2,2,17/07/2015,6,1899-12-30 07:30:00,401,E10000020,5,174,6,60,0,-1,-1,0,0,0,1,1,2,7,0,2,1,E01026524,2.0,2.0,1.0,38.0,7.0,3.0,0.0,0.0,0.0,0.0,0.0,19.0,1.0,5.0