,accident_index,vehicle_reference,vehicle_type,towing_and_articulation,vehicle_manoeuvre,vehicle_location-restricted_lane,junction_location,skidding_and_overturning,hit_object_in_carriageway,vehicle_leaving_carriageway,hit_object_off_carriageway,1st_point_of_impact,was_vehicle_left_hand_drive?,journey_purpose_of_driver,sex_of_driver,age_of_driver,age_band_of_driver,engine_capacity_(cc),propulsion_code,age_of_vehicle,driver_imd_decile,driver_home_area_type,vehicle_imd_decile,NUmber_of_Casualities_unique_to_accident_index,No_of_Vehicles_involved_unique_to_accident_index,location_easting_osgr,location_northing_osgr,longitude,latitude,police_force,accident_severity,number_of_vehicles,number_of_casualties,date,day_of_week,time,local_authority_(district),local_authority_(highway),1st_road_class,1st_road_number,road_type,speed_limit,junction_detail,junction_control,2nd_road_class,2nd_road_number,pedestrian_crossing-human_control,pedestrian_crossing-physical_facilities,light_conditions,weather_conditions,road_surface_conditions,special_conditions_at_site,carriageway_hazards,urban_or_rural_area,did_police_officer_attend_scene_of_accident,lsoa_of_accident_location,casualty_reference,casualty_class,sex_of_casualty,age_of_casualty,age_band_of_casualty,casualty_severity,pedestrian_location,pedestrian_movement,car_passenger,bus_or_coach_passenger,pedestrian_road_maintenance_worker,casualty_type,casualty_home_area_type,casualty_imd_decile
7539,2015051501246,2,9,0,18,0,8,0,0,0,0,3,1,6,1,31,6,2993,2,9,-1,1,-1,1,3,335690.0,389486.0,-2.968645,53.398266,5,3,3,1,42282,1,1899-12-30 23:45:00,91,E08000012,6,0,6,30,6,2,3,5039,0,5,4,1,1,0,0,1,1,E01006514,1.0,1.0,1.0,31.0,6.0,3.0,0.0,0.0,0.0,0.0,0.0,9.0,1.0,1.0
7540,201501PL60148,1,21,0,4,0,2,0,0,0,0,2,1,1,1,33,6,7201,2,6,-1,1,-1,1,2,536120.0,176890.0,-0.041429,51.474604,1,3,2,1,17/02/2015,3,1899-12-30 11:30:00,7,E09000023,3,2,6,30,3,4,6,0,0,4,1,1,2,0,0,1,1,E01003340,,,,,,,,,,,,,,
7541,201501TX20913,1,9,0,9,0,8,0,0,0,0,1,1,2,2,62,9,1796,2,3,-1,1,-1,1,2,512070.0,175000.0,-0.388156,51.462888,1,3,2,1,42106,6,1899-12-30 14:25:00,25,E09000018,3,315,6,30,3,4,6,0,0,8,1,1,1,0,0,1,1,E01002650,,,,,,,,,,,,,,
7542,201597AC70209,3,9,0,18,0,0,0,0,0,0,2,1,6,1,66,10,1686,2,4,-1,1,-1,2,3,257965.0,665849.0,-4.271187,55.864826,97,3,3,2,42256,4,1899-12-30 17:05:00,926,S12000043,1,8,3,50,0,-1,-1,0,0,0,1,1,1,0,0,1,1,,,,,,,,,,,,,,,
7543,201504EF15005,1,19,0,7,0,6,0,0,0,0,1,1,6,1,28,6,2402,2,9,-1,1,-1,1,2,384560.0,433980.0,-2.23591,53.801888,4,3,2,1,42217,5,1899-12-30 22:30:00,72,E10000017,3,682,6,30,3,4,6,0,0,0,4,2,2,4,0,1,1,E01024876,,,,,,,,,,,,,,
7544,2015471500436,2,9,0,7,0,4,0,0,0,0,3,1,6,2,39,7,998,1,5,-1,2,-1,1,2,560342.0,104846.0,0.275,50.820962,47,3,2,1,21/01/2015,4,1899-12-30 18:30:00,556,E10000011,3,22,1,60,1,4,3,27,0,0,4,1,2,0,0,2,1,E01021208,1.0,1.0,2.0,39.0,7.0,3.0,0.0,0.0,0.0,0.0,0.0,9.0,2.0,9.0
7545,201520W007365,2,9,0,2,0,0,0,0,0,0,2,1,6,1,54,8,1762,1,15,-1,1,-1,2,2,405630.0,288920.0,-1.918498,52.498157,20,3,2,2,42125,2,1899-12-30 12:50:00,300,E08000025,3,41,3,30,0,-1,-1,0,0,0,1,1,1,0,0,1,2,E01009358,2.0,2.0,2.0,38.0,7.0,3.0,0.0,0.0,2.0,0.0,0.0,9.0,1.0,1.0
7546,2015450027677,2,9,0,18,0,0,0,0,0,0,2,1,6,1,30,6,2495,2,20,-1,1,-1,1,2,485163.0,147216.0,-0.782006,51.217802,45,3,2,1,42163,5,1899-12-30 09:18:00,517,E10000030,3,31,3,50,0,-1,-1,0,0,0,1,1,1,0,0,2,1,E01030893,1.0,1.0,1.0,30.0,6.0,3.0,0.0,0.0,0.0,0.0,0.0,9.0,1.0,4.0
7547,2015120176444,2,11,0,2,0,0,0,0,0,0,0,1,6,3,-1,-1,-1,-1,-1,-1,-1,-1,1,2,440049.0,450048.0,-1.391333,53.944996,12,3,2,1,42134,2,1899-12-30 16:10:00,182,E10000023,4,6164,6,30,0,-1,-1,0,0,0,1,1,1,0,0,2,1,E01027703,,,,,,,,,,,,,,
7548,20154100B0331,2,9,0,3,0,1,0,0,3,0,2,1,6,2,54,8,3311,8,10,-1,1,-1,1,2,525256.0,213776.0,-0.184579,51.808597,41,3,2,1,18/04/2015,7,1899-12-30 11:25:00,438,E10000015,4,1000,6,60,1,4,3,1000,0,0,1,1,1,0,0,2,1,E01023912,1.0,1.0,2.0,54.0,8.0,3.0,0.0,0.0,0.0,0.0,0.0,9.0,1.0,5.0
7549,2015300013770,2,19,0,16,0,0,0,0,1,0,1,1,1,1,45,7,1560,2,1,-1,2,-1,2,2,444430.0,377310.0,-1.334944,53.290899,30,3,2,2,42313,2,1899-12-30 07:36:00,327,E10000007,4,6419,6,40,0,-1,-1,0,0,0,1,1,1,0,0,2,1,E01019815,2.0,1.0,1.0,45.0,7.0,3.0,0.0,0.0,0.0,0.0,0.0,19.0,2.0,7.0
7550,20151328S0598,2,19,0,2,0,0,0,0,0,0,2,1,6,1,64,9,-1,-1,-1,-1,-1,-1,1,2,415333.0,426963.0,-1.769023,53.738829,13,3,2,1,28/08/2015,6,1899-12-30 12:34:00,200,E08000032,4,6379,6,30,0,-1,-1,0,0,0,1,1,1,0,2,1,1,E01010871,,,,,,,,,,,,,,
7551,2015460251961,1,19,0,18,0,0,0,0,0,0,4,1,1,1,37,7,1598,2,1,-1,1,-1,1,1,576653.0,167244.0,0.536846,51.376764,46,3,1,1,42339,2,1899-12-30 20:00:00,544,E06000035,6,0,6,30,0,-1,-1,0,0,1,4,1,1,0,0,1,2,E01016069,1.0,3.0,1.0,-1.0,-1.0,3.0,4.0,1.0,0.0,0.0,0.0,0.0,-1.0,-1.0
7552,201534WN27325,1,9,0,18,0,0,0,0,0,0,1,1,6,1,21,5,-1,-1,-1,-1,1,-1,1,2,476410.0,256495.0,-0.883381,52.201399,34,3,2,1,22/10/2015,5,1899-12-30 19:30:00,384,E10000021,6,8121,6,30,0,-1,-1,0,0,0,4,1,1,0,0,1,1,E01027204,1.0,2.0,2.0,16.0,4.0,3.0,0.0,0.0,1.0,0.0,0.0,9.0,1.0,7.0
7553,201560S019145,1,9,0,18,0,2,1,0,1,4,1,1,6,1,38,7,-1,-1,-1,-1,-1,-1,1,1,279322.0,380843.0,-3.812726,53.310731,60,3,1,1,42249,2,1899-12-30 16:59:00,721,W06000003,3,470,6,40,1,4,4,5115,0,0,1,2,2,0,0,2,1,W01000133,1.0,1.0,1.0,38.0,7.0,3.0,0.0,0.0,0.0,0.0,0.0,9.0,-1.0,-1.0
7554,201534NW14425,1,9,0,16,0,8,0,0,7,10,1,1,6,1,22,5,1587,1,13,-1,2,-1,1,1,490781.0,263003.0,-0.671415,52.257716,34,3,1,1,42191,1,1899-12-30 19:15:00,386,E10000021,5,25,6,30,3,4,6,9201,0,0,1,1,1,0,0,2,1,E01027355,1.0,1.0,1.0,22.0,5.0,3.0,0.0,0.0,0.0,0.0,0.0,9.0,2.0,8.0
7555,2015132280505,1,9,0,18,0,0,0,0,0,0,1,1,6,1,67,10,1840,1,16,-1,3,-1,4,3,405465.0,423018.0,-1.918695,53.703566,13,3,3,4,42218,1,1899-12-30 10:34:00,202,E08000033,3,58,6,30,0,-1,-1,0,0,0,1,1,1,0,0,1,1,E01010959,,,,,,,,,,,,,,
7556,201501RG40705,1,9,0,18,0,1,0,0,0,0,1,1,6,3,-1,-1,-1,-1,-1,-1,-1,-1,1,1,543130.0,178930.0,0.060264,51.491207,1,3,1,1,20/11/2015,6,1899-12-30 16:50:00,6,E09000011,6,0,6,30,6,4,6,0,0,0,4,1,1,0,0,1,1,E01033737,1.0,3.0,1.0,42.0,7.0,3.0,10.0,9.0,0.0,0.0,2.0,0.0,1.0,2.0
7557,201543R108085,4,9,0,4,0,0,0,0,0,0,2,1,6,1,-1,-1,1984,1,15,-1,2,-1,1,5,495683.0,166689.0,-0.626207,51.391184,43,3,5,1,18/08/2015,3,1899-12-30 13:00:00,474,E06000040,4,383,6,30,0,-1,-1,0,0,0,1,1,1,0,0,1,1,E01016603,,,,,,,,,,,,,,
7558,2015450027337,1,9,0,18,0,0,0,0,0,0,1,1,6,1,64,9,2995,1,2,-1,1,-1,3,3,501870.0,143042.0,-0.544052,51.177549,45,3,3,3,30/07/2015,5,1899-12-30 16:00:00,517,E10000030,3,281,6,40,0,-1,-1,0,0,0,1,1,1,0,0,2,1,E01030864,,,,,,,,,,,,,,
7559,2015440298591,1,9,0,4,0,1,0,0,0,0,1,1,2,1,54,8,1799,1,7,-1,3,-1,1,3,452967.0,109012.0,-1.248515,50.878184,44,3,3,1,28/08/2015,6,1899-12-30 13:10:00,502,E10000014,6,0,6,30,1,4,6,0,0,0,1,1,1,0,0,2,1,E01032859,,,,,,,,,,,,,,
7560,2015331505031,2,1,0,18,0,0,0,0,0,0,0,1,6,1,62,9,-1,-1,-1,-1,-1,-1,1,2,459745.0,303765.0,-1.118762,52.628364,33,3,2,1,27/01/2015,3,1899-12-30 16:00:00,364,E06000016,6,433,6,30,0,-1,-1,0,0,0,1,1,1,0,0,1,1,E01013760,1.0,1.0,1.0,62.0,9.0,3.0,0.0,0.0,0.0,0.0,0.0,1.0,-1.0,-1.0
7561,201520L006315,2,9,0,18,0,2,0,4,0,0,3,1,1,2,49,8,1229,1,5,-1,1,-1,2,3,415900.0,279810.0,-1.767652,52.416058,20,3,3,2,25/09/2015,6,1899-12-30 08:10:00,306,E08000029,6,0,6,30,8,4,4,4102,0,0,1,1,1,0,0,1,1,E01010226,1.0,1.0,2.0,49.0,8.0,3.0,0.0,0.0,0.0,0.0,0.0,9.0,1.0,4.0
7562,2015075159675,2,9,0,3,0,1,0,0,0,0,2,1,6,2,50,8,1364,1,-1,-1,1,-1,1,3,390566.0,373645.0,-2.14288,53.259722,7,3,3,1,42130,6,1899-12-30 15:30:00,129,E06000049,3,537,6,30,3,2,6,0,0,5,1,1,1,0,0,1,2,E01018616,1.0,1.0,2.0,50.0,8.0,3.0,0.0,0.0,0.0,0.0,0.0,9.0,1.0,9.0
7563,2015520503738,1,9,0,9,0,5,0,0,0,0,3,1,6,1,18,4,1242,1,8,-1,3,-1,1,2,360129.0,136442.0,-2.571116,51.125862,52,3,2,1,42221,6,1899-12-30 16:35:00,606,E10000027,3,37,7,40,6,3,6,0,0,0,1,2,2,0,0,2,1,E01029077,,,,,,,,,,,,,,
7564,2015051501037,1,9,0,18,0,0,0,0,0,0,1,1,6,3,-1,-1,-1,-1,-1,-1,-1,-1,1,1,349889.0,395335.0,-2.756057,53.452377,5,3,1,1,18/04/2015,7,1899-12-30 15:40:00,92,E08000013,6,0,6,30,0,-1,-1,0,0,0,1,1,1,0,0,1,1,E01006834,1.0,3.0,1.0,51.0,8.0,3.0,5.0,3.0,0.0,0.0,0.0,0.0,1.0,1.0
7565,2015075270459,1,9,0,18,0,1,0,0,0,0,1,1,6,2,39,7,1149,1,2,-1,1,-1,1,2,359856.0,390285.0,-2.605335,53.407843,7,3,2,1,42317,6,1899-12-30 08:20:00,128,E06000007,6,0,6,30,6,4,6,0,0,0,1,1,1,0,0,1,2,E01012453,,,,,,,,,,,,,,
7566,2015100209715,1,9,0,18,0,1,5,10,3,7,1,1,6,1,35,6,1747,1,13,-1,2,-1,1,1,423660.0,571065.0,-1.631366,55.033549,10,3,1,1,42220,4,1899-12-30 23:19:00,147,E08000021,3,1,7,60,3,2,6,1583,0,0,4,1,1,0,0,2,1,E01008308,1.0,1.0,1.0,35.0,6.0,3.0,0.0,0.0,0.0,0.0,0.0,9.0,2.0,4.0
7567,201560S128925,3,9,0,3,0,2,0,0,0,0,2,1,6,2,64,9,-1,-1,-1,-1,-1,-1,1,3,333108.0,350546.0,-2.999288,53.047973,60,3,3,1,24/08/2015,2,1899-12-30 11:20:00,725,W06000006,3,541,6,30,7,2,3,5152,0,4,1,1,1,0,0,1,1,W01000372,,,,,,,,,,,,,,
7568,201531D139415,2,9,0,16,0,0,0,0,0,0,1,1,6,2,33,6,1995,2,7,-1,1,-1,3,3,458735.0,345797.0,-1.126139,53.006274,31,3,3,3,16/07/2015,5,1899-12-30 08:46:00,343,E10000024,6,0,6,30,0,-1,-1,0,0,0,1,1,1,0,0,1,1,E01028208,2.0,1.0,2.0,33.0,6.0,3.0,0.0,0.0,0.0,0.0,0.0,9.0,1.0,8.0
7569,2015075336633,2,1,0,18,9,8,0,0,0,0,4,1,4,1,15,3,-1,-1,-1,-1,1,-1,1,2,339413.0,376565.0,-2.910185,53.282579,7,3,2,1,42288,3,1899-12-30 08:00:00,130,E06000050,6,0,6,30,8,4,6,0,0,0,1,1,1,0,0,1,2,E01018525,1.0,1.0,1.0,15.0,3.0,3.0,0.0,0.0,0.0,0.0,0.0,1.0,1.0,1.0
7570,201531C119115,1,9,0,4,0,1,0,0,0,0,1,1,6,2,23,5,1968,2,-1,-1,1,-1,1,2,454947.0,334073.0,-1.184568,52.901296,31,3,2,1,23/06/2015,3,1899-12-30 15:26:00,346,E06000018,6,0,6,30,3,4,6,0,0,0,1,1,1,0,0,1,1,E01013904,,,,,,,,,,,,,,
7571,2015300016374,1,11,0,5,0,0,0,0,0,0,1,1,6,1,42,7,9000,2,6,-1,-1,-1,1,2,435160.0,334800.0,-1.478638,52.909486,30,3,2,1,22/10/2015,5,1899-12-30 16:55:00,323,E06000015,6,0,6,30,0,-1,-1,0,0,0,1,1,1,0,0,1,1,E01013484,,,,,,,,,,,,,,
7572,2015460252441,2,9,0,18,0,3,0,0,0,0,4,1,2,1,77,11,1995,2,2,-1,-1,-1,1,2,611850.0,165390.0,1.040768,51.348087,46,3,2,1,23/01/2015,6,1899-12-30 10:13:00,531,E10000016,3,2990,1,30,1,4,6,0,0,0,1,1,1,0,0,1,1,E01024062,,,,,,,,,,,,,,
7573,201501CW11878,2,19,0,18,0,8,0,0,0,0,1,1,6,1,-1,-1,-1,-1,-1,-1,-1,-1,2,2,526750.0,182550.0,-0.174238,51.527645,1,3,2,2,13/12/2015,1,1899-12-30 03:18:00,1,E09000033,3,5205,6,30,6,2,4,507,0,5,4,1,1,0,0,1,1,E01004728,,,,,,,,,,,,,,
7574,2015450025240,1,9,0,9,0,8,0,0,0,0,1,1,2,2,62,9,1388,1,11,-1,1,-1,1,1,525843.0,148742.0,-0.199268,51.224009,45,3,1,1,19/05/2015,3,1899-12-30 08:00:00,513,E10000030,3,217,6,30,6,2,5,223,0,5,1,1,1,0,0,1,1,E01030633,1.0,3.0,1.0,50.0,8.0,3.0,9.0,5.0,0.0,0.0,1.0,0.0,1.0,3.0
7575,2015051503304,2,9,0,18,0,2,0,0,0,0,4,1,6,1,53,8,1997,2,2,-1,1,-1,1,2,337068.0,397099.0,-2.949448,53.466852,5,3,2,1,42259,4,1899-12-30 19:35:00,91,E08000012,6,0,6,30,6,2,3,506,0,0,4,1,1,0,0,1,1,E01006652,1.0,2.0,2.0,52.0,8.0,3.0,0.0,0.0,1.0,0.0,0.0,9.0,1.0,3.0
7576,201543S108115,2,9,0,4,0,0,0,0,0,0,2,1,6,1,46,8,1799,1,7,-1,1,-1,2,2,483886.0,236808.0,-0.778861,52.023357,43,3,2,2,19/11/2015,5,1899-12-30 13:38:00,479,E06000042,5,129,6,60,0,-1,-1,0,0,0,1,1,2,0,0,1,1,E01016775,1.0,2.0,2.0,54.0,8.0,3.0,0.0,0.0,2.0,0.0,0.0,9.0,1.0,1.0
7577,2015450031731,2,9,0,3,0,6,0,0,0,0,2,1,6,2,55,8,1242,1,4,-1,1,-1,1,2,525387.0,150830.0,-0.205064,51.242875,45,3,2,1,30/10/2015,6,1899-12-30 13:00:00,513,E10000030,6,1207,6,30,3,4,3,217,0,0,1,1,1,0,0,1,1,E01030627,1.0,2.0,1.0,13.0,3.0,3.0,0.0,0.0,-1.0,0.0,0.0,9.0,1.0,6.0
7578,2015440056057,3,19,0,4,0,2,0,0,0,0,2,1,6,2,46,8,-1,-1,-1,-1,1,-1,1,3,479311.0,134324.0,-0.868616,51.102742,44,3,3,1,17/02/2015,3,1899-12-30 11:20:00,497,E10000014,3,325,6,30,3,4,6,0,0,0,1,1,1,0,0,1,1,E01032663,,,,,,,,,,,,,,
7579,2015621500860,1,9,0,9,0,8,0,0,0,0,1,1,6,1,70,10,-1,-1,-1,-1,1,-1,2,2,265904.0,195695.0,-3.939404,51.644019,62,3,2,2,19/05/2015,3,1899-12-30 09:46:00,745,W06000011,6,0,6,30,3,4,6,0,0,0,1,1,1,0,0,1,1,W01000788,,,,,,,,,,,,,,
7580,2015471506875,1,9,0,18,0,0,0,0,8,10,3,1,6,2,27,6,1400,1,17,-1,2,-1,3,1,562429.0,123092.0,0.312714,50.984322,47,3,1,3,20/11/2015,6,1899-12-30 21:59:00,556,E10000011,3,265,6,60,0,-1,-1,0,0,0,6,1,1,0,0,2,1,E01021189,1.0,1.0,2.0,27.0,6.0,3.0,0.0,0.0,0.0,0.0,0.0,9.0,2.0,6.0
7581,2015100592615,2,9,0,3,0,8,0,0,0,0,3,1,6,2,34,6,1598,2,1,-1,1,-1,1,2,434860.0,561700.0,-1.457282,54.948741,10,3,2,1,42073,7,1899-12-30 14:50:00,149,E08000023,6,3015,6,30,3,4,6,3015,0,0,1,1,1,0,0,1,2,E01008610,,,,,,,,,,,,,,
7582,201550EK2B009,3,9,0,3,0,0,0,0,0,0,2,1,6,2,80,11,-1,-1,-1,-1,1,-1,2,3,250318.0,54096.0,-4.106048,50.367678,50,3,3,2,42251,5,1899-12-30 13:10:00,583,E06000026,3,379,3,40,0,-1,-1,0,0,0,1,1,1,0,0,1,1,E01015135,1.0,1.0,2.0,80.0,11.0,3.0,0.0,0.0,0.0,0.0,0.0,9.0,1.0,3.0
7583,2015051503450,1,9,0,6,0,0,0,0,0,0,0,1,6,1,21,5,1349,1,4,-1,1,-1,4,2,343043.0,392487.0,-2.858619,53.426084,5,3,2,4,23/12/2015,4,1899-12-30 13:39:00,90,E08000011,4,5194,6,30,0,-1,-1,0,0,0,1,1,1,0,0,1,1,E01033228,,,,,,,,,,,,,,
7584,2015921501050,1,9,0,18,0,1,0,0,6,0,1,1,6,2,48,8,1968,2,3,-1,3,-1,1,2,389748.0,791380.0,-2.170448,57.013442,92,3,2,1,17/09/2015,5,1899-12-30 18:28:00,911,S12000034,3,90,3,70,3,4,6,0,0,0,1,2,2,0,0,2,1,,,,,,,,,,,,,,,
7585,2015120042534,1,9,0,13,0,0,5,0,1,0,1,1,6,1,20,4,-1,-1,-1,-1,1,-1,2,2,441726.0,453420.0,-1.365325,53.975169,12,3,2,2,15/03/2015,1,1899-12-30 15:05:00,182,E10000023,2,1,3,70,0,-1,-1,0,0,0,1,1,1,0,0,2,1,E01027703,1.0,1.0,1.0,20.0,4.0,3.0,0.0,0.0,0.0,0.0,0.0,9.0,1.0,7.0
7586,2015950002848,2,9,0,18,0,1,0,0,0,0,1,1,6,1,40,7,1910,2,11,-1,1,-1,3,2,333308.0,672902.0,-3.069372,55.944513,95,3,2,3,14/06/2015,1,1899-12-30 15:11:00,921,S12000010,6,0,6,30,3,4,6,0,0,0,1,1,1,0,0,1,1,,2.0,1.0,1.0,40.0,7.0,3.0,0.0,0.0,0.0,0.0,0.0,9.0,1.0,-1.0
7587,2015471506242,1,9,0,17,0,0,1,0,1,0,3,1,6,1,24,5,1242,1,14,-1,1,-1,2,1,488261.0,110618.0,-0.746573,50.888316,47,3,1,2,24/10/2015,7,1899-12-30 22:10:00,559,E10000032,6,0,6,60,0,-1,-1,0,0,0,6,1,1,0,0,2,1,E01031509,2.0,2.0,2.0,18.0,4.0,3.0,0.0,0.0,1.0,0.0,0.0,9.0,1.0,5.0
7588,201501QK50975,2,9,0,7,0,8,0,0,0,0,0,1,1,1,-1,-1,-1,-1,-1,-1,-1,-1,1,2,522760.0,183340.0,-0.23145,51.535625,1,3,2,1,19/12/2015,7,1899-12-30 04:05:00,28,E09000005,5,0,6,30,6,4,6,0,0,0,4,1,1,0,0,1,1,E01000530,,,,,,,,,,,,,,
7589,2015051500527,2,9,0,8,0,4,0,0,0,0,2,1,2,1,59,9,1299,1,10,-1,1,-1,1,2,351569.0,394488.0,-2.730631,53.444922,5,3,2,1,18/02/2015,4,1899-12-30 07:30:00,92,E08000013,6,0,1,40,1,4,3,570,0,0,1,1,1,0,0,2,1,E01006912,1.0,1.0,1.0,59.0,9.0,3.0,0.0,0.0,0.0,0.0,0.0,9.0,1.0,7.0
7590,201597UD05003,1,9,0,18,0,1,0,0,0,0,1,1,6,2,72,10,1796,1,6,-1,3,-1,1,2,232588.0,613377.0,-4.644314,55.385715,97,3,2,1,29/03/2015,1,1899-12-30 13:30:00,937,S12000028,3,77,6,60,7,4,4,7045,0,0,1,2,2,0,0,2,2,,,,,,,,,,,,,,,
7591,201543N150075,2,9,0,18,0,0,0,0,0,0,4,1,6,1,58,9,2179,2,2,-1,3,-1,1,2,484761.0,190948.0,-0.777319,51.610993,43,3,2,1,42254,5,1899-12-30 02:00:00,480,E10000002,1,40,3,70,0,-1,-1,0,0,0,5,1,1,0,0,1,1,E01017845,1.0,2.0,2.0,60.0,9.0,3.0,0.0,0.0,2.0,0.0,0.0,9.0,3.0,8.0
7592,2015930000484,2,9,0,9,0,1,0,0,0,0,2,1,6,1,71,10,999,1,9,-1,2,-1,1,2,314793.0,727214.0,-3.38317,56.429404,93,3,2,1,42194,2,1899-12-30 14:20:00,934,S12000024,3,94,6,60,8,4,-1,-1,0,0,1,1,1,0,0,2,1,,1.0,1.0,1.0,71.0,10.0,3.0,0.0,0.0,0.0,0.0,0.0,9.0,2.0,-1.0
7593,2015132B40342,1,9,0,17,0,0,5,0,2,11,4,1,6,1,46,8,2179,2,8,-1,3,-1,1,1,412504.0,441949.0,-1.811309,53.873597,13,3,1,1,42105,4,1899-12-30 09:56:00,200,E08000032,6,0,6,50,0,-1,-1,0,0,0,1,1,2,0,0,2,1,E01010764,1.0,1.0,1.0,46.0,8.0,3.0,0.0,0.0,0.0,0.0,0.0,9.0,3.0,10.0
7594,201550DE2T030,1,9,0,5,0,1,0,0,0,0,2,1,1,1,30,6,1998,2,10,-1,3,-1,1,2,292421.0,90481.0,-3.52481,50.703984,50,3,2,1,42258,2,1899-12-30 16:59:00,581,E10000008,6,0,6,30,3,4,6,0,0,0,4,4,1,0,0,1,1,E01019969,,,,,,,,,,,,,,
7595,2015961501181,2,9,0,3,0,1,0,0,0,0,2,1,6,2,37,7,1398,1,3,-1,1,-1,2,2,281207.0,680231.0,-3.906383,56.000265,96,3,2,2,19/07/2015,1,1899-12-30 14:40:00,924,S12000014,6,0,6,30,3,4,3,803,0,0,1,1,1,0,0,1,1,,2.0,1.0,2.0,37.0,7.0,3.0,0.0,0.0,0.0,0.0,0.0,9.0,1.0,-1.0
7596,2015132811087,2,9,0,18,0,1,0,0,0,0,1,1,6,1,37,7,1598,1,13,-1,1,-1,2,2,424336.0,421670.0,-1.63295,53.690916,13,3,2,2,42012,7,1899-12-30 15:50:00,203,E08000034,6,0,6,30,3,4,6,0,0,0,1,2,2,0,0,1,1,E01011130,2.0,2.0,2.0,20.0,4.0,3.0,0.0,0.0,2.0,0.0,0.0,9.0,1.0,1.0
7597,2015210025046,1,90,0,5,0,2,0,0,0,0,-1,1,6,1,30,6,-1,-1,-1,-1,1,-1,1,2,388750.0,349247.0,-2.169236,53.040375,21,3,2,1,25/05/2015,2,1899-12-30 21:12:00,257,E06000021,3,5272,6,30,3,3,6,0,0,0,1,1,1,0,0,1,2,E01014270,1.0,1.0,1.0,30.0,6.0,3.0,0.0,0.0,0.0,0.0,0.0,90.0,1.0,4.0
7598,2015405BA0991,2,3,0,18,0,8,0,0,7,0,3,1,2,2,22,5,124,1,12,-1,1,-1,1,2,508406.0,248897.0,-0.417801,52.127759,40,3,2,1,20/10/2015,3,1899-12-30 17:00:00,420,E06000055,6,0,6,30,8,4,6,0,0,0,1,1,1,0,0,2,2,E01017520,1.0,1.0,2.0,22.0,5.0,3.0,0.0,0.0,0.0,0.0,0.0,3.0,1.0,3.0
7599,2015471505524,1,9,0,11,0,1,0,0,0,0,4,1,6,1,30,6,-1,-1,-1,-1,1,-1,1,2,539001.0,138496.0,-0.014916,51.128883,47,3,2,1,21/09/2015,2,1899-12-30 20:45:00,563,E10000032,3,22,2,30,3,4,6,0,0,0,4,1,2,0,0,1,2,E01031741,,,,,,,,,,,,,,
7600,201501PL60049,1,9,0,18,0,1,0,0,0,0,4,1,6,1,21,5,1461,2,1,-1,1,-1,2,2,540520.0,172610.0,0.020185,51.43507,1,3,2,2,17/01/2015,7,1899-12-30 23:50:00,7,E09000023,3,2212,6,30,3,4,6,0,0,0,4,8,1,0,0,1,1,E01003263,,,,,,,,,,,,,,
7601,201501KF60441,2,9,0,18,0,8,0,0,0,0,1,1,6,2,49,8,1794,1,13,-1,1,-1,2,2,540000.0,184820.0,0.017547,51.544916,1,3,2,2,18/06/2015,5,1899-12-30 09:55:00,17,E09000025,3,118,6,30,8,4,6,0,0,0,1,1,1,0,0,1,1,E01003551,2.0,1.0,2.0,49.0,8.0,3.0,0.0,0.0,0.0,0.0,0.0,9.0,1.0,2.0
7602,20151326C1302,2,9,0,4,0,0,0,0,0,0,2,1,6,2,18,4,1422,2,13,-1,1,-1,1,3,413769.0,437763.0,-1.792256,53.835942,13,3,3,1,42344,6,1899-12-30 17:42:00,200,E08000032,3,657,6,30,0,-1,-1,0,0,0,1,1,1,0,0,1,2,E01010785,1.0,1.0,2.0,18.0,4.0,3.0,0.0,0.0,0.0,0.0,0.0,9.0,1.0,2.0
7603,2015320002795,1,9,0,18,0,0,0,0,1,0,4,1,6,1,80,11,-1,-1,-1,-1,3,-1,2,2,525503.0,311077.0,-0.144882,52.682859,32,3,2,2,16/01/2015,6,1899-12-30 14:30:00,354,E10000019,4,1165,6,50,0,-1,-1,0,0,0,1,1,2,0,0,2,1,E01026239,2.0,2.0,2.0,75.0,10.0,3.0,0.0,0.0,1.0,0.0,0.0,9.0,3.0,5.0
7604,201514B065115,1,9,0,18,0,2,0,0,0,0,1,1,6,1,42,7,1149,1,12,-1,1,-1,1,1,437347.0,407432.0,-1.437633,53.562183,14,3,1,1,20/07/2015,2,1899-12-30 15:44:00,210,E08000016,6,0,6,30,3,4,6,0,0,0,1,1,1,0,0,1,1,E01007402,1.0,3.0,1.0,10.0,2.0,3.0,9.0,6.0,0.0,0.0,0.0,0.0,1.0,1.0
7605,2015621501985,1,9,0,18,0,0,0,0,0,0,3,1,6,2,83,11,-1,-1,-1,-1,1,-1,2,2,316740.0,175616.0,-3.200168,51.473357,62,3,2,2,42348,2,1899-12-30 16:47:00,741,W06000015,6,0,6,30,0,-1,-1,0,0,0,1,1,1,0,0,1,1,W01001711,1.0,1.0,2.0,83.0,11.0,3.0,0.0,0.0,0.0,0.0,0.0,9.0,1.0,-1.0