,accident_index,vehicle_reference,vehicle_type,towing_and_articulation,vehicle_manoeuvre,vehicle_location-restricted_lane,junction_location,skidding_and_overturning,hit_object_in_carriageway,vehicle_leaving_carriageway,hit_object_off_carriageway,1st_point_of_impact,was_vehicle_left_hand_drive?,journey_purpose_of_driver,sex_of_driver,age_of_driver,age_band_of_driver,engine_capacity_(cc),propulsion_code,age_of_vehicle,driver_imd_decile,driver_home_area_type,vehicle_imd_decile,NUmber_of_Casualities_unique_to_accident_index,No_of_Vehicles_involved_unique_to_accident_index,location_easting_osgr,location_northing_osgr,longitude,latitude,police_force,accident_severity,number_of_vehicles,number_of_casualties,date,day_of_week,time,local_authority_(district),local_authority_(highway),1st_road_class,1st_road_number,road_type,speed_limit,junction_detail,junction_control,2nd_road_class,2nd_road_number,pedestrian_crossing-human_control,pedestrian_crossing-physical_facilities,light_conditions,weather_conditions,road_surface_conditions,special_conditions_at_site,carriageway_hazards,urban_or_rural_area,did_police_officer_attend_scene_of_accident,lsoa_of_accident_location,casualty_reference,casualty_class,sex_of_casualty,age_of_casualty,age_band_of_casualty,casualty_severity,pedestrian_location,pedestrian_movement,car_passenger,bus_or_coach_passenger,pedestrian_road_maintenance_worker,casualty_type,casualty_home_area_type,casualty_imd_decile
7671,201501FH10241,1,5,0,13,0,8,0,0,0,0,1,1,2,1,21,5,-1,-1,-1,-1,1,-1,1,2,522910.0,180060.0,-0.230432,51.506115,1,3,2,1,13/05/2015,4,1899-12-30 07:20:00,11,E09000013,3,4020,6,30,3,4,6,0,0,0,1,1,1,0,0,1,1,E01001942,1.0,1.0,1.0,21.0,5.0,3.0,0.0,0.0,0.0,0.0,0.0,5.0,1.0,6.0
7672,20154100D0079,1,9,0,18,0,0,0,0,0,0,1,1,6,1,71,10,1596,1,12,-1,-1,-1,4,2,506756.0,217462.0,-0.451669,51.845561,41,3,2,4,42187,7,1899-12-30 18:27:00,431,E10000015,4,4540,6,30,0,-1,-1,0,0,0,6,1,2,0,0,2,1,E01023430,,,,,,,,,,,,,,
7673,201501CW10509,2,1,0,18,8,8,0,0,0,0,1,1,6,1,27,6,-1,-1,-1,-1,1,-1,1,2,526670.0,181320.0,-0.175832,51.516609,1,3,2,1,21/04/2015,3,1899-12-30 08:54:00,1,E09000033,6,0,6,30,3,4,6,0,0,0,1,1,1,0,0,1,1,E01033594,1.0,1.0,1.0,27.0,6.0,3.0,0.0,0.0,0.0,0.0,0.0,1.0,1.0,7.0
7674,201501LX50186,2,3,0,18,0,8,0,0,0,0,0,1,6,1,36,7,108,1,2,-1,-1,-1,1,2,529880.0,176830.0,-0.131247,51.475531,1,3,2,1,42038,2,1899-12-30 14:40:00,9,E09000022,3,3036,3,30,3,2,5,0,0,5,1,1,1,0,0,1,1,E01003123,1.0,1.0,1.0,36.0,7.0,3.0,0.0,0.0,0.0,0.0,0.0,3.0,-1.0,-1.0
7675,201501YR90664,2,9,0,11,0,0,0,0,0,0,0,1,6,1,-1,-1,-1,-1,-1,-1,-1,-1,1,2,534120.0,189600.0,-0.065373,51.589297,1,3,2,1,28/07/2015,3,1899-12-30 16:55:00,31,E09000014,3,1055,6,30,0,-1,-1,0,0,4,1,1,1,0,0,1,1,E01002066,,,,,,,,,,,,,,
7676,201543N114055,2,9,0,6,0,8,0,0,0,0,4,1,6,1,48,8,1995,2,9,-1,1,-1,1,2,492544.0,181088.0,-0.667546,51.521139,43,3,2,1,20/05/2015,4,1899-12-30 15:45:00,477,E10000002,3,4,1,40,1,4,4,3026,0,0,1,1,1,0,0,1,1,E01017814,1.0,2.0,2.0,55.0,8.0,3.0,0.0,0.0,2.0,0.0,0.0,9.0,1.0,9.0
7677,2015921500367,1,9,0,13,0,0,0,0,0,0,1,1,6,1,31,6,1390,1,4,-1,1,-1,1,2,393143.0,811168.0,-2.115093,57.191263,92,3,2,1,30/03/2015,2,1899-12-30 12:15:00,910,S12000033,6,0,6,30,0,-1,-1,0,0,0,4,1,1,0,0,1,1,,,,,,,,,,,,,,,
7678,201531B197315,2,9,0,18,0,3,0,0,0,0,3,1,6,2,48,8,1997,2,4,-1,1,-1,2,2,457226.0,379663.0,-1.142582,53.310822,31,3,2,2,21/09/2015,2,1899-12-30 08:10:00,341,E10000024,3,57,1,30,1,4,3,60,0,4,1,1,1,0,0,2,2,E01028056,1.0,1.0,2.0,48.0,8.0,3.0,0.0,0.0,0.0,0.0,0.0,9.0,1.0,7.0
7679,2015331501427,2,9,0,18,0,8,0,0,0,0,4,1,1,2,20,4,1229,1,11,-1,1,-1,1,2,447450.0,327515.0,-1.296966,52.843061,33,3,2,1,42044,4,1899-12-30 13:05:00,366,E10000018,3,453,1,50,1,2,3,453,0,0,1,1,1,0,0,2,1,E01025944,1.0,1.0,2.0,20.0,4.0,3.0,0.0,0.0,0.0,0.0,0.0,9.0,1.0,10.0
7680,2015120195519,2,9,0,4,0,1,0,0,0,0,2,1,6,2,58,9,1560,2,2,-1,3,-1,2,3,439640.0,464974.0,-1.395624,54.079169,12,3,3,2,42074,3,1899-12-30 17:15:00,182,E10000023,2,1,3,70,3,4,3,6055,0,0,1,1,2,0,0,2,1,E01027644,2.0,1.0,2.0,58.0,9.0,3.0,0.0,0.0,0.0,0.0,0.0,9.0,3.0,7.0
7681,2015950004642,1,19,0,14,0,1,0,6,7,7,3,1,1,1,56,9,2198,2,3,-1,-1,-1,2,2,348156.0,613424.0,-2.82041,55.411984,95,3,2,2,17/10/2015,7,1899-12-30 11:26:00,914,S12000026,3,7,6,60,9,4,4,711,0,0,1,1,1,0,0,2,1,,1.0,1.0,1.0,56.0,9.0,3.0,0.0,0.0,0.0,0.0,0.0,19.0,-1.0,-1.0
7682,2015555998987,4,9,0,3,0,0,0,0,0,0,2,1,6,1,42,7,1398,1,10,-1,1,-1,4,4,367806.0,87555.0,-2.457092,50.68675,55,3,4,4,15/01/2015,5,1899-12-30 17:25:00,645,E10000009,3,354,6,60,0,-1,-1,0,0,0,6,1,1,0,0,2,1,E01020549,2.0,1.0,1.0,42.0,7.0,3.0,0.0,0.0,0.0,0.0,0.0,9.0,1.0,6.0
7683,201514C123115,3,9,0,18,0,2,0,0,0,0,1,1,6,1,20,4,1199,1,11,-1,1,-1,1,3,444544.0,390095.0,-1.331439,53.405801,14,3,3,1,22/11/2015,1,1899-12-30 18:45:00,213,E08000018,3,618,6,30,3,4,6,0,0,0,4,1,1,0,0,1,1,E01007813,,,,,,,,,,,,,,
7684,201501PL60243,1,8,0,18,0,1,0,0,0,0,1,1,1,1,53,8,2664,2,15,-1,-1,-1,1,1,537890.0,174320.0,-0.016961,51.451082,1,3,1,1,24/03/2015,3,1899-12-30 15:55:00,7,E09000023,3,21,6,30,3,4,6,0,0,0,1,1,1,0,0,1,1,E01003322,1.0,3.0,1.0,13.0,3.0,3.0,5.0,1.0,0.0,0.0,2.0,0.0,1.0,2.0
7685,2015471507571,2,1,0,18,0,8,0,0,0,0,1,1,1,1,35,6,-1,-1,-1,-1,-1,-1,1,2,579982.0,111705.0,0.556916,50.876814,47,3,2,1,21/12/2015,2,1899-12-30 07:15:00,552,E10000011,3,21,1,30,2,4,6,0,0,0,7,1,1,0,0,1,2,E01021010,1.0,1.0,1.0,35.0,6.0,3.0,0.0,0.0,0.0,0.0,0.0,1.0,-1.0,-1.0
7686,2015450025129,2,9,0,8,0,2,0,0,0,0,2,1,6,2,72,10,1086,1,9,-1,1,-1,2,2,509084.0,167811.0,-0.433333,51.398854,45,3,2,2,15/05/2015,6,1899-12-30 11:12:00,40,E10000030,5,231,6,30,3,4,3,244,0,0,1,1,1,0,0,1,1,E01030719,1.0,1.0,2.0,72.0,10.0,3.0,0.0,0.0,0.0,0.0,0.0,9.0,1.0,5.0
7687,201543R216095,2,3,0,18,0,1,0,0,0,0,1,1,6,1,17,4,124,1,2,-1,1,-1,1,2,497036.0,179382.0,-0.603291,51.505051,43,3,2,1,28/09/2015,2,1899-12-30 06:00:00,473,E06000039,6,7302,2,30,3,4,6,7302,0,0,1,1,1,0,0,1,2,E01016462,1.0,1.0,1.0,17.0,4.0,3.0,0.0,0.0,0.0,0.0,0.0,3.0,1.0,5.0
7688,2015075032577,3,19,0,4,0,1,0,0,0,0,2,1,1,1,51,8,2198,2,8,-1,1,-1,3,4,377637.0,352774.0,-2.335223,53.071727,7,3,4,3,42096,4,1899-12-30 12:18:00,129,E06000049,1,6,3,70,5,4,1,6,0,0,1,1,1,0,0,2,1,E01018465,2.0,1.0,1.0,51.0,8.0,3.0,0.0,0.0,0.0,0.0,0.0,19.0,1.0,9.0
7689,201563BC06015,1,9,0,18,0,0,1,0,0,0,1,1,6,2,45,7,-1,-1,-1,-1,3,-1,4,4,235810.0,252090.0,-4.400829,52.142632,63,3,4,4,42250,2,1899-12-30 17:00:00,750,W06000008,3,487,6,60,0,-1,-1,0,0,0,1,8,2,0,0,2,1,W01000545,4.0,1.0,2.0,45.0,7.0,3.0,0.0,0.0,0.0,0.0,0.0,9.0,3.0,-1.0
7690,201542I083603,2,19,0,18,0,1,0,0,0,0,1,1,6,1,31,6,-1,-1,-1,-1,1,-1,1,2,570662.0,188188.0,0.460958,51.56674,42,3,2,1,13/03/2015,6,1899-12-30 08:20:00,450,E10000012,6,0,6,30,3,4,6,0,0,0,1,1,1,0,0,1,1,E01021296,,,,,,,,,,,,,,
7691,2015521501536,1,9,0,3,0,1,0,0,0,0,2,1,6,2,63,9,1242,1,15,-1,1,-1,1,2,357388.0,189408.0,-2.616646,51.60189,52,3,2,1,42007,1,1899-12-30 09:45:00,612,E06000025,3,403,1,30,1,4,6,0,0,0,1,1,1,0,0,2,2,E01014963,1.0,1.0,2.0,63.0,9.0,3.0,0.0,0.0,0.0,0.0,0.0,9.0,1.0,7.0
7692,201520W059785,1,9,0,9,0,6,0,0,0,0,4,1,1,1,23,5,999,1,8,-1,1,-1,1,2,409290.0,289710.0,-1.864564,52.50521,20,3,2,1,42074,3,1899-12-30 12:45:00,300,E08000025,6,0,6,30,3,4,6,0,0,0,1,1,1,0,0,1,1,E01009202,,,,,,,,,,,,,,
7693,201560S113944,1,9,0,18,0,0,0,0,0,0,1,1,6,1,63,9,-1,-1,-1,-1,-1,-1,2,2,297928.0,379780.0,-3.533245,53.305096,60,3,2,2,30/07/2015,5,1899-12-30 16:08:00,721,W06000003,3,548,6,30,0,-1,-1,0,0,0,1,1,1,0,0,1,1,W01000184,1.0,1.0,1.0,63.0,9.0,3.0,0.0,0.0,0.0,0.0,0.0,9.0,-1.0,-1.0
7694,2015100805015,2,9,0,18,0,8,0,0,0,0,4,1,1,1,24,5,1149,1,12,-1,1,-1,1,2,429378.0,565588.0,-1.542469,54.98403,10,3,2,1,24/11/2015,3,1899-12-30 07:00:00,147,E08000021,3,187,1,30,1,4,3,186,0,0,6,2,2,0,0,1,1,E01008436,1.0,2.0,2.0,21.0,5.0,3.0,0.0,0.0,1.0,0.0,0.0,9.0,2.0,3.0
7695,201542I143005,2,9,0,18,0,1,0,0,0,0,2,1,6,1,52,8,-1,-1,-1,-1,1,-1,1,5,580944.0,192191.0,0.611209,51.599493,42,3,5,1,42252,7,1899-12-30 12:25:00,459,E10000012,6,0,6,30,3,4,6,0,0,0,1,1,1,0,0,1,1,E01021919,,,,,,,,,,,,,,
7696,201520S058605,1,9,0,18,0,4,0,0,0,0,3,1,1,2,23,5,1398,2,6,-1,1,-1,1,2,404470.0,284510.0,-1.935643,52.458522,20,3,2,1,30/10/2015,6,1899-12-30 10:00:00,300,E08000025,6,0,1,30,2,4,6,0,0,0,1,8,2,0,0,1,1,E01008992,1.0,1.0,2.0,23.0,5.0,3.0,0.0,0.0,0.0,0.0,0.0,9.0,1.0,3.0
7697,2015051500608,2,9,0,18,0,8,0,0,0,0,1,1,6,1,65,9,1242,1,1,-1,1,-1,2,2,350470.0,395718.0,-2.74737,53.455874,5,3,2,2,25/02/2015,4,1899-12-30 11:34:00,92,E08000013,3,570,6,30,6,2,6,0,0,0,1,1,1,0,0,1,1,E01006877,2.0,1.0,1.0,65.0,9.0,3.0,0.0,0.0,0.0,0.0,0.0,9.0,1.0,5.0
7698,201501PY20489,1,11,0,18,0,1,0,0,0,0,3,1,6,1,44,7,6700,2,1,-1,1,-1,1,1,544430.0,167400.0,0.074276,51.387272,1,3,1,1,42162,2,1899-12-30 04:20:00,19,E09000006,5,0,6,30,3,4,6,0,0,0,4,1,1,0,0,1,1,E01000813,1.0,1.0,1.0,44.0,7.0,3.0,0.0,0.0,0.0,0.0,0.0,11.0,1.0,4.0
7699,2015350066215,2,9,0,18,0,8,0,0,7,9,1,1,6,1,24,5,-1,-1,-1,-1,1,-1,2,2,521420.0,301820.0,-0.208651,52.600611,35,3,2,2,28/03/2015,7,1899-12-30 17:27:00,394,E06000031,6,0,6,40,3,2,6,0,0,0,1,1,1,0,0,2,1,E01015620,2.0,2.0,1.0,27.0,6.0,3.0,0.0,0.0,2.0,0.0,0.0,9.0,-1.0,-1.0
7700,201504SC15010,1,9,0,18,0,0,1,0,0,0,1,1,1,1,50,8,-1,-1,-1,-1,2,-1,3,3,359740.0,417940.0,-2.610647,53.656393,4,3,3,3,42339,2,1899-12-30 17:51:00,73,E10000017,1,61,3,70,0,-1,-1,0,0,0,5,1,1,0,0,2,1,E01024926,1.0,1.0,1.0,50.0,8.0,3.0,0.0,0.0,0.0,0.0,0.0,9.0,2.0,4.0
7701,201501JC30657,2,1,0,18,2,1,0,0,0,0,3,1,6,1,48,8,-1,-1,-1,-1,1,-1,1,2,536870.0,187500.0,-0.026519,51.569766,1,3,2,1,14/10/2015,4,1899-12-30 10:13:00,13,E09000031,3,104,6,30,3,4,6,0,0,0,1,1,1,0,0,1,1,E01004424,1.0,1.0,1.0,48.0,8.0,3.0,0.0,0.0,0.0,0.0,0.0,1.0,1.0,3.0
7702,201520G001225,2,9,0,4,0,1,0,0,0,0,2,1,2,1,50,8,1388,1,12,-1,1,-1,1,2,389120.0,300020.0,-2.162061,52.597861,20,3,2,1,23/01/2015,6,1899-12-30 17:00:00,309,E08000031,3,41,6,30,6,2,4,4161,0,0,4,8,2,0,0,1,2,E01010547,1.0,1.0,1.0,50.0,8.0,3.0,0.0,0.0,0.0,0.0,0.0,9.0,1.0,8.0
7703,2015100025715,2,9,0,2,0,0,0,0,0,0,4,1,6,3,-1,-1,1386,1,6,-1,1,-1,1,3,429099.0,558396.0,-1.547555,54.919419,10,3,3,1,42036,6,1899-12-30 15:30:00,150,E08000024,5,500,6,30,0,-1,-1,0,0,0,1,1,1,0,0,1,1,E01008876,,,,,,,,,,,,,,
7704,201501JI40340,2,9,0,13,0,0,0,0,0,0,4,1,6,1,-1,-1,-1,-1,-1,-1,-1,-1,1,2,545110.0,186970.0,0.092073,51.562945,1,3,2,1,18/05/2015,2,1899-12-30 15:30:00,14,E09000026,3,118,6,30,0,-1,-1,0,0,0,1,1,1,0,0,1,2,E01003714,,,,,,,,,,,,,,
7705,20151322F1153,2,8,0,3,0,0,0,0,0,0,2,1,1,1,-1,-1,-1,-1,-1,-1,-1,-1,2,2,415611.0,432696.0,-1.764521,53.790349,13,3,2,2,14/02/2015,7,1899-12-30 22:20:00,200,E08000032,6,0,6,30,0,-1,-1,0,0,0,4,2,2,0,0,1,2,E01010834,2.0,2.0,1.0,33.0,6.0,3.0,0.0,0.0,2.0,0.0,0.0,8.0,1.0,2.0
7706,201543N215125,1,9,0,4,0,0,0,0,0,0,1,1,6,3,-1,-1,-1,-1,-1,-1,-1,-1,1,3,482926.0,213624.0,-0.798424,51.815104,43,3,3,1,29/12/2015,3,1899-12-30 15:30:00,476,E10000002,3,41,7,30,0,-1,-1,0,0,0,1,1,1,0,0,1,2,E01017699,,,,,,,,,,,,,,
7707,201501ZD30978,4,9,0,18,0,8,0,0,0,0,3,1,6,1,21,5,-1,-1,-1,-1,1,-1,1,5,532390.0,170340.0,-0.097552,51.416626,1,3,5,1,13/11/2015,6,1899-12-30 22:00:00,20,E09000008,3,215,6,30,6,4,6,0,0,0,4,1,1,0,0,1,1,E01001159,,,,,,,,,,,,,,
7708,2015450024982,1,9,0,18,0,1,0,0,0,0,1,1,6,3,-1,-1,-1,-1,-1,-1,-1,-1,1,1,520603.0,160504.0,-0.270303,51.330852,45,3,1,1,15/05/2015,6,1899-12-30 19:40:00,38,E10000030,3,24,6,30,3,2,3,24,0,5,1,1,1,0,0,1,1,E01030411,1.0,3.0,1.0,38.0,7.0,3.0,4.0,1.0,0.0,0.0,0.0,0.0,1.0,10.0
7709,201520S039875,3,9,0,2,0,0,0,0,0,0,3,1,6,2,20,4,1242,1,6,-1,1,-1,1,4,404600.0,282960.0,-1.933751,52.444586,20,3,4,1,42191,1,1899-12-30 14:40:00,300,E08000025,6,0,6,30,0,-1,-1,0,0,0,1,1,1,0,0,1,1,E01009289,,,,,,,,,,,,,,
7710,2015210028018,1,9,0,7,0,1,0,0,0,0,1,1,6,1,44,7,1796,1,1,-1,3,-1,1,2,397706.0,356918.0,-2.035721,53.109445,21,3,2,1,18/08/2015,3,1899-12-30 19:45:00,256,E10000028,6,291,6,30,3,4,3,523,0,0,1,1,1,0,0,1,2,E01029814,,,,,,,,,,,,,,
7711,2015051501643,1,19,0,18,0,8,5,0,0,0,4,1,6,1,33,6,1461,2,9,-1,1,-1,3,2,347174.0,392467.0,-2.796454,53.426335,5,3,2,3,42070,6,1899-12-30 06:40:00,92,E08000013,6,0,6,30,6,2,3,57,1,5,1,1,1,0,0,1,1,E01006463,2.0,2.0,1.0,33.0,6.0,3.0,0.0,0.0,0.0,0.0,0.0,19.0,1.0,1.0
7712,2015360089427,1,9,0,9,0,6,0,0,0,0,3,1,6,1,79,11,1299,1,13,-1,1,-1,2,2,637823.0,297431.0,1.504268,52.522813,36,3,2,2,42189,3,1899-12-30 11:38:00,406,E10000020,3,146,6,60,3,4,4,1136,0,0,1,1,1,0,0,2,1,E01026899,1.0,1.0,1.0,79.0,11.0,3.0,0.0,0.0,0.0,0.0,0.0,9.0,1.0,3.0
7713,2015555998450,1,9,0,18,0,8,0,0,0,0,1,1,6,2,47,8,1198,1,1,-1,1,-1,1,2,403869.0,93727.0,-1.946531,50.743138,55,3,2,1,42189,3,1899-12-30 16:47:00,643,E06000029,4,3068,6,30,8,4,6,0,0,0,1,1,1,0,0,1,1,E01015443,1.0,2.0,1.0,16.0,4.0,3.0,0.0,0.0,2.0,0.0,0.0,9.0,1.0,2.0
7714,2015555998219,2,9,0,18,0,8,0,0,0,0,1,1,2,2,31,6,1587,1,8,-1,1,-1,1,2,404300.0,91231.0,-1.940451,50.720689,55,3,2,1,42341,5,1899-12-30 08:30:00,643,E06000029,5,12,6,30,3,4,6,0,0,0,1,1,1,0,0,1,1,E01015463,1.0,1.0,2.0,31.0,6.0,3.0,0.0,0.0,0.0,0.0,0.0,9.0,1.0,3.0
7715,2015520506864,1,9,0,18,0,0,0,0,0,0,1,1,6,1,51,8,2400,2,5,-1,2,-1,4,2,366987.0,147583.0,-2.474149,51.226476,52,3,2,4,42013,3,1899-12-30 15:25:00,606,E10000027,6,0,6,60,0,-1,-1,0,0,0,1,1,2,0,0,2,1,E01029021,4.0,2.0,2.0,5.0,1.0,3.0,0.0,0.0,1.0,0.0,0.0,9.0,2.0,8.0
7716,2015075294860,1,9,0,5,0,8,0,0,0,0,4,1,6,1,82,11,1999,1,6,-1,3,-1,1,2,374597.0,370249.0,-2.381987,53.228669,7,3,2,1,42073,7,1899-12-30 14:10:00,129,E06000049,3,50,6,50,6,4,5,322,0,0,1,1,1,0,0,2,1,E01018722,,,,,,,,,,,,,,
7717,2015471502299,3,9,0,18,0,0,2,0,1,4,3,1,6,1,23,5,1968,2,7,-1,1,-1,3,3,529372.0,134750.0,-0.153786,51.09747,47,3,3,3,25/04/2015,7,1899-12-30 21:28:00,560,E10000032,1,23,3,70,0,-1,-1,0,0,0,6,2,2,0,0,2,1,E01031582,1.0,1.0,1.0,23.0,5.0,3.0,0.0,0.0,0.0,0.0,0.0,9.0,1.0,3.0
7718,2015030002643,4,9,0,3,0,1,0,0,0,0,2,1,6,1,40,7,-1,-1,-1,-1,1,-1,2,4,319960.0,469710.0,-3.225985,54.117005,3,3,4,2,42165,3,1899-12-30 19:30:00,61,E10000006,6,0,6,30,6,2,6,0,0,0,4,1,1,0,0,1,2,E01019157,2.0,1.0,1.0,40.0,7.0,3.0,0.0,0.0,0.0,0.0,0.0,9.0,1.0,3.0
7719,2015120127289,1,9,0,9,0,5,0,0,0,0,3,1,6,1,76,11,1998,2,11,-1,1,-1,1,2,504136.0,489165.0,-0.401779,54.287513,12,3,2,1,22/07/2015,4,1899-12-30 10:00:00,186,E10000023,6,293,6,30,3,4,6,1364,0,0,1,1,1,0,0,1,2,E01027847,,,,,,,,,,,,,,
7720,201543W264105,2,19,0,18,0,1,0,0,0,0,2,1,1,1,36,7,2299,2,1,-1,-1,-1,1,2,436655.0,173445.0,-1.473807,51.458801,43,3,2,1,29/10/2015,5,1899-12-30 09:40:00,471,E06000037,3,338,6,50,3,4,4,4000,0,0,1,2,2,0,0,2,1,E01016303,1.0,1.0,1.0,36.0,7.0,3.0,0.0,0.0,0.0,0.0,0.0,19.0,-1.0,-1.0
7721,2015450031901,2,9,0,2,0,0,0,0,0,0,1,1,6,2,-1,-1,1149,1,11,-1,1,-1,1,2,520778.0,161113.0,-0.267586,51.336289,45,3,2,1,42105,4,1899-12-30 16:30:00,38,E10000030,5,195,6,30,0,-1,-1,0,0,0,4,1,1,0,0,1,1,E01030409,,,,,,,,,,,,,,
7722,2015160B03381,1,9,4,9,0,5,0,0,0,0,4,1,6,1,55,8,-1,-1,-1,-1,3,-1,1,2,474543.0,409089.0,-0.875769,53.573117,16,3,2,1,30/09/2015,4,1899-12-30 16:13:00,232,E06000013,6,0,6,60,3,4,6,0,0,0,1,1,1,0,0,2,1,E01013242,,,,,,,,,,,,,,
7723,2015460257772,2,9,0,2,0,0,0,0,0,0,4,1,6,2,31,6,1364,1,5,-1,1,-1,2,2,590090.0,162960.0,0.727401,51.333951,46,3,2,2,42314,5,1899-12-30 10:35:00,540,E10000016,5,397,6,30,0,-1,-1,0,0,0,1,1,1,0,0,1,2,E01024630,1.0,1.0,2.0,31.0,6.0,3.0,0.0,0.0,0.0,0.0,0.0,9.0,1.0,7.0
7724,20154100J0690,1,9,0,4,0,0,1,0,0,0,1,1,6,1,26,6,1395,1,-1,-1,-1,-1,1,1,520406.0,196408.0,-0.260893,51.653576,41,3,1,1,42320,6,1899-12-30 19:58:00,33,E10000015,6,571,6,30,0,-1,-1,0,0,8,4,1,2,0,0,1,1,E01023541,1.0,3.0,2.0,7.0,2.0,3.0,5.0,3.0,0.0,0.0,0.0,0.0,1.0,8.0
7725,201501PL60817,2,9,0,11,0,8,0,0,0,0,4,1,6,1,42,7,1997,2,5,-1,1,-1,3,2,536530.0,171790.0,-0.037496,51.428676,1,3,2,3,21/09/2015,2,1899-12-30 23:45:00,7,E09000023,3,212,6,30,3,2,3,2218,0,5,4,1,1,0,0,1,1,E01003190,3.0,2.0,1.0,19.0,4.0,3.0,0.0,0.0,2.0,0.0,0.0,9.0,1.0,2.0
7726,201506X007442,2,9,0,18,0,0,0,0,0,0,2,1,6,1,46,8,1796,1,4,-1,1,-1,1,3,391540.0,391770.0,-2.12877,53.422657,6,3,3,1,19/10/2015,2,1899-12-30 18:15:00,109,E08000007,1,60,3,70,0,-1,-1,0,0,0,4,1,1,0,0,2,1,E01005755,1.0,2.0,2.0,54.0,8.0,3.0,0.0,0.0,1.0,0.0,0.0,9.0,1.0,1.0
7727,201520N054535,2,21,1,12,0,0,0,0,0,0,1,1,6,3,-1,-1,10837,2,2,-1,-1,-1,1,2,410580.0,290140.0,-1.845546,52.509052,20,3,2,1,42071,2,1899-12-30 13:30:00,300,E08000025,3,38,3,30,0,-1,-1,0,0,0,1,1,1,0,0,1,2,E01009400,,,,,,,,,,,,,,
7728,2015440416927,1,9,0,9,0,8,0,0,0,0,3,1,1,2,32,6,1598,1,-1,-1,1,-1,1,3,473217.0,160876.0,-0.950223,51.342264,44,3,3,1,42016,3,1899-12-30 08:30:00,494,E10000014,4,3011,6,40,3,4,6,0,0,0,1,1,2,0,0,2,1,E01022858,,,,,,,,,,,,,,
7729,201501XH30490,1,9,0,3,0,1,0,0,0,0,2,1,6,2,29,6,1598,1,10,-1,1,-1,2,2,505500.0,183940.0,-0.480022,51.544504,1,3,2,2,13/07/2015,2,1899-12-30 12:30:00,26,E09000017,3,4020,3,30,3,4,3,408,0,4,1,2,2,0,0,1,1,E01002521,1.0,1.0,2.0,29.0,6.0,3.0,0.0,0.0,0.0,0.0,0.0,9.0,1.0,5.0
7730,2015300013318,1,9,0,2,0,1,0,0,0,0,3,1,6,1,48,8,1388,1,5,-1,1,-1,1,2,433980.0,339720.0,-1.49567,52.953787,30,3,2,1,16/04/2015,5,1899-12-30 19:40:00,323,E06000015,6,0,6,30,3,4,6,0,0,0,1,1,1,0,0,1,1,E01013464,1.0,3.0,1.0,23.0,5.0,3.0,9.0,5.0,0.0,0.0,0.0,0.0,1.0,9.0
7731,201504SC15294,2,21,1,18,0,0,0,0,1,9,1,1,1,1,35,6,12902,2,-1,-1,1,-1,1,2,364650.0,422000.0,-2.536822,53.693239,4,3,2,1,19/11/2015,5,1899-12-30 08:20:00,73,E10000017,3,675,6,50,0,-1,-1,0,0,0,1,5,2,0,0,2,1,E01024978,,,,,,,,,,,,,,
7732,2015120102701,1,9,0,9,0,8,0,0,0,0,4,1,6,3,69,10,1388,1,9,-1,2,-1,2,2,461139.0,432276.0,-1.073596,53.783228,12,3,2,2,19/06/2015,6,1899-12-30 13:10:00,187,E10000023,6,1202,6,30,6,2,3,19,0,0,1,1,1,0,0,1,1,E01027908,,,,,,,,,,,,,,
7733,2015100299715,1,9,0,9,0,6,0,0,0,0,3,1,6,3,-1,-1,1149,1,14,-1,-1,-1,1,2,423877.0,563842.0,-1.628571,54.968633,10,3,2,1,27/05/2015,4,1899-12-30 11:30:00,147,E08000021,5,119,6,30,9,4,6,1028,0,0,1,1,1,0,0,1,2,E01008438,,,,,,,,,,,,,,
7734,2015471501771,1,19,0,18,0,2,0,0,0,0,1,1,1,1,43,7,1968,2,8,-1,-1,-1,1,3,513617.0,103327.0,-0.388485,50.818353,47,3,3,1,30/03/2015,2,1899-12-30 09:49:00,564,E10000032,3,2031,6,30,3,4,6,0,0,0,1,1,1,0,0,1,1,E01031810,,,,,,,,,,,,,,
7735,20154100A0373,3,9,0,3,0,0,0,0,0,0,2,1,2,1,59,9,1997,2,5,-1,3,-1,3,3,534190.0,215807.0,-0.054284,51.824776,41,3,3,3,13/05/2015,4,1899-12-30 08:50:00,432,E10000015,3,602,6,50,0,-1,-1,0,0,0,1,1,1,0,0,2,1,E01023471,2.0,1.0,1.0,59.0,9.0,3.0,0.0,0.0,0.0,0.0,0.0,9.0,3.0,8.0
7736,2015961502143,1,9,0,9,0,8,0,0,0,0,3,1,6,1,24,5,1229,1,1,-1,3,-1,2,2,274189.0,694069.0,-4.025344,56.122726,96,3,2,2,28/12/2015,2,1899-12-30 21:30:00,939,S12000030,3,811,6,60,3,4,6,0,0,0,6,1,1,0,0,2,1,,2.0,2.0,2.0,19.0,4.0,3.0,0.0,0.0,1.0,0.0,0.0,9.0,2.0,-1.0
7737,2015320084473,1,9,0,18,0,0,0,10,7,0,4,1,6,1,34,6,1956,2,6,-1,3,-1,1,1,499119.0,359480.0,-0.520274,53.123288,32,3,1,1,29/08/2015,7,1899-12-30 12:35:00,353,E10000019,4,1202,6,60,0,-1,-1,0,0,0,1,1,1,0,0,2,1,E01026195,1.0,1.0,1.0,34.0,6.0,3.0,0.0,0.0,0.0,0.0,0.0,9.0,3.0,9.0