,accident_index,vehicle_reference,vehicle_type,towing_and_articulation,vehicle_manoeuvre,vehicle_location-restricted_lane,junction_location,skidding_and_overturning,hit_object_in_carriageway,vehicle_leaving_carriageway,hit_object_off_carriageway,1st_point_of_impact,was_vehicle_left_hand_drive?,journey_purpose_of_driver,sex_of_driver,age_of_driver,age_band_of_driver,engine_capacity_(cc),propulsion_code,age_of_vehicle,driver_imd_decile,driver_home_area_type,vehicle_imd_decile,NUmber_of_Casualities_unique_to_accident_index,No_of_Vehicles_involved_unique_to_accident_index,location_easting_osgr,location_northing_osgr,longitude,latitude,police_force,accident_severity,number_of_vehicles,number_of_casualties,date,day_of_week,time,local_authority_(district),local_authority_(highway),1st_road_class,1st_road_number,road_type,speed_limit,junction_detail,junction_control,2nd_road_class,2nd_road_number,pedestrian_crossing-human_control,pedestrian_crossing-physical_facilities,light_conditions,weather_conditions,road_surface_conditions,special_conditions_at_site,carriageway_hazards,urban_or_rural_area,did_police_officer_attend_scene_of_accident,lsoa_of_accident_location,casualty_reference,casualty_class,sex_of_casualty,age_of_casualty,age_band_of_casualty,casualty_severity,pedestrian_location,pedestrian_movement,car_passenger,bus_or_coach_passenger,pedestrian_road_maintenance_worker,casualty_type,casualty_home_area_type,casualty_imd_decile
7872,2015120103569,1,3,0,16,0,0,0,0,0,0,0,1,6,2,19,4,124,1,-1,-1,3,-1,1,1,415470.0,456937.0,-1.765446,54.008225,12,3,1,1,20/06/2015,7,1899-12-30 15:05:00,182,E10000023,6,2467,6,60,0,-1,-1,0,0,0,1,1,2,0,0,2,1,E01027693,1.0,1.0,2.0,19.0,4.0,3.0,0.0,0.0,0.0,0.0,0.0,3.0,3.0,7.0
7873,201522C501470,4,9,0,18,0,0,0,0,0,0,1,1,6,1,36,7,1998,2,7,-1,3,-1,2,4,385860.0,255060.0,-2.208276,52.193594,22,3,4,2,21/04/2015,3,1899-12-30 16:45:00,276,E10000034,4,4636,6,30,0,-1,-1,0,0,0,1,1,1,0,0,1,1,E01032305,2.0,1.0,1.0,36.0,7.0,3.0,0.0,0.0,0.0,0.0,0.0,9.0,3.0,5.0
7874,2015051502264,2,9,0,18,0,8,0,0,0,0,1,1,6,2,56,9,1599,1,10,-1,1,-1,1,2,340358.0,394757.0,-2.899451,53.446188,5,3,2,1,15/09/2015,3,1899-12-30 09:45:00,91,E08000012,6,0,6,30,6,2,6,0,0,0,1,1,1,0,0,1,1,E01006669,1.0,1.0,2.0,56.0,9.0,3.0,0.0,0.0,0.0,0.0,0.0,9.0,1.0,5.0
7875,2015621500026,2,9,0,3,0,0,0,0,0,0,2,1,6,1,31,6,-1,-1,-1,-1,1,-1,1,2,322868.0,181886.0,-3.113329,51.530593,62,3,2,1,42125,2,1899-12-30 08:26:00,741,W06000015,3,48,3,50,0,-1,-1,0,0,0,1,1,1,0,0,1,1,W01001843,3.0,2.0,2.0,31.0,6.0,3.0,0.0,0.0,1.0,0.0,0.0,9.0,1.0,-1.0
7876,201542I342110,1,4,0,9,0,1,0,0,0,0,4,1,6,1,22,5,124,1,3,-1,1,-1,1,2,587903.0,185288.0,0.707882,51.535218,42,3,2,1,27/10/2015,3,1899-12-30 13:40:00,460,E06000033,6,0,6,30,3,4,6,0,0,0,1,1,1,0,0,1,1,E01015853,,,,,,,,,,,,,,
7877,201501EO49019,2,3,0,13,0,2,0,0,0,0,1,1,1,1,53,8,125,1,7,-1,1,-1,1,2,531640.0,183770.0,-0.103332,51.537491,1,3,2,1,42047,4,1899-12-30 12:00:00,3,E09000019,5,0,6,30,3,4,3,1,0,1,1,1,1,0,0,1,1,E01002794,1.0,1.0,1.0,53.0,8.0,3.0,0.0,0.0,0.0,0.0,0.0,3.0,1.0,2.0
7878,201543R105105,1,9,0,18,9,6,0,0,0,0,1,1,6,1,-1,-1,-1,-1,-1,-1,1,-1,1,2,497877.0,180658.0,-0.590824,51.516375,43,3,2,1,13/10/2015,3,1899-12-30 08:30:00,473,E06000039,4,416,6,30,8,4,6,0,0,0,1,1,1,0,0,1,2,E01016460,,,,,,,,,,,,,,
7879,2015950003752,1,8,0,12,0,0,0,0,0,0,4,1,1,1,41,7,2143,2,1,-1,1,-1,1,1,325650.0,673920.0,-3.192236,55.952532,95,3,1,1,42316,3,1899-12-30 16:50:00,923,S12000036,6,0,6,30,0,-1,-1,0,0,5,1,1,1,0,0,1,1,,1.0,3.0,2.0,50.0,8.0,3.0,4.0,1.0,0.0,0.0,0.0,0.0,1.0,-1.0
7880,2015610055515,1,5,0,3,0,4,0,0,0,0,2,1,6,1,63,9,-1,-1,-1,-1,1,-1,1,2,330824.0,193723.0,-3.000991,51.638039,61,3,2,1,42070,6,1899-12-30 15:50:00,734,W06000020,3,4042,1,40,1,4,6,0,0,0,1,1,1,0,0,2,1,W01001509,1.0,1.0,1.0,63.0,9.0,3.0,0.0,0.0,0.0,0.0,0.0,5.0,1.0,-1.0
7881,2015521504648,1,90,0,18,0,1,0,0,0,0,2,1,6,2,33,6,2987,2,5,-1,1,-1,1,2,334419.0,161695.0,-2.943089,51.350531,52,3,2,1,42011,4,1899-12-30 16:30:00,605,E06000024,3,370,6,30,3,2,6,0,0,0,1,1,1,0,0,1,2,E01014812,,,,,,,,,,,,,,
7882,2015950005186,1,11,0,5,0,0,0,0,0,0,0,1,6,1,52,8,9360,2,4,-1,1,-1,1,1,325900.0,673830.0,-3.188208,55.951763,95,3,1,1,13/11/2015,6,1899-12-30 14:30:00,923,S12000036,3,7,6,30,0,-1,-1,0,0,0,1,2,2,0,0,1,2,,1.0,2.0,2.0,98.0,11.0,3.0,0.0,0.0,0.0,3.0,0.0,11.0,1.0,-1.0
7883,2015450026856,2,9,0,3,0,0,0,0,0,0,2,1,1,1,56,9,2204,2,9,-1,1,-1,2,3,504174.0,153814.0,-0.507976,51.273962,45,3,3,2,16/07/2015,5,1899-12-30 08:52:00,511,E10000030,3,247,6,40,0,-1,-1,0,0,0,1,1,1,0,0,2,1,E01030440,,,,,,,,,,,,,,
7884,201506F001695,1,5,0,14,0,1,0,0,0,0,4,1,6,1,49,8,399,1,25,-1,1,-1,1,2,372710.0,395070.0,-2.412401,53.451676,6,3,2,1,42343,3,1899-12-30 20:00:00,107,E08000006,4,5320,6,30,3,4,6,0,0,0,1,1,1,0,0,1,1,E01005642,1.0,1.0,1.0,49.0,8.0,3.0,0.0,0.0,0.0,0.0,0.0,5.0,1.0,6.0
7885,201501TX20854,1,9,0,7,0,8,0,0,0,0,1,1,2,2,23,5,1149,1,11,-1,1,-1,1,2,514340.0,175900.0,-0.355203,51.470523,1,3,2,1,42288,3,1899-12-30 08:35:00,25,E09000018,3,315,6,30,3,2,5,0,0,5,1,1,1,0,0,1,1,E01002642,1.0,1.0,2.0,23.0,5.0,3.0,0.0,0.0,0.0,0.0,0.0,9.0,1.0,5.0
7886,201501LX51285,2,9,0,9,0,8,0,0,0,0,3,1,6,1,-1,-1,-1,-1,-1,-1,-1,-1,1,2,529960.0,175630.0,-0.130537,51.464728,1,3,2,1,42288,3,1899-12-30 18:30:00,9,E09000022,3,3,6,30,3,4,6,0,0,0,4,1,1,0,0,1,2,E01003090,,,,,,,,,,,,,,
7887,2015132CB0218,2,3,0,18,0,8,5,0,0,0,1,1,2,1,17,4,124,1,5,-1,1,-1,1,2,410802.0,429462.0,-1.837629,53.761403,13,3,2,1,42320,6,1899-12-30 07:40:00,200,E08000032,3,644,6,30,3,4,6,0,0,0,1,1,2,0,0,2,1,E01010756,1.0,1.0,1.0,17.0,4.0,3.0,0.0,0.0,0.0,0.0,0.0,3.0,1.0,7.0
7888,201504SC15060,1,3,0,16,0,0,2,0,0,0,1,1,4,1,17,4,125,1,14,-1,1,-1,1,2,355250.0,419520.0,-2.678808,53.670228,4,3,2,1,42158,6,1899-12-30 16:12:00,73,E10000017,6,0,6,60,0,-1,-1,0,0,0,1,1,1,0,0,1,1,E01024969,1.0,1.0,1.0,17.0,4.0,3.0,0.0,0.0,0.0,0.0,0.0,3.0,1.0,1.0
7889,2015100006515,3,9,0,3,0,0,0,0,0,0,2,1,6,2,36,7,1900,2,10,-1,1,-1,2,3,434041.0,563731.0,-1.469828,54.967047,10,3,3,2,42186,4,1899-12-30 17:04:00,149,E08000023,3,194,3,40,0,-1,-1,0,0,0,4,1,2,0,0,2,1,E01008602,2.0,1.0,2.0,36.0,7.0,3.0,0.0,0.0,0.0,0.0,0.0,9.0,1.0,3.0
7890,2015950005646,1,9,0,5,0,3,0,0,0,0,1,1,6,2,31,6,1461,2,-1,-1,1,-1,1,2,322940.0,675720.0,-3.236139,55.968274,95,3,2,1,42289,5,1899-12-30 17:00:00,923,S12000036,5,0,1,30,1,4,3,902,0,0,4,1,1,0,0,1,1,,,,,,,,,,,,,,,
7891,201543P109075,1,9,0,17,0,1,0,0,0,0,1,1,6,1,75,10,2143,2,-1,-1,-1,-1,2,2,461808.0,204953.0,-1.10627,51.739883,43,3,2,2,42345,1,1899-12-30 21:11:00,484,E10000025,3,40,7,60,5,4,3,40,0,0,6,1,1,0,0,2,1,E01028646,2.0,2.0,2.0,74.0,10.0,3.0,0.0,0.0,1.0,0.0,0.0,9.0,-1.0,-1.0
7892,201520T004995,1,9,0,18,0,6,0,0,0,0,1,1,6,1,-1,-1,-1,-1,-1,-1,-1,-1,1,2,409950.0,287490.0,-1.854907,52.485241,20,3,2,1,19/01/2015,2,1899-12-30 20:50:00,300,E08000025,4,4516,6,30,6,4,4,4516,0,0,4,1,4,0,0,1,2,E01009192,,,,,,,,,,,,,,
7893,20151323L0680,1,9,0,7,0,8,0,0,0,0,0,1,6,2,33,6,1461,2,1,-1,1,-1,1,1,419112.0,433840.0,-1.711309,53.800515,13,3,1,1,21/03/2015,7,1899-12-30 12:20:00,200,E08000032,4,6381,6,30,3,2,6,0,0,5,1,1,1,0,0,1,1,E01010627,1.0,3.0,2.0,40.0,7.0,3.0,4.0,1.0,0.0,0.0,0.0,0.0,1.0,1.0
7894,201563BC12015,1,9,0,18,0,0,0,0,0,0,1,1,6,2,21,5,-1,-1,-1,-1,2,-1,1,2,249870.0,259680.0,-4.198895,52.214822,63,3,2,1,27/08/2015,5,1899-12-30 09:46:00,750,W06000008,6,0,6,60,0,-1,-1,0,0,0,1,1,2,0,0,2,1,W01000524,1.0,1.0,2.0,21.0,5.0,3.0,0.0,0.0,0.0,0.0,0.0,9.0,2.0,-1.0
7895,201501GD10813,1,3,0,18,0,1,0,0,0,0,1,1,6,1,21,5,124,1,6,-1,1,-1,1,3,532940.0,182540.0,-0.085063,51.526133,1,3,3,1,30/07/2015,5,1899-12-30 14:05:00,4,E09000012,3,5201,6,30,3,4,3,5201,0,0,1,1,1,0,0,1,1,E01002704,1.0,1.0,1.0,21.0,5.0,3.0,0.0,0.0,0.0,0.0,0.0,3.0,1.0,4.0
7896,201543W190095,2,9,0,3,0,4,0,0,0,0,2,1,1,1,19,4,1229,1,3,-1,2,-1,1,2,447265.0,165283.0,-1.322191,51.384633,43,3,2,1,28/09/2015,2,1899-12-30 09:45:00,471,E06000037,6,7139,1,30,1,4,6,7139,0,0,1,1,1,0,0,2,2,E01016321,1.0,1.0,1.0,19.0,4.0,3.0,0.0,0.0,0.0,0.0,0.0,9.0,2.0,8.0
7897,2015160C02891,2,1,0,18,0,0,0,0,0,0,1,1,6,2,9,2,-1,-1,-1,-1,1,-1,1,2,502594.0,457978.0,-0.436053,54.007639,16,3,2,1,42161,7,1899-12-30 09:25:00,231,E06000011,6,0,6,30,0,-1,-1,0,0,0,1,1,1,0,0,1,2,E01012980,1.0,1.0,2.0,9.0,2.0,3.0,0.0,0.0,0.0,0.0,0.0,1.0,1.0,3.0
7898,2015460259812,2,11,0,18,2,8,1,0,0,0,1,1,6,1,40,7,13000,2,12,-1,1,-1,4,2,558240.0,140860.0,0.260851,51.145136,46,3,2,4,42071,2,1899-12-30 16:15:00,543,E10000016,3,26,6,30,3,4,6,0,0,4,1,1,1,0,0,1,1,E01024838,2.0,1.0,1.0,40.0,7.0,3.0,0.0,0.0,0.0,0.0,0.0,11.0,1.0,9.0
7899,2015200038627,1,9,0,1,0,0,0,0,0,0,2,1,6,1,-1,-1,1997,1,1,-1,-1,-1,1,2,394659.0,290201.0,-2.080124,52.509674,20,3,2,1,19/12/2015,7,1899-12-30 11:30:00,303,E08000027,6,0,3,30,0,-1,-1,0,0,0,1,1,1,0,0,1,2,E01009889,,,,,,,,,,,,,,
7900,201501LX50673,1,3,0,18,0,1,0,0,0,0,1,1,6,1,29,6,125,1,8,-1,1,-1,1,1,530060.0,171240.0,-0.13071,51.425253,1,3,1,1,25/06/2015,5,1899-12-30 07:40:00,9,E09000022,3,23,6,30,3,4,6,0,0,0,1,1,1,0,6,1,1,E01003150,1.0,1.0,1.0,29.0,6.0,3.0,0.0,0.0,0.0,0.0,0.0,3.0,1.0,3.0
7901,201501HT20612,1,9,0,12,0,0,0,0,0,0,3,1,6,2,27,6,1796,2,2,-1,1,-1,1,2,535350.0,182030.0,-0.05054,51.520978,1,3,2,1,42223,4,1899-12-30 14:55:00,5,E09000030,3,11,6,30,0,-1,-1,0,0,0,1,1,1,0,0,1,1,E01004208,,,,,,,,,,,,,,
7902,201537EA87564,1,9,0,17,0,0,1,0,1,4,2,1,2,2,59,9,1587,1,9,-1,1,-1,4,1,652872.0,298605.0,1.7265,52.526576,37,3,1,4,29/01/2015,5,1899-12-30 15:09:00,416,E10000029,3,12,3,70,0,-1,-1,0,0,0,1,6,3,0,0,2,1,E01030259,3.0,2.0,2.0,50.0,8.0,3.0,0.0,0.0,2.0,0.0,0.0,9.0,-1.0,-1.0
7903,2015100074715,1,9,0,9,0,5,2,0,0,0,1,1,6,1,25,5,-1,-1,-1,-1,1,-1,1,2,425413.0,568108.0,-1.604202,55.006891,10,3,2,1,42249,2,1899-12-30 18:00:00,147,E08000021,6,1579,6,30,3,2,3,191,0,4,4,1,2,0,0,1,1,E01008424,1.0,1.0,1.0,25.0,5.0,3.0,0.0,0.0,0.0,0.0,0.0,9.0,1.0,7.0
7904,2015621501387,1,11,0,5,0,2,0,0,0,0,4,1,1,1,53,8,-1,-1,-1,-1,1,-1,1,1,266912.0,197907.0,-3.925687,51.664136,62,3,1,1,42132,4,1899-12-30 15:05:00,745,W06000011,4,4603,6,30,3,4,6,0,0,0,1,1,1,0,0,1,1,W01000812,1.0,3.0,1.0,65.0,9.0,3.0,10.0,5.0,0.0,0.0,0.0,0.0,1.0,-1.0
7905,201543P320125,1,9,0,4,0,1,0,0,0,0,1,1,6,1,19,4,1229,1,1,-1,1,-1,1,3,455383.0,219297.0,-1.197022,51.869507,43,3,3,1,21/12/2015,2,1899-12-30 12:37:00,481,E10000025,3,41,3,70,1,2,3,34,0,0,1,1,1,0,0,2,1,E01028424,,,,,,,,,,,,,,
7906,20151327T0715,1,9,0,6,0,0,0,0,0,0,3,1,6,2,28,6,1242,1,2,-1,1,-1,2,2,410038.0,417911.0,-1.849587,53.657597,13,3,2,2,29/07/2015,4,1899-12-30 13:30:00,203,E08000034,6,0,3,40,0,-1,-1,0,0,0,1,1,1,0,0,1,2,E01011202,1.0,1.0,2.0,28.0,6.0,3.0,0.0,0.0,0.0,0.0,0.0,9.0,1.0,5.0
7907,2015541520415,2,9,0,3,0,0,0,0,0,0,2,1,6,1,39,7,1968,2,8,-1,-1,-1,1,2,403536.0,164965.0,-1.950577,51.383722,54,3,2,1,17/02/2015,3,1899-12-30 11:14:00,635,E06000054,3,361,6,60,0,-1,-1,0,0,0,1,1,1,0,0,2,1,E01031844,,,,,,,,,,,,,,
7908,201501EO40321,1,9,0,9,0,8,0,0,0,0,3,1,6,1,37,7,1686,2,8,-1,1,-1,1,2,530320.0,186910.0,-0.121191,51.566014,1,3,2,1,42282,1,1899-12-30 21:30:00,3,E09000019,3,103,6,30,3,4,6,0,0,0,4,1,1,0,0,1,1,E01002807,,,,,,,,,,,,,,
7909,201514C078715,2,21,1,18,0,0,0,0,0,0,3,1,1,1,69,10,12900,2,3,-1,1,-1,1,2,443148.0,393744.0,-1.351938,53.438714,14,3,2,1,26/07/2015,1,1899-12-30 19:00:00,213,E08000018,3,633,6,30,0,-1,-1,0,0,0,1,2,2,0,0,1,1,E01007769,,,,,,,,,,,,,,
7910,2015100616515,2,9,0,18,0,0,0,0,1,0,2,1,6,1,25,5,2143,2,-1,-1,-1,-1,2,2,439055.0,554852.0,-1.392719,54.886896,10,3,2,2,42348,2,1899-12-30 21:30:00,150,E08000024,4,1405,3,30,0,-1,-1,0,0,0,4,1,2,0,0,1,1,E01008785,2.0,2.0,1.0,20.0,4.0,3.0,0.0,0.0,1.0,0.0,0.0,9.0,-1.0,-1.0
7911,2015300014661,1,8,0,2,0,0,0,0,0,0,3,1,1,1,31,6,1995,2,16,-1,1,-1,1,2,439210.0,374940.0,-1.413538,53.270007,30,3,2,1,42011,4,1899-12-30 13:30:00,322,E10000007,6,0,6,30,0,-1,-1,0,0,0,1,1,1,0,0,2,2,E01019526,,,,,,,,,,,,,,
7912,201501YE80189,1,9,0,3,0,8,0,0,0,0,2,1,6,1,43,7,1199,1,15,-1,1,-1,1,2,536200.0,195800.0,-0.032959,51.644512,1,3,2,1,42219,1,1899-12-30 21:30:00,32,E09000010,3,1055,1,30,1,4,3,110,0,8,4,1,1,0,0,2,2,E01001506,1.0,2.0,1.0,-1.0,-1.0,3.0,0.0,0.0,1.0,0.0,0.0,9.0,-1.0,-1.0
7913,201501LX50918,1,3,0,18,0,8,0,0,0,0,1,1,6,1,39,7,-1,-1,-1,-1,1,-1,2,2,529670.0,170370.0,-0.136634,51.417524,1,3,2,2,15/08/2015,7,1899-12-30 22:45:00,9,E09000022,4,272,6,30,6,2,6,0,0,5,4,1,1,0,0,1,1,E01003146,1.0,1.0,1.0,39.0,7.0,3.0,0.0,0.0,0.0,0.0,0.0,3.0,1.0,4.0
7914,201597LA04906,1,9,0,11,0,0,2,0,4,6,1,1,2,1,27,6,1000,1,4,-1,1,-1,1,1,238583.0,678326.0,-4.58802,55.970713,97,3,1,1,22/06/2015,2,1899-12-30 06:40:00,916,S12000039,3,82,3,70,0,-1,-1,0,0,0,1,1,2,0,0,2,1,,1.0,1.0,1.0,27.0,6.0,3.0,0.0,0.0,0.0,0.0,0.0,9.0,1.0,-1.0
7915,2015450026624,1,9,0,18,0,1,0,0,0,0,1,1,6,1,21,5,1242,1,4,-1,1,-1,4,2,539241.0,158960.0,-0.003547,51.312724,45,3,2,4,42192,3,1899-12-30 12:50:00,516,E10000030,5,76,6,60,3,4,5,78,0,0,1,1,1,0,0,2,1,E01030852,4.0,1.0,1.0,21.0,5.0,3.0,0.0,0.0,0.0,0.0,0.0,9.0,1.0,10.0
7916,20151329C1490,2,9,0,18,0,8,0,0,0,0,2,1,6,2,46,8,1299,1,13,-1,-1,-1,2,3,431711.0,435435.0,-1.519865,53.814238,13,3,3,2,42347,7,1899-12-30 20:45:00,204,E08000035,3,58,6,30,3,4,6,0,0,0,4,1,1,0,0,1,1,E01011429,2.0,1.0,2.0,46.0,8.0,3.0,0.0,0.0,0.0,0.0,0.0,9.0,-1.0,-1.0
7917,201504EF15201,2,9,0,18,0,8,0,0,0,0,1,1,1,2,49,8,1399,2,12,-1,1,-1,1,2,381230.0,422620.0,-2.285775,53.699675,4,3,2,1,42254,5,1899-12-30 07:27:00,82,E10000017,3,681,6,30,3,4,3,682,0,0,1,1,1,0,0,1,1,E01033281,1.0,1.0,2.0,49.0,8.0,3.0,0.0,0.0,0.0,0.0,0.0,9.0,1.0,3.0
7918,2015030001504,2,9,0,10,0,1,0,0,0,0,1,1,6,1,65,9,1248,2,9,-1,2,-1,3,2,298180.0,520390.0,-3.576395,54.568447,3,3,2,3,16/06/2015,3,1899-12-30 10:04:00,63,E10000006,3,595,6,40,9,4,6,0,0,0,1,1,1,0,0,2,1,E01019297,2.0,1.0,1.0,65.0,9.0,3.0,0.0,0.0,0.0,0.0,0.0,9.0,2.0,4.0
7919,201522G503729,2,19,0,2,0,0,0,0,0,0,2,1,1,1,32,6,1560,2,1,-1,-1,-1,1,3,372140.0,292250.0,-2.412086,52.527403,22,3,3,1,26/09/2015,7,1899-12-30 10:56:00,286,E06000051,3,442,6,30,0,-1,-1,0,0,0,4,1,1,0,0,2,1,E01028835,,,,,,,,,,,,,,
7920,201501XD81081,1,9,0,9,0,8,0,0,0,0,1,1,1,1,60,9,-1,-1,-1,-1,1,-1,1,2,513080.0,184080.0,-0.370715,51.544296,1,3,2,1,25/11/2015,4,1899-12-30 17:00:00,27,E09000009,6,0,6,30,3,4,6,0,0,0,4,1,1,0,0,1,1,E01001323,,,,,,,,,,,,,,
7921,2015471503247,2,9,0,18,0,0,0,0,0,0,2,1,1,1,25,5,1600,1,15,-1,1,-1,3,4,550406.0,129581.0,0.144247,51.045896,47,3,4,3,42314,5,1899-12-30 08:40:00,556,E10000011,3,26,6,50,0,-1,-1,0,0,0,1,1,1,0,0,2,1,E01021162,3.0,1.0,1.0,25.0,5.0,3.0,0.0,0.0,0.0,0.0,0.0,9.0,1.0,2.0
7922,2015621501214,2,9,0,18,0,0,2,0,1,4,4,1,6,1,23,5,-1,-1,-1,-1,2,-1,2,2,316283.0,174871.0,-3.20657,51.466592,62,3,2,2,20/07/2015,2,1899-12-30 19:55:00,741,W06000015,3,4232,3,70,0,-1,-1,0,0,0,1,1,2,0,0,2,1,W01001711,1.0,1.0,1.0,23.0,5.0,3.0,0.0,0.0,0.0,0.0,0.0,9.0,2.0,-1.0
7923,2015360089808,2,9,0,3,0,0,0,0,0,0,2,1,6,2,65,9,1796,1,9,-1,1,-1,6,4,615992.0,278631.0,1.170877,52.363144,36,3,4,6,25/03/2015,4,1899-12-30 15:00:00,406,E10000020,3,143,6,50,0,-1,-1,0,0,0,1,1,1,0,0,2,1,E01026935,6.0,2.0,1.0,59.0,9.0,3.0,0.0,0.0,1.0,0.0,0.0,9.0,1.0,3.0
7924,201501WW50770,1,9,0,18,0,8,0,0,0,0,2,1,6,1,53,8,1988,1,13,-1,-1,-1,2,2,525510.0,174680.0,-0.194899,51.457194,1,3,2,2,17/08/2015,2,1899-12-30 09:28:00,10,E09000032,3,3,6,30,3,2,3,218,0,5,1,1,1,0,0,1,2,E01004600,1.0,1.0,1.0,53.0,8.0,3.0,0.0,0.0,0.0,0.0,0.0,9.0,-1.0,-1.0
7925,2015160D00461,2,3,0,18,0,1,0,0,0,0,1,1,6,1,18,4,124,1,8,-1,3,-1,1,2,505450.0,430923.0,-0.401793,53.763994,16,3,2,1,42037,2,1899-12-30 18:20:00,228,E06000010,6,0,6,30,3,4,6,0,0,0,4,1,2,0,0,1,1,E01012797,1.0,1.0,1.0,18.0,4.0,3.0,0.0,0.0,0.0,0.0,0.0,3.0,3.0,7.0
7926,2015460254014,2,9,0,18,0,1,0,0,0,0,1,1,6,1,45,7,2495,2,10,-1,3,-1,1,2,555110.0,166670.0,0.227324,51.377897,46,3,2,1,42311,4,1899-12-30 17:20:00,538,E10000016,3,20,6,50,3,4,6,0,0,8,1,1,1,0,0,2,1,E01024433,1.0,1.0,1.0,45.0,7.0,3.0,0.0,0.0,0.0,0.0,0.0,9.0,3.0,8.0
7927,201597GA71003,2,9,0,18,0,7,0,0,0,0,2,1,2,2,49,8,1149,1,4,-1,1,-1,1,2,253622.0,665153.0,-4.340145,55.857278,97,3,2,1,30/03/2015,2,1899-12-30 08:00:00,926,S12000043,3,739,3,30,5,4,3,8,0,0,1,2,2,0,0,1,1,,1.0,1.0,2.0,49.0,8.0,3.0,0.0,0.0,0.0,0.0,0.0,9.0,1.0,-1.0
7928,2015320112350,3,9,0,3,0,0,0,0,0,0,1,1,2,2,55,8,1497,1,10,-1,1,-1,1,4,494952.0,368266.0,-0.579918,53.202998,32,3,4,1,26/10/2015,2,1899-12-30 17:59:00,352,E10000019,4,1003,6,40,0,-1,-1,0,0,0,4,1,1,0,0,1,1,E01026171,,,,,,,,,,,,,,
7929,201531B040115,1,3,0,17,0,0,0,10,0,0,1,1,6,2,46,8,-1,-1,-1,-1,2,-1,1,1,460405.0,356085.0,-1.099329,53.098557,31,3,1,1,42188,7,1899-12-30 14:52:00,345,E10000024,6,0,6,60,0,-1,-1,0,0,0,1,4,1,0,0,2,1,E01028299,1.0,1.0,2.0,46.0,8.0,3.0,0.0,0.0,0.0,0.0,0.0,3.0,2.0,2.0
7930,2015950004332,1,9,0,7,0,1,0,0,0,0,4,1,6,2,68,10,1248,1,3,-1,1,-1,1,2,304815.0,670238.0,-3.524474,55.915783,95,3,2,1,42014,5,1899-12-30 13:33:00,940,S12000040,3,899,3,50,1,2,1,8,0,0,1,1,1,0,0,1,1,,1.0,2.0,2.0,3.0,1.0,3.0,0.0,0.0,2.0,0.0,0.0,9.0,1.0,-1.0
7931,2015200037566,2,9,0,15,0,0,0,0,0,0,3,1,6,1,22,5,999,1,-1,-1,1,-1,3,2,408075.0,289036.0,-1.88248,52.49917,20,3,2,3,14/11/2015,7,1899-12-30 02:03:00,300,E08000025,3,5127,3,30,0,-1,-1,0,0,0,4,8,2,0,0,1,1,E01008901,3.0,2.0,1.0,23.0,5.0,3.0,0.0,0.0,1.0,0.0,0.0,9.0,-1.0,-1.0
7932,201514A048015,1,4,0,9,0,6,1,0,0,0,0,1,6,1,61,9,400,1,21,-1,1,-1,1,2,461615.0,401094.0,-1.07254,53.502939,14,3,2,1,42159,2,1899-12-30 12:45:00,211,E08000017,6,0,6,30,3,4,6,0,0,0,1,1,1,0,0,1,1,E01007522,1.0,1.0,1.0,61.0,9.0,3.0,0.0,0.0,0.0,0.0,0.0,4.0,1.0,5.0
7933,2015132BJ0235,2,9,0,3,0,8,0,0,0,0,2,1,6,1,39,7,1242,1,9,-1,1,-1,3,2,428905.0,429928.0,-1.562994,53.764905,13,3,2,3,19/11/2015,5,1899-12-30 08:10:00,204,E08000035,6,0,6,30,3,4,6,0,0,0,1,4,1,0,0,1,2,E01011320,2.0,2.0,2.0,15.0,3.0,3.0,0.0,0.0,2.0,0.0,0.0,9.0,1.0,1.0
7934,201501GD10281,2,1,0,18,0,8,0,0,0,0,1,1,6,1,34,6,-1,-1,-1,-1,-1,-1,2,2,533450.0,182180.0,-0.077852,51.522778,1,3,2,2,14/04/2015,3,1899-12-30 08:28:00,4,E09000012,3,10,6,30,3,2,3,1202,0,5,1,1,1,0,0,1,2,E01033708,2.0,1.0,1.0,34.0,6.0,3.0,0.0,0.0,0.0,0.0,0.0,1.0,-1.0,-1.0
7935,201523M426609,2,9,0,18,0,0,0,0,0,0,4,1,6,2,64,9,1229,1,9,-1,1,-1,2,2,419716.0,286246.0,-1.711169,52.473794,23,3,2,2,22/10/2015,5,1899-12-30 10:30:00,290,E10000031,1,42,3,70,0,-1,-1,0,0,0,1,1,1,0,0,2,1,E01010110,2.0,2.0,2.0,68.0,10.0,3.0,0.0,0.0,2.0,0.0,0.0,9.0,-1.0,-1.0
7936,20154100T1110,4,9,0,18,0,0,1,0,0,0,1,1,6,1,43,7,1229,1,9,-1,-1,-1,5,5,514703.0,196169.0,-0.343372,51.65262,41,3,5,5,42165,3,1899-12-30 22:20:00,33,E10000015,1,1,3,70,0,-1,-1,0,0,0,4,2,2,0,0,2,1,E01023551,5.0,2.0,1.0,38.0,7.0,3.0,0.0,0.0,2.0,0.0,0.0,9.0,-1.0,-1.0
7937,201501EO40201,1,9,0,3,0,0,0,0,0,0,3,1,6,2,45,7,1370,1,18,-1,1,-1,1,2,530860.0,186110.0,-0.113702,51.5587,1,3,2,1,42341,5,1899-12-30 15:10:00,3,E09000019,3,103,6,30,0,-1,-1,0,0,4,1,1,1,0,0,1,2,E01002730,1.0,1.0,2.0,45.0,7.0,3.0,0.0,0.0,0.0,0.0,0.0,9.0,1.0,2.0