,accident_index,vehicle_reference,vehicle_type,towing_and_articulation,vehicle_manoeuvre,vehicle_location-restricted_lane,junction_location,skidding_and_overturning,hit_object_in_carriageway,vehicle_leaving_carriageway,hit_object_off_carriageway,1st_point_of_impact,was_vehicle_left_hand_drive?,journey_purpose_of_driver,sex_of_driver,age_of_driver,age_band_of_driver,engine_capacity_(cc),propulsion_code,age_of_vehicle,driver_imd_decile,driver_home_area_type,vehicle_imd_decile,NUmber_of_Casualities_unique_to_accident_index,No_of_Vehicles_involved_unique_to_accident_index,location_easting_osgr,location_northing_osgr,longitude,latitude,police_force,accident_severity,number_of_vehicles,number_of_casualties,date,day_of_week,time,local_authority_(district),local_authority_(highway),1st_road_class,1st_road_number,road_type,speed_limit,junction_detail,junction_control,2nd_road_class,2nd_road_number,pedestrian_crossing-human_control,pedestrian_crossing-physical_facilities,light_conditions,weather_conditions,road_surface_conditions,special_conditions_at_site,carriageway_hazards,urban_or_rural_area,did_police_officer_attend_scene_of_accident,lsoa_of_accident_location,casualty_reference,casualty_class,sex_of_casualty,age_of_casualty,age_band_of_casualty,casualty_severity,pedestrian_location,pedestrian_movement,car_passenger,bus_or_coach_passenger,pedestrian_road_maintenance_worker,casualty_type,casualty_home_area_type,casualty_imd_decile
7938,2015460256347,1,9,0,9,0,8,0,0,0,0,2,1,6,1,46,8,1997,2,-1,-1,1,-1,1,1,575432.0,166891.0,0.519146,51.373972,46,3,1,1,42160,4,1899-12-30 14:01:00,544,E06000035,6,0,6,30,6,3,6,0,0,0,1,4,2,0,0,1,1,E01016021,1.0,3.0,1.0,2.0,1.0,3.0,9.0,9.0,0.0,0.0,0.0,0.0,1.0,6.0
7939,2015471503225,1,19,0,18,0,6,0,0,0,0,1,1,1,1,32,6,2198,2,2,-1,2,-1,1,2,569393.0,110613.0,0.406044,50.870201,47,3,2,1,42283,4,1899-12-30 16:55:00,556,E10000011,6,0,6,30,3,4,4,2095,0,0,1,1,1,0,0,2,1,E01021205,1.0,2.0,2.0,47.0,8.0,3.0,0.0,0.0,0.0,0.0,0.0,19.0,1.0,2.0
7940,2015471507710,2,1,0,3,0,3,0,0,0,0,2,1,6,1,53,8,-1,-1,-1,-1,1,-1,1,2,507931.0,103182.0,-0.469213,50.818136,47,3,2,1,27/12/2015,1,1899-12-30 11:00:00,558,E10000032,3,259,1,50,1,4,4,2140,0,0,1,1,2,0,0,2,2,E01031388,1.0,1.0,1.0,53.0,8.0,3.0,0.0,0.0,0.0,0.0,0.0,1.0,1.0,8.0
7941,2015460256926,3,9,0,4,0,0,0,0,0,0,2,1,6,1,65,9,1198,1,1,-1,3,-1,3,4,567090.0,159480.0,0.395932,51.309907,46,3,4,3,22/05/2015,6,1899-12-30 17:06:00,542,E10000016,1,20,3,70,0,-1,-1,0,0,0,1,1,1,0,0,2,1,E01032829,2.0,1.0,1.0,65.0,9.0,3.0,0.0,0.0,0.0,0.0,0.0,9.0,3.0,6.0
7942,201520M006735,5,9,0,3,0,0,0,0,0,0,2,1,6,1,45,7,1242,1,3,-1,1,-1,1,5,430250.0,280380.0,-1.55662,52.42058,20,3,5,1,20/02/2015,6,1899-12-30 06:26:00,302,E08000026,3,4114,3,50,0,-1,-1,0,0,0,4,1,2,0,0,2,1,E01009694,,,,,,,,,,,,,,
7943,201522E503216,2,9,0,6,0,1,0,0,0,0,1,1,6,1,-1,-1,-1,-1,-1,-1,-1,-1,1,2,351350.0,240220.0,-2.710978,52.058213,22,3,2,1,42255,1,1899-12-30 09:30:00,285,E06000019,3,465,6,30,3,4,6,0,0,0,1,1,1,0,0,1,2,E01014010,,,,,,,,,,,,,,
7944,2015621502112,3,9,0,2,0,2,0,0,0,0,3,1,6,3,-1,-1,-1,-1,-1,-1,-1,-1,1,6,318166.0,181544.0,-3.181018,51.526856,62,3,6,1,42167,1,1899-12-30 08:59:00,741,W06000015,6,0,6,30,3,4,6,0,0,0,1,5,2,0,0,1,1,W01001791,,,,,,,,,,,,,,
7945,2015132BD1431,2,1,0,18,0,0,5,0,0,0,2,1,2,2,49,8,-1,-1,-1,-1,1,-1,1,2,431272.0,434140.0,-1.526663,53.802625,13,3,2,1,13/11/2015,6,1899-12-30 19:00:00,204,E08000035,6,0,6,30,0,-1,-1,0,0,0,4,5,2,0,0,1,2,E01033035,1.0,1.0,2.0,49.0,8.0,3.0,0.0,0.0,0.0,0.0,0.0,1.0,1.0,1.0
7946,201506G009214,1,9,0,9,0,5,0,0,0,0,1,1,1,1,50,8,1797,8,3,-1,1,-1,1,3,395180.0,399760.0,-2.074121,53.494521,6,3,3,1,24/11/2015,3,1899-12-30 16:42:00,110,E08000008,3,670,6,30,3,4,6,0,0,0,7,2,2,0,0,1,1,E01005944,,,,,,,,,,,,,,
7947,201560S017593,2,9,0,2,0,1,0,0,0,0,1,1,6,1,41,7,-1,-1,-1,-1,-1,-1,2,2,300710.0,381301.0,-3.491988,53.319293,60,3,2,2,42157,6,1899-12-30 15:30:00,723,W06000004,3,548,2,30,9,4,6,0,0,4,1,3,3,0,0,1,2,W01000240,2.0,2.0,2.0,31.0,6.0,3.0,0.0,0.0,1.0,0.0,0.0,9.0,-1.0,-1.0
7948,2015460255995,2,9,0,18,0,0,0,0,0,0,4,1,6,1,52,8,1995,1,21,-1,1,-1,1,2,583240.0,163510.0,0.629464,51.341139,46,3,2,1,22/04/2015,4,1899-12-30 09:41:00,540,E10000016,1,2,3,70,0,-1,-1,0,0,0,1,1,1,0,0,2,1,E01024570,,,,,,,,,,,,,,
7949,201550AC2B008,1,9,0,9,0,1,0,0,0,0,1,1,6,3,-1,-1,-1,-1,-1,-1,-1,-1,1,1,165675.0,39509.0,-5.285473,50.209091,50,3,1,1,16/05/2015,7,1899-12-30 23:35:00,596,E06000052,6,0,6,30,3,4,6,0,0,0,4,1,1,0,0,1,2,E01018870,1.0,3.0,2.0,15.0,3.0,3.0,5.0,9.0,0.0,0.0,0.0,0.0,1.0,3.0
7950,2015160C05301,1,9,0,3,0,2,0,0,0,0,2,1,6,1,42,7,1560,2,4,-1,2,-1,1,3,487957.0,441507.0,-0.664055,53.862339,16,3,3,1,42347,7,1899-12-30 10:15:00,231,E06000011,6,0,6,30,3,4,6,0,0,1,1,2,2,0,0,2,1,E01013124,,,,,,,,,,,,,,
7951,201543P209125,2,19,0,10,0,0,0,0,0,0,2,1,2,1,37,7,1995,2,5,-1,2,-1,3,3,450929.0,187261.0,-1.266381,51.581915,43,3,3,3,16/12/2015,4,1899-12-30 15:54:00,483,E10000025,3,417,6,50,0,-1,-1,0,0,0,6,1,1,0,0,2,1,E01028712,2.0,1.0,1.0,37.0,7.0,3.0,0.0,0.0,0.0,0.0,0.0,19.0,2.0,6.0
7952,2015551500913,1,9,0,18,0,0,5,0,2,10,4,1,6,1,61,9,1598,1,3,-1,2,-1,2,1,389458.0,97284.0,-2.150876,50.775039,55,3,1,2,21/10/2015,4,1899-12-30 13:13:00,642,E10000009,3,31,6,40,0,-1,-1,0,0,0,1,1,2,0,0,2,1,E01020432,1.0,1.0,1.0,61.0,9.0,3.0,0.0,0.0,0.0,0.0,0.0,9.0,2.0,6.0
7953,2015350135215,2,9,0,2,0,2,0,0,0,0,3,1,6,3,-1,-1,1995,2,1,-1,2,-1,1,2,558960.0,274400.0,0.332128,52.344638,35,3,2,1,19/08/2015,4,1899-12-30 19:37:00,391,E10000003,5,305,6,30,8,4,6,0,0,0,1,1,1,0,0,2,1,E01033427,,,,,,,,,,,,,,
7954,2015350116615,1,9,0,18,0,8,0,0,0,0,1,1,6,1,35,6,-1,-1,-1,-1,1,-1,1,1,518790.0,299760.0,-0.248201,52.582682,35,3,1,1,42345,1,1899-12-30 17:08:00,394,E06000031,6,0,6,30,3,4,6,0,0,0,1,1,1,0,0,1,1,E01015600,1.0,3.0,2.0,2.0,1.0,3.0,5.0,2.0,0.0,0.0,0.0,0.0,1.0,1.0
7955,201501RY10368,1,9,0,3,0,8,0,0,0,0,1,1,6,1,27,6,1995,2,7,-1,1,-1,1,2,549360.0,175300.0,0.148402,51.45698,1,3,2,1,25/07/2015,7,1899-12-30 01:30:00,18,E09000004,3,220,6,30,6,4,5,0,0,1,4,1,1,0,0,1,2,E01000365,1.0,1.0,1.0,27.0,6.0,3.0,0.0,0.0,0.0,0.0,0.0,9.0,1.0,10.0
7956,201520N025745,1,8,0,3,0,0,0,0,0,0,2,1,1,1,-1,-1,-1,-1,-1,-1,-1,-1,3,3,411060.0,291010.0,-1.838445,52.516864,20,3,3,3,42160,4,1899-12-30 10:40:00,300,E08000025,3,4040,6,30,0,-1,-1,0,0,0,1,9,1,4,0,1,2,E01009013,3.0,2.0,1.0,-1.0,-1.0,3.0,0.0,0.0,2.0,0.0,0.0,8.0,1.0,2.0
7957,2015331501800,3,9,0,18,0,1,0,0,0,0,0,1,6,3,-1,-1,-1,-1,-1,-1,-1,-1,3,3,459818.0,304702.0,-1.117514,52.636778,33,3,3,3,24/11/2015,3,1899-12-30 14:45:00,364,E06000016,6,2593,6,30,3,4,6,331,0,0,1,2,2,0,0,1,2,E01013746,,,,,,,,,,,,,,
7958,201520T049475,2,9,0,18,0,4,1,0,0,0,3,1,6,1,40,7,1896,2,13,-1,1,-1,2,2,411530.0,287750.0,-1.831631,52.487547,20,3,2,2,15/08/2015,7,1899-12-30 05:45:00,300,E08000025,6,0,1,30,1,4,6,0,0,0,1,1,1,0,0,1,1,E01009492,2.0,1.0,1.0,40.0,7.0,3.0,0.0,0.0,0.0,0.0,0.0,9.0,1.0,4.0
7959,2015450021732,1,19,0,9,0,2,0,0,7,0,1,1,6,1,43,7,2402,2,10,-1,1,-1,1,1,486913.0,147569.0,-0.75687,51.220712,45,3,1,1,42065,3,1899-12-30 00:15:00,517,E10000030,5,119,6,40,3,4,3,31,0,0,7,1,1,0,0,2,1,E01030894,1.0,1.0,1.0,43.0,7.0,3.0,0.0,0.0,0.0,0.0,0.0,19.0,1.0,9.0
7960,201550CS2A002,1,9,0,17,0,0,5,0,1,4,1,1,6,1,53,8,1997,2,16,-1,3,-1,1,1,267882.0,135823.0,-3.888554,51.106435,50,3,1,1,42156,3,1899-12-30 11:36:00,582,E10000008,3,399,6,60,0,-1,-1,0,0,0,1,1,2,0,0,2,1,E01020131,1.0,1.0,1.0,53.0,8.0,3.0,0.0,0.0,0.0,0.0,0.0,9.0,3.0,5.0
7961,2015132AN1190,1,1,0,18,0,0,0,0,0,0,1,1,6,1,20,4,-1,-1,-1,-1,1,-1,1,2,415138.0,429447.0,-1.771859,53.761161,13,3,2,1,23/10/2015,6,1899-12-30 16:00:00,200,E08000032,6,0,6,30,0,-1,-1,0,0,0,1,1,1,0,0,1,2,E01010751,1.0,1.0,1.0,20.0,4.0,3.0,0.0,0.0,0.0,0.0,0.0,1.0,1.0,1.0
7962,2015471507721,1,9,0,9,0,5,0,0,0,0,1,1,6,2,33,6,1360,1,8,-1,1,-1,1,2,556433.0,125672.0,0.228472,51.009164,47,3,2,1,29/12/2015,3,1899-12-30 13:53:00,556,E10000011,3,267,6,50,3,4,6,0,0,0,1,1,2,0,0,2,1,E01021203,,,,,,,,,,,,,,
7963,201501YR90926,1,2,0,18,0,1,0,0,0,0,1,1,1,1,40,7,49,1,2,-1,1,-1,1,2,535080.0,189300.0,-0.051639,51.586372,1,3,2,1,20/09/2015,1,1899-12-30 19:00:00,13,E09000031,3,503,6,30,3,4,6,0,0,0,4,1,1,0,0,2,1,E01004401,1.0,1.0,1.0,40.0,7.0,3.0,0.0,0.0,0.0,0.0,0.0,2.0,1.0,4.0
7964,201501WW50877,1,19,0,9,0,8,0,0,0,0,1,1,6,1,26,6,2198,2,1,-1,1,-1,1,2,525310.0,174100.0,-0.197982,51.452026,1,3,2,1,29/09/2015,3,1899-12-30 15:55:00,10,E09000032,3,218,6,30,3,4,3,218,0,0,1,1,1,0,0,1,1,E01004601,,,,,,,,,,,,,,
7965,2015521501956,1,9,0,17,0,0,1,10,0,0,4,1,1,1,20,4,-1,-1,-1,-1,-1,-1,3,1,375831.0,161325.0,-2.348435,51.350483,52,3,1,3,22/02/2015,1,1899-12-30 20:28:00,611,E06000022,4,3110,6,40,0,-1,-1,0,0,0,6,5,2,0,0,2,1,E01033078,1.0,1.0,1.0,20.0,4.0,3.0,0.0,0.0,0.0,0.0,0.0,9.0,-1.0,-1.0
7966,2015051501008,2,9,0,3,0,1,0,0,0,0,2,1,1,1,53,8,1686,2,3,-1,1,-1,1,2,332427.0,400177.0,-3.02001,53.493938,5,3,2,1,42189,3,1899-12-30 13:15:00,93,E08000014,6,0,6,30,9,4,3,565,0,0,1,1,1,0,0,1,2,E01007021,2.0,1.0,1.0,53.0,8.0,3.0,0.0,0.0,0.0,0.0,0.0,9.0,1.0,9.0
7967,2015950005588,2,9,0,4,0,0,0,0,0,0,2,1,6,2,46,8,1560,2,1,-1,1,-1,3,2,294491.0,664968.0,-3.687519,55.866299,95,3,2,3,42075,5,1899-12-30 16:30:00,940,S12000040,4,7069,6,30,0,-1,-1,0,0,0,4,2,2,0,0,1,2,,2.0,2.0,2.0,26.0,6.0,3.0,0.0,0.0,2.0,0.0,0.0,9.0,1.0,-1.0
7968,2015546475915,1,1,0,18,0,8,0,0,0,0,1,1,6,1,17,4,-1,-1,-1,-1,1,-1,1,2,387408.0,145011.0,-2.181619,51.204169,54,3,2,1,18/07/2015,7,1899-12-30 22:08:00,635,E06000054,5,360,6,30,8,4,6,0,0,8,5,1,1,0,0,1,1,E01032103,1.0,1.0,1.0,17.0,4.0,3.0,0.0,0.0,0.0,0.0,0.0,1.0,1.0,5.0
7969,2015160D07511,1,1,0,18,0,0,0,0,0,0,1,1,6,1,40,7,-1,-1,-1,-1,1,-1,2,1,509278.0,429057.0,-0.344407,53.746441,16,3,1,2,24/11/2015,3,1899-12-30 15:40:00,228,E06000010,6,0,2,20,0,-1,-1,0,0,0,1,2,2,0,0,1,1,E01033104,1.0,1.0,1.0,40.0,7.0,3.0,0.0,0.0,0.0,0.0,0.0,1.0,1.0,1.0
7970,2015230033114,1,9,0,16,0,0,2,0,1,9,1,1,6,1,19,4,1242,1,13,-1,3,-1,2,2,420430.0,266134.0,-1.701876,52.292961,23,3,2,2,42135,5,1899-12-30 19:18:00,294,E10000031,6,0,6,50,0,-1,-1,0,0,0,6,1,2,0,0,2,1,E01031281,1.0,1.0,1.0,19.0,4.0,3.0,0.0,0.0,0.0,0.0,0.0,9.0,3.0,6.0
7971,20154100G0705,1,9,0,16,0,0,1,0,2,3,1,1,6,1,35,6,1149,1,11,-1,1,-1,1,1,520110.0,228642.0,-0.254016,51.943322,41,3,1,1,28/12/2015,2,1899-12-30 03:00:00,433,E10000015,6,470,6,30,0,-1,-1,0,0,0,5,1,2,0,7,1,1,E01023607,1.0,1.0,1.0,35.0,6.0,3.0,0.0,0.0,0.0,0.0,0.0,9.0,1.0,7.0
7972,201523N026086,1,9,0,18,0,2,0,0,0,0,1,1,6,1,-1,-1,3200,2,11,-1,-1,-1,1,1,436235.0,291833.0,-1.467378,52.523175,23,3,1,1,29/07/2015,4,1899-12-30 16:20:00,291,E10000031,6,0,6,30,6,4,6,0,0,0,1,1,1,0,0,1,2,E01031043,1.0,3.0,2.0,56.0,9.0,3.0,9.0,8.0,0.0,0.0,0.0,0.0,1.0,1.0
7973,2015300016838,1,9,0,13,0,8,0,0,7,10,1,1,6,1,50,8,5000,1,6,-1,1,-1,1,2,416510.0,359210.0,-1.754708,53.129801,30,3,2,1,23/11/2015,2,1899-12-30 10:05:00,329,E10000007,3,515,6,50,3,4,6,0,0,0,1,1,2,0,0,2,1,E01019611,,,,,,,,,,,,,,
7974,201520T054895,2,9,0,3,0,0,0,0,0,0,2,1,6,2,32,6,1587,1,11,-1,1,-1,4,2,413830.0,289430.0,-1.797691,52.502597,20,3,2,4,42014,5,1899-12-30 18:00:00,300,E08000025,3,452,6,30,0,-1,-1,0,0,0,1,1,1,0,0,1,2,E01009083,4.0,2.0,2.0,9.0,2.0,3.0,0.0,0.0,2.0,0.0,0.0,9.0,1.0,1.0
7975,201501RY10067,2,9,0,15,0,0,0,0,0,0,4,1,6,2,46,8,1998,1,15,-1,1,-1,1,2,549310.0,178540.0,0.14905,51.486106,1,3,2,1,20/02/2015,6,1899-12-30 13:14:00,18,E09000004,4,250,6,30,0,-1,-1,0,0,0,1,1,1,0,0,1,1,E01000332,1.0,1.0,2.0,46.0,8.0,3.0,0.0,0.0,0.0,0.0,0.0,9.0,1.0,3.0
7976,201543R244095,1,9,0,9,0,2,0,0,0,0,1,1,6,1,-1,-1,1389,1,19,-1,-1,-1,1,2,494133.0,182667.0,-0.644228,51.53507,43,3,2,1,27/09/2015,1,1899-12-30 12:55:00,473,E06000039,6,7301,6,30,3,4,6,7301,0,0,1,1,1,0,0,1,1,E01016453,,,,,,,,,,,,,,
7977,201501CW11156,2,5,0,18,0,8,0,0,0,0,1,1,6,1,44,7,670,1,2,-1,1,-1,1,2,529080.0,179150.0,-0.141912,51.496563,1,3,2,1,42132,4,1899-12-30 10:00:00,1,E09000033,3,302,6,30,3,4,3,302,0,4,1,1,1,0,0,1,1,E01004748,1.0,1.0,1.0,44.0,7.0,3.0,0.0,0.0,0.0,0.0,0.0,5.0,1.0,3.0
7978,2015132310981,2,9,0,18,0,0,0,0,0,0,2,1,6,1,51,8,1995,1,7,-1,-1,-1,2,3,433996.0,433979.0,-1.485322,53.801008,13,3,3,2,42007,1,1899-12-30 15:20:00,204,E08000035,4,6159,6,30,0,-1,-1,0,0,0,1,1,2,0,0,1,1,E01011341,,,,,,,,,,,,,,
7979,201501ZT80283,2,1,0,18,0,8,0,0,0,0,4,1,6,2,27,6,-1,-1,-1,-1,1,-1,1,2,526370.0,165340.0,-0.185854,51.373063,1,3,2,1,42013,3,1899-12-30 20:18:00,21,E09000029,6,0,6,30,2,4,6,0,0,0,4,1,1,0,0,1,1,E01004149,1.0,1.0,2.0,27.0,6.0,3.0,0.0,0.0,0.0,0.0,0.0,1.0,1.0,6.0
7980,201501XH30650,2,9,0,9,0,8,0,0,0,0,1,1,6,1,-1,-1,-1,-1,-1,-1,-1,-1,1,2,509670.0,180080.0,-0.421113,51.509017,1,3,2,1,25/08/2015,3,1899-12-30 08:05:00,26,E09000017,5,0,1,30,2,3,5,0,0,0,1,1,1,0,0,1,2,E01002406,,,,,,,,,,,,,,
7981,2015521505915,2,9,0,9,0,8,0,0,0,0,4,1,6,2,35,6,998,1,9,-1,1,-1,2,2,356961.0,177048.0,-2.621295,51.49073,52,3,2,2,21/07/2015,3,1899-12-30 14:45:00,601,E06000023,3,4018,6,30,6,2,6,0,0,5,1,1,1,0,0,1,1,E01014715,2.0,2.0,2.0,3.0,1.0,3.0,0.0,0.0,1.0,0.0,0.0,9.0,1.0,6.0
7982,2015420032050,1,9,0,5,7,4,0,0,0,0,1,1,5,1,43,7,1896,2,11,-1,1,-1,1,2,588294.0,187036.0,0.714447,51.550787,42,3,2,1,42349,5,1899-12-30 19:55:00,460,E06000033,6,0,1,30,1,4,6,0,0,0,4,2,2,0,0,1,2,E01015874,,,,,,,,,,,,,,
7983,201501TX20126,1,9,0,4,0,8,0,0,0,0,2,1,6,1,-1,-1,998,1,6,-1,-1,-1,1,2,513630.0,176910.0,-0.365096,51.479744,1,3,2,1,42279,3,1899-12-30 14:45:00,25,E09000018,3,3005,6,30,3,2,6,0,0,0,1,1,1,0,0,1,2,E01002629,1.0,1.0,1.0,-1.0,-1.0,3.0,0.0,0.0,0.0,0.0,0.0,9.0,-1.0,-1.0
7984,201542I243808,1,9,0,18,0,0,0,0,1,0,1,1,6,1,17,4,1248,2,10,-1,1,-1,3,1,618962.0,230913.0,1.183698,51.933629,42,3,1,3,42071,2,1899-12-30 23:40:00,461,E10000012,4,1352,6,50,0,-1,-1,0,0,0,6,1,1,0,0,2,1,E01022028,3.0,2.0,1.0,17.0,4.0,3.0,0.0,0.0,1.0,0.0,0.0,9.0,1.0,2.0
7985,201501KF69163,2,9,0,18,0,0,0,0,0,0,1,1,6,1,-1,-1,2143,2,1,-1,1,-1,1,3,540390.0,181760.0,0.021949,51.517323,1,3,3,1,42196,7,1899-12-30 17:25:00,17,E09000025,3,13,3,50,0,-1,-1,0,0,0,4,1,1,0,0,1,2,E01003508,,,,,,,,,,,,,,
7986,2015331501663,2,9,0,18,0,8,0,0,0,0,1,1,6,1,22,5,1896,2,7,-1,1,-1,5,2,460429.0,305262.0,-1.108384,52.641744,33,3,2,5,42226,5,1899-12-30 22:42:00,364,E06000016,3,47,6,30,6,2,5,1420,0,5,4,1,1,0,0,1,1,E01013656,2.0,2.0,1.0,19.0,4.0,3.0,0.0,0.0,2.0,0.0,0.0,9.0,1.0,1.0
7987,201550KT2H001,2,9,0,18,0,0,1,0,0,0,1,1,1,2,26,6,1399,2,11,-1,3,-1,2,2,291910.0,103566.0,-3.535891,50.821515,50,3,2,2,42253,3,1899-12-30 08:30:00,586,E10000008,6,0,6,60,0,-1,-1,0,0,0,1,1,1,0,0,2,1,E01020044,2.0,1.0,2.0,26.0,6.0,3.0,0.0,0.0,0.0,0.0,0.0,9.0,3.0,7.0
7988,2015440297592,1,9,0,5,0,8,0,0,0,0,1,1,6,1,59,9,-1,-1,-1,-1,1,-1,1,2,471488.0,106844.0,-0.985725,50.8567,44,3,2,1,26/08/2015,4,1899-12-30 14:15:00,495,E10000014,4,2149,1,30,1,4,4,2149,0,0,1,1,1,0,0,1,2,E01022953,,,,,,,,,,,,,,
7989,20154100D0410,2,9,0,18,0,2,0,0,0,0,1,1,1,1,82,11,-1,-1,-1,-1,3,-1,2,2,504559.0,208533.0,-0.48624,51.765724,41,3,2,2,29/07/2015,4,1899-12-30 12:22:00,431,E10000015,6,676,6,30,3,4,6,828,0,0,1,1,1,0,0,1,1,E01023390,2.0,1.0,1.0,82.0,11.0,3.0,0.0,0.0,0.0,0.0,0.0,9.0,3.0,10.0
7990,2015440318893,2,9,0,13,0,0,0,0,0,0,4,1,6,3,-1,-1,1242,1,11,-1,-1,-1,1,2,447565.0,129955.0,-1.322558,51.066965,44,3,2,1,42286,5,1899-12-30 13:10:00,502,E10000014,4,3049,6,40,0,-1,-1,0,0,0,1,1,1,0,0,1,2,E01023268,,,,,,,,,,,,,,
7991,2015360088150,1,9,0,18,0,0,0,0,1,0,1,1,6,1,19,4,1796,1,17,-1,1,-1,3,3,604526.0,313654.0,1.024267,52.681957,36,3,3,3,16/02/2015,2,1899-12-30 18:45:00,400,E10000020,3,47,3,70,0,-1,-1,0,0,0,6,2,2,0,0,2,1,E01026479,2.0,2.0,2.0,20.0,4.0,3.0,0.0,0.0,1.0,0.0,0.0,9.0,1.0,7.0
7992,201543R276115,1,9,0,9,0,8,0,0,0,0,3,1,6,1,44,7,1339,1,13,-1,1,-1,1,2,492976.0,176973.0,-0.662404,51.484078,43,3,2,1,25/11/2015,4,1899-12-30 19:49:00,474,E06000040,3,308,6,60,3,4,4,3024,0,0,4,1,1,0,0,2,1,E01016553,,,,,,,,,,,,,,
7993,201531B018115,2,9,0,18,0,8,0,0,0,0,4,1,6,1,19,4,999,1,-1,-1,1,-1,1,2,480056.0,354221.0,-0.806374,53.079224,31,3,2,1,42096,4,1899-12-30 15:29:00,345,E10000024,6,0,1,30,1,4,6,0,0,0,1,1,1,0,0,1,1,E01028310,,,,,,,,,,,,,,
7994,20154100G0253,1,9,0,5,0,6,0,0,0,0,3,1,1,2,56,9,1956,2,1,-1,2,-1,2,2,516527.0,228424.0,-0.306191,51.942124,41,3,2,2,19/05/2015,3,1899-12-30 08:38:00,433,E10000015,3,505,3,70,3,4,6,108,0,0,1,1,1,0,0,2,1,E01023615,2.0,1.0,2.0,56.0,9.0,3.0,0.0,0.0,0.0,0.0,0.0,9.0,2.0,8.0
7995,2015331501740,1,9,0,18,0,0,5,0,1,4,1,1,6,1,22,5,1988,1,12,-1,1,-1,1,1,445380.0,293650.0,-1.332355,52.538826,33,3,1,1,24/10/2015,7,1899-12-30 13:05:00,361,E10000018,4,4669,6,60,0,-1,-1,0,0,0,1,2,2,0,0,2,1,E01025664,1.0,1.0,1.0,22.0,5.0,3.0,0.0,0.0,0.0,0.0,0.0,9.0,1.0,10.0
7996,201501FH10655,1,9,0,18,0,8,0,0,0,0,2,1,6,1,31,6,1995,2,10,-1,1,-1,4,2,525090.0,177440.0,-0.199965,51.482091,1,3,2,4,42167,1,1899-12-30 16:10:00,11,E09000013,4,317,6,30,3,4,6,0,0,0,1,1,1,0,0,1,2,E01001881,1.0,1.0,1.0,31.0,6.0,3.0,0.0,0.0,0.0,0.0,0.0,9.0,1.0,9.0
7997,201522F500535,3,9,0,3,0,0,0,0,0,0,2,1,6,2,44,7,1229,1,6,-1,2,-1,1,3,349490.0,319300.0,-2.750073,52.76892,22,3,3,1,42096,4,1899-12-30 13:24:00,286,E06000051,3,528,6,60,0,-1,-1,0,0,0,1,1,1,0,0,2,1,E01028971,,,,,,,,,,,,,,
7998,201504SB15095,1,9,0,16,0,0,1,0,7,9,1,1,6,1,26,6,1995,2,2,-1,-1,-1,1,2,339020.0,414570.0,-2.923461,53.624097,4,3,2,1,17/05/2015,1,1899-12-30 14:14:00,84,E10000017,6,0,6,60,0,-1,-1,0,0,0,1,1,1,0,0,2,1,E01025514,1.0,1.0,1.0,26.0,6.0,3.0,0.0,0.0,0.0,0.0,0.0,9.0,-1.0,-1.0
7999,2015521508183,2,9,0,9,0,5,0,0,0,0,1,1,6,1,41,7,1598,1,15,-1,1,-1,1,2,360526.0,174169.0,-2.569628,51.465106,52,3,2,1,29/10/2015,5,1899-12-30 16:06:00,601,E06000023,3,432,6,20,3,4,6,0,0,0,1,1,2,0,0,1,1,E01014655,,,,,,,,,,,,,,
8000,201501CW10636,2,8,0,4,0,1,0,0,0,0,1,1,1,1,66,10,-1,-1,-1,-1,3,-1,1,2,529440.0,181300.0,-0.135941,51.515802,1,3,2,1,17/05/2015,1,1899-12-30 16:35:00,1,E09000033,5,0,2,30,6,2,3,40,0,5,1,1,1,0,0,1,1,E01004763,1.0,1.0,1.0,66.0,10.0,3.0,0.0,0.0,0.0,0.0,0.0,8.0,3.0,3.0
8001,2015210029533,3,9,0,4,0,0,0,0,0,0,2,1,6,1,47,8,1968,2,1,-1,1,-1,2,3,387885.0,333075.0,-2.181526,52.894983,21,3,3,2,22/09/2015,3,1899-12-30 06:55:00,255,E10000028,1,6,3,70,0,-1,-1,0,0,0,1,1,2,0,0,2,2,E01029747,2.0,1.0,1.0,47.0,8.0,3.0,0.0,0.0,0.0,0.0,0.0,9.0,1.0,3.0
8002,201542I333810,2,8,0,18,0,0,0,4,0,0,1,1,6,1,50,8,-1,-1,-1,-1,-1,-1,1,2,601331.0,225168.0,0.924253,51.888696,42,3,2,1,16/10/2015,6,1899-12-30 04:00:00,455,E10000012,6,0,6,30,0,-1,-1,0,0,0,6,1,1,0,0,1,2,E01021706,1.0,2.0,2.0,19.0,4.0,3.0,0.0,0.0,1.0,0.0,0.0,8.0,1.0,6.0
8003,201501LX50409,2,9,0,9,0,8,0,0,0,0,4,1,6,2,41,7,2979,1,11,-1,1,-1,1,2,529420.0,174600.0,-0.138683,51.455595,1,3,2,1,29/04/2015,4,1899-12-30 09:05:00,9,E09000022,5,0,6,30,6,4,6,0,0,0,1,1,1,0,0,1,1,E01003033,,,,,,,,,,,,,,