,accident_index,vehicle_reference,vehicle_type,towing_and_articulation,vehicle_manoeuvre,vehicle_location-restricted_lane,junction_location,skidding_and_overturning,hit_object_in_carriageway,vehicle_leaving_carriageway,hit_object_off_carriageway,1st_point_of_impact,was_vehicle_left_hand_drive?,journey_purpose_of_driver,sex_of_driver,age_of_driver,age_band_of_driver,engine_capacity_(cc),propulsion_code,age_of_vehicle,driver_imd_decile,driver_home_area_type,vehicle_imd_decile,NUmber_of_Casualities_unique_to_accident_index,No_of_Vehicles_involved_unique_to_accident_index,location_easting_osgr,location_northing_osgr,longitude,latitude,police_force,accident_severity,number_of_vehicles,number_of_casualties,date,day_of_week,time,local_authority_(district),local_authority_(highway),1st_road_class,1st_road_number,road_type,speed_limit,junction_detail,junction_control,2nd_road_class,2nd_road_number,pedestrian_crossing-human_control,pedestrian_crossing-physical_facilities,light_conditions,weather_conditions,road_surface_conditions,special_conditions_at_site,carriageway_hazards,urban_or_rural_area,did_police_officer_attend_scene_of_accident,lsoa_of_accident_location,casualty_reference,casualty_class,sex_of_casualty,age_of_casualty,age_band_of_casualty,casualty_severity,pedestrian_location,pedestrian_movement,car_passenger,bus_or_coach_passenger,pedestrian_road_maintenance_worker,casualty_type,casualty_home_area_type,casualty_imd_decile
8137,2015210034585,4,9,0,3,0,1,0,0,0,0,2,1,6,1,49,8,-1,-1,-1,-1,1,-1,1,7,387830.0,343929.0,-2.182755,52.99255,21,3,7,1,30/11/2015,2,1899-12-30 15:40:00,257,E06000021,3,50,7,50,5,4,3,500,0,0,4,2,2,0,0,2,1,E01014343,1.0,2.0,2.0,47.0,8.0,3.0,0.0,0.0,1.0,0.0,0.0,9.0,1.0,9.0
8138,2015350107415,1,9,0,18,0,0,0,0,0,0,1,1,6,1,-1,-1,1560,2,1,-1,3,-1,2,2,540400.0,296690.0,0.069235,52.549956,35,3,2,2,42191,1,1899-12-30 01:10:00,392,E10000003,3,141,6,60,0,-1,-1,0,0,0,6,9,1,0,0,2,1,E01018086,1.0,1.0,1.0,-1.0,-1.0,3.0,0.0,0.0,0.0,0.0,0.0,9.0,3.0,6.0
8139,201514B058815,2,9,0,18,0,8,2,0,1,0,1,1,6,1,68,10,1386,1,2,-1,1,-1,3,2,423319.0,405207.0,-1.649577,53.542992,14,3,2,3,42070,6,1899-12-30 18:38:00,210,E08000016,3,629,6,60,3,4,6,0,0,0,1,1,1,0,0,2,1,E01007425,2.0,1.0,1.0,68.0,10.0,3.0,0.0,0.0,0.0,0.0,0.0,9.0,1.0,2.0
8140,2015100780915,1,11,0,17,0,8,0,0,0,0,0,1,6,2,53,8,4760,2,2,-1,1,-1,1,1,430771.0,579782.0,-1.519178,55.11149,10,3,1,1,21/12/2015,2,1899-12-30 15:50:00,139,E06000048,6,9520,1,30,1,4,6,9520,0,0,4,2,2,0,0,1,2,E01027437,1.0,2.0,1.0,87.0,11.0,3.0,0.0,0.0,0.0,3.0,0.0,11.0,-1.0,-1.0
8141,20154100F0704,3,9,0,18,0,0,0,0,0,0,2,1,6,2,45,7,1598,1,5,-1,1,-1,1,3,511211.0,211419.0,-0.388963,51.790381,41,3,3,1,42046,2,1899-12-30 08:00:00,434,E10000015,3,5183,6,60,0,-1,-1,0,0,0,1,7,2,0,0,2,2,E01023722,,,,,,,,,,,,,,
8142,201520W029535,2,9,0,18,0,0,0,0,0,0,4,1,6,1,44,7,1995,2,4,-1,1,-1,1,2,407030.0,287490.0,-1.897906,52.485285,20,3,2,1,18/05/2015,2,1899-12-30 17:15:00,300,E08000025,3,38,3,30,0,-1,-1,0,0,0,1,1,1,0,0,1,2,E01033617,1.0,1.0,1.0,44.0,7.0,3.0,0.0,0.0,0.0,0.0,0.0,9.0,1.0,5.0
8143,2015471505941,1,19,0,9,0,6,0,0,0,0,3,1,1,1,36,7,2463,2,11,-1,1,-1,1,2,579932.0,108816.0,0.554787,50.850876,47,3,2,1,42257,6,1899-12-30 12:38:00,552,E10000011,3,259,6,30,3,4,6,0,0,1,1,1,1,0,0,1,1,E01020985,,,,,,,,,,,,,,
8144,201597UA71412,2,9,0,16,0,0,0,0,2,6,2,1,6,1,46,8,1796,1,3,-1,1,-1,3,2,231065.0,641839.0,-4.685679,55.640656,97,3,2,3,17/12/2015,5,1899-12-30 16:30:00,931,S12000021,3,78,3,70,0,-1,-1,0,0,0,6,1,2,0,0,2,1,,2.0,2.0,2.0,10.0,2.0,3.0,0.0,0.0,2.0,0.0,0.0,9.0,1.0,-1.0
8145,201514A166415,1,9,0,18,0,1,0,0,0,0,1,1,1,1,22,5,-1,-1,-1,-1,1,-1,1,1,454818.0,405922.0,-1.174158,53.547081,14,3,1,1,42319,4,1899-12-30 14:58:00,211,E08000017,6,0,6,30,3,4,6,0,0,0,1,1,1,0,0,1,1,E01007518,1.0,3.0,2.0,11.0,3.0,3.0,5.0,1.0,0.0,0.0,0.0,0.0,1.0,1.0
8146,2015950005536,1,9,0,17,0,0,1,0,1,4,1,1,6,1,34,6,1493,1,13,-1,2,-1,2,1,356725.0,608412.0,-2.684299,55.367784,95,3,1,2,21/11/2015,7,1899-12-30 18:00:00,914,S12000026,6,0,6,30,0,-1,-1,0,0,0,6,6,4,0,0,2,1,,2.0,2.0,2.0,33.0,6.0,3.0,0.0,0.0,1.0,0.0,0.0,9.0,2.0,-1.0
8147,2015160A02511,2,19,0,18,0,4,0,0,0,0,2,1,6,3,-1,-1,-1,-1,-1,-1,-1,-1,1,2,525677.0,409404.0,-0.103817,53.566203,16,3,2,1,42163,5,1899-12-30 19:10:00,233,E06000012,3,1136,1,30,1,4,6,0,0,0,1,1,1,0,0,1,2,E01013231,,,,,,,,,,,,,,
8148,2015471507625,4,9,0,18,0,0,0,0,0,0,1,1,6,1,33,6,1396,1,20,-1,1,-1,3,4,544682.0,114871.0,0.056798,50.915174,47,3,4,3,23/12/2015,4,1899-12-30 16:04:00,554,E10000011,3,26,6,50,0,-1,-1,0,0,0,6,2,2,0,0,2,1,E01021056,2.0,2.0,2.0,17.0,4.0,3.0,0.0,0.0,2.0,0.0,0.0,9.0,1.0,7.0
8149,201520J603355,1,19,0,11,0,1,0,0,0,0,4,1,1,1,-1,-1,2287,2,3,-1,-1,-1,2,2,394030.0,293660.0,-2.089455,52.540763,20,3,2,2,23/02/2015,2,1899-12-30 11:00:00,303,E08000027,3,4123,3,40,3,4,6,0,0,0,1,1,1,0,0,1,2,E01009768,,,,,,,,,,,,,,
8150,2015471507161,1,9,0,18,0,4,0,0,0,0,1,1,6,2,41,7,999,1,3,-1,1,-1,3,2,513379.0,103922.0,-0.391678,50.823748,47,3,2,3,42075,5,1899-12-30 14:27:00,564,E10000032,3,2031,1,30,1,4,6,0,0,0,1,1,1,0,0,1,1,E01031838,3.0,1.0,2.0,41.0,7.0,3.0,0.0,0.0,0.0,0.0,0.0,9.0,1.0,1.0
8151,201504SA15595,2,9,0,3,0,1,0,0,0,0,4,1,6,1,43,7,-1,-1,-1,-1,1,-1,1,2,355730.0,425180.0,-2.672354,53.721138,4,3,2,1,18/12/2015,6,1899-12-30 17:45:00,83,E10000017,3,6,1,40,7,2,3,582,0,5,4,9,1,0,0,2,1,E01025417,1.0,2.0,2.0,66.0,10.0,3.0,0.0,0.0,2.0,0.0,0.0,9.0,1.0,6.0
8152,201543N216055,2,9,0,3,0,0,0,0,0,0,2,1,6,1,45,7,2204,2,10,-1,1,-1,5,2,502685.0,183700.0,-0.520671,51.542866,43,3,2,5,29/05/2015,6,1899-12-30 19:53:00,477,E10000002,3,412,6,30,0,-1,-1,0,0,4,1,1,1,0,0,2,-1,E01017825,2.0,2.0,2.0,44.0,7.0,3.0,0.0,0.0,1.0,0.0,0.0,9.0,1.0,8.0
8153,2015210032901,2,9,0,3,0,0,0,0,0,0,2,1,6,1,34,6,1968,2,3,-1,2,-1,2,2,392865.0,317465.0,-2.107155,52.754748,21,3,2,2,18/11/2015,4,1899-12-30 18:30:00,254,E10000028,3,449,6,60,0,-1,-1,0,0,0,6,1,1,0,0,2,1,E01029656,,,,,,,,,,,,,,
8154,2015320091041,1,3,0,18,0,0,0,0,1,9,4,1,6,1,24,5,125,1,3,-1,1,-1,1,1,513917.0,401814.0,-0.284054,53.500694,32,3,1,1,42317,6,1899-12-30 19:25:00,356,E10000019,3,46,6,40,0,-1,-1,0,0,0,1,1,1,0,0,2,1,E01026367,1.0,1.0,1.0,24.0,5.0,3.0,0.0,0.0,0.0,0.0,0.0,3.0,1.0,1.0
8155,201501EK40978,2,9,0,18,0,8,1,10,1,2,4,1,6,1,21,5,1598,2,-1,-1,1,-1,3,2,529260.0,184300.0,-0.137434,51.542803,1,3,2,3,42105,4,1899-12-30 20:40:00,2,E09000007,3,503,6,30,6,2,3,5202,0,5,4,1,2,0,0,1,1,E01000867,2.0,2.0,1.0,18.0,4.0,3.0,0.0,0.0,2.0,0.0,0.0,9.0,-1.0,-1.0
8156,2015030000351,1,9,0,18,0,4,0,0,0,0,1,1,6,2,28,6,1149,1,11,-1,1,-1,1,2,296920.0,516460.0,-3.594497,54.532887,3,3,2,1,42249,2,1899-12-30 18:00:00,63,E10000006,6,0,1,30,1,4,6,0,0,0,4,1,1,0,0,1,1,E01019302,,,,,,,,,,,,,,
8157,2015440310690,1,9,0,9,0,8,0,0,0,0,0,1,6,2,42,7,1896,2,11,-1,-1,-1,1,2,465457.0,154787.0,-1.062731,51.288466,44,3,2,1,42194,2,1899-12-30 18:47:00,490,E10000014,6,0,6,30,3,4,6,0,0,0,1,1,1,0,0,1,1,E01022494,,,,,,,,,,,,,,
8158,2015300012409,1,21,1,4,0,2,0,0,7,0,4,1,6,1,-1,-1,-1,-1,-1,-1,-1,-1,1,1,418070.0,346740.0,-1.732089,53.017659,30,3,1,1,19/02/2015,5,1899-12-30 11:30:00,329,E10000007,3,515,6,30,3,4,3,515,0,0,1,1,1,0,0,2,2,E01019595,1.0,3.0,2.0,74.0,10.0,3.0,6.0,9.0,0.0,0.0,0.0,0.0,2.0,9.0
8159,2015521503180,1,5,0,14,0,8,0,0,0,0,1,1,6,1,45,7,1100,1,15,-1,3,-1,3,2,360804.0,170550.0,-2.565224,51.432586,52,3,2,3,23/04/2015,5,1899-12-30 17:15:00,601,E06000023,3,37,6,30,3,4,6,0,0,0,1,1,1,0,0,1,1,E01014645,1.0,1.0,1.0,45.0,7.0,3.0,0.0,0.0,0.0,0.0,0.0,5.0,3.0,7.0
8160,2015440417344,1,9,0,18,0,8,0,0,1,0,4,1,2,2,40,7,1598,1,8,-1,1,-1,1,2,445114.0,118794.0,-1.358919,50.966806,44,3,2,1,42016,3,1899-12-30 14:15:00,491,E10000014,6,0,6,30,6,4,6,0,0,0,1,1,1,0,0,1,1,E01022669,1.0,1.0,2.0,40.0,7.0,3.0,0.0,0.0,0.0,0.0,0.0,9.0,1.0,6.0
8161,2015350143815,2,9,0,4,0,3,0,0,0,0,2,1,6,1,39,7,1896,2,12,-1,1,-1,2,2,517610.0,299670.0,-0.26564,52.582129,35,3,2,2,42286,5,1899-12-30 16:20:00,394,E06000031,5,299,1,30,1,4,5,299,0,0,1,1,1,0,0,1,1,E01015691,1.0,2.0,2.0,4.0,1.0,3.0,0.0,0.0,2.0,0.0,0.0,9.0,1.0,3.0
8162,2015950000403,1,9,0,9,0,8,0,0,0,0,3,1,6,1,40,7,1599,1,14,-1,1,-1,1,2,323673.0,660007.0,-3.21996,55.827244,95,3,2,1,42006,1,1899-12-30 12:49:00,929,S12000019,6,0,6,30,3,4,6,0,0,0,1,1,1,0,0,1,1,,,,,,,,,,,,,,,
8163,201501KF60882,2,3,0,18,0,0,0,0,0,0,2,1,6,1,29,6,124,1,-1,-1,1,-1,1,2,542880.0,182320.0,0.058037,51.521731,1,3,2,1,22/11/2015,1,1899-12-30 15:48:00,17,E09000025,3,117,6,30,0,-1,-1,0,0,0,1,1,1,0,0,1,1,E01003540,1.0,1.0,1.0,29.0,6.0,3.0,0.0,0.0,0.0,0.0,0.0,3.0,1.0,2.0
8164,201531D078015,2,9,0,3,0,0,0,0,0,0,2,1,6,2,35,6,1560,2,3,-1,1,-1,1,3,465364.0,344369.0,-1.027652,52.992673,31,3,3,1,21/04/2015,3,1899-12-30 17:27:00,343,E10000024,3,612,6,30,0,-1,-1,0,0,0,1,1,1,0,0,2,1,E01028149,,,,,,,,,,,,,,
8165,2015051502353,2,9,0,18,0,8,5,0,0,0,3,1,6,2,26,6,999,1,1,-1,1,-1,4,2,340732.0,387823.0,-2.892515,53.383911,5,3,2,4,30/09/2015,4,1899-12-30 13:57:00,91,E08000012,6,0,6,40,6,4,3,562,0,0,1,1,1,0,0,1,1,E01006597,1.0,1.0,2.0,26.0,6.0,3.0,0.0,0.0,0.0,0.0,0.0,9.0,1.0,9.0
8166,2015160B03921,2,1,0,18,0,8,0,0,0,0,1,1,6,1,13,3,-1,-1,-1,-1,1,-1,1,2,489128.0,408867.0,-0.655639,53.56885,16,3,2,1,42104,1,1899-12-30 15:55:00,232,E06000013,6,0,6,30,3,4,6,0,0,0,1,1,1,0,0,1,2,E01013318,1.0,1.0,1.0,13.0,3.0,3.0,0.0,0.0,0.0,0.0,0.0,1.0,1.0,3.0
8167,201501ZD30764,2,9,0,18,0,1,0,8,0,0,4,1,6,3,-1,-1,-1,-1,-1,-1,-1,-1,1,2,534330.0,166240.0,-0.071222,51.379326,1,3,2,1,42194,2,1899-12-30 14:25:00,20,E09000008,6,0,6,30,3,4,6,0,0,0,1,1,1,0,0,1,1,E01000986,,,,,,,,,,,,,,
8168,201542I210307,1,19,0,18,0,0,1,0,0,0,1,1,2,1,37,7,2198,2,3,-1,-1,-1,2,2,567635.0,188422.0,0.417437,51.56975,42,3,2,2,42131,1,1899-12-30 11:38:00,450,E10000012,6,0,6,30,0,-1,-1,0,0,0,1,2,2,0,0,1,1,E01021275,2.0,1.0,1.0,37.0,7.0,3.0,0.0,0.0,0.0,0.0,0.0,19.0,-1.0,-1.0
8169,201514A177815,3,9,0,18,0,1,0,0,0,0,1,1,6,3,-1,-1,-1,-1,-1,-1,-1,-1,1,3,449579.0,397522.0,-1.254543,53.472105,14,3,3,1,28/11/2015,7,1899-12-30 15:35:00,211,E08000017,3,630,6,60,3,4,5,762,0,0,1,1,2,0,0,2,1,E01007541,,,,,,,,,,,,,,
8170,201501KG70588,1,9,0,8,0,1,0,0,0,0,2,1,6,2,43,7,1997,1,11,-1,1,-1,2,2,547650.0,183590.0,0.127273,51.531917,1,3,2,2,23/11/2015,2,1899-12-30 12:05:00,16,E09000002,5,0,6,30,3,4,3,13,0,0,1,1,1,0,0,1,2,E01000096,1.0,1.0,2.0,43.0,7.0,3.0,0.0,0.0,0.0,0.0,0.0,9.0,1.0,2.0
8171,2015120027842,1,9,0,18,0,8,0,0,0,0,1,1,6,2,49,8,1396,1,13,-1,1,-1,1,3,469324.0,455314.0,-0.944193,53.989231,12,3,3,1,19/02/2015,5,1899-12-30 12:15:00,185,E10000023,3,166,6,40,3,4,6,1870,0,0,1,2,2,0,0,2,1,E01027797,,,,,,,,,,,,,,
8172,2015215001868,1,9,0,18,0,1,0,0,0,0,1,1,6,1,20,4,1149,1,9,-1,1,-1,2,2,389081.0,347567.0,-2.164242,53.02528,21,3,2,2,42251,5,1899-12-30 12:04:00,257,E06000021,3,5008,6,30,3,4,6,0,0,0,1,1,1,0,0,1,1,E01014328,1.0,1.0,1.0,20.0,4.0,3.0,0.0,0.0,0.0,0.0,0.0,9.0,1.0,8.0
8173,201597BF03001,1,9,0,9,0,5,0,0,0,0,1,1,6,1,65,9,-1,-1,-1,-1,-1,-1,1,2,253108.0,673613.0,-4.352943,55.933069,97,3,2,1,22/01/2015,5,1899-12-30 09:00:00,920,S12000009,4,8050,6,30,3,4,6,0,0,0,1,1,2,0,0,1,1,,,,,,,,,,,,,,,
8174,201523N025007,1,9,0,12,0,0,0,0,0,0,2,1,2,1,24,5,-1,-1,-1,-1,3,-1,2,2,428021.0,299178.0,-1.587819,52.589687,23,3,2,2,42036,6,1899-12-30 18:44:00,290,E10000031,3,5,3,70,0,-1,-1,0,0,0,6,1,1,0,0,2,1,E01031017,1.0,1.0,1.0,24.0,5.0,3.0,0.0,0.0,0.0,0.0,0.0,9.0,3.0,8.0
8175,201542I283909,1,19,0,18,0,8,0,0,0,0,1,1,1,1,47,8,1598,2,-1,-1,2,-1,1,2,555175.0,203916.0,0.244669,51.712517,42,3,2,1,14/09/2015,2,1899-12-30 15:50:00,456,E10000012,3,414,1,30,1,4,3,128,0,1,1,2,2,0,0,2,1,E01021755,,,,,,,,,,,,,,
8176,201542I162706,1,9,0,7,0,1,0,0,0,0,4,1,1,1,22,5,1896,2,12,-1,-1,-1,1,2,586675.0,186256.0,0.69071,51.544319,42,3,2,1,42041,3,1899-12-30 19:50:00,460,E06000033,3,13,6,30,6,4,6,0,0,0,1,1,1,0,0,1,1,E01015902,,,,,,,,,,,,,,
8177,2015460264867,1,9,0,18,0,0,0,0,0,0,1,1,6,1,44,7,2148,2,7,-1,1,-1,1,2,553010.0,172550.0,0.199708,51.431298,46,3,2,1,42259,4,1899-12-30 22:16:00,532,E10000016,3,2,3,70,0,-1,-1,0,0,0,4,1,1,0,0,2,1,E01024189,1.0,1.0,1.0,44.0,7.0,3.0,0.0,0.0,0.0,0.0,0.0,9.0,1.0,5.0
8178,201501FH10429,1,9,0,9,0,8,0,0,0,0,1,1,6,2,50,8,2987,2,10,-1,1,-1,1,2,525810.0,176990.0,-0.189762,51.477887,1,3,2,1,13/08/2015,5,1899-12-30 15:30:00,11,E09000013,3,308,6,30,3,4,6,0,0,4,1,1,1,0,0,1,1,E01001923,,,,,,,,,,,,,,
8179,201531A049815,1,9,0,10,0,6,0,0,0,0,0,1,6,3,-1,-1,-1,-1,-1,-1,-1,-1,1,2,455473.0,360919.0,-1.172144,53.14254,31,3,2,1,21/03/2015,7,1899-12-30 13:08:00,344,E10000024,6,0,6,30,3,4,6,0,0,8,1,1,1,0,0,1,2,E01028234,,,,,,,,,,,,,,
8180,2015100504915,2,9,0,18,0,8,0,0,0,0,4,1,6,1,-1,-1,1956,2,5,-1,1,-1,2,2,424214.0,560685.0,-1.623572,54.940248,10,3,2,2,23/08/2015,1,1899-12-30 21:20:00,146,E08000020,5,324,3,40,3,4,6,4090,0,0,4,1,2,0,0,1,1,E01008259,2.0,2.0,2.0,18.0,4.0,3.0,0.0,0.0,2.0,0.0,0.0,9.0,2.0,3.0
8181,201542I103804,3,9,0,17,0,0,0,0,0,0,2,1,6,1,36,7,1598,2,4,-1,1,-1,1,3,544099.0,197924.0,0.081997,51.66163,42,3,3,1,42008,4,1899-12-30 18:32:00,456,E10000012,6,0,6,30,0,-1,-1,0,0,0,1,1,1,0,0,1,1,E01021774,1.0,1.0,1.0,36.0,7.0,3.0,0.0,0.0,0.0,0.0,0.0,9.0,1.0,4.0
8182,20151328C0659,2,9,0,18,0,8,0,0,0,0,3,1,6,2,27,6,1360,1,12,-1,1,-1,1,2,404020.0,441557.0,-1.940348,53.870207,13,3,2,1,42346,4,1899-12-30 12:45:00,200,E08000032,6,0,6,30,3,4,6,0,0,0,1,1,1,0,0,1,2,E01010722,,,,,,,,,,,,,,
8183,201522C500726,2,9,0,5,0,6,0,0,0,0,1,1,2,1,44,7,1798,1,4,-1,2,-1,5,2,384500.0,255700.0,-2.228201,52.199311,22,3,2,5,19/02/2015,5,1899-12-30 16:40:00,276,E10000034,6,0,6,30,6,4,6,0,0,0,1,2,2,0,0,1,1,E01033246,3.0,2.0,2.0,42.0,7.0,3.0,0.0,0.0,1.0,0.0,0.0,9.0,2.0,8.0
8184,2015331501379,1,9,0,9,0,5,0,0,7,10,3,1,6,1,70,10,-1,-1,-1,-1,2,-1,2,2,434090.0,309697.0,-1.497156,52.6839,33,3,2,2,42164,1,1899-12-30 13:25:00,366,E10000018,4,4116,6,60,8,4,6,6,0,0,1,1,1,0,0,2,1,E01025913,1.0,1.0,1.0,70.0,10.0,3.0,0.0,0.0,0.0,0.0,0.0,9.0,2.0,5.0
8185,2015547031115,2,9,0,4,0,0,0,0,0,0,1,1,6,1,23,5,1360,1,17,-1,2,-1,2,2,418383.0,168796.0,-1.737035,51.417885,54,3,2,2,42102,3,1899-12-30 13:50:00,635,E06000054,3,4,6,30,0,-1,-1,0,0,4,1,4,1,4,0,2,2,E01031863,,,,,,,,,,,,,,
8186,201523S020539,2,9,0,18,0,8,0,0,0,0,2,1,1,2,52,8,1242,1,1,-1,1,-1,1,3,418789.0,256956.0,-1.726444,52.210507,23,3,3,1,42100,5,1899-12-30 13:05:00,293,E10000031,3,46,1,50,1,4,3,3400,0,0,1,1,1,0,0,2,1,E01031188,1.0,1.0,2.0,52.0,8.0,3.0,0.0,0.0,0.0,0.0,0.0,9.0,1.0,10.0
8187,2015051502256,3,9,0,7,0,8,1,0,0,0,2,1,6,1,36,7,1896,2,6,-1,2,-1,3,3,334643.0,416681.0,-2.990073,53.64254,5,3,3,3,19/09/2015,7,1899-12-30 17:45:00,93,E08000014,6,0,6,30,6,2,6,0,0,5,1,1,1,0,0,1,1,E01007058,1.0,1.0,1.0,36.0,7.0,3.0,0.0,0.0,0.0,0.0,0.0,9.0,2.0,5.0
8188,2015210033469,2,9,0,18,0,8,0,0,0,0,1,1,6,1,35,6,1781,1,14,-1,1,-1,1,2,410252.0,311485.0,-1.849724,52.700944,21,3,2,1,42227,1,1899-12-30 10:14:00,252,E10000028,3,515,6,60,3,4,6,217,0,0,1,5,2,0,0,2,2,E01029509,1.0,1.0,1.0,35.0,6.0,3.0,0.0,0.0,0.0,0.0,0.0,9.0,1.0,3.0
8189,2015170S12695,1,9,0,17,0,0,0,0,1,4,1,1,6,2,60,9,1997,2,10,-1,1,-1,1,1,439156.0,525616.0,-1.395073,54.624173,17,3,1,1,42196,7,1899-12-30 11:35:00,245,E06000004,3,177,6,50,0,-1,-1,0,0,0,1,2,2,0,0,2,1,E01033480,1.0,1.0,2.0,60.0,9.0,3.0,0.0,0.0,0.0,0.0,0.0,9.0,1.0,5.0
8190,201501JC30060,1,9,0,18,0,0,0,0,0,0,1,1,6,1,32,6,1997,2,12,-1,-1,-1,1,1,537720.0,195500.0,-0.011124,51.641446,1,3,1,1,42249,2,1899-12-30 08:45:00,13,E09000031,6,0,6,30,0,-1,-1,0,0,0,1,1,1,0,0,1,1,E01004349,1.0,3.0,1.0,12.0,3.0,3.0,5.0,4.0,0.0,0.0,2.0,0.0,1.0,2.0
8191,201550DE2Q023,2,9,0,18,0,3,0,0,8,10,3,1,6,2,67,10,1149,1,13,-1,1,-1,1,2,296749.0,91438.0,-3.46381,50.713373,50,3,2,1,42224,7,1899-12-30 07:35:00,581,E10000008,3,379,1,40,1,4,6,0,0,0,1,1,1,0,0,2,1,E01033234,,,,,,,,,,,,,,
8192,2015300015778,2,9,0,10,0,2,0,0,0,0,3,1,1,1,41,7,1560,2,6,-1,3,-1,1,2,423130.0,354640.0,-1.656099,53.088477,30,3,2,1,42317,6,1899-12-30 16:00:00,329,E10000007,5,3,6,60,3,4,5,147,0,0,1,1,1,0,0,2,2,E01019605,,,,,,,,,,,,,,
8193,2015051502181,1,9,0,18,0,0,5,4,0,0,1,1,6,2,28,6,1995,2,11,-1,1,-1,1,3,339556.0,394035.0,-2.911385,53.439607,5,3,3,1,42347,7,1899-12-30 23:11:00,91,E08000012,6,0,3,30,0,-1,-1,0,0,0,4,1,1,0,0,1,1,E01006599,1.0,1.0,2.0,28.0,6.0,3.0,0.0,0.0,0.0,0.0,0.0,9.0,1.0,1.0
8194,20154100T1099,3,9,0,18,0,0,1,0,0,0,3,1,6,2,43,7,1398,1,9,-1,1,-1,3,3,512365.0,200998.0,-0.375601,51.696492,41,3,3,3,31/08/2015,2,1899-12-30 09:25:00,436,E10000015,1,1,3,70,0,-1,-1,0,0,0,1,2,2,0,0,2,1,E01023733,3.0,1.0,2.0,43.0,7.0,3.0,0.0,0.0,0.0,0.0,0.0,9.0,1.0,8.0
8195,201543P223065,3,9,0,3,0,1,0,0,0,0,2,1,6,1,50,8,-1,-1,-1,-1,1,-1,1,4,435338.0,208893.0,-1.489198,51.777595,43,3,4,1,22/06/2015,2,1899-12-30 15:51:00,485,E10000025,6,410,6,30,3,4,6,0,0,0,1,1,1,0,0,1,1,E01028819,,,,,,,,,,,,,,
8196,2015075378995,2,9,0,18,0,0,0,0,0,0,2,1,6,1,47,8,998,1,7,-1,1,-1,2,2,350690.0,377614.0,-2.741225,53.293179,7,3,2,2,19/12/2015,7,1899-12-30 20:41:00,130,E06000050,1,56,3,70,0,-1,-1,0,0,0,6,5,2,0,0,2,1,E01018689,2.0,2.0,2.0,53.0,8.0,3.0,0.0,0.0,1.0,0.0,0.0,9.0,1.0,8.0
8197,2015440140202,1,9,0,16,0,7,0,0,0,0,4,1,6,2,23,5,-1,-1,-1,-1,1,-1,1,1,475093.0,124998.0,-0.930781,51.019463,44,3,1,1,26/04/2015,1,1899-12-30 13:13:00,497,E10000014,3,3,6,60,5,4,3,3,0,0,1,1,1,0,0,2,1,E01022625,1.0,1.0,2.0,23.0,5.0,3.0,0.0,0.0,0.0,0.0,0.0,9.0,1.0,2.0
8198,201550ED2N016,2,1,0,18,0,8,0,0,0,0,1,1,6,2,23,5,-1,-1,-1,-1,1,-1,1,2,247415.0,55269.0,-4.147313,50.377473,50,3,2,1,42008,4,1899-12-30 19:50:00,583,E06000026,3,386,1,30,1,4,6,0,2,4,4,2,2,0,0,1,1,E01015169,1.0,1.0,2.0,23.0,5.0,3.0,0.0,0.0,0.0,0.0,0.0,1.0,1.0,4.0
8199,201520Z000555,2,9,0,13,0,0,0,0,0,0,4,1,1,1,30,6,1360,1,10,-1,1,-1,1,2,398810.0,288330.0,-2.018956,52.492879,20,3,2,1,23/01/2015,6,1899-12-30 17:00:00,305,E08000028,1,5,3,70,0,-1,-1,0,0,0,4,1,2,0,0,1,2,E01010018,1.0,1.0,1.0,30.0,6.0,3.0,0.0,0.0,0.0,0.0,0.0,9.0,1.0,2.0
8200,201506Q007906,2,9,0,4,0,0,0,0,0,0,2,1,6,2,21,5,1461,2,2,-1,1,-1,5,2,389720.0,401630.0,-2.156483,53.51125,6,3,2,5,42015,1,1899-12-30 20:55:00,104,E08000004,3,62,6,30,0,-1,-1,0,0,4,4,7,2,0,0,1,1,E01005363,2.0,1.0,2.0,21.0,5.0,3.0,0.0,0.0,0.0,0.0,0.0,9.0,1.0,-1.0
8201,201537EA91501,2,9,0,17,0,0,0,0,0,0,1,1,6,1,30,6,1360,1,16,-1,-1,-1,2,2,652840.0,295848.0,1.723936,52.501858,37,3,2,2,26/06/2015,6,1899-12-30 16:45:00,416,E10000029,4,1375,6,60,0,-1,-1,0,0,0,1,1,1,0,0,2,1,E01030266,2.0,1.0,1.0,30.0,6.0,3.0,0.0,0.0,0.0,0.0,0.0,9.0,-1.0,-1.0
8202,2015200035711,2,9,0,18,0,1,0,0,0,0,4,1,2,2,38,7,1598,1,9,-1,1,-1,4,2,394286.0,296846.0,-2.085737,52.569407,20,3,2,4,42075,5,1899-12-30 17:35:00,309,E08000031,6,0,6,30,3,4,6,0,0,0,4,2,2,0,0,1,1,E01010420,3.0,2.0,2.0,1.0,1.0,3.0,0.0,0.0,2.0,0.0,0.0,9.0,1.0,1.0
8203,2015350068815,1,1,0,18,4,8,0,0,0,0,4,1,1,1,25,5,-1,-1,-1,-1,1,-1,1,2,518200.0,302150.0,-0.256052,52.604286,35,3,2,1,26/03/2015,5,1899-12-30 08:30:00,394,E06000031,5,56,6,30,3,4,6,0,0,0,1,1,2,0,0,1,1,E01015675,1.0,1.0,1.0,25.0,5.0,3.0,0.0,0.0,0.0,0.0,0.0,1.0,1.0,2.0