,accident_index,vehicle_reference,vehicle_type,towing_and_articulation,vehicle_manoeuvre,vehicle_location-restricted_lane,junction_location,skidding_and_overturning,hit_object_in_carriageway,vehicle_leaving_carriageway,hit_object_off_carriageway,1st_point_of_impact,was_vehicle_left_hand_drive?,journey_purpose_of_driver,sex_of_driver,age_of_driver,age_band_of_driver,engine_capacity_(cc),propulsion_code,age_of_vehicle,driver_imd_decile,driver_home_area_type,vehicle_imd_decile,NUmber_of_Casualities_unique_to_accident_index,No_of_Vehicles_involved_unique_to_accident_index,location_easting_osgr,location_northing_osgr,longitude,latitude,police_force,accident_severity,number_of_vehicles,number_of_casualties,date,day_of_week,time,local_authority_(district),local_authority_(highway),1st_road_class,1st_road_number,road_type,speed_limit,junction_detail,junction_control,2nd_road_class,2nd_road_number,pedestrian_crossing-human_control,pedestrian_crossing-physical_facilities,light_conditions,weather_conditions,road_surface_conditions,special_conditions_at_site,carriageway_hazards,urban_or_rural_area,did_police_officer_attend_scene_of_accident,lsoa_of_accident_location,casualty_reference,casualty_class,sex_of_casualty,age_of_casualty,age_band_of_casualty,casualty_severity,pedestrian_location,pedestrian_movement,car_passenger,bus_or_coach_passenger,pedestrian_road_maintenance_worker,casualty_type,casualty_home_area_type,casualty_imd_decile
8338,2015320003796,1,9,0,5,0,4,0,0,0,0,3,1,1,2,45,7,1975,1,9,-1,3,-1,1,2,497188.0,369587.0,-0.546053,53.214465,32,3,2,1,22/01/2015,5,1899-12-30 06:00:00,352,E10000019,3,15,1,30,1,4,4,1262,0,0,4,1,2,0,0,2,1,E01026174,,,,,,,,,,,,,,
8339,2015210026209,1,3,0,18,0,2,0,10,1,0,1,1,6,1,43,7,124,1,5,-1,1,-1,1,1,409714.0,333794.0,-1.857031,52.901499,21,3,1,1,30/06/2015,3,1899-12-30 08:04:00,251,E10000028,6,535,6,30,3,4,6,535,0,0,1,1,1,0,0,1,1,E01029461,1.0,1.0,1.0,43.0,7.0,3.0,0.0,0.0,0.0,0.0,0.0,3.0,1.0,2.0
8340,201597GE03301,2,9,0,3,0,1,0,0,0,0,2,1,3,2,50,8,-1,-1,-1,-1,3,-1,1,2,258066.0,662887.0,-4.268024,55.838263,97,3,2,1,21/01/2015,4,1899-12-30 08:20:00,926,S12000043,3,77,3,30,3,2,4,763,0,4,1,1,1,0,0,1,1,,,,,,,,,,,,,,,
8341,2015331501386,1,9,0,17,0,1,2,10,1,1,1,1,6,1,26,6,1895,1,16,-1,1,-1,5,1,445346.0,293642.0,-1.332857,52.538757,33,3,1,5,30/08/2015,1,1899-12-30 17:20:00,361,E10000018,4,4669,6,60,3,4,6,6811,0,0,1,1,2,0,0,2,1,E01025828,5.0,2.0,2.0,34.0,6.0,3.0,0.0,0.0,2.0,0.0,0.0,9.0,1.0,1.0
8342,201514B031015,2,9,0,18,0,0,0,0,0,0,1,1,1,1,40,7,2967,2,1,-1,1,-1,3,3,439170.0,403924.0,-1.41055,53.530521,14,3,3,3,15/02/2015,1,1899-12-30 04:30:00,210,E08000016,3,633,3,30,0,-1,-1,0,0,0,4,1,1,0,0,1,1,E01007450,3.0,1.0,1.0,40.0,7.0,3.0,0.0,0.0,0.0,0.0,0.0,9.0,1.0,4.0
8343,201501XD80033,2,9,0,18,0,8,0,0,0,0,1,1,6,1,33,6,898,1,1,-1,1,-1,2,2,520650.0,181480.0,-0.262493,51.519363,1,3,2,2,13/01/2015,3,1899-12-30 11:20:00,27,E09000009,3,40,3,40,3,2,3,4000,0,5,1,1,1,0,0,1,1,E01001238,,,,,,,,,,,,,,
8344,2015320067772,2,9,0,16,0,0,5,0,0,0,3,1,6,1,61,9,1995,2,1,-1,2,-1,6,3,484173.0,381049.0,-0.737869,53.319687,32,3,3,6,26/07/2015,1,1899-12-30 17:00:00,356,E10000019,3,156,6,60,0,-1,-1,0,0,0,1,2,2,0,0,2,1,E01026410,3.0,2.0,2.0,57.0,9.0,3.0,0.0,0.0,1.0,0.0,0.0,9.0,2.0,7.0
8345,201520K012885,2,9,0,18,0,8,0,0,0,0,4,1,6,1,47,8,1796,1,12,-1,1,-1,3,2,396420.0,293410.0,-2.054213,52.538537,20,3,2,3,42256,4,1899-12-30 21:20:00,305,E08000028,6,0,6,30,6,4,6,0,0,0,4,1,1,0,0,1,1,E01009978,3.0,2.0,2.0,73.0,10.0,3.0,0.0,0.0,2.0,0.0,0.0,9.0,1.0,1.0
8346,2015350024615,2,9,0,13,0,0,1,0,1,1,4,1,6,2,28,6,1582,2,1,-1,2,-1,1,2,503500.0,304770.0,-0.472208,52.630826,35,3,2,1,42157,6,1899-12-30 18:20:00,394,E06000031,3,1,3,70,0,-1,-1,0,0,0,4,1,2,0,0,2,1,E01015590,1.0,1.0,2.0,28.0,6.0,3.0,0.0,0.0,0.0,0.0,0.0,9.0,2.0,9.0
8347,2015440223925,2,9,0,2,0,2,0,0,0,0,1,1,6,3,-1,-1,1800,1,16,-1,-1,-1,2,2,450236.0,95191.0,-1.289217,50.754151,44,3,2,2,42011,4,1899-12-30 15:54:00,505,E06000046,4,3321,6,30,3,4,6,0,0,0,1,1,1,0,0,1,1,E01017309,2.0,3.0,2.0,29.0,6.0,3.0,6.0,9.0,0.0,0.0,0.0,0.0,1.0,5.0
8348,2015160A01651,1,9,0,3,0,1,0,0,0,0,1,1,6,2,18,4,1600,1,14,-1,2,-1,1,2,523869.0,410338.0,-0.130731,53.575023,16,3,2,1,24/02/2015,3,1899-12-30 13:00:00,233,E06000012,6,0,6,30,3,4,6,0,0,0,1,1,1,0,0,1,2,E01013146,1.0,1.0,2.0,18.0,4.0,3.0,0.0,0.0,0.0,0.0,0.0,9.0,2.0,7.0
8349,2015530209802,1,9,0,18,0,1,0,0,7,0,4,1,6,1,66,10,1995,2,4,-1,3,-1,2,2,390191.0,209993.0,-2.143612,51.788506,53,3,2,2,17/09/2015,5,1899-12-30 14:21:00,624,E10000013,4,4070,6,60,6,4,6,1315,0,0,1,1,1,0,0,2,1,E01022392,2.0,2.0,2.0,53.0,8.0,3.0,0.0,0.0,1.0,0.0,0.0,9.0,3.0,6.0
8350,201501YR90627,2,9,0,18,0,8,0,0,0,0,1,1,1,1,-1,-1,-1,-1,-1,-1,-1,-1,1,2,532650.0,191530.0,-0.08585,51.606988,1,3,2,1,15/08/2015,7,1899-12-30 14:45:00,31,E09000014,3,10,3,40,3,4,6,0,0,0,1,1,1,0,0,1,1,E01002093,,,,,,,,,,,,,,
8351,2015450034834,3,9,0,3,0,0,0,0,0,0,2,1,1,1,49,8,2143,2,4,-1,1,-1,5,4,498511.0,169260.0,-0.584863,51.413811,45,3,4,5,42106,6,1899-12-30 16:25:00,514,E10000030,3,30,6,60,0,-1,-1,0,0,0,4,1,1,0,0,2,1,E01030692,,,,,,,,,,,,,,
8352,201501FH10593,2,9,0,12,0,2,0,0,0,0,3,1,6,1,-1,-1,1395,1,1,-1,1,-1,1,2,523310.0,180030.0,-0.224682,51.505758,1,3,2,1,20/11/2015,6,1899-12-30 18:50:00,11,E09000013,3,219,6,30,3,4,6,0,0,0,1,1,1,0,0,1,2,E01001943,,,,,,,,,,,,,,
8353,201550KE3G008,1,9,0,9,0,6,0,0,0,0,1,1,6,2,86,11,1339,1,11,-1,2,-1,1,1,306368.0,81902.0,-3.325191,50.629272,50,3,1,1,42075,5,1899-12-30 10:40:00,580,E10000008,4,3178,6,30,6,4,6,0,0,0,1,1,1,0,0,2,1,E01019896,1.0,3.0,1.0,85.0,11.0,3.0,5.0,1.0,0.0,0.0,0.0,0.0,2.0,9.0
8354,201543S054055,1,9,0,9,0,6,0,0,0,0,3,1,6,2,54,8,1582,2,1,-1,1,-1,2,2,483762.0,240645.0,-0.779729,52.057865,43,3,2,2,42313,2,1899-12-30 15:54:00,479,E06000042,6,1132,6,30,3,4,6,1132,0,0,1,1,1,0,0,1,1,E01016807,1.0,1.0,2.0,54.0,8.0,3.0,0.0,0.0,0.0,0.0,0.0,9.0,1.0,5.0
8355,201506G097337,1,19,0,18,0,5,0,0,0,0,1,1,1,1,20,4,1995,2,2,-1,1,-1,1,2,392280.0,398330.0,-2.117798,53.481633,6,3,2,1,42310,4,1899-12-30 08:35:00,110,E08000008,3,635,3,40,5,2,1,60,0,5,1,1,1,0,0,1,1,E01005951,,,,,,,,,,,,,,
8356,2015051500854,1,9,0,9,0,6,0,0,0,0,1,1,6,2,34,6,1360,1,3,-1,1,-1,1,2,339277.0,388461.0,-2.914509,53.389479,5,3,2,1,28/03/2015,7,1899-12-30 15:05:00,91,E08000012,6,0,6,30,9,4,6,0,0,0,1,1,2,0,0,1,1,E01006593,,,,,,,,,,,,,,
8357,2015132AO0578,2,9,0,18,0,8,0,0,0,0,1,1,6,1,19,4,1248,2,6,-1,3,-1,1,2,420868.0,408721.0,-1.68633,53.574679,13,3,2,1,24/10/2015,7,1899-12-30 10:30:00,203,E08000034,6,0,6,40,6,4,6,0,0,0,1,1,1,0,0,2,1,E01011117,,,,,,,,,,,,,,
8358,201501WW50857,1,1,0,18,0,8,0,0,0,0,1,1,6,2,29,6,-1,-1,-1,-1,1,-1,1,2,527070.0,173770.0,-0.172785,51.448668,1,3,2,1,42318,1,1899-12-30 16:50:00,10,E09000032,3,214,6,30,3,4,6,0,0,0,1,1,1,0,0,1,1,E01004619,1.0,1.0,2.0,29.0,6.0,3.0,0.0,0.0,0.0,0.0,0.0,1.0,1.0,3.0
8359,201506A000914,2,9,0,18,0,8,0,0,0,0,1,1,2,1,24,5,-1,-1,-1,-1,1,-1,2,2,385710.0,397630.0,-2.216766,53.475202,6,3,2,2,22/04/2015,4,1899-12-30 17:58:00,102,E08000003,3,635,9,30,6,2,3,665,0,8,1,1,1,0,0,1,2,E01005065,2.0,2.0,2.0,34.0,6.0,3.0,0.0,0.0,1.0,0.0,0.0,9.0,1.0,1.0
8360,201554B452215,1,9,0,16,0,0,1,0,0,0,1,1,2,1,24,5,1360,1,15,-1,1,-1,5,4,406965.0,184176.0,-1.900931,51.556426,54,3,4,5,21/12/2015,2,1899-12-30 16:05:00,635,E06000054,4,4042,6,60,0,-1,-1,0,0,0,6,2,2,4,0,2,1,E01031965,1.0,1.0,1.0,24.0,5.0,3.0,0.0,0.0,0.0,0.0,0.0,9.0,1.0,3.0
8361,201523N026479,4,9,0,18,0,0,0,0,0,0,1,1,6,1,53,8,1910,2,10,-1,1,-1,1,4,416718.0,290916.0,-1.755072,52.515876,23,3,4,1,42257,6,1899-12-30 16:52:00,290,E10000031,4,4118,6,50,0,-1,-1,0,0,0,1,1,1,0,0,2,1,E01009441,,,,,,,,,,,,,,
8362,2015160D02531,4,8,0,3,0,1,0,0,0,0,2,1,6,3,-1,-1,-1,-1,-1,-1,-1,-1,1,4,511010.0,433680.0,-0.316495,53.78761,16,3,4,1,42010,2,1899-12-30 08:44:00,228,E06000010,6,0,6,30,2,4,6,0,0,0,1,1,1,0,0,1,1,E01012778,,,,,,,,,,,,,,
8363,201597ND02303,3,19,0,18,0,0,0,0,0,0,1,1,2,1,42,7,2198,2,2,-1,1,-1,1,3,271936.0,660487.0,-4.045578,55.820595,97,3,3,1,23/03/2015,2,1899-12-30 07:50:00,932,S12000044,3,721,6,30,0,-1,-1,0,0,0,1,1,1,0,0,2,1,,,,,,,,,,,,,,,
8364,2015460259039,1,5,0,18,0,1,0,0,0,0,1,1,6,1,29,6,500,1,17,-1,1,-1,1,2,590250.0,164510.0,0.730523,51.347819,46,3,2,1,15/07/2015,4,1899-12-30 09:10:00,540,E10000016,6,4001,6,30,3,4,6,0,0,0,1,1,1,0,0,1,1,E01024582,1.0,1.0,1.0,29.0,6.0,3.0,0.0,0.0,0.0,0.0,0.0,5.0,1.0,4.0
8365,2015350134715,2,1,0,4,0,1,0,0,0,0,3,1,6,1,22,5,-1,-1,-1,-1,-1,-1,1,2,541030.0,264230.0,0.064855,52.258166,35,3,2,1,18/08/2015,3,1899-12-30 15:30:00,393,E10000003,5,197,6,30,6,2,5,198,0,4,1,2,2,0,0,2,1,E01018237,1.0,1.0,1.0,22.0,5.0,3.0,0.0,0.0,0.0,0.0,0.0,1.0,-1.0,-1.0
8366,201520Z003165,3,9,0,4,0,0,0,0,0,0,2,1,2,2,32,6,1560,2,4,-1,1,-1,2,3,399080.0,299660.0,-2.015015,52.594735,20,3,3,2,15/09/2015,3,1899-12-30 06:57:00,307,E08000030,1,6,3,70,0,-1,-1,0,0,0,1,1,2,0,0,2,1,E01010267,2.0,1.0,2.0,32.0,6.0,3.0,0.0,0.0,0.0,0.0,0.0,9.0,1.0,9.0
8367,2015440196807,2,9,0,3,0,1,0,0,0,0,2,1,2,2,25,5,1197,1,-1,-1,2,-1,3,3,474255.0,159206.0,-0.935671,51.327116,44,3,3,3,42314,5,1899-12-30 08:04:00,494,E10000014,4,3011,6,60,3,4,6,0,0,0,1,1,1,0,0,2,1,E01022858,2.0,1.0,2.0,25.0,5.0,3.0,0.0,0.0,0.0,0.0,0.0,9.0,2.0,6.0
8368,2015450034846,2,5,0,18,0,1,0,0,0,0,1,1,6,1,32,6,599,1,13,-1,1,-1,1,2,525547.0,151510.0,-0.202535,51.248951,45,3,2,1,27/11/2015,6,1899-12-30 18:45:00,513,E10000030,3,217,6,30,3,4,6,0,0,0,4,2,2,0,0,1,1,E01030625,1.0,1.0,1.0,32.0,6.0,3.0,0.0,0.0,0.0,0.0,0.0,5.0,1.0,7.0
8369,2015331502000,2,9,0,3,0,1,0,0,0,0,2,1,1,2,31,6,1598,1,8,-1,2,-1,1,2,459702.0,311036.0,-1.118083,52.693725,33,3,2,1,42016,3,1899-12-30 08:20:00,362,E10000018,3,46,3,70,5,4,3,46,0,0,1,1,2,0,0,2,1,E01025679,,,,,,,,,,,,,,
8370,201501MM70510,1,9,0,18,0,0,0,0,0,0,3,1,6,2,25,5,1364,1,6,-1,1,-1,2,3,532480.0,176930.0,-0.093794,51.475827,1,3,3,2,42189,3,1899-12-30 16:00:00,8,E09000028,3,215,6,30,0,-1,-1,0,0,0,1,1,1,0,0,1,1,E01003921,1.0,1.0,2.0,25.0,5.0,3.0,0.0,0.0,0.0,0.0,0.0,9.0,1.0,2.0
8371,201501SX21133,1,9,0,18,0,0,0,0,0,0,1,1,6,1,51,8,875,1,2,-1,1,-1,1,2,525370.0,195870.0,-0.189368,51.647657,1,3,2,1,21/11/2015,7,1899-12-30 09:50:00,30,E09000003,6,0,6,30,0,-1,-1,0,0,0,1,1,2,0,0,1,1,E01000246,,,,,,,,,,,,,,
8372,201501LX50625,2,9,0,18,0,1,0,0,0,0,1,1,6,1,20,4,1598,1,8,-1,1,-1,1,2,530730.0,176850.0,-0.119008,51.475515,1,3,2,1,17/06/2015,4,1899-12-30 14:00:00,9,E09000022,6,0,6,30,3,4,3,3,0,0,1,1,1,0,0,1,1,E01003186,1.0,1.0,1.0,20.0,4.0,3.0,0.0,0.0,0.0,0.0,0.0,9.0,1.0,2.0
8373,2015621502184,2,9,0,4,0,0,0,0,0,0,2,1,6,2,52,8,-1,-1,-1,-1,1,-1,3,2,304759.0,208400.0,-3.381543,51.76615,62,3,2,3,42320,6,1899-12-30 15:22:00,742,W06000024,6,0,6,30,0,-1,-1,0,0,1,1,1,1,0,0,1,1,W01001299,3.0,2.0,2.0,15.0,3.0,3.0,0.0,0.0,1.0,0.0,0.0,9.0,1.0,-1.0
8374,2015460262505,1,21,1,12,0,0,0,0,0,0,1,1,1,1,32,6,-1,-1,-1,-1,-1,-1,1,2,572710.0,158490.0,0.476006,51.299337,46,3,2,1,42014,5,1899-12-30 17:43:00,542,E10000016,1,20,3,70,0,-1,-1,0,0,0,1,1,1,0,0,1,1,E01024719,,,,,,,,,,,,,,
8375,201560S079345,1,9,0,18,0,0,0,0,0,0,1,1,6,2,33,6,-1,-1,-1,-1,-1,-1,2,2,330993.0,352522.0,-3.031256,53.065464,60,3,2,2,42041,3,1899-12-30 17:33:00,725,W06000006,6,0,6,30,0,-1,-1,0,0,0,1,1,1,0,0,1,1,W01000401,2.0,2.0,1.0,9.0,2.0,3.0,0.0,0.0,2.0,0.0,0.0,9.0,-1.0,-1.0
8376,201531D155015,1,9,0,18,0,0,0,4,0,0,1,1,6,2,37,7,1390,1,9,-1,3,-1,1,2,459287.0,335709.0,-1.119756,52.915541,31,3,2,1,42345,1,1899-12-30 11:17:00,347,E10000024,3,606,6,40,0,-1,-1,0,0,0,1,1,1,4,0,1,1,E01028373,1.0,1.0,2.0,37.0,7.0,3.0,0.0,0.0,0.0,0.0,0.0,9.0,3.0,7.0
8377,2015331500795,1,19,0,16,0,0,0,0,0,0,1,1,1,1,59,9,2198,2,-1,-1,1,-1,1,2,472340.0,299870.0,-0.933566,52.591825,33,3,2,1,29/05/2015,6,1899-12-30 09:03:00,363,E10000018,4,6047,3,50,0,-1,-1,0,0,0,1,5,2,0,0,2,1,E01025770,,,,,,,,,,,,,,
8378,2015520507780,1,9,0,14,0,0,0,0,0,0,0,1,6,1,51,8,-1,-1,-1,-1,1,-1,1,3,356058.0,116042.0,-2.626804,50.942134,52,3,3,1,42014,5,1899-12-30 23:21:00,610,E10000027,6,0,6,30,0,-1,-1,0,0,0,4,1,1,0,0,1,2,E01029234,,,,,,,,,,,,,,
8379,201543P222085,1,9,0,18,0,1,0,0,1,10,1,1,6,1,28,6,1799,1,7,-1,1,-1,1,2,442390.0,209991.0,-1.386856,51.786978,43,3,2,1,17/08/2015,2,1899-12-30 21:55:00,485,E10000025,3,40,6,60,3,4,6,0,0,0,6,1,1,0,0,2,1,E01028787,1.0,1.0,1.0,28.0,6.0,3.0,0.0,0.0,0.0,0.0,0.0,9.0,1.0,10.0
8380,201550BD2J004,2,9,0,18,0,1,0,0,0,0,1,1,1,2,46,8,1248,2,3,-1,-1,-1,3,2,227008.0,62064.0,-4.43719,50.432876,50,3,2,3,42042,5,1899-12-30 16:45:00,596,E06000052,3,38,3,70,3,4,4,3252,0,0,1,1,1,0,0,2,1,E01018778,3.0,2.0,2.0,41.0,7.0,3.0,0.0,0.0,1.0,0.0,0.0,9.0,-1.0,-1.0
8381,2015521507456,1,8,0,18,0,0,0,0,0,0,3,1,6,2,35,6,1995,2,10,-1,1,-1,1,2,337017.0,162746.0,-2.905975,51.360275,52,3,2,1,20/10/2015,3,1899-12-30 07:45:00,605,E06000024,4,3440,6,30,0,-1,-1,0,0,0,1,1,1,0,0,2,2,E01032667,1.0,1.0,2.0,35.0,6.0,3.0,0.0,0.0,0.0,0.0,0.0,8.0,1.0,5.0
8382,2015621501194,3,9,0,18,0,0,0,0,0,0,2,1,6,1,36,7,-1,-1,-1,-1,1,-1,1,4,266079.0,195485.0,-3.936796,51.642173,62,3,4,1,16/07/2015,5,1899-12-30 08:57:00,745,W06000011,3,4067,3,40,0,-1,-1,0,0,0,1,1,1,0,0,1,1,W01000788,3.0,1.0,1.0,36.0,7.0,3.0,0.0,0.0,0.0,0.0,0.0,9.0,1.0,-1.0
8383,2015460260475,3,9,0,18,0,1,0,0,0,0,1,1,6,2,69,10,1298,1,15,-1,1,-1,2,3,636680.0,149800.0,1.386377,51.198362,46,3,3,2,19/08/2015,4,1899-12-30 10:00:00,533,E10000016,3,258,6,30,3,4,6,0,0,0,1,1,1,0,0,1,1,E01024253,2.0,1.0,2.0,69.0,10.0,3.0,0.0,0.0,0.0,0.0,0.0,9.0,1.0,3.0
8384,2015961501211,2,9,0,3,0,1,0,0,0,0,2,1,6,1,26,6,1796,1,13,-1,3,-1,2,3,284923.0,672827.0,-3.843668,55.934683,96,3,3,2,29/07/2015,4,1899-12-30 16:30:00,924,S12000014,4,803,6,30,3,4,6,0,0,0,1,2,2,0,0,2,1,,2.0,2.0,2.0,54.0,8.0,3.0,0.0,0.0,1.0,0.0,0.0,9.0,3.0,-1.0
8385,201501VK30253,1,9,0,9,0,0,0,0,0,0,3,1,6,1,52,8,1229,1,10,-1,1,-1,1,2,517720.0,163610.0,-0.310639,51.359372,1,3,2,1,42043,1,1899-12-30 10:20:00,23,E09000021,3,243,6,30,0,-1,-1,0,0,0,1,1,1,0,0,1,1,E01002948,,,,,,,,,,,,,,
8386,201520S044795,1,1,0,18,0,1,0,0,0,0,1,1,6,1,15,3,-1,-1,-1,-1,1,-1,1,2,401420.0,281680.0,-1.980541,52.433096,20,3,2,1,21/07/2015,3,1899-12-30 18:15:00,300,E08000025,6,0,6,30,3,4,6,0,0,0,1,1,1,0,0,1,1,E01008929,1.0,1.0,1.0,15.0,3.0,3.0,0.0,0.0,0.0,0.0,0.0,1.0,1.0,5.0
8387,2015471501272,1,1,0,9,0,8,0,0,0,0,3,1,6,1,64,9,-1,-1,-1,-1,1,-1,1,2,518939.0,119090.0,-0.307843,50.958971,47,3,2,1,42097,4,1899-12-30 12:46:00,562,E10000032,4,2116,6,30,3,4,4,2135,0,0,1,1,1,5,0,2,1,E01031635,1.0,1.0,1.0,64.0,9.0,3.0,0.0,0.0,0.0,0.0,0.0,1.0,1.0,10.0
8388,201501LX50298,2,9,0,9,0,8,0,0,0,0,3,1,6,1,52,8,1596,1,9,-1,1,-1,1,2,531870.0,172440.0,-0.104245,51.435619,1,3,2,1,42128,1,1899-12-30 22:13:00,9,E09000022,3,215,6,30,8,4,6,0,0,0,4,1,1,0,0,1,1,E01003079,,,,,,,,,,,,,,
8389,201550BC2H004,2,9,4,2,0,1,0,0,0,0,2,1,2,1,-1,-1,-1,-1,-1,-1,3,-1,1,2,206426.0,80649.0,-4.736307,50.593392,50,3,2,1,16/10/2015,6,1899-12-30 12:05:00,596,E06000052,4,3267,6,30,3,4,6,0,0,0,1,1,1,0,0,2,1,E01018940,,,,,,,,,,,,,,
8390,201501RG40423,2,9,0,18,0,1,0,0,0,0,1,1,6,3,-1,-1,1199,1,13,-1,-1,-1,1,2,541450.0,177030.0,0.035321,51.474556,1,3,2,1,42284,6,1899-12-30 17:30:00,6,E09000011,3,207,6,30,3,4,6,0,0,0,1,1,1,0,0,1,2,E01001652,,,,,,,,,,,,,,
8391,201543W207115,2,9,0,14,0,8,0,0,0,0,1,1,1,1,20,4,1149,1,17,-1,1,-1,2,3,469202.0,174225.0,-1.005256,51.462777,43,3,3,2,18/11/2015,4,1899-12-30 08:08:00,472,E06000038,6,7201,6,30,3,4,6,7201,0,0,1,1,1,0,0,1,1,E01016359,2.0,1.0,1.0,20.0,4.0,3.0,0.0,0.0,0.0,0.0,0.0,9.0,1.0,10.0
8392,2015170M33275,1,9,0,18,0,1,0,0,0,0,1,1,6,1,84,11,1398,1,5,-1,2,-1,1,1,451093.0,514578.0,-1.212126,54.523922,17,3,1,1,23/12/2015,4,1899-12-30 10:20:00,243,E06000002,6,0,3,40,3,4,6,0,0,1,1,1,1,0,0,1,1,E01012032,1.0,3.0,2.0,71.0,10.0,3.0,1.0,1.0,0.0,0.0,0.0,0.0,1.0,1.0
8393,2015132640864,2,19,0,18,0,1,0,0,0,0,4,1,6,1,42,7,2800,2,9,-1,1,-1,1,2,430756.0,434758.0,-1.534436,53.80821,13,3,2,1,42100,5,1899-12-30 14:44:00,204,E08000035,3,58,1,30,3,2,6,0,0,5,1,1,1,0,0,1,1,E01011671,,,,,,,,,,,,,,
8394,2015440180910,1,9,0,18,0,8,0,0,0,0,1,1,6,3,-1,-1,1796,1,17,-1,-1,-1,1,2,445651.0,118720.0,-1.351282,50.966099,44,3,2,1,29/05/2015,6,1899-12-30 12:20:00,491,E10000014,3,335,1,30,1,4,6,0,0,0,1,1,1,0,0,1,2,E01022670,1.0,2.0,1.0,50.0,8.0,3.0,0.0,0.0,1.0,0.0,0.0,9.0,1.0,8.0
8395,2015030003108,2,9,0,3,0,0,0,0,0,0,2,1,6,2,67,10,1339,1,11,-1,2,-1,3,3,342860.0,555990.0,-2.892449,54.89536,3,3,3,3,42320,6,1899-12-30 18:40:00,62,E10000006,3,69,6,60,0,-1,-1,0,0,0,4,1,1,0,0,2,1,E01019251,3.0,2.0,2.0,69.0,10.0,3.0,0.0,0.0,1.0,0.0,0.0,9.0,-1.0,-1.0
8396,2015460263754,3,19,0,4,0,0,0,0,0,0,2,1,1,1,61,9,1248,2,4,-1,3,-1,3,5,554400.0,170510.0,0.2188,51.412592,46,3,5,3,42258,2,1899-12-30 08:15:00,532,E10000016,1,25,3,70,0,-1,-1,0,0,0,1,1,1,0,0,2,1,E01024174,,,,,,,,,,,,,,
8397,20151328G0491,1,9,0,9,0,8,0,0,0,0,1,1,6,1,68,10,1493,2,8,-1,1,-1,1,2,412460.0,425472.0,-1.812639,53.725504,13,3,2,1,16/08/2015,1,1899-12-30 09:34:00,202,E08000033,3,58,6,30,6,2,3,58,0,4,1,1,1,0,0,1,1,E01010909,,,,,,,,,,,,,,
8398,201501CW11963,2,8,0,18,0,8,0,0,0,0,4,1,1,1,42,7,1997,2,3,-1,1,-1,6,2,527240.0,181500.0,-0.167557,51.518099,1,3,2,6,29/12/2015,3,1899-12-30 01:20:00,1,E09000033,3,5,6,30,6,2,3,501,0,5,4,2,2,0,0,1,1,E01004684,5.0,2.0,2.0,14.0,3.0,3.0,0.0,0.0,2.0,0.0,0.0,8.0,-1.0,-1.0
8399,2015610002915,2,9,0,18,0,0,0,0,0,0,1,1,6,2,40,7,-1,-1,-1,-1,1,-1,1,3,329359.0,194309.0,-3.022276,51.643125,61,3,3,1,18/01/2015,1,1899-12-30 12:47:00,734,W06000020,3,4051,6,60,0,-1,-1,0,0,0,1,1,1,0,0,1,1,W01001504,1.0,1.0,2.0,40.0,7.0,3.0,0.0,0.0,0.0,0.0,0.0,9.0,1.0,-1.0
8400,2015440249084,2,9,0,18,0,8,0,0,0,0,1,1,1,1,45,7,1598,2,1,-1,1,-1,1,2,467140.0,102898.0,-1.04821,50.821741,44,3,2,1,20/07/2015,2,1899-12-30 09:51:00,498,E06000044,6,0,6,30,3,4,6,0,0,0,1,1,1,0,0,2,1,E01017047,1.0,1.0,1.0,45.0,7.0,3.0,0.0,0.0,0.0,0.0,0.0,9.0,1.0,3.0
8401,201501RY10064,2,9,0,5,0,0,0,0,0,0,3,1,6,1,52,8,1390,1,12,-1,1,-1,1,2,546440.0,171610.0,0.104879,51.424586,1,3,2,1,14/02/2015,7,1899-12-30 12:52:00,18,E09000004,3,2001,6,30,0,-1,-1,0,0,0,1,1,1,0,0,1,1,E01000457,,,,,,,,,,,,,,
8402,2015132AD0938,1,9,0,9,0,5,0,0,0,0,3,1,6,2,29,6,1586,1,8,-1,1,-1,1,2,423008.0,427045.0,-1.652663,53.739286,13,3,2,1,13/10/2015,3,1899-12-30 15:34:00,203,E08000034,3,62,6,30,3,4,6,0,0,4,1,1,1,0,0,1,1,E01011050,,,,,,,,,,,,,,
8403,201597GA01504,2,9,0,18,0,8,0,0,0,0,1,1,2,1,44,7,1198,1,3,-1,1,-1,1,2,254180.0,665915.0,-4.331648,55.864288,97,3,2,1,42251,5,1899-12-30 16:10:00,926,S12000043,6,0,6,30,3,4,3,739,0,0,1,1,1,0,0,1,1,,,,,,,,,,,,,,,
8404,201501YE80311,1,9,0,4,0,0,0,0,0,0,1,1,6,1,43,7,1797,8,-1,-1,1,-1,1,3,535860.0,194680.0,-0.038304,51.63453,1,3,3,1,42160,4,1899-12-30 08:34:00,32,E09000010,3,1055,6,40,0,-1,-1,0,0,0,1,1,2,0,0,2,1,E01001477,,,,,,,,,,,,,,