,accident_index,vehicle_reference,vehicle_type,towing_and_articulation,vehicle_manoeuvre,vehicle_location-restricted_lane,junction_location,skidding_and_overturning,hit_object_in_carriageway,vehicle_leaving_carriageway,hit_object_off_carriageway,1st_point_of_impact,was_vehicle_left_hand_drive?,journey_purpose_of_driver,sex_of_driver,age_of_driver,age_band_of_driver,engine_capacity_(cc),propulsion_code,age_of_vehicle,driver_imd_decile,driver_home_area_type,vehicle_imd_decile,NUmber_of_Casualities_unique_to_accident_index,No_of_Vehicles_involved_unique_to_accident_index,location_easting_osgr,location_northing_osgr,longitude,latitude,police_force,accident_severity,number_of_vehicles,number_of_casualties,date,day_of_week,time,local_authority_(district),local_authority_(highway),1st_road_class,1st_road_number,road_type,speed_limit,junction_detail,junction_control,2nd_road_class,2nd_road_number,pedestrian_crossing-human_control,pedestrian_crossing-physical_facilities,light_conditions,weather_conditions,road_surface_conditions,special_conditions_at_site,carriageway_hazards,urban_or_rural_area,did_police_officer_attend_scene_of_accident,lsoa_of_accident_location,casualty_reference,casualty_class,sex_of_casualty,age_of_casualty,age_band_of_casualty,casualty_severity,pedestrian_location,pedestrian_movement,car_passenger,bus_or_coach_passenger,pedestrian_road_maintenance_worker,casualty_type,casualty_home_area_type,casualty_imd_decile
8675,201522G502405,1,9,0,16,0,0,5,0,8,4,1,1,6,2,21,5,998,1,11,-1,1,-1,3,1,364180.0,308950.0,-2.531226,52.677059,22,3,1,3,42041,3,1899-12-30 22:46:00,284,E06000020,6,0,6,60,0,-1,-1,0,0,0,6,2,2,0,0,2,1,E01014202,3.0,2.0,2.0,19.0,4.0,3.0,0.0,0.0,2.0,0.0,0.0,9.0,1.0,6.0
8676,2015051502698,1,9,0,9,0,8,0,0,0,0,4,1,2,1,58,9,1598,1,7,-1,1,-1,1,2,341341.0,391481.0,-2.884041,53.416855,5,3,2,1,42046,2,1899-12-30 14:26:00,91,E08000012,6,0,6,30,3,4,6,0,0,0,1,1,1,0,0,1,1,E01006571,,,,,,,,,,,,,,
8677,201523M066003,4,9,0,18,0,0,0,0,0,0,4,1,1,1,25,5,1560,2,-1,-1,3,-1,1,5,431538.0,285932.0,-1.537159,52.470419,23,3,5,1,42254,5,1899-12-30 18:54:00,290,E10000031,1,6,3,70,0,-1,-1,0,0,0,1,1,1,0,0,2,1,E01031027,,,,,,,,,,,,,,
8678,2015350095015,2,1,0,18,0,6,0,0,0,0,1,1,6,1,11,3,-1,-1,-1,-1,-1,-1,1,2,556850.0,270940.0,0.299567,52.314164,35,3,2,1,16/06/2015,3,1899-12-30 16:05:00,391,E10000003,6,0,6,30,3,4,6,0,0,0,1,1,1,0,0,2,1,E01018049,1.0,1.0,1.0,11.0,3.0,3.0,0.0,0.0,0.0,0.0,0.0,1.0,-1.0,-1.0
8679,2015215000970,3,9,0,3,0,1,0,0,0,0,0,1,1,2,51,8,1956,2,3,-1,1,-1,1,3,392154.0,342744.0,-2.118308,52.98198,21,3,3,1,16/02/2015,2,1899-12-30 11:00:00,257,E06000021,3,50,3,50,5,4,3,50,0,7,1,1,1,0,0,1,1,E01014302,,,,,,,,,,,,,,
8680,2015930000444,2,9,0,10,0,1,0,0,0,0,2,1,6,1,56,9,1599,1,15,-1,1,-1,2,2,341053.0,731458.0,-2.958424,56.471543,93,3,2,2,42043,1,1899-12-30 17:20:00,918,S12000042,5,211,6,30,3,4,6,0,0,0,1,1,1,0,0,1,1,,1.0,1.0,1.0,56.0,9.0,3.0,0.0,0.0,0.0,0.0,0.0,9.0,1.0,-1.0
8681,201501YE80918,3,9,0,3,0,0,0,0,0,0,2,1,6,1,69,10,2993,2,5,-1,1,-1,1,3,532940.0,192450.0,-0.081316,51.615187,1,3,3,1,42320,6,1899-12-30 18:15:00,32,E09000010,3,406,3,40,0,-1,-1,0,0,0,4,1,1,0,0,1,1,E01001562,,,,,,,,,,,,,,
8682,201501MM70314,2,9,0,7,0,8,0,0,0,0,3,1,6,1,-1,-1,2993,2,2,-1,-1,-1,1,2,533960.0,175660.0,-0.072977,51.464066,1,3,2,1,18/03/2015,4,1899-12-30 18:30:00,8,E09000028,6,0,6,30,3,4,6,0,0,0,4,1,1,0,0,1,2,E01004046,,,,,,,,,,,,,,
8683,201563DP29415,2,9,4,18,0,1,0,0,0,0,1,1,6,1,22,5,-1,-1,-1,-1,2,-1,1,2,299470.0,262850.0,-3.47416,52.254606,63,3,2,1,21/09/2015,2,1899-12-30 16:30:00,753,W06000023,3,470,6,60,9,4,6,0,0,0,1,1,1,0,7,2,1,W01000477,,,,,,,,,,,,,,
8684,201597LB02211,1,9,0,17,0,0,2,0,1,4,3,1,6,1,71,10,1240,1,5,-1,2,-1,1,1,209271.0,709150.0,-5.079014,56.236507,97,3,1,1,16/11/2015,2,1899-12-30 10:00:00,913,S12000035,3,819,6,40,0,-1,-1,0,0,0,6,1,3,0,0,2,1,,1.0,1.0,1.0,71.0,10.0,3.0,0.0,0.0,0.0,0.0,0.0,9.0,2.0,-1.0
8685,201501ZD30204,1,9,0,9,0,8,0,0,0,0,3,1,6,1,68,10,1796,1,10,-1,1,-1,1,2,531280.0,167810.0,-0.114441,51.394148,1,3,2,1,22/02/2015,1,1899-12-30 19:10:00,20,E09000008,3,23,6,30,8,4,6,0,0,1,4,2,2,0,0,1,1,E01001183,,,,,,,,,,,,,,
8686,2015160D03261,1,9,0,18,0,0,0,0,0,0,1,1,6,1,58,9,1598,1,13,-1,1,-1,1,2,507244.0,434007.0,-0.373518,53.791336,16,3,2,1,28/06/2015,1,1899-12-30 11:05:00,228,E06000010,6,0,6,30,0,-1,-1,0,0,0,1,1,1,0,0,1,1,E01012876,,,,,,,,,,,,,,
8687,201501ZD30583,1,9,0,4,0,1,0,0,0,0,2,1,6,1,28,6,1498,1,3,-1,1,-1,1,2,529100.0,157600.0,-0.149458,51.30289,1,3,2,1,19/07/2015,1,1899-12-30 18:52:00,20,E09000008,3,23,6,30,3,4,6,0,0,0,1,1,1,0,0,2,1,E01001027,1.0,2.0,2.0,24.0,5.0,3.0,0.0,0.0,1.0,0.0,0.0,9.0,1.0,2.0
8688,2015471507264,1,19,0,1,0,0,0,0,0,0,2,1,1,1,25,5,1968,2,-1,-1,1,-1,1,2,504702.0,101826.0,-0.515421,50.806539,47,3,2,1,42106,6,1899-12-30 13:30:00,558,E10000032,6,0,6,30,0,-1,-1,0,0,0,1,1,1,0,0,1,2,E01031461,,,,,,,,,,,,,,
8689,201514B012115,2,9,0,5,0,2,0,0,0,0,1,1,6,1,82,11,2231,2,3,-1,1,-1,1,2,437673.0,405161.0,-1.432984,53.541748,14,3,2,1,42006,1,1899-12-30 15:25:00,210,E08000016,3,633,6,40,8,2,6,0,0,1,1,1,1,0,0,1,1,E01007319,,,,,,,,,,,,,,
8690,201560S132114,1,9,0,18,0,1,5,0,0,0,4,1,6,2,27,6,-1,-1,-1,-1,-1,-1,1,2,289640.0,377222.0,-3.656677,53.280449,60,3,2,1,28/08/2015,6,1899-12-30 19:28:00,721,W06000003,6,0,6,30,3,4,6,0,0,0,1,1,1,0,0,2,1,W01000164,1.0,1.0,2.0,27.0,6.0,3.0,0.0,0.0,0.0,0.0,0.0,9.0,-1.0,-1.0
8691,201501WW50885,1,8,0,9,0,8,0,0,0,0,3,1,1,1,47,8,1798,8,-1,-1,1,-1,1,2,526340.0,175460.0,-0.182681,51.464019,1,3,2,1,42287,7,1899-12-30 21:20:00,10,E09000032,3,3205,6,30,8,4,6,0,0,0,4,1,1,0,0,1,1,E01033101,,,,,,,,,,,,,,
8692,201501PL60429,1,9,0,4,0,1,0,0,0,0,2,1,6,2,49,8,1368,1,8,-1,1,-1,1,2,536740.0,173300.0,-0.033895,51.442194,1,3,2,1,24/05/2015,1,1899-12-30 23:38:00,7,E09000023,3,205,6,30,6,4,6,0,0,1,4,1,1,0,0,1,1,E01003308,1.0,1.0,2.0,49.0,8.0,3.0,0.0,0.0,0.0,0.0,0.0,9.0,1.0,5.0
8693,201542I329410,1,9,0,18,0,3,0,0,1,11,1,1,6,2,35,6,1598,1,9,-1,1,-1,2,2,573409.0,190897.0,0.501888,51.590237,42,3,2,2,15/10/2015,5,1899-12-30 11:27:00,450,E10000012,6,0,6,30,1,4,6,0,0,1,1,1,2,0,0,1,1,E01021307,2.0,1.0,2.0,35.0,6.0,3.0,0.0,0.0,0.0,0.0,0.0,9.0,1.0,3.0
8694,2015405DA0556,1,9,0,9,0,8,0,0,0,0,1,1,2,1,47,8,-1,-1,-1,-1,1,-1,1,2,501287.0,222537.0,-0.529545,51.892192,40,3,2,1,42284,6,1899-12-30 06:10:00,424,E06000056,3,5,6,30,8,4,6,0,0,4,1,1,1,0,0,1,1,E01017568,,,,,,,,,,,,,,
8695,20154100T3016,1,9,0,18,0,0,0,0,0,0,1,1,6,1,30,6,1461,2,3,-1,-1,-1,1,2,504240.0,197180.0,-0.494254,51.663742,41,3,2,1,42310,4,1899-12-30 06:30:00,436,E10000015,1,25,3,70,0,-1,-1,0,0,0,1,1,1,0,0,2,2,E01023813,,,,,,,,,,,,,,
8696,201501QK50553,1,9,0,7,0,8,0,7,1,4,3,1,1,1,21,5,-1,-1,-1,-1,1,-1,1,1,521580.0,183940.0,-0.248248,51.541273,1,3,1,1,14/08/2015,6,1899-12-30 18:00:00,28,E09000005,6,0,6,30,3,4,6,0,0,8,4,2,2,0,0,1,1,E01000523,1.0,1.0,1.0,21.0,5.0,3.0,0.0,0.0,0.0,0.0,0.0,9.0,1.0,3.0
8697,201520N054455,2,9,0,18,0,2,0,0,0,0,2,1,6,1,27,6,1968,2,6,-1,1,-1,1,2,410640.0,291540.0,-1.844618,52.521637,20,3,2,1,19/09/2015,7,1899-12-30 02:15:00,300,E08000025,3,5127,6,30,1,4,3,4040,0,0,4,9,1,0,0,1,2,E01009013,1.0,1.0,1.0,27.0,6.0,3.0,0.0,0.0,0.0,0.0,0.0,9.0,1.0,1.0
8698,2015941500908,2,9,0,4,0,0,0,0,0,0,2,1,6,2,46,8,2198,1,10,-1,3,-1,1,2,331768.0,700857.0,-3.101162,56.195414,94,3,2,1,21/11/2015,7,1899-12-30 14:04:00,925,S12000015,3,911,6,60,0,-1,-1,0,0,0,1,1,1,0,0,2,1,,1.0,1.0,2.0,46.0,8.0,3.0,0.0,0.0,0.0,0.0,0.0,9.0,3.0,-1.0
8699,2015170L30205,1,9,0,18,0,0,0,0,1,2,1,1,6,1,19,4,-1,-1,-1,-1,1,-1,1,1,461431.0,524589.0,-1.050338,54.612732,17,3,1,1,42126,5,1899-12-30 21:09:00,241,E06000003,6,0,6,30,0,-1,-1,0,0,0,4,1,2,0,0,1,1,E01012186,1.0,1.0,1.0,19.0,4.0,3.0,0.0,0.0,0.0,0.0,0.0,9.0,1.0,5.0
8700,2015460264740,2,3,0,18,0,4,0,0,0,0,4,1,1,1,20,4,125,1,3,-1,-1,-1,1,2,603940.0,159920.0,0.924215,51.301858,46,3,2,1,42075,5,1899-12-30 19:00:00,540,E10000016,3,2,1,50,1,4,6,0,0,0,7,4,1,0,0,2,2,E01024556,1.0,1.0,1.0,20.0,4.0,3.0,0.0,0.0,0.0,0.0,0.0,3.0,-1.0,-1.0
8701,201522C503487,1,9,0,18,0,8,0,0,0,0,1,1,6,3,-1,-1,-1,-1,-1,-1,-1,-1,1,2,384670.0,278710.0,-2.226769,52.406179,22,3,2,1,42194,2,1899-12-30 15:20:00,278,E10000034,3,449,6,40,6,2,4,4189,0,0,1,1,1,0,0,2,1,E01032479,,,,,,,,,,,,,,
8702,201501PL60610,1,5,0,14,0,8,0,0,0,0,4,1,6,1,36,7,125,1,7,-1,1,-1,1,2,536280.0,176960.0,-0.0391,51.475195,1,3,2,1,31/07/2015,6,1899-12-30 18:30:00,7,E09000023,3,2,6,30,3,4,6,0,0,4,1,1,1,0,0,1,1,E01003303,1.0,1.0,1.0,36.0,7.0,3.0,0.0,0.0,0.0,0.0,0.0,5.0,1.0,3.0
8703,201501XH30560,2,9,0,18,0,2,0,0,0,0,1,1,2,2,25,5,1360,1,12,-1,1,-1,1,4,510810.0,181050.0,-0.404388,51.517513,1,3,4,1,42132,4,1899-12-30 16:25:00,26,E09000017,3,4020,3,40,8,2,6,0,0,5,1,2,2,0,0,1,1,E01002396,1.0,1.0,2.0,25.0,5.0,3.0,0.0,0.0,0.0,0.0,0.0,9.0,1.0,6.0
8704,2015921500613,1,9,0,5,0,8,0,0,0,0,1,1,6,1,61,9,2495,2,10,-1,3,-1,2,2,385482.0,850432.0,-2.244185,57.543775,92,3,2,2,30/05/2015,7,1899-12-30 11:25:00,911,S12000034,6,0,6,60,6,4,6,0,0,0,1,1,1,0,0,2,1,,,,,,,,,,,,,,,
8705,201554B216215,1,9,0,17,0,0,1,11,0,0,3,1,6,1,26,6,1590,1,25,-1,2,-1,1,2,416522.0,171927.0,-1.763652,51.446094,54,3,2,1,14/12/2015,2,1899-12-30 14:27:00,635,E06000054,5,18,6,60,0,-1,-1,0,0,0,1,1,2,0,2,2,1,E01031868,1.0,1.0,1.0,26.0,6.0,3.0,0.0,0.0,0.0,0.0,0.0,9.0,2.0,-1.0
8706,2015051501107,1,9,0,7,0,8,0,0,0,0,1,1,6,1,51,8,1388,1,13,-1,1,-1,1,2,339113.0,390731.0,-2.917414,53.409862,5,3,2,1,26/04/2015,1,1899-12-30 07:10:00,91,E08000012,6,0,3,30,5,4,3,5047,0,0,1,1,2,0,0,1,1,E01006716,,,,,,,,,,,,,,
8707,201501SX20286,1,9,0,12,0,0,0,0,0,0,3,1,2,1,56,9,1995,2,9,-1,1,-1,1,2,528100.0,191360.0,-0.15158,51.606513,1,3,2,1,42039,5,1899-12-30 16:00:00,30,E09000003,3,406,3,40,0,-1,-1,0,0,0,1,1,1,0,0,1,1,E01000164,,,,,,,,,,,,,,
8708,2015521504881,1,11,0,18,0,4,0,0,0,0,1,1,6,1,56,9,9360,2,7,-1,1,-1,2,2,359025.0,173572.0,-2.591164,51.459631,52,3,2,2,21/06/2015,1,1899-12-30 23:40:00,601,E06000023,3,38,6,30,1,2,4,4051,0,0,4,2,2,0,0,1,1,E01033342,,,,,,,,,,,,,,
8709,2015460252229,2,9,0,18,0,8,0,0,0,0,2,1,6,2,30,6,1796,1,8,-1,1,-1,1,2,590490.0,164050.0,0.733719,51.343608,46,3,2,1,20/01/2015,3,1899-12-30 22:25:00,540,E10000016,4,2006,6,30,6,2,6,0,0,4,4,1,2,0,0,1,1,E01024561,,,,,,,,,,,,,,
8710,201506J011029,3,9,0,2,0,1,0,0,0,0,1,1,6,3,-1,-1,1998,2,6,-1,1,-1,1,3,393640.0,392220.0,-2.097179,53.426732,6,3,3,1,21/12/2015,2,1899-12-30 21:50:00,109,E08000007,3,560,6,30,3,4,6,0,0,0,4,1,1,0,0,1,1,E01005745,,,,,,,,,,,,,,
8711,201520K003475,2,9,0,10,0,1,0,0,0,0,2,1,1,1,43,7,2184,2,12,-1,1,-1,1,2,399010.0,289630.0,-2.016015,52.504567,20,3,2,1,18/02/2015,4,1899-12-30 08:35:00,305,E08000028,6,0,6,30,3,4,6,0,0,1,1,1,1,0,0,1,2,E01010017,1.0,1.0,1.0,43.0,7.0,3.0,0.0,0.0,0.0,0.0,0.0,9.0,1.0,2.0
8712,201550EL2T015,1,9,0,18,0,8,0,0,0,0,1,1,6,2,39,7,998,1,3,-1,1,-1,1,2,251818.0,56697.0,-4.085997,50.391433,50,3,2,1,28/04/2015,3,1899-12-30 07:08:00,583,E06000026,6,0,1,40,1,2,6,0,0,0,1,1,1,0,0,2,1,E01015095,1.0,1.0,2.0,39.0,7.0,3.0,0.0,0.0,0.0,0.0,0.0,9.0,1.0,6.0
8713,2015132530022,1,9,0,18,0,1,0,0,7,11,1,1,6,1,25,5,1229,1,3,-1,1,-1,2,1,421551.0,434731.0,-1.674217,53.808428,13,3,1,2,42068,1,1899-12-30 00:15:00,204,E08000035,4,6156,6,30,3,4,6,0,0,0,4,1,2,0,7,1,1,E01011598,1.0,3.0,1.0,52.0,8.0,3.0,6.0,9.0,0.0,0.0,0.0,0.0,1.0,6.0
8714,201501ZT80352,1,9,0,3,0,1,0,0,0,0,2,1,6,1,48,8,1560,2,3,-1,3,-1,3,2,529450.0,163850.0,-0.142171,51.35898,1,3,2,3,42319,4,1899-12-30 06:50:00,21,E09000029,4,271,6,30,3,4,6,0,0,1,1,1,1,0,0,1,1,E01004178,1.0,1.0,1.0,48.0,8.0,3.0,0.0,0.0,0.0,0.0,0.0,9.0,3.0,8.0
8715,201501LX50761,1,9,0,14,0,2,0,0,0,0,1,1,6,1,50,8,1598,1,7,-1,1,-1,2,1,530180.0,172080.0,-0.128676,51.432775,1,3,1,2,17/07/2015,6,1899-12-30 18:45:00,9,E09000022,3,23,3,30,3,4,6,0,0,0,1,1,1,0,0,1,1,E01003153,1.0,3.0,2.0,23.0,5.0,3.0,5.0,2.0,0.0,0.0,2.0,0.0,1.0,6.0
8716,201523N025831,2,1,0,18,9,0,0,8,0,0,1,1,4,2,12,3,-1,-1,-1,-1,1,-1,1,2,439004.0,287007.0,-1.427133,52.479602,23,3,2,1,15/06/2015,2,1899-12-30 15:26:00,291,E10000031,6,0,6,30,0,-1,-1,0,0,0,1,1,1,0,0,1,1,E01031069,1.0,1.0,2.0,12.0,3.0,3.0,0.0,0.0,0.0,0.0,0.0,1.0,1.0,4.0
8717,2015210024054,1,9,0,18,0,0,0,0,0,0,4,1,6,1,48,8,1995,2,2,-1,3,-1,2,2,412012.0,305356.0,-1.823901,52.645811,21,3,2,2,42160,4,1899-12-30 17:10:00,252,E10000028,5,25,6,60,0,-1,-1,0,0,0,1,4,1,0,0,2,1,E01029521,1.0,1.0,1.0,48.0,8.0,3.0,0.0,0.0,0.0,0.0,0.0,9.0,3.0,6.0
8718,201501QA10264,1,9,0,3,0,1,0,0,0,0,2,1,6,2,74,10,1339,1,6,-1,1,-1,1,2,511410.0,190080.0,-0.392886,51.598555,1,3,2,1,42341,5,1899-12-30 09:25:00,29,E09000015,3,404,6,30,6,4,3,404,0,5,1,1,1,0,0,1,1,E01002186,1.0,1.0,2.0,74.0,10.0,3.0,0.0,0.0,0.0,0.0,0.0,9.0,1.0,10.0
8719,201520T030715,2,1,0,14,0,2,0,8,0,0,1,1,6,1,42,7,-1,-1,-1,-1,1,-1,1,2,411600.0,283100.0,-1.83076,52.445743,20,3,2,1,24/03/2015,3,1899-12-30 08:17:00,300,E08000025,6,0,6,30,6,4,4,4146,0,0,1,1,1,0,0,1,1,E01009029,1.0,1.0,1.0,42.0,7.0,3.0,0.0,0.0,0.0,0.0,0.0,1.0,1.0,5.0
8720,201506Q098572,1,9,0,18,0,1,0,0,0,0,1,1,1,1,33,6,1560,2,9,-1,1,-1,1,1,393400.0,407600.0,-2.10112,53.56497,6,3,1,1,42066,3,1899-12-30 08:00:00,104,E08000004,4,6194,6,30,6,2,5,0,1,5,1,8,4,0,0,1,2,E01005397,1.0,3.0,1.0,14.0,3.0,3.0,4.0,4.0,0.0,0.0,0.0,0.0,-1.0,-1.0
8721,2015160D07641,1,9,0,9,0,5,0,0,0,0,4,1,6,2,36,7,1360,1,14,-1,1,-1,3,2,509088.0,429378.0,-0.347174,53.749365,16,3,2,3,24/06/2015,4,1899-12-30 09:53:00,228,E06000010,3,1079,6,30,3,4,6,0,0,0,1,1,1,0,0,1,1,E01012851,,,,,,,,,,,,,,
8722,2015521507528,1,9,0,9,0,1,0,0,0,0,4,1,6,1,37,7,2143,2,1,-1,1,-1,1,2,374380.0,162720.0,-2.369371,51.362963,52,3,2,1,28/09/2015,2,1899-12-30 09:20:00,611,E06000022,3,367,9,30,8,4,6,0,0,0,1,1,1,0,0,1,1,E01014416,,,,,,,,,,,,,,
8723,201501XH30432,1,9,0,7,0,5,0,7,1,2,1,1,6,1,55,8,-1,-1,-1,-1,1,-1,1,1,507520.0,182020.0,-0.451489,51.526866,1,3,1,1,19/06/2015,6,1899-12-30 18:05:00,26,E09000017,5,0,1,30,1,4,3,437,0,8,1,1,1,0,0,1,1,E01002408,1.0,1.0,1.0,55.0,8.0,3.0,0.0,0.0,0.0,0.0,0.0,9.0,1.0,3.0
8724,201543P206115,1,9,0,16,0,0,0,0,0,0,3,1,6,2,48,8,1242,1,9,-1,1,-1,1,1,458156.0,222885.0,-1.156148,51.901482,43,3,1,1,21/11/2015,7,1899-12-30 12:11:00,481,E10000025,6,129,6,30,0,-1,-1,0,0,0,1,1,1,0,0,1,1,E01028470,1.0,3.0,2.0,69.0,10.0,3.0,5.0,3.0,0.0,0.0,0.0,0.0,1.0,7.0
8725,201501FH10063,1,4,0,18,0,8,0,0,0,0,1,1,6,3,-1,-1,-1,-1,-1,-1,-1,-1,1,1,525210.0,177240.0,-0.198309,51.480267,1,3,1,1,42187,7,1899-12-30 20:02:00,11,E09000013,3,304,6,30,3,4,6,0,0,0,4,1,1,0,0,1,1,E01001953,1.0,3.0,2.0,20.0,4.0,3.0,5.0,1.0,0.0,0.0,2.0,0.0,1.0,3.0
8726,201514K264915,1,9,0,9,0,5,0,0,0,0,1,1,6,2,29,6,-1,-1,-1,-1,1,-1,1,2,441393.0,383547.0,-1.379688,53.347203,14,3,2,1,26/10/2015,2,1899-12-30 18:20:00,215,E08000019,6,0,6,30,3,4,6,0,0,0,4,1,1,0,0,1,1,E01033279,,,,,,,,,,,,,,
8727,2015440253844,2,9,0,9,0,8,0,0,0,0,3,1,6,2,52,8,1995,2,1,-1,3,-1,1,2,443640.0,119972.0,-1.379768,50.977512,44,3,2,1,23/07/2015,5,1899-12-30 16:05:00,491,E10000014,6,0,6,30,6,4,6,0,0,0,1,1,1,0,0,1,1,E01022662,,,,,,,,,,,,,,
8728,201522D500728,1,9,0,9,0,5,0,0,0,0,1,1,2,1,23,5,1910,2,7,-1,1,-1,1,2,391430.0,279130.0,-2.127412,52.410104,22,3,2,1,20/02/2015,6,1899-12-30 09:13:00,270,E10000034,6,0,6,30,3,4,6,0,0,0,1,1,2,6,0,2,1,E01032136,1.0,1.0,1.0,23.0,5.0,3.0,0.0,0.0,0.0,0.0,0.0,9.0,1.0,10.0
8729,201542I145705,2,9,0,2,0,8,0,0,0,0,1,1,6,3,-1,-1,-1,-1,-1,-1,-1,-1,2,2,570637.0,190484.0,0.461712,51.587373,42,3,2,2,42252,7,1899-12-30 21:30:00,450,E10000012,6,0,6,30,3,4,6,0,0,0,4,1,1,0,0,1,1,E01021268,,,,,,,,,,,,,,
8730,2015300016118,2,9,0,2,0,0,0,0,0,0,3,1,6,1,45,7,1495,1,15,-1,1,-1,1,4,441230.0,355810.0,-1.385713,53.097907,30,3,4,1,42134,2,1899-12-30 11:20:00,320,E10000007,6,0,6,30,0,-1,-1,0,0,4,1,2,2,0,0,1,1,E01019401,,,,,,,,,,,,,,
8731,2015950000778,2,22,0,5,9,1,0,0,0,0,3,1,6,1,46,8,-1,-1,-1,-1,1,-1,1,2,327350.0,675550.0,-3.165458,55.967435,95,3,2,1,23/02/2015,2,1899-12-30 09:30:00,923,S12000036,6,0,6,30,2,4,6,0,0,0,1,1,1,0,0,1,2,,1.0,1.0,1.0,46.0,8.0,3.0,0.0,0.0,0.0,0.0,0.0,22.0,1.0,-1.0
8732,201504EF15179,1,19,0,17,0,0,0,0,0,0,3,1,6,1,44,7,1298,1,11,-1,1,-1,1,2,388780.0,419510.0,-2.171307,53.67194,4,3,2,1,20/06/2015,7,1899-12-30 21:08:00,82,E10000017,3,671,6,30,0,-1,-1,0,0,0,1,1,1,0,0,1,1,E01025359,,,,,,,,,,,,,,
8733,201560S157958,1,9,0,18,0,0,0,0,0,0,4,1,3,2,36,7,-1,-1,-1,-1,-1,-1,1,1,278283.0,381225.0,-3.828459,53.313925,60,3,1,1,15/10/2015,5,1899-12-30 08:40:00,721,W06000003,6,0,6,30,0,-1,-1,0,0,0,1,1,1,0,0,1,1,W01000187,1.0,3.0,2.0,13.0,3.0,3.0,5.0,1.0,0.0,0.0,0.0,0.0,-1.0,-1.0
8734,201563CP15015,1,19,0,4,0,1,0,0,0,0,1,1,2,1,57,9,-1,-1,-1,-1,3,-1,1,1,195080.0,215170.0,-4.973214,51.797535,63,3,1,1,27/04/2015,2,1899-12-30 08:06:00,752,W06000009,6,0,6,30,6,4,6,0,0,0,1,1,1,0,0,1,1,W01000568,1.0,3.0,2.0,13.0,3.0,3.0,5.0,1.0,0.0,0.0,0.0,0.0,1.0,-1.0
8735,201537EA89659,2,1,0,18,0,8,0,0,0,0,1,1,6,1,27,6,-1,-1,-1,-1,1,-1,1,2,616090.0,244800.0,1.150736,52.059416,37,3,2,1,15/04/2015,4,1899-12-30 17:10:00,412,E10000029,3,1156,6,30,6,2,6,0,0,5,1,1,1,0,0,1,2,E01030025,1.0,1.0,1.0,27.0,6.0,3.0,0.0,0.0,0.0,0.0,0.0,1.0,1.0,7.0
8736,2015170M13125,1,9,0,7,0,6,0,0,0,0,4,1,6,1,-1,-1,1595,1,2,-1,-1,-1,1,1,449806.0,520408.0,-1.231023,54.576439,17,3,1,1,42347,7,1899-12-30 17:15:00,243,E06000002,6,0,2,30,8,4,6,0,0,0,1,1,1,0,0,1,2,E01033468,1.0,3.0,1.0,46.0,8.0,3.0,6.0,9.0,0.0,0.0,0.0,0.0,1.0,8.0
8737,201542I144705,1,9,0,9,0,1,0,0,0,0,1,1,6,1,24,5,1999,1,7,-1,1,-1,1,2,580030.0,192708.0,0.598292,51.604429,42,3,2,1,42252,7,1899-12-30 13:45:00,459,E10000012,6,0,3,40,3,2,6,0,0,0,1,1,1,0,0,1,1,E01021920,,,,,,,,,,,,,,
8738,201523N036325,1,9,0,9,0,5,0,0,0,0,1,1,2,1,33,6,-1,-1,-1,-1,1,-1,1,2,447559.0,274714.0,-1.302922,52.368418,23,3,2,1,16/09/2015,4,1899-12-30 20:25:00,292,E10000031,3,4071,3,50,6,2,6,0,0,4,4,1,1,0,0,2,1,E01031164,,,,,,,,,,,,,,
8739,201520M010915,3,9,0,3,0,8,0,0,0,0,3,1,6,1,75,10,3555,1,10,-1,3,-1,1,5,430020.0,278890.0,-1.560135,52.407198,20,3,5,1,42192,3,1899-12-30 12:59:00,302,E08000026,6,0,6,30,8,4,3,45,0,5,1,1,1,0,0,1,1,E01009695,,,,,,,,,,,,,,
8740,2015450032230,1,9,0,8,0,1,0,0,0,0,3,1,6,2,37,7,1598,2,3,-1,1,-1,1,3,513429.0,168394.0,-0.370715,51.403243,45,3,3,1,42227,1,1899-12-30 12:20:00,510,E10000030,4,369,6,30,9,4,6,0,0,0,1,8,2,0,0,1,1,E01030337,,,,,,,,,,,,,,
8741,201542I056102,2,19,0,18,0,0,0,0,0,0,2,1,6,1,67,10,-1,-1,-1,-1,2,-1,1,2,574475.0,201819.0,0.522701,51.688016,42,3,2,1,42310,4,1899-12-30 20:10:00,454,E10000012,3,130,3,70,0,-1,-1,0,0,0,4,1,1,0,0,2,1,E01021571,1.0,2.0,1.0,16.0,4.0,3.0,0.0,0.0,0.0,0.0,0.0,19.0,2.0,9.0
8742,2015300015919,1,9,0,18,0,0,0,0,0,0,1,1,6,1,-1,-1,1560,2,4,-1,-1,-1,1,2,441710.0,334740.0,-1.381257,52.908479,30,3,2,1,21/09/2015,2,1899-12-30 10:40:00,324,E10000007,5,89,6,30,0,-1,-1,0,0,0,1,1,1,0,0,1,2,E01019685,,,,,,,,,,,,,,
8743,2015549423315,1,9,0,18,0,0,0,4,0,0,1,1,6,2,23,5,1248,2,8,-1,3,-1,1,4,382276.0,147858.0,-2.255218,51.229631,54,3,4,1,18/10/2015,1,1899-12-30 04:32:00,635,E06000054,3,3098,6,30,0,-1,-1,0,0,0,4,1,1,0,7,2,1,E01032051,1.0,1.0,2.0,23.0,5.0,3.0,0.0,0.0,0.0,0.0,0.0,9.0,3.0,6.0