,accident_index,vehicle_reference,vehicle_type,towing_and_articulation,vehicle_manoeuvre,vehicle_location-restricted_lane,junction_location,skidding_and_overturning,hit_object_in_carriageway,vehicle_leaving_carriageway,hit_object_off_carriageway,1st_point_of_impact,was_vehicle_left_hand_drive?,journey_purpose_of_driver,sex_of_driver,age_of_driver,age_band_of_driver,engine_capacity_(cc),propulsion_code,age_of_vehicle,driver_imd_decile,driver_home_area_type,vehicle_imd_decile,NUmber_of_Casualities_unique_to_accident_index,No_of_Vehicles_involved_unique_to_accident_index,location_easting_osgr,location_northing_osgr,longitude,latitude,police_force,accident_severity,number_of_vehicles,number_of_casualties,date,day_of_week,time,local_authority_(district),local_authority_(highway),1st_road_class,1st_road_number,road_type,speed_limit,junction_detail,junction_control,2nd_road_class,2nd_road_number,pedestrian_crossing-human_control,pedestrian_crossing-physical_facilities,light_conditions,weather_conditions,road_surface_conditions,special_conditions_at_site,carriageway_hazards,urban_or_rural_area,did_police_officer_attend_scene_of_accident,lsoa_of_accident_location,casualty_reference,casualty_class,sex_of_casualty,age_of_casualty,age_band_of_casualty,casualty_severity,pedestrian_location,pedestrian_movement,car_passenger,bus_or_coach_passenger,pedestrian_road_maintenance_worker,casualty_type,casualty_home_area_type,casualty_imd_decile
8943,201550JN2B016,1,9,0,16,0,0,0,0,7,4,1,1,6,1,16,4,1599,1,16,-1,3,-1,4,1,286685.0,76813.0,-3.601821,50.580028,50,3,1,4,42100,5,1899-12-30 15:09:00,585,E10000008,6,0,6,60,0,-1,-1,0,0,0,1,1,1,0,0,2,1,E01020256,1.0,1.0,1.0,16.0,4.0,3.0,0.0,0.0,0.0,0.0,0.0,9.0,3.0,8.0
8944,2015540385015,2,19,0,3,0,1,0,0,0,0,2,1,1,1,24,5,1896,2,11,-1,1,-1,1,3,384061.0,169899.0,-2.230648,51.427869,54,3,3,1,42339,2,1899-12-30 16:37:00,635,E06000054,3,4,6,50,3,4,5,186,0,0,1,2,2,0,0,1,1,E01031888,,,,,,,,,,,,,,
8945,201506M008485,2,9,0,18,0,8,0,0,0,0,1,1,6,1,41,7,1598,2,-1,-1,-1,-1,1,2,380220.0,391680.0,-2.299103,53.421543,6,3,2,1,21/11/2015,7,1899-12-30 10:12:00,112,E08000009,3,6144,6,30,3,4,6,0,0,0,1,1,1,0,0,1,1,E01006178,1.0,1.0,1.0,41.0,7.0,3.0,0.0,0.0,0.0,0.0,0.0,9.0,-1.0,-1.0
8946,201514B075315,2,9,0,4,0,0,0,0,0,0,2,1,6,2,26,6,1242,1,5,-1,1,-1,2,3,436850.0,405188.0,-1.4454,53.542049,14,3,3,2,42130,6,1899-12-30 13:00:00,210,E08000016,4,6100,6,30,0,-1,-1,0,0,0,1,1,1,0,0,2,1,E01007317,2.0,1.0,2.0,26.0,6.0,3.0,0.0,0.0,0.0,0.0,0.0,9.0,1.0,9.0
8947,201597BD01602,1,9,0,3,0,0,0,0,0,0,2,1,2,2,31,6,1198,1,3,-1,1,-1,1,2,262970.0,663914.0,-4.190299,55.848902,97,3,2,1,16/02/2015,2,1899-12-30 08:45:00,926,S12000043,6,0,6,30,0,-1,-1,0,0,4,1,1,2,0,0,1,1,,,,,,,,,,,,,,,
8948,201501WW50465,2,1,0,12,0,8,0,0,0,0,1,1,6,1,38,7,-1,-1,-1,-1,1,-1,1,2,528560.0,175950.0,-0.150563,51.467923,1,3,2,1,26/05/2015,3,1899-12-30 08:04:00,10,E09000032,3,3216,6,30,3,4,6,0,0,0,1,1,1,0,0,1,1,E01004590,1.0,1.0,1.0,38.0,7.0,3.0,0.0,0.0,0.0,0.0,0.0,1.0,1.0,9.0
8949,2015132770756,1,9,0,18,0,0,1,0,5,6,1,1,1,2,54,8,1598,2,-1,-1,1,-1,2,2,447921.0,422801.0,-1.275646,53.699455,13,3,2,2,42192,3,1899-12-30 14:05:00,206,E08000036,2,1,3,70,0,-1,-1,0,0,0,1,1,1,0,0,2,1,E01011803,1.0,1.0,2.0,54.0,8.0,3.0,0.0,0.0,0.0,0.0,0.0,9.0,1.0,10.0
8950,201501TX20676,1,9,0,4,0,0,0,0,0,0,2,1,1,2,37,7,1299,1,13,-1,1,-1,1,2,515540.0,177270.0,-0.337486,51.482593,1,3,2,1,21/09/2015,2,1899-12-30 18:05:00,25,E09000018,3,4,3,40,0,-1,-1,0,0,0,4,2,2,0,0,1,1,E01002678,1.0,1.0,2.0,37.0,7.0,3.0,0.0,0.0,0.0,0.0,0.0,9.0,1.0,3.0
8951,2015132280505,2,9,0,3,0,0,0,0,0,0,1,1,6,1,42,7,1598,1,1,-1,1,-1,4,3,405465.0,423018.0,-1.918695,53.703566,13,3,3,4,42218,1,1899-12-30 10:34:00,202,E08000033,3,58,6,30,0,-1,-1,0,0,0,1,1,1,0,0,1,1,E01010959,1.0,1.0,1.0,42.0,7.0,3.0,0.0,0.0,0.0,0.0,0.0,9.0,1.0,4.0
8952,2015551500942,2,9,0,2,0,0,0,0,0,0,3,1,6,3,-1,-1,1150,1,12,-1,-1,-1,1,2,406356.0,94823.0,-1.911265,50.752972,55,3,2,1,16/10/2015,6,1899-12-30 20:05:00,640,E06000028,6,0,6,30,0,-1,-1,0,0,0,4,1,1,0,0,1,1,E01015307,,,,,,,,,,,,,,
8953,201501RY10289,2,9,0,9,0,8,0,0,0,0,4,1,6,1,-1,-1,-1,-1,-1,-1,-1,-1,1,2,546120.0,172410.0,0.100609,51.431857,1,3,2,1,29/06/2015,2,1899-12-30 16:00:00,18,E09000004,6,0,6,30,3,4,6,0,0,0,1,1,1,0,0,1,2,E01000424,,,,,,,,,,,,,,
8954,201501TX20800,1,11,0,4,0,0,0,0,0,0,0,1,1,3,-1,-1,9000,2,5,-1,-1,-1,1,1,510270.0,176900.0,-0.413463,51.480318,1,3,1,1,31/10/2015,7,1899-12-30 05:50:00,25,E09000018,3,4,3,30,0,-1,-1,0,0,0,4,1,1,0,0,1,1,E01002584,1.0,2.0,2.0,55.0,8.0,3.0,0.0,0.0,0.0,4.0,0.0,11.0,1.0,2.0
8955,201550GT3Y008,1,9,0,10,0,1,0,0,0,0,1,1,6,2,43,7,1360,1,14,-1,1,-1,1,2,181012.0,44683.0,-5.073849,50.261432,50,3,2,1,25/02/2015,4,1899-12-30 12:35:00,596,E06000052,3,390,6,30,3,4,6,0,0,4,1,1,1,0,0,1,2,E01018856,,,,,,,,,,,,,,
8956,2015170H10605,2,9,0,18,0,8,0,0,0,0,1,1,6,1,52,8,1900,2,10,-1,-1,-1,4,2,445245.0,530607.0,-1.300004,54.668515,17,3,2,4,25/07/2015,7,1899-12-30 00:01:00,240,E06000001,3,19,3,70,3,4,6,0,0,0,4,1,1,0,0,2,1,E01011959,4.0,2.0,2.0,67.0,10.0,3.0,0.0,0.0,2.0,0.0,0.0,9.0,1.0,1.0
8957,2015621501659,2,19,0,18,0,0,0,0,0,0,4,1,1,1,55,8,-1,-1,-1,-1,1,-1,2,2,301314.0,207332.0,-3.431145,51.755953,62,3,2,2,29/09/2015,3,1899-12-30 10:39:00,744,W06000016,3,465,6,60,0,-1,-1,0,0,0,1,1,1,0,0,2,1,W01001291,2.0,1.0,1.0,55.0,8.0,3.0,0.0,0.0,0.0,0.0,0.0,19.0,1.0,-1.0
8958,201531D293715,2,9,0,18,0,8,1,0,1,11,4,1,6,1,18,4,1390,1,9,-1,1,-1,2,2,452851.0,337472.0,-1.215173,52.932058,31,3,2,2,28/11/2015,7,1899-12-30 18:22:00,342,E10000024,6,0,6,30,6,4,6,0,0,0,4,2,2,0,0,1,1,E01028079,2.0,1.0,1.0,18.0,4.0,3.0,0.0,0.0,0.0,0.0,0.0,9.0,1.0,1.0
8959,2015460257008,1,9,0,4,0,0,0,0,0,0,1,1,6,1,50,8,1197,1,-1,-1,1,-1,8,5,585190.0,162550.0,0.65693,51.331885,46,3,5,8,24/05/2015,1,1899-12-30 11:51:00,540,E10000016,1,2,3,70,0,-1,-1,0,0,0,1,1,1,0,0,2,1,E01024570,6.0,2.0,1.0,-1.0,-1.0,3.0,0.0,0.0,1.0,0.0,0.0,9.0,-1.0,-1.0
8960,201520H002525,2,3,0,9,0,5,0,0,0,0,3,1,2,1,21,5,124,1,5,-1,1,-1,1,2,400040.0,297700.0,-2.000842,52.577116,20,3,2,1,42280,3,1899-12-30 00:15:00,307,E08000030,3,4148,6,30,3,4,6,0,0,4,4,1,1,0,0,1,1,E01010366,1.0,1.0,1.0,21.0,5.0,3.0,0.0,0.0,0.0,0.0,0.0,3.0,1.0,2.0
8961,201514A015315,2,1,0,18,0,8,0,0,0,0,1,1,6,2,45,7,-1,-1,-1,-1,1,-1,1,2,461170.0,398176.0,-1.079815,53.476766,14,3,2,1,42217,5,1899-12-30 15:30:00,211,E08000017,6,0,6,20,6,4,6,0,0,0,1,1,2,0,0,1,1,E01007592,1.0,1.0,2.0,45.0,7.0,3.0,0.0,0.0,0.0,0.0,0.0,1.0,1.0,2.0
8962,2015075275934,2,9,0,16,0,2,0,0,0,0,1,1,6,1,48,8,1199,1,16,-1,2,-1,4,2,364431.0,343109.0,-2.531248,52.984132,7,3,2,4,16/09/2015,4,1899-12-30 10:45:00,129,E06000049,3,525,6,60,3,4,6,0,0,0,1,2,2,0,0,2,1,E01018450,4.0,2.0,2.0,51.0,8.0,3.0,0.0,0.0,2.0,0.0,0.0,9.0,2.0,4.0
8963,201520M015955,2,9,0,16,0,0,0,0,0,0,1,1,6,1,25,5,1695,1,13,-1,1,-1,2,2,433770.0,281690.0,-1.504731,52.432151,20,3,2,2,27/09/2015,1,1899-12-30 14:30:00,302,E08000026,6,0,6,30,0,-1,-1,0,0,0,1,1,1,0,0,1,1,E01009566,2.0,1.0,1.0,25.0,5.0,3.0,0.0,0.0,0.0,0.0,0.0,9.0,1.0,2.0
8964,201522D503061,2,9,0,2,0,0,0,0,0,0,3,1,6,1,30,6,2494,1,15,-1,-1,-1,1,4,404510.0,267100.0,-1.935283,52.302004,22,3,4,1,22/07/2015,4,1899-12-30 11:00:00,274,E10000034,6,0,6,30,0,-1,-1,0,0,0,1,1,1,0,0,1,1,E01032239,,,,,,,,,,,,,,
8965,2015320125590,1,9,0,17,0,0,2,0,7,9,1,1,6,2,26,6,-1,-1,-1,-1,1,-1,3,1,495770.0,319480.0,-0.582103,52.764441,32,3,1,3,22/11/2015,1,1899-12-30 10:50:00,355,E10000019,5,431,6,60,0,-1,-1,0,0,0,1,1,2,0,0,2,1,E01026338,2.0,2.0,2.0,39.0,7.0,3.0,0.0,0.0,1.0,0.0,0.0,9.0,1.0,3.0
8966,201531C044415,1,9,0,18,0,0,0,0,0,0,1,1,2,1,50,8,1968,2,6,-1,1,-1,1,1,456192.0,336515.0,-1.165639,52.923118,31,3,1,1,42280,3,1899-12-30 17:10:00,346,E06000018,3,453,6,30,0,-1,-1,0,0,4,1,1,1,0,0,2,1,E01013903,1.0,3.0,1.0,17.0,4.0,3.0,1.0,3.0,0.0,0.0,0.0,0.0,1.0,9.0
8967,201543N233055,1,19,0,4,0,1,0,0,0,0,1,1,6,1,-1,-1,1753,2,11,-1,1,-1,1,4,489846.0,191181.0,-0.703844,51.6123,43,3,4,1,13/05/2015,4,1899-12-30 09:57:00,480,E10000002,3,40,6,30,3,2,6,1718,0,0,1,1,1,0,0,1,2,E01017941,,,,,,,,,,,,,,
8968,2015120143805,3,9,0,18,0,0,0,0,0,0,3,1,1,1,51,8,2143,2,3,-1,3,-1,1,3,389708.0,455238.0,-2.15847,53.993078,12,3,3,1,17/08/2015,2,1899-12-30 13:10:00,180,E10000023,3,65,6,60,0,-1,-1,0,0,0,1,1,1,0,0,2,1,E01027562,,,,,,,,,,,,,,
8969,201520H008165,2,1,0,18,0,2,0,0,1,0,2,1,1,1,52,8,-1,-1,-1,-1,1,-1,1,2,405240.0,304820.0,-1.923997,52.641099,20,3,2,1,28/08/2015,6,1899-12-30 07:17:00,307,E08000030,3,452,6,30,3,4,4,4152,0,0,1,1,1,0,0,1,1,E01010250,1.0,1.0,1.0,52.0,8.0,3.0,0.0,0.0,0.0,0.0,0.0,1.0,1.0,2.0
8970,2015450036030,1,19,0,18,0,0,1,0,0,0,1,1,1,1,32,6,2198,2,-1,-1,1,-1,1,2,530973.0,143812.0,-0.127643,51.17855,45,3,2,1,42228,3,1899-12-30 07:00:00,516,E10000030,1,23,3,70,0,-1,-1,0,0,0,4,2,2,0,0,2,1,E01030814,1.0,1.0,1.0,32.0,6.0,3.0,0.0,0.0,0.0,0.0,0.0,19.0,1.0,6.0
8971,201563CP00515,1,9,0,17,0,0,1,0,7,0,1,1,2,1,42,7,-1,-1,-1,-1,-1,-1,1,2,207080.0,211000.0,-4.797099,51.764357,63,3,2,1,16/01/2015,6,1899-12-30 08:20:00,752,W06000009,3,4075,6,60,0,-1,-1,0,0,0,1,8,2,0,0,2,1,W01000585,1.0,1.0,1.0,42.0,7.0,3.0,0.0,0.0,0.0,0.0,0.0,9.0,-1.0,-1.0
8972,201501VW40326,1,9,0,9,0,8,0,0,0,0,3,1,6,1,39,7,2171,1,9,-1,-1,-1,1,2,526120.0,167190.0,-0.188787,51.389745,1,3,2,1,21/07/2015,3,1899-12-30 10:15:00,22,E09000024,5,0,3,30,6,2,3,297,0,5,1,1,1,0,0,1,1,E01003450,,,,,,,,,,,,,,
8973,201501MM71107,1,9,0,18,0,8,0,0,0,0,3,1,6,2,33,6,1997,1,10,-1,1,-1,1,2,532260.0,180150.0,-0.095755,51.504815,1,3,2,1,22/12/2015,3,1899-12-30 20:30:00,8,E09000028,3,300,6,30,6,2,3,3200,0,5,4,1,1,0,0,1,2,E01003929,1.0,1.0,2.0,33.0,6.0,3.0,0.0,0.0,0.0,0.0,0.0,9.0,1.0,5.0
8974,201501BS70307,1,1,0,18,0,1,0,0,0,0,2,1,2,2,33,6,-1,-1,-1,-1,1,-1,1,2,526750.0,177740.0,-0.175965,51.484418,1,3,2,1,42069,4,1899-12-30 18:30:00,12,E09000020,3,3217,6,30,6,2,3,3220,0,5,1,1,1,0,0,1,1,E01002845,1.0,1.0,2.0,33.0,6.0,3.0,0.0,0.0,0.0,0.0,0.0,1.0,1.0,8.0
8975,2015210027111,1,9,0,16,0,0,0,0,0,0,3,1,6,2,48,8,1584,1,48,-1,2,-1,1,2,392844.0,323179.0,-2.107593,52.806114,21,3,2,1,24/07/2015,6,1899-12-30 18:10:00,255,E10000028,3,518,6,30,0,-1,-1,0,0,0,1,2,2,0,0,1,1,E01029725,1.0,1.0,2.0,48.0,8.0,3.0,0.0,0.0,0.0,0.0,0.0,9.0,2.0,10.0
8976,2015460260851,2,9,0,4,0,0,0,0,0,0,2,1,6,1,38,7,1753,2,13,-1,1,-1,2,4,556280.0,175470.0,0.247998,51.456642,46,3,4,2,19/08/2015,4,1899-12-30 16:29:00,532,E10000016,3,282,3,50,0,-1,-1,0,0,0,1,1,1,0,0,1,1,E01024172,1.0,1.0,1.0,38.0,7.0,3.0,0.0,0.0,0.0,0.0,0.0,9.0,1.0,5.0
8977,2015460260654,1,9,0,4,0,1,0,0,0,0,1,1,6,2,49,8,1596,1,10,-1,1,-1,2,1,565810.0,171540.0,0.383204,51.418627,46,3,1,2,22/08/2015,7,1899-12-30 14:48:00,535,E10000016,5,4,6,30,3,4,6,0,0,4,1,1,1,0,0,1,1,E01024307,1.0,3.0,2.0,13.0,3.0,3.0,1.0,1.0,0.0,0.0,0.0,0.0,1.0,2.0
8978,201501CW10253,2,8,0,9,0,8,0,0,0,0,3,1,1,1,24,5,1797,8,5,-1,1,-1,1,2,527050.0,181700.0,-0.170222,51.519939,1,3,2,1,42127,5,1899-12-30 22:30:00,1,E09000033,3,404,3,30,6,2,3,5,0,5,4,1,1,0,0,1,1,E01033593,1.0,1.0,1.0,24.0,5.0,3.0,0.0,0.0,0.0,0.0,0.0,8.0,1.0,2.0
8979,201501TW60015,2,9,0,9,0,8,0,0,0,0,4,1,6,1,33,6,2993,2,12,-1,1,-1,1,2,514200.0,173970.0,-0.35784,51.453205,1,3,2,1,14/01/2015,4,1899-12-30 16:17:00,24,E09000027,5,0,1,30,1,4,5,0,0,1,1,1,1,0,0,1,1,E01003906,1.0,1.0,1.0,33.0,6.0,3.0,0.0,0.0,0.0,0.0,0.0,9.0,1.0,3.0
8980,2015520505864,2,9,0,18,0,6,0,0,0,0,0,1,6,3,-1,-1,-1,-1,-1,-1,-1,-1,1,2,301048.0,142442.0,-3.416812,51.172627,52,3,2,1,24/05/2015,1,1899-12-30 16:55:00,609,E10000027,3,39,6,30,3,4,4,3191,0,0,1,1,1,0,0,2,1,E01029326,,,,,,,,,,,,,,
8981,2015160A02071,1,9,0,18,0,2,0,0,0,0,1,1,4,2,34,6,1598,1,13,-1,1,-1,1,1,527657.0,408149.0,-0.074451,53.554452,16,3,1,1,42042,5,1899-12-30 15:24:00,233,E06000012,4,1213,6,30,3,4,6,0,0,8,1,1,1,0,0,1,1,E01013162,1.0,3.0,1.0,12.0,3.0,3.0,5.0,3.0,0.0,0.0,0.0,0.0,1.0,1.0
8982,20154100D0367,1,4,0,16,0,8,1,0,0,0,1,1,6,1,21,5,498,1,17,-1,1,-1,1,2,504223.0,206852.0,-0.491611,51.750677,41,3,2,1,18/05/2015,2,1899-12-30 18:21:00,431,E10000015,6,692,6,30,3,4,6,705,0,0,1,1,1,0,0,1,1,E01023381,1.0,1.0,1.0,21.0,5.0,3.0,0.0,0.0,0.0,0.0,0.0,4.0,1.0,5.0
8983,201501PL60390,2,9,0,18,0,1,0,0,0,0,4,1,6,2,40,7,1332,1,6,-1,1,-1,1,2,537300.0,173520.0,-0.025757,51.444036,1,3,2,1,42252,7,1899-12-30 21:40:00,7,E09000023,3,205,6,30,3,4,5,0,0,0,4,1,1,0,0,1,1,E01003318,1.0,1.0,2.0,40.0,7.0,3.0,0.0,0.0,0.0,0.0,0.0,9.0,1.0,2.0
8984,201534NE28365,2,9,0,18,0,8,1,0,0,0,2,1,2,2,52,8,1242,1,11,-1,1,-1,2,2,504701.0,288924.0,-0.459467,52.488195,34,3,2,2,42165,3,1899-12-30 07:30:00,382,E10000021,3,605,1,40,1,4,3,605,0,0,1,1,2,0,0,2,1,E01027044,2.0,1.0,2.0,52.0,8.0,3.0,0.0,0.0,0.0,0.0,0.0,9.0,1.0,5.0
8985,2015132260452,1,21,1,18,0,0,0,0,0,0,1,1,1,1,58,9,12777,2,7,-1,1,-1,1,2,433326.0,429964.0,-1.495927,53.764966,13,3,2,1,42157,6,1899-12-30 10:52:00,204,E08000035,4,6481,6,40,0,-1,-1,0,0,0,1,1,2,0,0,1,1,E01011639,,,,,,,,,,,,,,
8986,201542I155504,1,9,0,17,0,0,5,0,1,4,1,1,6,1,-1,-1,1997,1,13,-1,-1,-1,1,1,581191.0,199872.0,0.618744,51.668403,42,3,1,1,23/04/2015,5,1899-12-30 23:00:00,454,E10000012,6,0,6,60,0,-1,-1,0,0,0,6,1,1,0,0,2,1,E01021535,1.0,1.0,1.0,-1.0,-1.0,3.0,0.0,0.0,0.0,0.0,0.0,9.0,-1.0,-1.0
8987,201501KD50309,1,9,0,18,0,2,0,0,0,0,1,1,6,2,69,10,1242,1,2,-1,1,-1,1,1,550410.0,190060.0,0.169799,51.589321,1,3,1,1,19/06/2015,6,1899-12-30 15:05:00,15,E09000016,4,174,6,30,3,4,6,0,0,0,1,1,1,0,0,1,1,E01002338,1.0,3.0,2.0,17.0,4.0,3.0,5.0,3.0,0.0,0.0,2.0,0.0,1.0,7.0
8988,2015051503048,1,9,0,18,0,0,0,0,0,0,1,1,3,2,29,6,1995,2,7,-1,1,-1,1,1,337972.0,393289.0,-2.93508,53.432718,5,3,1,1,24/11/2015,3,1899-12-30 15:25:00,91,E08000012,6,0,6,20,0,-1,-1,0,0,0,1,2,2,0,0,1,1,E01006606,1.0,3.0,2.0,4.0,1.0,3.0,5.0,1.0,0.0,0.0,0.0,0.0,1.0,1.0
8989,201522C502712,2,9,0,18,0,0,1,0,0,0,3,1,6,1,84,11,1461,2,8,-1,1,-1,2,4,391120.0,264600.0,-2.13158,52.279472,22,3,4,2,24/06/2015,4,1899-12-30 15:30:00,277,E10000034,3,38,6,60,0,-1,-1,0,0,0,1,1,1,0,0,2,1,E01032354,,,,,,,,,,,,,,
8990,201522F503150,2,9,0,17,0,8,0,0,1,10,1,1,6,2,51,8,-1,-1,-1,-1,1,-1,1,2,335710.0,309340.0,-2.952333,52.677929,22,3,2,1,29/07/2015,4,1899-12-30 23:40:00,286,E06000051,4,4386,6,30,6,4,6,0,0,0,4,1,1,0,0,2,1,E01028978,,,,,,,,,,,,,,
8991,201501HT21035,2,9,0,4,0,1,0,0,0,0,2,1,6,2,56,9,-1,-1,-1,-1,1,-1,3,3,538590.0,181110.0,-0.004232,51.511926,1,3,3,3,42318,1,1899-12-30 18:45:00,5,E09000030,3,13,3,30,3,4,6,0,0,0,4,1,1,0,0,1,1,E01032778,,,,,,,,,,,,,,
8992,2015551500991,2,19,0,18,0,1,0,0,0,0,4,1,6,1,49,8,2143,2,1,-1,1,-1,1,2,415414.0,92930.0,-1.782942,50.735781,55,3,2,1,17/08/2015,2,1899-12-30 10:44:00,641,E10000009,3,35,6,30,7,4,4,3059,0,8,1,1,1,0,0,1,1,E01020368,,,,,,,,,,,,,,
8993,2015450027412,2,9,0,9,0,1,1,0,0,0,2,1,1,1,35,6,1598,2,2,-1,1,-1,1,2,507282.0,162271.0,-0.460897,51.349402,45,3,2,1,31/07/2015,6,1899-12-30 09:36:00,510,E10000030,4,374,1,30,1,4,6,0,0,0,1,1,1,0,0,1,1,E01030347,,,,,,,,,,,,,,
8994,2015075016799,1,9,0,9,0,6,0,0,0,0,3,1,1,1,48,8,-1,-1,-1,-1,1,-1,1,2,338463.0,374648.0,-2.92406,53.265241,7,3,2,1,19/01/2015,2,1899-12-30 09:00:00,130,E06000050,6,0,6,30,8,4,6,0,0,0,1,1,1,0,0,1,1,E01018527,,,,,,,,,,,,,,
8995,2015051500712,2,9,0,4,0,1,0,0,0,0,3,1,6,2,49,8,1198,1,3,-1,1,-1,1,2,336188.0,392307.0,-2.961729,53.42368,5,3,2,1,42311,4,1899-12-30 16:45:00,91,E08000012,6,0,6,20,3,4,6,0,0,0,1,1,1,0,0,1,1,E01006563,1.0,1.0,2.0,49.0,8.0,3.0,0.0,0.0,0.0,0.0,0.0,9.0,1.0,1.0
8996,201501KD50111,1,9,0,18,9,8,0,10,3,0,1,1,6,2,19,4,-1,-1,-1,-1,1,-1,2,1,551640.0,181430.0,0.183823,51.511453,1,3,1,2,28/02/2015,7,1899-12-30 01:20:00,15,E09000016,3,13,1,30,1,4,3,13,0,0,4,1,1,0,0,2,1,E01002344,2.0,2.0,2.0,17.0,4.0,3.0,0.0,0.0,1.0,0.0,0.0,9.0,2.0,4.0
8997,2015405CA0049,1,9,0,4,0,4,0,0,0,0,1,-1,1,1,41,7,-1,-1,-1,-1,1,-1,2,2,510546.0,220332.0,-0.395757,51.870618,40,3,2,2,19/01/2015,2,1899-12-30 13:53:00,421,E06000032,4,653,6,30,1,4,4,653,0,0,1,1,1,0,0,2,1,E01015790,1.0,1.0,1.0,41.0,7.0,3.0,0.0,0.0,0.0,0.0,0.0,9.0,1.0,2.0
8998,20154100A0478,1,9,0,18,0,8,0,0,0,0,1,1,6,1,32,6,1596,1,14,-1,1,-1,2,2,549117.0,219969.0,0.163944,51.858389,41,3,2,2,42285,2,1899-12-30 23:20:00,432,E10000015,4,1383,6,30,3,2,6,432,0,5,4,1,1,0,0,1,1,E01023458,2.0,1.0,1.0,32.0,6.0,3.0,0.0,0.0,0.0,0.0,0.0,9.0,1.0,3.0
8999,2015450030647,1,9,0,4,0,1,0,0,0,0,1,1,6,1,82,11,1596,1,12,-1,1,-1,1,2,508150.0,168666.0,-0.446493,51.406718,45,3,2,1,13/10/2015,3,1899-12-30 10:47:00,40,E10000030,6,6265,6,30,8,4,6,0,0,0,1,1,1,0,0,2,2,E01030722,,,,,,,,,,,,,,
9000,2015075022022,2,9,0,9,0,1,0,0,0,10,1,1,6,2,55,8,998,1,7,-1,1,-1,1,2,348547.0,374629.0,-2.772888,53.266146,7,3,2,1,24/01/2015,7,1899-12-30 15:42:00,130,E06000050,3,56,6,30,6,2,6,0,0,5,1,1,1,0,0,2,1,E01018695,,,,,,,,,,,,,,
9001,201514K288415,1,9,0,7,0,4,0,0,0,0,1,1,6,2,35,6,1598,2,4,-1,2,-1,2,2,435212.0,381216.0,-1.472788,53.326697,14,3,2,2,16/11/2015,2,1899-12-30 06:48:00,215,E08000019,3,6102,1,30,1,4,3,61,0,0,4,1,1,0,0,2,1,E01008079,1.0,1.0,2.0,35.0,6.0,3.0,0.0,0.0,0.0,0.0,0.0,9.0,2.0,3.0
9002,201504WA15074,1,9,0,9,0,8,0,0,0,0,1,1,6,1,52,8,1398,2,12,-1,1,-1,1,1,331140.0,436730.0,-3.047521,53.822261,4,3,1,1,19/02/2015,5,1899-12-30 06:40:00,71,E06000009,3,586,6,30,9,2,6,0,0,5,4,2,2,0,0,1,1,E01012737,1.0,3.0,1.0,62.0,9.0,3.0,4.0,3.0,0.0,0.0,0.0,0.0,1.0,1.0
9003,201520K013325,1,9,0,18,0,1,0,0,0,0,1,1,6,1,-1,-1,-1,-1,-1,-1,-1,-1,1,2,396200.0,291170.0,-2.05743,52.518398,20,3,2,1,30/09/2015,4,1899-12-30 18:00:00,305,E08000028,3,461,6,30,3,4,6,0,0,0,1,1,1,0,0,1,1,E01010071,,,,,,,,,,,,,,
9004,201501QA10378,1,9,0,3,0,0,0,0,0,0,2,1,6,1,-1,-1,2148,2,9,-1,1,-1,3,2,513840.0,190770.0,-0.357594,51.604271,1,3,2,3,42013,3,1899-12-30 18:58:00,29,E09000015,5,0,6,30,0,-1,-1,0,0,1,1,9,2,0,0,1,2,E01002151,2.0,2.0,2.0,58.0,9.0,3.0,0.0,0.0,1.0,0.0,0.0,9.0,-1.0,-1.0
9005,2015100481815,2,11,0,18,0,8,0,0,0,0,1,1,1,1,32,6,-1,-1,-1,-1,1,-1,2,2,425789.0,562607.0,-1.598817,54.95744,10,3,2,2,42102,3,1899-12-30 17:08:00,146,E08000020,4,1426,1,30,1,4,3,167,0,0,1,1,1,0,0,1,1,E01008163,2.0,2.0,2.0,49.0,8.0,3.0,0.0,0.0,0.0,4.0,0.0,11.0,-1.0,-1.0
9006,201543W170045,2,9,0,18,0,4,0,0,0,0,4,1,6,2,18,4,973,1,14,-1,1,-1,2,2,466650.0,173622.0,-1.042099,51.457662,43,3,2,2,21/04/2015,3,1899-12-30 14:30:00,472,E06000038,6,7201,1,30,2,4,6,7201,0,0,1,8,1,0,0,1,1,E01016436,1.0,1.0,2.0,18.0,4.0,3.0,0.0,0.0,0.0,0.0,0.0,9.0,1.0,2.0
9007,20151326E0844,1,9,0,16,0,0,1,0,7,2,1,1,6,1,51,8,1124,1,8,-1,1,-1,2,1,421399.0,434070.0,-1.676571,53.802494,13,3,1,2,14/06/2015,1,1899-12-30 14:14:00,204,E08000035,6,0,6,30,0,-1,-1,0,0,0,1,1,2,5,0,1,1,E01011587,1.0,1.0,1.0,51.0,8.0,3.0,0.0,0.0,0.0,0.0,0.0,9.0,1.0,8.0
9008,2015405CA1479,1,9,0,17,0,0,0,2,0,0,1,1,6,2,32,6,1598,1,9,-1,3,-1,2,2,503395.0,226242.0,-0.497813,51.925105,40,3,2,2,42259,4,1899-12-30 13:25:00,424,E06000056,4,579,6,60,0,-1,-1,0,0,0,1,4,1,4,0,2,1,E01017620,2.0,2.0,1.0,3.0,1.0,3.0,0.0,0.0,1.0,0.0,0.0,9.0,3.0,7.0