,accident_index,vehicle_reference,vehicle_type,towing_and_articulation,vehicle_manoeuvre,vehicle_location-restricted_lane,junction_location,skidding_and_overturning,hit_object_in_carriageway,vehicle_leaving_carriageway,hit_object_off_carriageway,1st_point_of_impact,was_vehicle_left_hand_drive?,journey_purpose_of_driver,sex_of_driver,age_of_driver,age_band_of_driver,engine_capacity_(cc),propulsion_code,age_of_vehicle,driver_imd_decile,driver_home_area_type,vehicle_imd_decile,NUmber_of_Casualities_unique_to_accident_index,No_of_Vehicles_involved_unique_to_accident_index,location_easting_osgr,location_northing_osgr,longitude,latitude,police_force,accident_severity,number_of_vehicles,number_of_casualties,date,day_of_week,time,local_authority_(district),local_authority_(highway),1st_road_class,1st_road_number,road_type,speed_limit,junction_detail,junction_control,2nd_road_class,2nd_road_number,pedestrian_crossing-human_control,pedestrian_crossing-physical_facilities,light_conditions,weather_conditions,road_surface_conditions,special_conditions_at_site,carriageway_hazards,urban_or_rural_area,did_police_officer_attend_scene_of_accident,lsoa_of_accident_location,casualty_reference,casualty_class,sex_of_casualty,age_of_casualty,age_band_of_casualty,casualty_severity,pedestrian_location,pedestrian_movement,car_passenger,bus_or_coach_passenger,pedestrian_road_maintenance_worker,casualty_type,casualty_home_area_type,casualty_imd_decile
9210,2015100728115,1,9,0,18,0,8,0,0,0,0,4,1,6,1,-1,-1,1796,1,8,-1,1,-1,1,2,425750.0,560652.0,-1.5996,54.939875,10,3,2,1,23/11/2015,2,1899-12-30 18:30:00,146,E08000020,3,167,6,30,6,4,6,4135,0,0,4,2,2,0,0,1,2,E01008239,,,,,,,,,,,,,,
9211,201501PY20683,1,9,0,18,0,0,0,0,0,0,4,1,6,2,28,6,1598,1,3,-1,1,-1,1,1,547080.0,169000.0,0.112995,51.400969,1,3,1,1,23/09/2015,4,1899-12-30 17:50:00,19,E09000006,3,224,6,30,0,-1,-1,0,0,0,1,1,1,0,0,1,1,E01000738,1.0,3.0,1.0,9.0,2.0,3.0,5.0,1.0,0.0,0.0,2.0,0.0,1.0,1.0
9212,2015075216525,1,9,0,4,6,0,0,0,0,0,2,1,2,1,44,7,1796,7,7,-1,1,-1,1,2,370248.0,380823.0,-2.448125,53.323486,7,3,2,1,24/07/2015,6,1899-12-30 21:59:00,129,E06000049,1,6,3,70,0,-1,-1,0,0,0,6,4,1,0,0,2,2,E01018648,1.0,1.0,1.0,44.0,7.0,3.0,0.0,0.0,0.0,0.0,0.0,9.0,1.0,4.0
9213,201506Q000711,2,1,0,18,0,8,0,0,0,0,1,1,6,1,23,5,-1,-1,-1,-1,1,-1,1,2,394050.0,409380.0,-2.091341,53.580977,6,3,2,1,17/04/2015,6,1899-12-30 21:55:00,104,E08000004,3,663,6,30,6,2,5,0,0,5,4,1,1,0,0,1,1,E01005445,1.0,1.0,1.0,23.0,5.0,3.0,0.0,0.0,0.0,0.0,0.0,1.0,1.0,8.0
9214,201501YE80864,1,9,0,3,0,2,0,0,0,0,2,1,6,1,49,8,1910,2,8,-1,1,-1,2,2,534400.0,192710.0,-0.060143,51.617178,1,3,2,2,42258,2,1899-12-30 12:10:00,32,E09000010,6,0,6,30,3,4,6,0,0,0,1,1,1,0,0,1,2,E01001430,2.0,2.0,2.0,39.0,7.0,3.0,0.0,0.0,1.0,0.0,0.0,9.0,1.0,2.0
9215,2015460253650,1,9,0,18,0,8,0,0,0,0,4,1,6,2,53,8,2400,2,6,-1,1,-1,1,2,603650.0,141630.0,0.90968,51.137713,46,3,2,1,24/02/2015,3,1899-12-30 08:45:00,530,E10000016,3,2070,1,40,1,2,3,292,0,0,1,1,1,0,0,2,2,E01024004,,,,,,,,,,,,,,
9216,2015460261947,1,9,0,18,0,0,0,0,4,6,1,1,1,1,36,7,1896,2,11,-1,2,-1,3,3,555750.0,172080.0,0.238886,51.426329,46,3,3,3,23/09/2015,4,1899-12-30 18:13:00,532,E10000016,3,2,3,70,0,-1,-1,0,0,0,1,1,1,0,2,2,1,E01024135,,,,,,,,,,,,,,
9217,201511SK11935,2,9,0,18,0,0,0,0,0,0,1,1,6,1,60,9,1991,2,6,-1,1,-1,1,2,428379.0,521766.0,-1.56235,54.590294,11,3,2,1,42344,6,1899-12-30 16:30:00,169,E06000047,3,167,6,60,0,-1,-1,0,0,0,1,1,1,0,0,2,1,E01020826,1.0,2.0,2.0,68.0,10.0,3.0,0.0,0.0,1.0,0.0,0.0,9.0,1.0,4.0
9218,201501QK50393,2,9,0,2,0,0,0,0,0,0,4,1,6,1,28,6,1762,1,15,-1,1,-1,1,3,518300.0,187580.0,-0.294298,51.574683,1,3,3,1,13/06/2015,7,1899-12-30 18:59:00,28,E09000005,5,0,6,30,0,-1,-1,0,0,0,1,1,1,0,0,1,1,E01000487,,,,,,,,,,,,,,
9219,201523N035122,1,9,0,18,0,2,0,0,0,0,4,1,6,1,74,10,1986,1,4,-1,1,-1,1,2,449335.0,275289.0,-1.276756,52.373431,23,3,2,1,28/01/2015,4,1899-12-30 08:30:00,292,E10000031,3,428,6,30,3,4,6,0,0,4,1,2,2,0,0,1,2,E01031170,1.0,3.0,2.0,38.0,7.0,3.0,9.0,9.0,0.0,0.0,0.0,0.0,1.0,5.0
9220,201543N158075,2,9,0,18,0,2,0,0,0,0,1,1,6,1,-1,-1,1968,2,6,-1,-1,-1,1,2,502694.0,182160.0,-0.52099,51.529022,43,3,2,1,21/07/2015,3,1899-12-30 07:34:00,477,E10000002,6,953,6,30,3,4,6,953,1,0,1,1,1,0,0,2,1,E01017825,,,,,,,,,,,,,,
9221,201501RG40229,2,11,0,18,0,8,0,0,0,0,3,1,1,1,44,7,-1,-1,-1,-1,1,-1,2,2,541110.0,178490.0,0.031012,51.48776,1,3,2,2,30/04/2015,5,1899-12-30 17:15:00,6,E09000011,3,206,3,30,6,2,5,0,0,5,1,1,1,0,0,1,1,E01001666,1.0,2.0,2.0,50.0,8.0,3.0,0.0,0.0,0.0,4.0,0.0,11.0,-1.0,-1.0
9222,2015440393866,1,9,0,9,0,8,0,0,0,0,1,1,6,1,28,6,1781,1,13,-1,1,-1,1,2,460139.0,161629.0,-1.137829,51.350565,44,3,2,1,42349,5,1899-12-30 13:00:00,490,E10000014,3,340,6,30,3,4,6,0,0,0,1,1,1,0,0,1,1,E01022557,,,,,,,,,,,,,,
9223,2015551500983,2,9,0,4,0,1,0,0,0,0,1,1,6,1,22,5,1396,1,15,-1,2,-1,2,2,364046.0,80603.0,-2.509638,50.624014,55,3,2,2,42255,1,1899-12-30 12:26:00,645,E10000009,4,3157,1,40,2,4,6,0,0,0,1,1,1,0,0,1,1,E01020513,2.0,2.0,2.0,24.0,5.0,3.0,0.0,0.0,1.0,0.0,0.0,9.0,2.0,6.0
9224,2015132B51358,1,9,0,5,0,8,0,0,0,0,1,1,6,1,45,7,1968,2,3,-1,1,-1,4,3,411692.0,416677.0,-1.824606,53.646471,13,3,3,4,42135,5,1899-12-30 18:06:00,203,E08000034,6,0,6,30,6,4,6,0,0,0,4,1,2,0,0,1,1,E01011234,,,,,,,,,,,,,,
9225,2015440449733,2,9,0,3,0,1,0,0,0,0,2,1,6,2,40,7,1995,2,6,-1,1,-1,2,2,464782.0,103054.0,-1.081653,50.823412,44,3,2,2,22/12/2015,3,1899-12-30 19:25:00,498,E06000044,3,3,6,30,3,4,6,0,0,4,4,5,2,0,0,1,1,E01017084,2.0,1.0,2.0,40.0,7.0,3.0,0.0,0.0,0.0,0.0,0.0,9.0,1.0,3.0
9226,201514A023915,2,9,0,18,0,1,0,0,0,0,1,1,6,2,37,7,1686,2,10,-1,1,-1,1,2,459725.0,402589.0,-1.100746,53.516593,14,3,2,1,17/02/2015,3,1899-12-30 10:00:00,211,E08000017,6,0,6,30,6,2,6,0,0,0,1,1,1,0,0,1,2,E01007526,,,,,,,,,,,,,,
9227,201501ZT80377,1,9,0,18,0,8,0,0,0,0,1,1,6,2,66,10,1199,1,15,-1,1,-1,2,2,525620.0,166230.0,-0.196309,51.381228,1,3,2,2,26/11/2015,5,1899-12-30 18:58:00,21,E09000029,3,217,3,30,3,4,6,0,0,0,4,1,2,0,0,1,1,E01004124,1.0,1.0,2.0,66.0,10.0,3.0,0.0,0.0,0.0,0.0,0.0,9.0,1.0,9.0
9228,2015075319265,1,9,0,18,0,0,0,0,1,7,1,1,6,2,20,4,998,1,9,-1,1,-1,1,1,376413.0,384583.0,-2.355854,53.357595,7,3,1,1,25/10/2015,1,1899-12-30 23:05:00,129,E06000049,1,56,3,70,0,-1,-1,0,0,0,6,1,2,0,0,2,1,E01018648,1.0,1.0,2.0,20.0,4.0,3.0,0.0,0.0,0.0,0.0,0.0,9.0,1.0,-1.0
9229,2015210026011,2,9,0,3,0,1,0,0,0,0,2,1,6,2,25,5,-1,-1,-1,-1,1,-1,2,2,424438.0,324348.0,-1.638844,52.816123,21,3,2,2,20/06/2015,7,1899-12-30 19:20:00,251,E10000028,5,358,6,20,3,4,3,511,0,0,1,1,1,0,0,1,2,E01029427,2.0,2.0,1.0,26.0,6.0,3.0,0.0,0.0,1.0,0.0,0.0,9.0,1.0,3.0
9230,201560S181945,2,9,0,17,0,0,1,0,0,0,1,1,1,1,40,7,-1,-1,-1,-1,-1,-1,1,2,332000.0,365672.0,-3.019024,53.183779,60,3,2,1,28/11/2015,7,1899-12-30 02:50:00,724,W06000005,4,5125,6,60,0,-1,-1,0,0,0,4,1,2,0,0,2,1,W01000311,1.0,1.0,1.0,40.0,7.0,3.0,0.0,0.0,0.0,0.0,0.0,9.0,-1.0,-1.0
9231,20151326E1116,2,9,0,3,0,0,0,0,0,0,2,1,6,2,49,8,-1,-1,-1,-1,1,-1,1,2,411631.0,432323.0,-1.824947,53.7871,13,3,2,1,14/06/2015,1,1899-12-30 17:00:00,200,E08000032,6,0,6,60,0,-1,-1,0,0,0,1,1,2,0,0,2,1,E01010633,,,,,,,,,,,,,,
9232,201501XH30937,1,9,0,9,0,8,0,0,0,0,3,1,6,1,30,6,2993,2,8,-1,3,-1,1,2,507580.0,182550.0,-0.450463,51.531619,1,3,2,1,31/12/2015,5,1899-12-30 12:44:00,26,E09000017,3,4020,3,40,9,4,6,0,0,4,1,1,1,0,0,1,1,E01002410,,,,,,,,,,,,,,
9233,201501QK50121,2,9,0,6,0,1,0,0,0,0,4,1,1,1,37,7,1896,2,7,-1,1,-1,1,2,522810.0,184610.0,-0.230287,51.547028,1,3,2,1,22/02/2015,1,1899-12-30 18:40:00,28,E09000005,3,407,6,30,3,4,6,0,0,0,4,2,2,0,0,1,1,E01000642,,,,,,,,,,,,,,
9234,2015521507448,2,9,0,18,0,8,0,0,0,0,1,1,6,2,21,5,1199,1,11,-1,1,-1,2,2,360486.0,173419.0,-2.570119,51.45836,52,3,2,2,42318,1,1899-12-30 21:56:00,601,E06000023,3,420,6,30,1,4,3,420,0,0,4,1,1,0,0,1,1,E01033369,1.0,1.0,2.0,21.0,5.0,3.0,0.0,0.0,0.0,0.0,0.0,9.0,1.0,6.0
9235,20154100F0695,1,19,0,18,0,8,0,0,0,0,1,1,6,2,64,9,1461,2,4,-1,1,-1,2,2,514954.0,208774.0,-0.335593,51.765854,41,3,2,2,25/10/2015,1,1899-12-30 21:05:00,434,E10000015,3,1081,6,30,6,2,5,62,0,5,4,1,1,0,0,1,1,E01023672,1.0,1.0,2.0,64.0,9.0,3.0,0.0,0.0,0.0,0.0,0.0,19.0,1.0,10.0
9236,2015051500877,1,9,0,18,0,8,0,0,0,0,4,1,6,2,25,5,1242,1,7,-1,1,-1,3,2,333867.0,391045.0,-2.996385,53.412051,5,3,2,3,31/03/2015,3,1899-12-30 15:33:00,91,E08000012,3,5036,3,30,6,2,3,565,0,5,1,4,1,0,0,1,1,E01033753,1.0,1.0,2.0,25.0,5.0,3.0,0.0,0.0,0.0,0.0,0.0,9.0,1.0,3.0
9237,2015471506671,2,19,0,18,0,8,0,0,0,0,4,1,1,1,60,9,1868,2,9,-1,2,-1,1,2,487814.0,104131.0,-0.754481,50.830064,47,3,2,1,42258,2,1899-12-30 11:30:00,559,E10000032,3,27,1,70,1,4,3,259,0,7,1,1,1,0,0,2,2,E01031513,1.0,1.0,1.0,60.0,9.0,3.0,0.0,0.0,0.0,0.0,0.0,19.0,2.0,6.0
9238,20151325M0758,3,19,0,18,0,0,0,0,0,0,1,1,1,1,62,9,1248,2,4,-1,1,-1,2,3,416010.0,435017.0,-1.758345,53.811198,13,3,3,2,22/05/2015,6,1899-12-30 14:09:00,200,E08000032,3,6037,6,40,0,-1,-1,0,0,0,1,1,1,0,0,1,1,E01010824,,,,,,,,,,,,,,
9239,201501PL60664,2,9,0,18,0,8,0,0,0,0,1,1,6,3,-1,-1,1299,1,15,-1,-1,-1,1,2,540100.0,173850.0,0.014637,51.446316,1,3,2,1,42224,7,1899-12-30 23:30:00,7,E09000023,3,205,3,30,6,2,3,2212,0,5,4,1,1,0,0,1,1,E01003280,,,,,,,,,,,,,,
9240,2015405CA0762,1,9,0,14,0,8,0,0,0,0,1,1,6,1,18,4,-1,-1,-1,-1,1,-1,1,2,505362.0,223556.0,-0.47004,51.900596,40,3,2,1,42223,4,1899-12-30 16:10:00,421,E06000032,6,0,6,30,3,4,6,0,0,8,1,1,1,0,0,1,1,E01015751,1.0,1.0,1.0,18.0,4.0,3.0,0.0,0.0,0.0,0.0,0.0,9.0,1.0,7.0
9241,201506X006305,2,9,0,18,0,0,0,0,0,0,2,1,1,2,22,5,1229,1,9,-1,1,-1,1,3,382120.0,408550.0,-2.271481,53.573244,6,3,3,1,28/09/2015,2,1899-12-30 08:53:00,101,E08000002,1,66,3,70,0,-1,-1,0,0,0,1,1,1,0,0,2,1,E01005054,1.0,1.0,2.0,22.0,5.0,3.0,0.0,0.0,0.0,0.0,0.0,9.0,1.0,2.0
9242,201520K013145,1,9,0,3,0,1,0,0,0,0,2,1,6,1,19,4,1229,1,9,-1,1,-1,1,2,398780.0,289730.0,-2.019403,52.505465,20,3,2,1,42014,5,1899-12-30 18:00:00,305,E08000028,3,457,6,30,1,4,3,457,0,0,1,1,1,0,0,1,2,E01010018,1.0,1.0,1.0,19.0,4.0,3.0,0.0,0.0,0.0,0.0,0.0,9.0,1.0,3.0
9243,2015471504605,1,9,0,9,0,8,0,0,0,0,3,1,6,2,74,10,1242,1,19,-1,1,-1,2,2,506085.0,102497.0,-0.495606,50.812319,47,3,2,2,42316,3,1899-12-30 17:03:00,558,E10000032,4,2140,6,30,3,4,6,0,0,0,1,2,2,0,0,1,1,E01031458,1.0,1.0,2.0,74.0,10.0,3.0,0.0,0.0,0.0,0.0,0.0,9.0,1.0,8.0
9244,201531B200615,2,9,0,17,0,2,0,0,0,0,3,1,6,1,33,6,1560,2,7,-1,1,-1,2,2,474976.0,373197.0,-0.877753,53.250501,31,3,2,2,42317,6,1899-12-30 18:55:00,341,E10000024,3,57,6,60,3,4,6,0,0,0,1,1,1,0,0,2,2,E01028006,2.0,2.0,1.0,10.0,2.0,3.0,0.0,0.0,2.0,0.0,0.0,9.0,1.0,8.0
9245,201537EA95208,2,1,0,18,0,8,0,0,0,0,4,1,6,2,74,10,-1,-1,-1,-1,1,-1,1,2,571126.0,274786.0,0.510743,52.344447,37,3,2,1,42196,7,1899-12-30 10:10:00,411,E10000029,3,1101,1,30,1,4,4,1102,0,0,1,2,2,0,0,1,1,E01029947,1.0,1.0,2.0,74.0,10.0,3.0,0.0,0.0,0.0,0.0,0.0,1.0,1.0,5.0
9246,201501BS70532,1,9,0,18,0,8,0,0,0,0,1,1,6,1,-1,-1,998,1,14,-1,1,-1,1,2,526080.0,177260.0,-0.18578,51.480254,1,3,2,1,19/09/2015,7,1899-12-30 21:39:00,12,E09000020,3,308,6,30,3,2,5,0,0,5,4,1,1,0,0,1,1,E01002843,,,,,,,,,,,,,,
9247,2015440272507,1,3,0,16,0,0,0,4,0,0,1,1,6,1,24,5,125,1,8,-1,1,-1,1,2,443528.0,118516.0,-1.381537,50.964428,44,3,2,1,42193,6,1899-12-30 19:24:00,491,E10000014,6,0,6,30,0,-1,-1,0,0,0,1,1,1,0,0,1,1,E01022678,1.0,1.0,1.0,24.0,5.0,3.0,0.0,0.0,0.0,0.0,0.0,3.0,1.0,3.0
9248,2015921500110,2,9,0,18,0,0,0,0,1,0,1,1,6,2,37,7,-1,-1,-1,-1,1,-1,2,2,328576.0,858497.0,-3.197058,57.610785,92,3,2,2,23/01/2015,6,1899-12-30 21:32:00,930,S12000020,4,9103,6,60,0,-1,-1,0,0,0,6,1,2,0,0,2,1,,1.0,1.0,2.0,37.0,7.0,3.0,0.0,0.0,0.0,0.0,0.0,9.0,1.0,-1.0
9249,2015300016727,1,9,0,10,0,1,0,0,0,0,4,1,1,2,36,7,1396,1,4,-1,-1,-1,1,2,433650.0,331820.0,-1.501398,52.882795,30,3,2,1,42349,5,1899-12-30 16:45:00,323,E06000015,6,0,6,30,3,4,5,81,0,0,4,1,1,0,0,1,1,E01013495,,,,,,,,,,,,,,
9250,2015521507169,1,9,0,18,0,0,2,0,0,0,1,1,6,1,31,6,1398,1,-1,-1,1,-1,1,2,362993.0,173719.0,-2.534069,51.461227,52,3,2,1,42014,5,1899-12-30 04:10:00,601,E06000023,3,420,6,30,0,-1,-1,0,0,0,4,1,1,0,0,1,1,E01014682,1.0,1.0,1.0,31.0,6.0,3.0,0.0,0.0,0.0,0.0,0.0,9.0,1.0,3.0
9251,2015132AD1570,1,9,0,7,0,5,1,0,1,10,1,1,6,1,23,5,1968,2,1,-1,1,-1,3,1,420535.0,434324.0,-1.689673,53.804811,13,3,1,3,13/10/2015,3,1899-12-30 21:15:00,204,E08000035,3,647,3,60,3,4,6,0,0,0,4,1,1,0,0,1,1,E01011595,1.0,1.0,1.0,23.0,5.0,3.0,0.0,0.0,0.0,0.0,0.0,9.0,1.0,1.0
9252,201506P098180,1,9,0,18,0,0,0,0,0,0,1,1,2,2,28,6,1850,1,15,-1,1,-1,1,1,390500.0,411990.0,-2.14504,53.604384,6,3,1,1,26/02/2015,5,1899-12-30 15:15:00,106,E08000005,3,664,6,30,0,-1,-1,0,0,4,1,1,1,0,0,1,1,E01005563,1.0,3.0,2.0,5.0,1.0,3.0,1.0,3.0,0.0,0.0,0.0,0.0,1.0,2.0
9253,201501TX20930,1,9,0,7,0,8,0,0,0,0,2,1,6,2,41,7,1388,1,6,-1,1,-1,1,2,511470.0,176410.0,-0.396345,51.475679,1,3,2,1,42289,5,1899-12-30 21:15:00,25,E09000018,3,4,6,30,8,4,3,4,0,0,4,1,1,0,0,1,1,E01002635,1.0,2.0,2.0,17.0,4.0,3.0,0.0,0.0,1.0,0.0,0.0,9.0,1.0,3.0
9254,201504ED15180,2,9,0,18,0,8,0,0,0,0,1,1,6,2,24,5,993,1,12,-1,1,-1,3,2,368410.0,427380.0,-2.480433,53.741835,4,3,2,3,42099,2,1899-12-30 17:40:00,70,E06000008,3,6077,3,30,6,2,3,6078,0,0,1,1,1,0,0,1,1,E01012629,,,,,,,,,,,,,,
9255,201501YE80010,2,19,0,18,0,8,0,0,0,0,1,1,1,1,41,7,1995,2,7,-1,1,-1,1,3,530170.0,192110.0,-0.121427,51.612779,1,3,3,1,42064,7,1899-12-30 11:34:00,32,E09000010,3,406,3,40,6,2,4,106,0,5,1,2,2,0,0,1,1,E01001393,,,,,,,,,,,,,,
9256,201520W023895,2,19,0,13,0,0,0,0,0,0,3,1,1,1,60,9,1461,2,4,-1,3,-1,1,2,408610.0,286200.0,-1.874672,52.473666,20,3,2,1,29/04/2015,4,1899-12-30 11:36:00,300,E08000025,3,4540,3,30,0,-1,-1,0,0,0,1,1,2,0,0,1,1,E01009200,,,,,,,,,,,,,,
9257,201542I318510,1,22,0,18,9,1,0,0,0,0,1,1,6,1,75,10,-1,-1,-1,-1,-1,-1,1,1,586869.0,185633.0,0.693174,51.53866,42,3,1,1,42257,6,1899-12-30 14:15:00,460,E06000033,6,0,6,30,3,4,6,0,0,4,1,1,1,0,0,1,2,E01015855,1.0,3.0,1.0,63.0,9.0,3.0,6.0,9.0,0.0,0.0,0.0,0.0,-1.0,-1.0
9258,201520J009725,1,9,0,18,0,0,0,0,0,0,1,1,1,2,44,7,1388,1,7,-1,1,-1,1,1,392900.0,289380.0,-2.106023,52.502272,20,3,1,1,15/09/2015,3,1899-12-30 09:10:00,303,E08000027,3,461,3,30,0,-1,-1,0,0,4,1,1,1,0,0,1,1,E01009839,1.0,3.0,2.0,15.0,3.0,3.0,1.0,3.0,0.0,0.0,0.0,0.0,1.0,2.0
9259,201542I104504,1,21,0,12,0,1,0,0,0,0,1,1,1,1,47,8,-1,-1,-1,-1,1,-1,2,2,584855.0,188259.0,0.665546,51.562908,42,3,2,2,42067,6,1899-12-30 13:50:00,460,E06000033,3,127,3,40,6,2,3,1015,0,0,1,1,1,0,0,1,1,E01015835,,,,,,,,,,,,,,
9260,2015051501639,1,9,0,18,0,8,0,0,0,0,3,1,2,2,25,5,1870,2,9,-1,1,-1,2,2,337003.0,399969.0,-2.951004,53.492638,5,3,2,2,42011,4,1899-12-30 21:21:00,93,E08000014,1,57,3,50,6,2,3,59,0,0,1,1,1,0,0,2,1,E01007038,,,,,,,,,,,,,,
9261,201520K009605,3,9,0,2,0,0,0,0,0,0,4,1,6,1,65,9,998,1,3,-1,1,-1,1,3,402010.0,286460.0,-1.971836,52.476066,20,3,3,1,18/06/2015,5,1899-12-30 16:58:00,305,E08000028,6,0,6,30,0,-1,-1,0,0,0,1,1,1,0,0,1,1,E01009927,,,,,,,,,,,,,,
9262,201504WB15222,3,9,0,9,0,8,0,0,0,0,1,1,1,2,40,7,1598,2,2,-1,1,-1,1,3,345240.0,463710.0,-2.838208,54.066404,4,3,3,1,26/06/2015,6,1899-12-30 09:10:00,76,E10000017,3,589,1,30,1,4,6,0,0,0,1,1,1,0,0,1,1,E01025164,,,,,,,,,,,,,,
9263,201560S059649,1,9,0,16,0,0,0,0,0,0,1,1,1,2,21,5,-1,-1,-1,-1,-1,-1,4,2,330250.0,344772.0,-3.040663,52.995713,60,3,2,4,27/04/2015,2,1899-12-30 13:10:00,725,W06000006,4,5605,3,40,0,-1,-1,0,0,0,1,1,1,0,0,2,1,W01000419,3.0,2.0,1.0,1.0,1.0,3.0,0.0,0.0,2.0,0.0,0.0,9.0,-1.0,-1.0
9264,2015440388071,1,9,0,17,0,0,2,0,7,10,1,1,6,1,21,5,1299,1,10,-1,1,-1,1,1,457630.0,87953.0,-1.185539,50.688383,44,3,1,1,42196,7,1899-12-30 22:30:00,505,E06000046,6,0,6,60,0,-1,-1,0,0,0,6,5,2,0,0,2,1,E01017283,1.0,1.0,1.0,21.0,5.0,3.0,0.0,0.0,0.0,0.0,0.0,9.0,1.0,7.0
9265,201534TM01155,3,21,1,3,0,0,0,0,0,0,2,2,1,1,-1,-1,-1,-1,-1,-1,-1,-1,1,4,476055.0,254332.0,-0.889059,52.182005,34,3,4,1,16/01/2015,6,1899-12-30 15:20:00,385,E10000021,1,1,3,70,0,-1,-1,0,0,0,1,1,1,0,0,2,1,E01032985,,,,,,,,,,,,,,
9266,2015941500041,1,11,0,4,0,1,1,0,0,0,1,1,1,1,60,9,-1,-1,-1,-1,1,-1,2,2,326574.0,693300.0,-3.182757,56.12676,94,3,2,2,13/01/2015,3,1899-12-30 10:25:00,925,S12000015,6,0,6,30,3,4,6,0,0,0,1,3,3,5,0,1,1,,,,,,,,,,,,,,,
9267,2015360091922,1,9,0,18,0,0,0,0,0,0,1,1,6,1,57,9,2179,2,-1,-1,2,-1,4,2,590032.0,311839.0,0.809092,52.670934,36,3,2,4,42315,7,1899-12-30 16:00:00,400,E10000020,3,47,6,50,0,-1,-1,0,0,0,1,1,1,0,0,2,1,E01026453,,,,,,,,,,,,,,
9268,201550BS2G019,1,21,0,4,0,0,1,0,0,0,1,1,1,1,37,7,10640,2,12,-1,1,-1,2,2,239724.0,59950.0,-4.257391,50.417491,50,3,2,2,42254,5,1899-12-30 17:59:00,596,E06000052,3,38,6,50,0,-1,-1,0,0,0,1,1,1,0,0,2,1,E01018787,2.0,2.0,1.0,43.0,7.0,3.0,0.0,0.0,0.0,0.0,0.0,21.0,1.0,1.0
9269,201550JG3J019,1,9,0,18,0,0,1,0,0,0,1,1,6,2,25,5,1461,2,9,-1,1,-1,6,2,292670.0,73932.0,-3.51649,50.555261,50,3,2,6,42350,7,1899-12-30 13:52:00,585,E10000008,6,0,6,60,0,-1,-1,0,0,0,1,5,2,0,0,2,1,E01020200,3.0,2.0,1.0,17.0,4.0,3.0,0.0,0.0,1.0,0.0,0.0,9.0,1.0,2.0
9270,2015555999577,1,9,0,17,0,0,2,0,2,4,3,1,6,1,20,4,1988,1,12,-1,1,-1,3,1,413210.0,100927.0,-1.813888,50.807749,55,3,1,3,42097,4,1899-12-30 21:23:00,647,E10000009,5,156,6,40,0,-1,-1,0,0,0,6,1,1,0,0,2,1,E01020405,3.0,1.0,1.0,20.0,4.0,3.0,0.0,0.0,0.0,0.0,0.0,9.0,1.0,10.0
9271,201534WD18685,2,9,0,3,0,0,0,0,0,0,2,1,6,2,42,7,1398,1,3,-1,1,-1,2,2,459056.0,268965.0,-1.135093,52.315624,34,3,2,2,24/07/2015,6,1899-12-30 01:33:00,381,E10000021,3,5,6,60,0,-1,-1,0,0,0,6,1,1,0,0,2,1,E01027016,2.0,2.0,2.0,18.0,4.0,3.0,0.0,0.0,1.0,0.0,0.0,9.0,1.0,3.0
9272,2015460256515,1,9,0,4,0,4,0,0,0,0,1,1,6,2,19,4,1581,1,13,-1,1,-1,1,2,615010.0,157440.0,1.081287,51.27552,46,3,2,1,42343,3,1899-12-30 11:21:00,531,E10000016,3,28,1,30,1,4,3,2050,0,4,1,1,1,0,0,1,1,E01024044,,,,,,,,,,,,,,
9273,201550EC2J025,2,3,0,18,0,1,0,0,0,0,3,1,1,1,20,4,125,1,4,-1,1,-1,1,2,249951.0,54384.0,-4.111319,50.370172,50,3,2,1,14/05/2015,5,1899-12-30 07:58:00,583,E06000026,6,0,6,30,3,2,6,0,0,5,1,2,2,0,0,2,1,E01015180,,,,,,,,,,,,,,
9274,2015350187715,1,19,0,1,0,2,0,0,0,0,2,1,6,1,26,6,2143,2,1,-1,1,-1,2,2,520060.0,298880.0,-0.229786,52.574496,35,3,2,2,30/10/2015,6,1899-12-30 09:18:00,394,E06000031,6,0,6,30,3,4,6,0,0,0,1,1,1,0,0,1,1,E01015611,3.0,2.0,2.0,25.0,5.0,3.0,0.0,0.0,0.0,0.0,0.0,19.0,1.0,1.0
9275,201511ND11025,2,9,0,7,0,1,0,0,0,0,4,1,6,2,38,7,1461,2,-1,-1,2,-1,1,2,425601.0,541176.0,-1.603644,54.764868,11,3,2,1,13/06/2015,7,1899-12-30 11:29:00,169,E06000047,3,690,6,40,3,4,6,0,0,0,1,1,1,0,0,2,1,E01020684,,,,,,,,,,,,,,
9276,201543R029065,1,9,0,18,0,0,0,0,0,0,1,1,2,1,24,5,1995,1,14,-1,1,-1,3,3,498615.0,177870.0,-0.58097,51.491187,43,3,3,3,42010,2,1899-12-30 06:40:00,474,E06000040,1,4,3,70,0,-1,-1,0,0,0,1,1,1,0,0,2,1,E01016565,2.0,2.0,1.0,22.0,5.0,3.0,0.0,0.0,2.0,0.0,0.0,9.0,1.0,6.0
9277,201504EF15222,2,9,0,18,0,0,0,0,0,0,1,1,2,2,41,7,1461,2,-1,-1,1,-1,1,3,382990.0,432670.0,-2.259674,53.790064,4,3,3,1,42070,6,1899-12-30 08:40:00,72,E10000017,3,671,3,30,0,-1,-1,0,0,0,1,1,1,0,0,1,1,E01024907,1.0,1.0,2.0,41.0,7.0,3.0,0.0,0.0,0.0,0.0,0.0,9.0,1.0,1.0