,accident_index,vehicle_reference,vehicle_type,towing_and_articulation,vehicle_manoeuvre,vehicle_location-restricted_lane,junction_location,skidding_and_overturning,hit_object_in_carriageway,vehicle_leaving_carriageway,hit_object_off_carriageway,1st_point_of_impact,was_vehicle_left_hand_drive?,journey_purpose_of_driver,sex_of_driver,age_of_driver,age_band_of_driver,engine_capacity_(cc),propulsion_code,age_of_vehicle,driver_imd_decile,driver_home_area_type,vehicle_imd_decile,NUmber_of_Casualities_unique_to_accident_index,No_of_Vehicles_involved_unique_to_accident_index,location_easting_osgr,location_northing_osgr,longitude,latitude,police_force,accident_severity,number_of_vehicles,number_of_casualties,date,day_of_week,time,local_authority_(district),local_authority_(highway),1st_road_class,1st_road_number,road_type,speed_limit,junction_detail,junction_control,2nd_road_class,2nd_road_number,pedestrian_crossing-human_control,pedestrian_crossing-physical_facilities,light_conditions,weather_conditions,road_surface_conditions,special_conditions_at_site,carriageway_hazards,urban_or_rural_area,did_police_officer_attend_scene_of_accident,lsoa_of_accident_location,casualty_reference,casualty_class,sex_of_casualty,age_of_casualty,age_band_of_casualty,casualty_severity,pedestrian_location,pedestrian_movement,car_passenger,bus_or_coach_passenger,pedestrian_road_maintenance_worker,casualty_type,casualty_home_area_type,casualty_imd_decile
9278,201501ZD30668,1,9,0,18,0,1,0,0,0,0,1,1,6,3,-1,-1,-1,-1,-1,-1,-1,-1,1,1,531450.0,167320.0,-0.11218,51.389705,1,3,1,1,42162,2,1899-12-30 18:07:00,20,E09000008,3,235,6,30,3,4,6,0,0,0,1,1,1,0,0,1,1,E01001181,1.0,3.0,1.0,22.0,5.0,3.0,5.0,1.0,0.0,0.0,2.0,0.0,1.0,2.0
9279,201520Z002755,1,20,0,4,0,0,0,0,0,0,1,1,1,1,31,6,6693,2,1,-1,1,-1,1,3,404850.0,295030.0,-1.929901,52.553092,20,3,3,1,18/06/2015,5,1899-12-30 11:12:00,305,E08000028,1,6,3,70,0,-1,-1,0,0,0,1,1,1,0,0,1,1,E01009975,,,,,,,,,,,,,,
9280,2015132710517,2,9,0,4,0,0,0,0,0,0,2,1,6,2,28,6,1598,1,8,-1,1,-1,2,2,424249.0,421635.0,-1.63427,53.690605,13,3,2,2,30/06/2015,3,1899-12-30 13:00:00,203,E08000034,3,638,6,30,0,-1,-1,0,0,0,1,1,1,0,0,1,2,E01011130,1.0,1.0,2.0,28.0,6.0,3.0,0.0,0.0,0.0,0.0,0.0,9.0,1.0,9.0
9281,201597BD20301,2,9,0,18,0,0,0,0,0,0,1,1,6,2,19,4,1349,1,6,-1,-1,-1,1,2,267089.0,665142.0,-4.125162,55.861081,97,3,2,1,42309,1,1899-12-30 14:00:00,926,S12000043,6,0,3,30,0,-1,-1,0,0,0,1,5,2,0,0,1,2,,1.0,1.0,2.0,19.0,4.0,3.0,0.0,0.0,0.0,0.0,0.0,9.0,-1.0,-1.0
9282,201534WN30555,1,9,0,9,0,8,0,0,0,0,1,1,6,1,19,4,1388,1,11,-1,1,-1,2,2,475256.0,262108.0,-0.899016,52.252011,34,3,2,2,29/11/2015,1,1899-12-30 07:40:00,384,E10000021,3,508,6,30,6,2,3,5095,0,0,1,2,2,0,0,1,1,E01027191,1.0,1.0,1.0,19.0,4.0,3.0,0.0,0.0,0.0,0.0,0.0,9.0,1.0,9.0
9283,20154100G0260,1,9,0,9,0,6,0,0,0,0,1,1,6,2,45,7,1998,2,11,-1,3,-1,1,2,533589.0,240342.0,-0.053481,52.045383,41,3,2,1,21/05/2015,5,1899-12-30 08:30:00,433,E10000015,5,165,6,60,8,4,-1,-1,0,0,1,1,1,0,0,2,1,E01023598,,,,,,,,,,,,,,
9284,201523S010316,2,9,0,5,0,6,0,0,0,0,1,1,2,2,21,5,1560,2,1,-1,2,-1,1,2,431785.0,262619.0,-1.535724,52.260824,23,3,2,1,28/03/2015,7,1899-12-30 16:20:00,294,E10000031,4,4087,6,40,6,2,6,0,0,5,1,1,1,0,0,2,1,E01031259,1.0,1.0,2.0,21.0,5.0,3.0,0.0,0.0,0.0,0.0,0.0,9.0,2.0,8.0
9285,201501CW11141,1,1,0,18,0,1,0,0,0,0,1,1,6,1,51,8,-1,-1,-1,-1,1,-1,2,1,529120.0,178160.0,-0.141698,51.487657,1,3,1,2,24/07/2015,6,1899-12-30 17:51:00,1,E09000033,5,0,6,30,3,4,6,0,0,0,1,1,1,0,0,1,1,E01004665,2.0,3.0,1.0,47.0,8.0,3.0,5.0,1.0,0.0,0.0,2.0,0.0,1.0,5.0
9286,2015471501266,2,9,0,3,0,0,0,0,0,0,2,1,1,1,44,7,1560,2,5,-1,1,-1,2,2,551511.0,129538.0,0.159981,51.04522,47,3,2,2,42066,3,1899-12-30 10:25:00,556,E10000011,6,0,9,30,0,-1,-1,0,0,0,1,1,2,4,2,1,2,E01021162,2.0,2.0,2.0,76.0,11.0,3.0,0.0,0.0,1.0,0.0,0.0,9.0,1.0,9.0
9287,201506J008366,1,9,0,4,0,2,0,0,0,0,1,1,6,2,60,9,1685,2,1,-1,1,-1,2,2,389470.0,390700.0,-2.159882,53.413002,6,3,2,2,42288,3,1899-12-30 10:10:00,109,E08000007,6,0,6,30,3,4,3,560,0,0,1,1,1,4,0,1,2,E01005918,1.0,1.0,2.0,60.0,9.0,3.0,0.0,0.0,0.0,0.0,0.0,9.0,1.0,1.0
9288,2015132220184,2,1,0,18,0,8,0,0,0,0,2,1,2,1,50,8,-1,-1,-1,-1,1,-1,1,2,415816.0,430044.0,-1.761544,53.766507,13,3,2,1,42037,2,1899-12-30 07:15:00,200,E08000032,3,641,3,30,5,4,3,641,0,0,4,1,1,0,0,1,1,E01010747,1.0,1.0,1.0,50.0,8.0,3.0,0.0,0.0,0.0,0.0,0.0,1.0,1.0,1.0
9289,201550GT3W007,1,9,0,17,0,0,0,0,0,0,1,1,6,1,65,9,1598,1,3,-1,3,-1,1,1,182557.0,44906.0,-5.052333,50.264006,50,3,1,1,30/01/2015,6,1899-12-30 14:30:00,596,E06000052,6,0,2,30,0,-1,-1,0,0,0,1,1,1,0,0,1,2,E01018809,1.0,3.0,2.0,69.0,10.0,3.0,9.0,8.0,0.0,0.0,0.0,0.0,1.0,8.0
9290,2015331500736,2,1,0,18,0,8,0,0,0,0,1,1,6,2,55,8,-1,-1,-1,-1,1,-1,1,2,460765.0,306737.0,-1.103148,52.654965,33,3,2,1,42010,2,1899-12-30 09:20:00,364,E06000016,6,927,6,30,8,4,6,6,0,0,1,1,1,0,0,1,2,E01013741,1.0,1.0,2.0,55.0,8.0,3.0,0.0,0.0,0.0,0.0,0.0,1.0,1.0,6.0
9291,201537EA92292,1,1,0,18,9,0,0,0,0,0,3,1,4,1,11,3,-1,-1,-1,-1,1,-1,1,2,643001.0,289711.0,1.574809,52.451263,37,3,2,1,17/07/2015,6,1899-12-30 15:35:00,416,E10000029,6,0,6,30,0,-1,-1,0,0,0,1,1,1,0,0,1,1,E01030227,1.0,1.0,1.0,11.0,3.0,3.0,0.0,0.0,0.0,0.0,0.0,1.0,1.0,2.0
9292,2015460264350,1,9,0,18,0,2,0,0,0,0,1,1,6,2,74,10,1275,1,16,-1,1,-1,1,1,630200.0,168990.0,1.306149,51.373273,46,3,1,1,25/11/2015,4,1899-12-30 15:30:00,541,E10000016,3,28,6,30,3,3,6,0,0,4,1,1,1,0,0,1,1,E01024638,1.0,3.0,2.0,23.0,5.0,3.0,1.0,1.0,0.0,0.0,0.0,0.0,1.0,5.0
9293,201501WW51024,2,9,0,18,0,1,0,0,0,0,1,1,6,2,40,7,2979,1,11,-1,1,-1,2,2,528700.0,174480.0,-0.149083,51.454681,1,3,2,2,30/11/2015,2,1899-12-30 07:50:00,10,E09000032,3,205,6,30,3,4,5,0,0,4,1,1,1,0,0,1,1,E01004476,2.0,1.0,2.0,40.0,7.0,3.0,0.0,0.0,0.0,0.0,0.0,9.0,1.0,10.0
9294,201542I077403,1,9,0,18,0,1,0,0,0,0,2,1,6,1,34,6,-1,-1,-1,-1,1,-1,2,3,584882.0,188254.0,0.665932,51.562854,42,3,3,2,42188,7,1899-12-30 09:05:00,460,E06000033,3,127,3,40,6,2,3,1015,0,7,1,1,1,0,0,1,1,E01015824,1.0,1.0,1.0,34.0,6.0,3.0,0.0,0.0,0.0,0.0,0.0,9.0,1.0,6.0
9295,201597BD03505,1,19,0,18,0,1,0,0,0,0,1,1,1,1,47,8,2198,2,6,-1,-1,-1,1,2,266550.0,666661.0,-4.134515,55.874571,97,3,2,1,28/05/2015,5,1899-12-30 15:05:00,926,S12000043,4,806,6,30,3,4,6,0,0,0,1,2,2,0,0,1,1,,,,,,,,,,,,,,,
9296,201520T038705,2,9,0,18,0,8,0,0,0,0,1,1,6,1,56,9,1598,1,14,-1,1,-1,2,2,416340.0,287200.0,-1.760823,52.482481,20,3,2,2,20/06/2015,7,1899-12-30 15:40:00,300,E08000025,6,0,6,30,6,2,6,0,0,0,1,1,1,0,0,1,2,E01009297,,,,,,,,,,,,,,
9297,2015075339812,3,9,0,4,0,0,0,0,0,0,2,1,6,2,40,7,1590,1,3,-1,1,-1,2,3,366444.0,387091.0,-2.505899,53.379596,7,3,3,2,13/11/2015,6,1899-12-30 14:18:00,128,E06000007,1,6,3,70,0,-1,-1,0,0,0,1,1,1,0,0,2,1,E01012515,,,,,,,,,,,,,,
9298,201543W214035,2,9,0,10,0,5,0,0,0,0,2,1,2,2,55,8,2179,2,6,-1,3,-1,1,2,448333.0,173635.0,-1.305708,51.459635,43,3,2,1,30/03/2015,2,1899-12-30 07:58:00,471,E06000037,6,7116,6,60,8,4,6,0,0,0,1,1,1,0,0,2,1,E01016277,,,,,,,,,,,,,,
9299,2015360089455,4,9,0,4,0,1,0,0,0,0,1,1,6,1,67,10,1997,1,14,-1,1,-1,2,4,621102.0,313190.0,1.268759,52.671288,36,3,4,2,42039,5,1899-12-30 10:54:00,401,E10000020,3,140,6,30,3,4,6,0,0,0,1,1,1,0,0,1,1,E01026526,,,,,,,,,,,,,,
9300,201550ED2G004,1,9,0,18,0,1,0,0,0,0,1,1,6,2,47,8,1560,2,-1,-1,1,-1,4,2,248343.0,57660.0,-4.135237,50.399201,50,3,2,4,13/07/2015,2,1899-12-30 20:28:00,583,E06000026,4,3250,6,30,9,2,6,0,0,5,1,2,2,0,0,1,1,E01015101,3.0,2.0,2.0,16.0,4.0,3.0,0.0,0.0,1.0,0.0,0.0,9.0,1.0,7.0
9301,2015051501109,1,19,0,18,0,8,0,0,0,0,1,1,6,1,59,9,1753,2,6,-1,1,-1,1,2,340755.0,391672.0,-2.892893,53.418506,5,3,2,1,26/04/2015,1,1899-12-30 09:05:00,91,E08000012,3,57,3,40,6,2,6,0,0,5,1,1,1,0,0,1,1,E01006570,,,,,,,,,,,,,,
9302,201514B045215,2,9,0,18,0,1,0,0,0,0,1,1,6,3,-1,-1,1781,1,12,-1,-1,-1,2,2,437704.0,405117.0,-1.432522,53.54135,14,3,2,2,17/05/2015,1,1899-12-30 12:45:00,210,E08000016,3,633,6,40,3,2,6,0,0,0,1,1,1,0,0,2,1,E01007319,,,,,,,,,,,,,,
9303,201501XD80146,3,9,0,18,0,8,0,0,1,0,1,1,6,1,-1,-1,1968,2,6,-1,1,-1,2,3,513780.0,185320.0,-0.360224,51.555301,1,3,3,2,23/02/2015,2,1899-12-30 01:30:00,27,E09000009,3,312,1,30,1,4,3,4090,0,0,4,1,2,0,0,1,1,E01001310,,,,,,,,,,,,,,
9304,2015051500047,1,9,0,4,0,1,0,0,0,0,2,1,6,1,53,8,1598,2,1,-1,1,-1,3,2,339125.0,392605.0,-2.917596,53.426706,5,3,2,3,42156,3,1899-12-30 20:05:00,91,E08000012,3,5058,3,30,6,2,6,0,0,0,4,2,2,0,0,1,1,E01006768,1.0,1.0,1.0,53.0,8.0,3.0,0.0,0.0,0.0,0.0,0.0,9.0,1.0,3.0
9305,2015440014186,3,9,0,18,0,8,0,0,0,0,1,1,6,3,-1,-1,1590,1,13,-1,-1,-1,1,3,464473.0,101918.0,-1.086239,50.813232,44,3,3,1,14/01/2015,4,1899-12-30 06:50:00,498,E06000044,3,3,1,30,1,4,3,3,0,0,7,1,1,0,0,1,2,E01017102,,,,,,,,,,,,,,
9306,201506K002471,1,9,0,18,0,0,0,0,0,0,4,1,6,1,81,11,1339,1,2,-1,1,-1,1,2,373520.0,406780.0,-2.401197,53.556969,6,3,2,1,42314,5,1899-12-30 07:26:00,100,E08000001,3,575,6,30,0,-1,-1,0,0,0,1,1,1,0,0,1,1,E01004814,,,,,,,,,,,,,,
9307,2015100783415,1,9,0,18,0,0,0,0,0,0,4,1,6,3,-1,-1,-1,-1,-1,-1,-1,-1,1,1,393445.0,564254.0,-2.103932,54.972857,10,3,1,1,19/12/2015,7,1899-12-30 10:50:00,139,E06000048,6,8290,6,30,0,-1,-1,0,0,0,5,1,1,0,0,1,2,E01027476,1.0,3.0,2.0,68.0,10.0,3.0,6.0,8.0,0.0,0.0,0.0,0.0,1.0,2.0
9308,2015210027304,1,9,0,18,0,0,0,0,0,0,1,1,6,1,19,4,1598,1,5,-1,1,-1,4,3,406067.0,306618.0,-1.911743,52.657254,21,3,3,4,42012,7,1899-12-30 16:20:00,252,E10000028,5,210,6,40,0,-1,-1,0,0,0,1,1,1,0,0,2,2,E01029505,1.0,1.0,1.0,19.0,4.0,3.0,0.0,0.0,0.0,0.0,0.0,9.0,1.0,4.0
9309,201501KD50694,2,9,0,18,0,8,0,0,0,0,1,1,6,1,28,6,1998,2,12,-1,1,-1,2,2,554170.0,192000.0,0.224883,51.605736,1,3,2,2,18/12/2015,6,1899-12-30 08:01:00,15,E09000016,5,0,6,30,8,4,6,0,0,0,1,1,1,0,0,1,1,E01002284,2.0,1.0,1.0,28.0,6.0,3.0,0.0,0.0,0.0,0.0,0.0,9.0,1.0,2.0
9310,201501ZD30811,3,9,0,2,0,0,0,0,0,0,3,1,6,1,26,6,1248,2,3,-1,3,-1,1,3,532540.0,168340.0,-0.096143,51.398618,1,3,3,1,28/08/2015,6,1899-12-30 22:00:00,20,E09000008,4,266,6,30,0,-1,-1,0,0,0,1,1,1,0,0,1,1,E01001155,,,,,,,,,,,,,,
9311,2015051502029,2,9,0,5,0,1,0,0,0,0,0,1,6,3,-1,-1,1242,1,-1,-1,-1,-1,1,2,344578.0,392123.0,-2.835457,53.422976,5,3,2,1,21/08/2015,6,1899-12-30 22:40:00,90,E08000011,4,5199,6,40,9,2,6,0,0,4,4,1,2,0,0,1,1,E01006465,,,,,,,,,,,,,,
9312,2015450022214,2,9,0,18,0,0,0,0,0,0,1,1,6,2,24,5,1951,2,10,-1,1,-1,1,2,505242.0,162705.0,-0.49005,51.353684,45,3,2,1,28/02/2015,7,1899-12-30 09:35:00,514,E10000030,4,385,9,30,0,-1,-1,0,0,0,1,1,1,0,0,1,2,E01030681,,,,,,,,,,,,,,
9313,201501HT21119,2,19,0,4,0,8,0,0,0,0,1,1,6,1,-1,-1,2198,2,-1,-1,-1,-1,1,2,537880.0,183070.0,-0.01369,51.529712,1,3,2,1,29/11/2015,1,1899-12-30 12:20:00,5,E09000030,3,11,1,40,1,2,3,12,0,5,1,1,1,0,0,1,2,E01004235,,,,,,,,,,,,,,
9314,201501JI40051,1,9,0,18,0,0,0,0,0,0,1,1,6,1,24,5,1364,1,7,-1,1,-1,1,2,545900.0,188930.0,0.104275,51.580353,1,3,2,1,23/01/2015,6,1899-12-30 22:25:00,14,E09000026,3,12,3,40,0,-1,-1,0,0,0,4,2,2,0,0,1,1,E01003751,1.0,1.0,1.0,24.0,5.0,3.0,0.0,0.0,0.0,0.0,0.0,9.0,1.0,3.0
9315,2015120041989,1,9,0,4,0,8,0,0,0,0,2,1,6,2,25,5,-1,-1,-1,-1,1,-1,1,2,459731.0,451424.0,-1.09124,53.955469,12,3,2,1,14/03/2015,7,1899-12-30 18:00:00,189,E06000014,3,1036,6,30,6,2,3,1036,0,5,1,1,1,0,0,1,1,E01013416,,,,,,,,,,,,,,
9316,201504SA15589,2,9,0,4,0,1,0,0,0,0,2,1,6,2,53,8,1999,1,10,-1,1,-1,1,3,355580.0,425240.0,-2.674636,53.721664,4,3,3,1,15/12/2015,3,1899-12-30 16:45:00,83,E10000017,3,582,3,60,5,4,3,6,0,0,4,2,2,0,0,2,1,E01025443,1.0,1.0,2.0,53.0,8.0,3.0,0.0,0.0,0.0,0.0,0.0,9.0,1.0,8.0
9317,201543N061075,1,3,0,13,0,8,0,0,0,0,1,1,6,1,23,5,124,1,2,-1,1,-1,1,2,492298.0,181659.0,-0.670941,51.526311,43,3,2,1,42011,4,1899-12-30 16:44:00,477,E10000002,6,54,6,30,3,4,6,864,0,0,1,1,1,0,0,1,1,E01017808,1.0,1.0,1.0,23.0,5.0,3.0,0.0,0.0,0.0,0.0,0.0,3.0,1.0,5.0
9318,20151326F0205,1,9,0,9,0,8,0,10,1,0,3,1,2,2,48,8,1242,1,10,-1,-1,-1,1,2,422850.0,433733.0,-1.654565,53.799403,13,3,2,1,15/06/2015,2,1899-12-30 07:20:00,204,E08000035,6,0,6,30,3,4,6,0,0,0,1,1,1,0,0,1,1,E01011610,1.0,1.0,2.0,48.0,8.0,3.0,0.0,0.0,0.0,0.0,0.0,9.0,-1.0,-1.0
9319,201514K272815,1,9,0,7,0,5,0,0,0,0,4,1,1,1,26,6,-1,-1,-1,-1,2,-1,1,2,437778.0,390100.0,-1.433206,53.406372,14,3,2,1,19/10/2015,2,1899-12-30 08:15:00,215,E08000019,4,6082,6,30,8,4,6,0,0,0,1,9,1,0,0,1,1,E01007855,,,,,,,,,,,,,,
9320,2015100220415,1,5,0,16,0,8,1,0,0,0,1,1,6,1,25,5,750,1,18,-1,1,-1,1,2,385032.0,561322.0,-2.235202,54.946326,10,3,2,1,17/04/2015,6,1899-12-30 16:00:00,139,E06000048,4,6305,6,60,3,4,4,6304,0,0,1,1,1,0,0,2,1,E01027488,1.0,1.0,1.0,25.0,5.0,3.0,0.0,0.0,0.0,0.0,0.0,5.0,1.0,7.0
9321,2015450022585,1,9,0,18,0,0,1,0,1,0,1,1,1,1,18,4,1198,1,5,-1,1,-1,1,1,527248.0,144791.0,-0.180559,51.188189,45,3,1,1,42340,5,1899-12-30 12:30:00,513,E10000030,6,334,6,40,0,-1,-1,0,0,0,1,1,1,0,0,2,1,E01030584,1.0,1.0,1.0,18.0,4.0,3.0,0.0,0.0,0.0,0.0,0.0,9.0,1.0,10.0
9322,2015460258559,1,9,0,11,0,7,0,0,0,0,1,1,6,2,63,9,1242,1,13,-1,1,-1,2,3,552600.0,167530.0,0.191657,51.386304,46,3,3,2,22/06/2015,2,1899-12-30 16:19:00,538,E10000016,1,25,7,70,5,4,6,0,0,0,1,1,1,0,0,1,1,E01024473,1.0,1.0,2.0,63.0,9.0,3.0,0.0,0.0,0.0,0.0,0.0,9.0,1.0,3.0
9323,201597UD00407,2,9,0,18,0,0,0,0,0,0,2,1,6,1,64,9,1198,1,1,-1,3,-1,1,3,210129.0,587719.0,-4.981035,55.147297,97,3,3,1,42070,6,1899-12-30 20:30:00,937,S12000028,3,77,6,60,0,-1,-1,0,0,0,1,1,1,0,0,2,1,,,,,,,,,,,,,,,
9324,2015360095157,2,9,0,18,0,8,0,0,0,0,1,1,6,2,29,6,2184,2,11,-1,1,-1,2,2,625455.0,306085.0,1.328177,52.605733,36,3,2,2,31/10/2015,7,1899-12-30 16:39:00,406,E10000020,3,146,3,60,6,2,4,1332,0,0,4,1,1,0,0,2,1,E01026937,2.0,1.0,2.0,29.0,6.0,3.0,0.0,0.0,0.0,0.0,0.0,9.0,1.0,8.0
9325,201501GD10837,1,8,0,9,0,8,0,0,0,0,3,1,1,1,42,7,1797,8,5,-1,1,-1,1,2,535230.0,184200.0,-0.051436,51.540507,1,3,2,1,18/09/2015,6,1899-12-30 14:53:00,4,E09000012,3,106,6,30,6,4,3,106,0,4,1,2,2,0,0,1,1,E01001840,,,,,,,,,,,,,,
9326,201520K010405,1,9,0,5,0,0,0,0,0,0,1,1,1,1,38,7,1598,7,6,-1,1,-1,1,2,397920.0,292430.0,-2.032091,52.529735,20,3,2,1,15/07/2015,4,1899-12-30 21:12:00,305,E08000028,6,0,6,30,0,-1,-1,0,0,4,1,1,1,0,0,1,1,E01009977,1.0,1.0,1.0,38.0,7.0,3.0,0.0,0.0,0.0,0.0,0.0,9.0,1.0,3.0
9327,201520W011895,1,9,0,6,0,0,0,0,0,0,3,1,6,1,41,7,-1,-1,-1,-1,1,-1,1,2,405850.0,286310.0,-1.915303,52.474691,20,3,2,1,14/01/2015,4,1899-12-30 19:35:00,300,E08000025,6,0,6,30,0,-1,-1,0,0,0,4,5,2,0,0,1,1,E01033639,1.0,2.0,2.0,11.0,3.0,3.0,0.0,0.0,1.0,0.0,0.0,9.0,1.0,1.0
9328,2015521507912,1,9,0,18,0,1,0,0,0,0,1,1,6,1,58,9,-1,-1,-1,-1,1,-1,1,1,359856.0,172688.0,-2.579103,51.451743,52,3,1,1,20/10/2015,3,1899-12-30 15:50:00,601,E06000023,6,0,6,20,8,4,6,0,0,4,1,1,1,0,0,1,1,E01033353,1.0,3.0,1.0,11.0,3.0,3.0,1.0,9.0,0.0,0.0,0.0,0.0,1.0,2.0
9329,201504WD15124,2,9,0,2,0,0,0,0,0,0,1,1,6,2,22,5,1598,1,6,-1,1,-1,2,2,330740.0,437770.0,-3.053831,53.831554,4,3,2,2,29/07/2015,4,1899-12-30 12:15:00,71,E06000009,6,0,3,30,0,-1,-1,0,0,1,1,1,1,0,0,1,1,E01012748,2.0,2.0,1.0,5.0,1.0,3.0,0.0,0.0,2.0,0.0,0.0,9.0,1.0,1.0
9330,201501JI40575,1,9,0,3,0,0,0,0,0,0,2,1,1,1,28,6,1582,2,2,-1,-1,-1,2,2,543220.0,188420.0,0.065416,51.576457,1,3,2,2,13/08/2015,5,1899-12-30 17:31:00,14,E09000026,3,12,3,40,0,-1,-1,0,0,4,1,1,2,0,0,1,1,E01003690,2.0,2.0,1.0,49.0,8.0,3.0,0.0,0.0,1.0,0.0,0.0,9.0,-1.0,-1.0
9331,201501YR90185,2,9,0,18,0,1,0,0,0,0,1,1,6,1,44,7,1997,1,14,-1,1,-1,1,2,533770.0,189580.0,-0.07043,51.589201,1,3,2,1,42280,3,1899-12-30 09:15:00,31,E09000014,3,10,6,30,3,2,3,1055,0,5,1,1,1,0,0,1,1,E01001979,,,,,,,,,,,,,,
9332,201504ED15101,2,9,0,3,0,6,0,0,0,0,4,1,6,1,55,8,1396,1,13,-1,1,-1,1,2,367700.0,428520.0,-2.491317,53.752038,4,3,2,1,18/03/2015,4,1899-12-30 07:55:00,70,E06000008,3,677,1,30,1,4,6,0,0,0,1,1,1,0,0,1,1,E01012656,,,,,,,,,,,,,,
9333,201501XH30420,2,9,0,7,0,8,0,0,1,10,3,1,3,2,39,7,1461,2,4,-1,-1,-1,1,2,511540.0,187040.0,-0.391975,51.571206,1,3,2,1,18/06/2015,5,1899-12-30 08:06:00,26,E09000017,5,0,6,30,3,4,6,0,0,0,1,1,1,0,0,1,1,E01002419,,,,,,,,,,,,,,
9334,201531C044315,1,9,0,9,0,5,0,0,0,0,1,1,3,2,27,6,2204,2,10,-1,1,-1,1,2,458466.0,339900.0,-1.131211,52.9533,31,3,2,1,42066,3,1899-12-30 15:50:00,346,E06000018,6,0,6,30,3,4,6,0,0,0,1,1,1,0,0,1,1,E01013957,,,,,,,,,,,,,,
9335,201501KF60884,1,11,0,18,0,0,0,0,0,0,4,1,1,1,-1,-1,-1,-1,-1,-1,-1,-1,1,1,539460.0,184580.0,0.00967,51.542893,1,3,1,1,23/11/2015,2,1899-12-30 15:30:00,17,E09000025,3,118,6,30,0,-1,-1,0,0,0,1,1,1,0,0,1,2,E01003559,1.0,3.0,2.0,13.0,3.0,3.0,6.0,9.0,0.0,0.0,2.0,0.0,1.0,2.0
9336,2015350224715,1,21,0,12,0,0,0,0,0,0,3,1,6,1,49,8,-1,-1,-1,-1,-1,-1,1,2,524780.0,270990.0,-0.170588,52.322832,35,3,2,1,42289,5,1899-12-30 06:49:00,393,E10000003,3,14,3,70,0,-1,-1,0,0,0,6,1,1,0,0,2,1,E01018131,,,,,,,,,,,,,,
9337,201501TW60352,2,19,0,9,0,8,0,0,0,0,1,1,1,1,27,6,2287,2,3,-1,1,-1,1,2,519040.0,175020.0,-0.287863,51.461646,1,3,2,1,23/10/2015,6,1899-12-30 13:06:00,24,E09000027,3,305,6,30,3,4,6,0,0,0,1,1,1,0,0,1,1,E01003875,,,,,,,,,,,,,,
9338,2015950001762,1,9,0,18,0,0,0,0,0,0,1,1,6,2,18,4,1242,1,6,-1,1,-1,2,3,297519.0,668652.0,-3.640552,55.900039,95,3,3,2,42281,6,1899-12-30 13:10:00,940,S12000040,3,89,6,30,0,-1,-1,0,0,4,1,1,1,0,0,1,2,,,,,,,,,,,,,,,
9339,2015132921215,1,9,0,9,0,8,0,0,0,0,3,1,6,2,21,5,1896,2,10,-1,1,-1,1,2,416262.0,433443.0,-1.7546,53.797043,13,3,2,1,42044,4,1899-12-30 18:00:00,200,E08000032,3,6181,6,30,3,2,6,0,0,5,1,1,1,0,0,1,1,E01033690,1.0,2.0,2.0,20.0,4.0,3.0,0.0,0.0,1.0,0.0,0.0,9.0,1.0,3.0
9340,2015051503488,2,9,0,5,0,4,0,0,0,0,1,1,6,1,60,9,-1,-1,-1,-1,2,-1,1,2,348678.0,398731.0,-2.774847,53.482782,5,3,2,1,27/12/2015,1,1899-12-30 11:00:00,92,E08000013,4,5203,6,60,1,4,3,570,0,0,1,1,1,0,0,1,1,E01006885,,,,,,,,,,,,,,
9341,201560S131296,1,21,0,16,0,1,1,0,0,0,1,1,1,1,36,7,-1,-1,-1,-1,-1,-1,1,1,317885.0,372956.0,-3.232072,53.247245,60,3,1,1,28/08/2015,6,1899-12-30 14:41:00,724,W06000005,6,0,6,60,8,4,6,0,0,0,1,1,1,0,0,2,1,W01000270,1.0,1.0,1.0,36.0,7.0,3.0,0.0,0.0,0.0,0.0,0.0,21.0,-1.0,-1.0
9342,201501EK40699,1,3,0,18,2,1,0,0,0,0,3,1,6,1,63,9,1170,1,7,-1,1,-1,1,2,525330.0,185620.0,-0.193605,51.555551,1,3,2,1,42316,3,1899-12-30 16:58:00,2,E09000007,3,41,6,30,3,4,6,0,0,0,1,1,1,0,0,1,1,E01000877,1.0,1.0,1.0,63.0,9.0,3.0,0.0,0.0,0.0,0.0,0.0,3.0,1.0,4.0
9343,201506K007439,1,3,0,14,0,8,0,0,0,0,1,1,2,1,24,5,124,1,8,-1,-1,-1,1,3,373460.0,405900.0,-2.402028,53.549057,6,3,3,1,23/10/2015,6,1899-12-30 15:52:00,100,E08000001,3,575,6,30,3,4,5,0,0,0,1,1,1,0,0,1,1,E01004860,1.0,1.0,1.0,24.0,5.0,3.0,0.0,0.0,0.0,0.0,0.0,3.0,-1.0,-1.0
9344,201501MM70008,2,9,0,9,0,8,0,0,0,0,1,1,6,1,20,4,1198,1,12,-1,-1,-1,1,2,532110.0,179040.0,-0.09833,51.494875,1,3,2,1,15/01/2015,5,1899-12-30 03:18:00,8,E09000028,3,201,6,30,3,4,6,0,0,0,4,5,2,0,0,1,1,E01032720,,,,,,,,,,,,,,