,accident_index,vehicle_reference,vehicle_type,towing_and_articulation,vehicle_manoeuvre,vehicle_location-restricted_lane,junction_location,skidding_and_overturning,hit_object_in_carriageway,vehicle_leaving_carriageway,hit_object_off_carriageway,1st_point_of_impact,was_vehicle_left_hand_drive?,journey_purpose_of_driver,sex_of_driver,age_of_driver,age_band_of_driver,engine_capacity_(cc),propulsion_code,age_of_vehicle,driver_imd_decile,driver_home_area_type,vehicle_imd_decile,NUmber_of_Casualities_unique_to_accident_index,No_of_Vehicles_involved_unique_to_accident_index,location_easting_osgr,location_northing_osgr,longitude,latitude,police_force,accident_severity,number_of_vehicles,number_of_casualties,date,day_of_week,time,local_authority_(district),local_authority_(highway),1st_road_class,1st_road_number,road_type,speed_limit,junction_detail,junction_control,2nd_road_class,2nd_road_number,pedestrian_crossing-human_control,pedestrian_crossing-physical_facilities,light_conditions,weather_conditions,road_surface_conditions,special_conditions_at_site,carriageway_hazards,urban_or_rural_area,did_police_officer_attend_scene_of_accident,lsoa_of_accident_location,casualty_reference,casualty_class,sex_of_casualty,age_of_casualty,age_band_of_casualty,casualty_severity,pedestrian_location,pedestrian_movement,car_passenger,bus_or_coach_passenger,pedestrian_road_maintenance_worker,casualty_type,casualty_home_area_type,casualty_imd_decile
9345,201506J001789,1,9,0,18,0,0,0,0,0,0,4,1,6,3,-1,-1,-1,-1,-1,-1,-1,-1,1,2,386250.0,387630.0,-2.20819,53.385332,6,3,2,1,18/05/2015,2,1899-12-30 08:50:00,109,E08000007,3,5149,6,30,0,-1,-1,0,0,0,1,1,2,0,0,1,1,E01005784,,,,,,,,,,,,,,
9346,20151321S1543,1,9,0,2,0,0,0,0,0,0,2,1,6,2,19,4,1248,2,8,-1,3,-1,2,2,415306.0,431409.0,-1.769214,53.77879,13,3,2,2,28/01/2015,4,1899-12-30 21:15:00,200,E08000032,6,0,6,30,0,-1,-1,0,0,0,4,3,4,0,0,1,2,E01010739,2.0,2.0,1.0,20.0,4.0,3.0,0.0,0.0,1.0,0.0,0.0,9.0,1.0,1.0
9347,201563BC06015,3,9,0,18,0,0,0,0,0,0,2,1,6,1,26,6,-1,-1,-1,-1,3,-1,4,4,235810.0,252090.0,-4.400829,52.142632,63,3,4,4,42250,2,1899-12-30 17:00:00,750,W06000008,3,487,6,60,0,-1,-1,0,0,0,1,8,2,0,0,2,1,W01000545,3.0,2.0,2.0,24.0,5.0,3.0,0.0,0.0,1.0,0.0,0.0,9.0,3.0,6.0
9348,201542I314709,1,9,4,18,0,0,3,0,1,0,0,1,6,2,53,8,2495,2,14,-1,1,-1,2,1,620083.0,222784.0,1.194793,51.860214,42,3,1,2,28/09/2015,2,1899-12-30 11:37:00,461,E10000012,6,0,6,60,0,-1,-1,0,0,0,1,1,1,0,0,2,1,E01021974,2.0,2.0,1.0,-1.0,-1.0,3.0,0.0,0.0,1.0,0.0,0.0,9.0,-1.0,-1.0
9349,2015210024399,2,9,0,18,0,2,0,0,0,0,1,1,6,1,-1,-1,1968,2,2,-1,1,-1,3,2,405608.0,309628.0,-1.918479,52.684318,21,3,2,3,16/05/2015,7,1899-12-30 00:55:00,252,E10000028,6,211,6,30,3,4,6,210,0,0,4,1,1,0,0,1,1,E01029489,3.0,2.0,2.0,44.0,7.0,3.0,0.0,0.0,1.0,0.0,0.0,9.0,1.0,8.0
9350,20151321D1303,1,9,0,18,0,0,0,0,0,0,1,1,6,1,28,6,1199,1,14,-1,1,-1,5,2,431698.0,433636.0,-1.520247,53.79807,13,3,2,5,13/01/2015,3,1899-12-30 20:21:00,204,E08000035,3,64,3,40,0,-1,-1,0,0,0,4,1,1,4,0,1,1,E01033021,1.0,2.0,1.0,3.0,1.0,3.0,0.0,0.0,2.0,0.0,0.0,9.0,1.0,1.0
9351,201501KF60311,1,9,0,5,0,8,0,0,0,0,2,1,1,2,47,8,1398,1,2,-1,1,-1,1,2,543850.0,182720.0,0.072172,51.525079,1,3,2,1,42160,4,1899-12-30 07:35:00,17,E09000025,3,406,1,30,1,2,3,13,0,5,1,1,2,0,0,2,1,E01003535,1.0,1.0,2.0,47.0,8.0,3.0,0.0,0.0,0.0,0.0,0.0,9.0,1.0,3.0
9352,2015621501304,2,9,0,16,0,1,0,0,0,0,1,1,6,1,17,4,-1,-1,-1,-1,1,-1,1,2,271507.0,197754.0,-3.859231,51.663831,62,3,2,1,42102,3,1899-12-30 13:40:00,743,W06000012,6,0,6,60,8,4,6,0,0,0,1,2,1,0,0,2,1,W01000916,,,,,,,,,,,,,,
9353,201501CW10574,2,8,0,18,0,8,0,0,0,0,3,1,1,1,68,10,2143,2,1,-1,2,-1,4,2,528840.0,182200.0,-0.144254,51.524027,1,3,2,4,23/04/2015,5,1899-12-30 09:57:00,1,E09000033,3,501,3,30,6,2,3,4201,0,5,1,1,1,0,0,1,1,E01000946,4.0,2.0,2.0,34.0,6.0,3.0,0.0,0.0,2.0,0.0,0.0,8.0,1.0,6.0
9354,2015405BA0222,2,1,0,18,0,8,0,0,0,0,4,1,2,1,18,4,-1,-1,-1,-1,2,-1,1,2,499662.0,250151.0,-0.545122,52.140674,40,3,2,1,42311,4,1899-12-30 06:05:00,420,E06000055,3,422,1,60,1,4,3,428,0,8,4,1,2,0,0,2,1,E01017547,1.0,1.0,1.0,18.0,4.0,3.0,0.0,0.0,0.0,0.0,0.0,1.0,2.0,8.0
9355,201501YE80834,1,11,0,17,0,1,0,0,0,0,0,1,1,1,59,9,6692,2,4,-1,-1,-1,1,1,533840.0,192450.0,-0.068326,51.614974,1,3,1,1,31/10/2015,7,1899-12-30 18:18:00,32,E09000010,3,406,6,30,3,4,5,0,0,1,4,1,1,0,0,1,1,E01001425,1.0,2.0,1.0,41.0,7.0,3.0,0.0,0.0,0.0,3.0,0.0,11.0,1.0,2.0
9356,2015051502611,1,9,0,16,0,0,1,0,0,0,1,1,6,2,50,8,2180,2,20,-1,1,-1,2,2,356581.0,394888.0,-2.655233,53.448955,5,3,2,2,28/10/2015,4,1899-12-30 09:05:00,92,E08000013,6,0,6,30,0,-1,-1,0,0,0,1,1,2,6,0,1,1,E01006865,1.0,1.0,2.0,50.0,8.0,3.0,0.0,0.0,0.0,0.0,0.0,9.0,1.0,6.0
9357,2015440318793,2,9,0,18,0,0,0,0,0,0,1,1,6,1,57,9,998,1,8,-1,1,-1,5,3,449225.0,91279.0,-1.304069,50.719061,44,3,3,5,14/09/2015,2,1899-12-30 09:05:00,505,E06000046,3,3020,6,40,0,-1,-1,0,0,0,1,1,1,0,0,1,1,E01017334,5.0,1.0,1.0,57.0,9.0,3.0,0.0,0.0,0.0,0.0,0.0,9.0,1.0,6.0
9358,2015215000378,2,9,0,18,0,0,0,0,0,0,1,1,1,1,44,7,1910,2,8,-1,1,-1,1,2,391148.0,310632.0,-2.132409,52.693297,21,3,2,1,16/01/2015,6,1899-12-30 14:40:00,254,E10000028,3,5,6,60,0,-1,-1,0,0,0,1,1,2,0,0,2,1,E01029617,,,,,,,,,,,,,,
9359,2015100258515,2,9,0,2,2,2,0,0,1,0,3,1,6,1,17,4,1124,1,9,-1,1,-1,1,3,436340.0,571796.0,-1.4329,55.039355,10,3,3,1,26/04/2015,1,1899-12-30 12:49:00,148,E08000022,6,2186,6,30,3,4,6,2186,0,0,1,1,1,0,0,1,1,E01008587,,,,,,,,,,,,,,
9360,2015120116843,2,9,0,18,0,0,0,0,0,0,2,1,2,2,29,6,1560,2,1,-1,1,-1,2,2,423238.0,447962.0,-1.647602,53.927272,12,3,2,2,42284,6,1899-12-30 08:10:00,182,E10000023,4,6161,6,60,0,-1,-1,0,0,0,1,1,1,0,0,2,1,E01027734,2.0,1.0,2.0,29.0,6.0,3.0,0.0,0.0,0.0,0.0,0.0,9.0,1.0,1.0
9361,201501YE80069,1,9,0,5,0,1,0,0,0,0,2,1,6,2,35,6,2143,2,1,-1,1,-1,1,2,529720.0,192340.0,-0.127837,51.61495,1,3,2,1,42065,3,1899-12-30 20:28:00,32,E09000010,3,1110,3,40,6,2,4,1452,0,5,4,1,4,0,0,1,1,E01001530,1.0,1.0,2.0,35.0,6.0,3.0,0.0,0.0,0.0,0.0,0.0,9.0,1.0,1.0
9362,201501HT21017,2,9,0,18,0,8,0,0,0,0,1,1,6,1,-1,-1,1991,1,-1,-1,-1,-1,1,2,535960.0,180880.0,-0.042196,51.510498,1,3,2,1,26/10/2015,2,1899-12-30 17:45:00,5,E09000030,3,1203,6,30,3,2,3,1203,0,5,1,1,1,0,0,1,2,E01032769,,,,,,,,,,,,,,
9363,201523N035572,1,9,0,18,0,2,0,11,0,0,1,1,6,2,21,5,-1,-1,-1,-1,1,-1,1,2,450457.0,275754.0,-1.260207,52.377509,23,3,2,1,25/04/2015,7,1899-12-30 04:25:00,292,E10000031,6,0,6,30,6,4,6,0,0,0,4,1,1,0,2,1,1,E01031174,1.0,3.0,1.0,52.0,8.0,3.0,6.0,9.0,0.0,0.0,0.0,0.0,1.0,3.0
9364,201520M014085,2,9,0,16,0,0,0,0,0,0,0,1,1,1,53,8,-1,-1,-1,-1,-1,-1,1,2,434860.0,282140.0,-1.488653,52.436129,20,3,2,1,14/09/2015,2,1899-12-30 01:20:00,302,E08000026,4,4082,6,30,0,-1,-1,0,0,0,4,2,2,0,0,1,1,E01009609,,,,,,,,,,,,,,
9365,201597BF02104,2,1,0,18,0,0,0,0,0,0,1,1,6,2,30,6,-1,-1,-1,-1,1,-1,1,2,254919.0,672090.0,-4.323162,55.919947,97,3,2,1,13/04/2015,2,1899-12-30 11:00:00,920,S12000009,3,808,6,30,0,-1,-1,0,0,0,1,1,1,0,0,1,2,,1.0,1.0,2.0,30.0,6.0,3.0,0.0,0.0,0.0,0.0,0.0,1.0,1.0,-1.0
9366,2015320059508,2,9,0,5,0,2,0,0,0,0,1,1,6,2,42,7,875,1,3,-1,3,-1,4,2,526720.0,360564.0,-0.107611,53.127189,32,3,2,4,42254,5,1899-12-30 08:35:00,351,E10000019,3,155,6,60,3,4,6,0,0,0,1,1,1,0,0,2,2,E01026075,3.0,2.0,1.0,6.0,2.0,3.0,0.0,0.0,2.0,0.0,0.0,9.0,3.0,3.0
9367,201514B051115,1,8,0,9,0,5,0,0,0,0,1,1,1,1,65,9,1995,2,10,-1,1,-1,1,1,436820.0,401096.0,-1.446332,53.505272,14,3,1,1,42222,2,1899-12-30 17:10:00,210,E08000016,6,0,6,30,3,4,6,0,0,0,1,1,1,0,0,1,1,E01007395,1.0,3.0,2.0,15.0,3.0,3.0,5.0,1.0,0.0,0.0,0.0,0.0,1.0,2.0
9368,201550DE2B001,2,9,0,2,0,0,0,0,0,0,1,1,6,2,-1,-1,1997,1,10,-1,1,-1,1,2,290930.0,95040.0,-3.547266,50.744689,50,3,2,1,20/05/2015,4,1899-12-30 11:01:00,581,E10000008,3,377,6,30,0,-1,-1,0,0,0,1,1,1,0,0,1,1,E01033233,,,,,,,,,,,,,,
9369,201501XH30329,2,19,0,18,0,2,0,0,0,0,1,1,6,3,-1,-1,4461,2,6,-1,-1,-1,2,2,505190.0,183950.0,-0.484488,51.544652,1,3,2,2,14/05/2015,5,1899-12-30 17:40:00,26,E09000017,3,4007,6,30,3,4,6,0,0,1,1,1,1,0,0,1,2,E01002521,,,,,,,,,,,,,,
9370,201514K174915,1,9,0,18,0,8,0,0,0,0,4,1,6,2,25,5,1149,1,17,-1,1,-1,1,2,438562.0,386510.0,-1.421851,53.374048,14,3,2,1,17/07/2015,6,1899-12-30 18:50:00,215,E08000019,6,0,6,30,3,4,6,0,0,0,1,1,1,0,0,1,1,E01008018,1.0,1.0,2.0,25.0,5.0,3.0,0.0,0.0,0.0,0.0,0.0,9.0,1.0,1.0
9371,201501QK50926,1,2,0,14,0,8,0,0,0,0,3,1,6,1,32,6,108,1,3,-1,1,-1,1,2,520960.0,186210.0,-0.256404,51.561807,1,3,2,1,26/11/2015,5,1899-12-30 12:50:00,28,E09000005,3,4088,1,30,1,4,3,4088,0,0,1,1,2,0,0,1,1,E01000627,1.0,1.0,1.0,32.0,6.0,3.0,0.0,0.0,0.0,0.0,0.0,2.0,1.0,8.0
9372,201501WW50997,1,1,0,9,0,8,0,0,0,0,1,1,6,1,22,5,-1,-1,-1,-1,1,-1,1,2,528710.0,171470.0,-0.150033,51.427628,1,3,2,1,24/11/2015,3,1899-12-30 03:35:00,10,E09000032,5,0,1,30,1,4,6,0,0,0,4,2,2,0,0,1,1,E01004523,1.0,1.0,1.0,22.0,5.0,3.0,0.0,0.0,0.0,0.0,0.0,1.0,1.0,2.0
9373,201501CW10517,2,11,0,18,0,8,0,0,0,0,1,1,6,1,40,7,8268,2,14,-1,1,-1,1,2,530310.0,179670.0,-0.124012,51.500954,1,3,2,1,23/04/2015,5,1899-12-30 17:05:00,1,E09000033,3,302,6,30,3,2,3,3211,0,5,1,1,1,0,0,1,1,E01004733,,,,,,,,,,,,,,
9374,2015530209744,1,9,0,9,0,5,0,0,0,0,1,1,6,1,72,10,1596,1,3,-1,1,-1,1,2,394410.0,221584.0,-2.082637,51.892779,53,3,2,1,19/08/2015,4,1899-12-30 18:00:00,620,E10000013,5,9029,6,30,3,4,6,529,0,0,1,1,1,0,0,1,1,E01022117,,,,,,,,,,,,,,
9375,2015450031882,3,9,0,9,0,6,0,0,0,0,0,1,3,2,49,8,1360,1,8,-1,1,-1,1,3,526127.0,150256.0,-0.194671,51.237553,45,3,3,1,42166,6,1899-12-30 16:45:00,513,E10000030,3,25,6,30,8,4,-1,-1,0,0,4,2,2,4,0,1,1,E01030621,,,,,,,,,,,,,,
9376,2015300016784,1,9,0,18,0,1,1,0,0,0,1,1,6,1,-1,-1,1461,2,-1,-1,1,-1,3,2,428740.0,321170.0,-1.575293,52.787344,30,3,2,3,17/11/2015,3,1899-12-30 12:30:00,328,E10000007,5,344,6,30,3,4,6,0,0,0,1,9,2,0,0,1,2,E01019861,,,,,,,,,,,,,,
9377,201504SB15040,2,1,0,18,0,0,0,0,1,0,3,1,1,1,52,8,-1,-1,-1,-1,3,-1,1,2,350270.0,403230.0,-2.751574,53.523371,4,3,2,1,24/02/2015,3,1899-12-30 06:45:00,84,E10000017,6,0,6,30,0,-1,-1,0,0,0,4,1,1,0,0,2,1,E01025535,1.0,1.0,1.0,52.0,8.0,3.0,0.0,0.0,0.0,0.0,0.0,1.0,3.0,6.0
9378,2015100298615,2,9,0,9,0,8,0,0,0,0,4,1,1,1,35,6,2143,2,2,-1,2,-1,1,2,429912.0,566764.0,-1.534003,54.994565,10,3,2,1,26/05/2015,3,1899-12-30 11:45:00,148,E08000022,5,216,1,30,1,4,6,2092,0,0,1,1,1,0,0,1,2,E01008536,1.0,1.0,1.0,35.0,6.0,3.0,0.0,0.0,0.0,0.0,0.0,9.0,2.0,3.0
9379,2015440035683,2,9,0,18,0,0,0,0,0,0,3,1,6,1,28,6,1242,1,2,-1,1,-1,1,2,457447.0,91735.0,-1.187542,50.722408,44,3,2,1,31/01/2015,7,1899-12-30 15:00:00,505,E06000046,6,0,6,30,0,-1,-1,0,0,0,1,1,1,0,0,1,1,E01017287,,,,,,,,,,,,,,
9380,2015546846215,2,19,0,9,0,5,0,0,0,0,1,1,1,1,26,6,2198,2,7,-1,3,-1,1,2,401040.0,131383.0,-1.98653,51.081766,54,3,2,1,29/07/2015,4,1899-12-30 18:05:00,635,E06000054,4,3089,6,30,6,4,5,64,0,0,1,2,2,0,0,2,1,E01032004,,,,,,,,,,,,,,
9381,201543P341115,1,9,0,17,0,8,1,0,7,0,1,1,6,1,34,6,-1,-1,-1,-1,2,-1,5,2,463473.0,215799.0,-1.080179,51.837201,43,3,2,5,29/11/2015,1,1899-12-30 09:30:00,481,E10000025,4,4011,6,50,9,4,6,0,0,0,1,4,2,0,0,2,1,E01028500,4.0,2.0,1.0,17.0,4.0,3.0,0.0,0.0,1.0,0.0,0.0,9.0,3.0,7.0
9382,2015350195015,2,9,0,4,0,2,0,0,0,0,1,1,6,1,40,7,-1,-1,-1,-1,1,-1,1,3,518340.0,300770.0,-0.254479,52.591855,35,3,3,1,24/11/2015,3,1899-12-30 13:40:00,394,E06000031,6,0,1,30,1,2,6,0,0,5,1,1,1,0,0,1,2,E01015603,,,,,,,,,,,,,,
9383,20154100J0504,1,4,0,3,0,1,0,0,0,0,2,1,3,2,41,7,125,1,1,-1,1,-1,1,2,515659.0,194951.0,-0.329962,51.641477,41,3,2,1,23/09/2015,4,1899-12-30 08:00:00,33,E10000015,3,409,6,30,1,4,3,411,0,0,1,1,2,0,0,2,1,E01023551,1.0,1.0,2.0,41.0,7.0,3.0,0.0,0.0,0.0,0.0,0.0,4.0,1.0,5.0
9384,201501PY20728,1,9,0,9,0,8,0,0,0,0,4,1,6,1,17,4,1229,1,3,-1,1,-1,3,2,542030.0,165100.0,0.03889,51.367209,1,3,2,3,42257,6,1899-12-30 19:09:00,19,E09000006,3,232,6,30,6,2,3,233,0,5,1,1,1,0,0,1,1,E01000666,2.0,2.0,1.0,17.0,4.0,3.0,0.0,0.0,1.0,0.0,0.0,9.0,1.0,2.0
9385,2015331500282,1,9,0,10,0,1,0,0,0,0,1,1,6,1,35,6,1997,2,2,-1,1,-1,2,4,464286.0,305551.0,-1.051336,52.643899,33,3,4,2,17/02/2015,3,1899-12-30 17:54:00,364,E06000016,5,1357,6,30,3,4,6,1852,0,0,4,1,1,0,0,1,1,E01032597,2.0,2.0,1.0,16.0,4.0,3.0,0.0,0.0,2.0,0.0,0.0,9.0,1.0,1.0
9386,201501XD80234,1,19,0,18,0,8,0,0,0,0,1,1,1,1,29,6,2402,2,6,-1,1,-1,2,2,513360.0,181040.0,-0.367657,51.516917,1,3,2,2,27/03/2015,6,1899-12-30 11:55:00,27,E09000009,5,0,6,30,3,4,6,0,0,0,1,1,1,0,0,1,1,E01001214,,,,,,,,,,,,,,
9387,2015521508246,1,9,0,17,0,0,0,0,0,0,1,1,6,1,72,10,-1,-1,-1,-1,1,-1,3,3,370480.0,174246.0,-2.426349,51.466407,52,3,3,3,42196,7,1899-12-30 14:07:00,612,E06000025,6,0,6,40,0,-1,-1,0,0,0,1,7,2,0,0,2,1,E01014870,1.0,1.0,1.0,72.0,10.0,3.0,0.0,0.0,0.0,0.0,0.0,9.0,1.0,5.0
9388,201560S187033,1,9,0,7,0,3,0,0,0,0,1,1,2,2,33,6,-1,-1,-1,-1,-1,-1,1,1,302245.0,379722.0,-3.468466,53.30539,60,3,1,1,42197,2,1899-12-30 17:50:00,723,W06000004,6,0,6,30,1,4,3,525,0,8,4,1,2,0,0,1,1,W01000223,1.0,3.0,1.0,79.0,11.0,3.0,8.0,1.0,0.0,0.0,0.0,0.0,-1.0,-1.0
9389,2015621500301,1,9,0,9,0,8,0,0,0,0,1,1,1,2,55,8,-1,-1,-1,-1,1,-1,1,2,317532.0,176247.0,-3.188915,51.479146,62,3,2,1,19/02/2015,5,1899-12-30 12:29:00,741,W06000015,6,0,1,30,1,4,3,4119,0,0,1,1,2,0,0,1,1,W01001856,3.0,2.0,2.0,62.0,9.0,3.0,0.0,0.0,2.0,0.0,0.0,9.0,1.0,-1.0
9390,2015170L22045,1,9,0,16,0,2,0,0,0,0,1,1,1,1,19,4,1968,2,4,-1,1,-1,1,2,454537.0,520589.0,-1.15781,54.577578,17,3,2,1,17/12/2015,5,1899-12-30 16:07:00,241,E06000003,3,66,3,50,6,2,6,0,0,0,4,1,2,0,0,2,1,E01012170,,,,,,,,,,,,,,
9391,20154100B0656,1,9,0,18,0,8,0,0,0,0,4,1,2,2,32,6,1590,1,14,-1,1,-1,1,2,521717.0,211998.0,-0.236509,51.7934,41,3,2,1,42257,6,1899-12-30 08:28:00,438,E10000015,4,653,6,60,3,4,5,91,0,0,1,1,1,0,0,2,1,E01033313,1.0,1.0,2.0,32.0,6.0,3.0,0.0,0.0,0.0,0.0,0.0,9.0,1.0,7.0
9392,20151322F1083,3,9,0,18,0,0,0,0,0,0,0,1,6,1,20,4,-1,-1,-1,-1,1,-1,1,5,442283.0,425586.0,-1.360656,53.724971,13,3,5,1,15/02/2015,1,1899-12-30 16:40:00,206,E08000036,6,0,6,30,0,-1,-1,0,0,0,1,1,1,0,0,1,1,E01011760,,,,,,,,,,,,,,
9393,2015621501534,3,9,0,4,0,0,0,0,0,0,2,1,6,1,33,6,-1,-1,-1,-1,1,-1,2,4,308670.0,188617.0,-3.319704,51.588977,62,3,4,2,42256,4,1899-12-30 20:41:00,744,W06000016,3,470,3,70,0,-1,-1,0,0,0,4,1,1,0,0,1,1,W01001185,3.0,1.0,1.0,33.0,6.0,3.0,0.0,0.0,0.0,0.0,0.0,9.0,1.0,-1.0
9394,2015460254989,1,9,0,8,0,1,0,0,0,0,1,1,6,2,50,8,1951,2,12,-1,1,-1,1,1,574075.0,169940.0,0.501163,51.401778,46,3,1,1,31/03/2015,3,1899-12-30 08:35:00,544,E06000035,3,228,6,30,8,4,6,0,0,4,1,1,1,0,0,1,1,E01016135,1.0,3.0,2.0,79.0,11.0,3.0,4.0,1.0,0.0,0.0,0.0,0.0,1.0,4.0
9395,2015075032863,2,9,0,18,0,8,0,0,0,0,1,1,6,1,33,6,1995,2,6,-1,1,-1,1,2,360338.0,390975.0,-2.598172,53.414081,7,3,2,1,42096,4,1899-12-30 16:20:00,128,E06000007,3,49,1,40,1,2,3,574,0,4,1,1,1,0,0,1,1,E01012453,,,,,,,,,,,,,,
9396,2015521504435,1,9,0,3,0,1,0,0,0,0,2,1,6,1,22,5,1598,1,5,-1,1,-1,2,3,358829.0,178677.0,-2.594582,51.505516,52,3,3,2,30/04/2015,5,1899-12-30 15:05:00,601,E06000023,6,0,1,30,2,4,6,0,0,8,1,1,1,0,0,1,1,E01014690,1.0,1.0,1.0,22.0,5.0,3.0,0.0,0.0,0.0,0.0,0.0,9.0,1.0,9.0
9397,2015450023770,1,9,0,5,0,0,0,0,0,0,0,1,6,2,27,6,1149,1,12,-1,1,-1,1,2,530283.0,152930.0,-0.134199,51.260652,45,3,2,1,42220,4,1899-12-30 15:18:00,513,E10000030,6,1167,6,30,0,-1,-1,0,0,0,1,1,1,0,0,1,1,E01030600,,,,,,,,,,,,,,
9398,2015030003141,2,1,0,18,0,8,0,0,0,0,1,1,6,2,47,8,-1,-1,-1,-1,1,-1,1,2,319730.0,470550.0,-3.229726,54.124516,3,3,2,1,23/12/2015,4,1899-12-30 16:55:00,61,E10000006,6,0,1,30,1,4,6,0,0,0,4,1,2,0,0,1,1,E01019166,1.0,1.0,2.0,47.0,8.0,3.0,0.0,0.0,0.0,0.0,0.0,1.0,1.0,8.0
9399,201520G003365,1,1,0,18,0,0,0,0,0,0,1,1,6,1,45,7,-1,-1,-1,-1,1,-1,1,2,391780.0,298540.0,-2.122753,52.584603,20,3,2,1,42066,3,1899-12-30 07:30:00,309,E08000031,6,0,6,30,0,-1,-1,0,0,0,1,9,1,0,0,1,2,E01010521,1.0,1.0,1.0,45.0,7.0,3.0,0.0,0.0,0.0,0.0,0.0,1.0,1.0,1.0
9400,2015450030834,1,19,0,16,0,8,0,0,0,0,1,1,1,1,45,7,-1,-1,-1,-1,1,-1,1,1,499404.0,149590.0,-0.577507,51.236843,45,3,1,1,18/10/2015,1,1899-12-30 00:05:00,511,E10000030,3,322,6,30,9,2,3,322,0,1,4,1,1,0,0,1,1,E01030452,1.0,3.0,2.0,18.0,4.0,3.0,1.0,1.0,0.0,0.0,0.0,0.0,1.0,9.0
9401,2015132AJ0230,1,9,0,5,0,6,0,0,0,0,3,1,6,1,64,9,1590,1,13,-1,-1,-1,1,2,425652.0,435732.0,-1.61186,53.81724,13,3,2,1,19/10/2015,2,1899-12-30 08:20:00,204,E08000035,4,6157,6,30,3,4,6,0,0,0,1,1,1,0,0,2,1,E01011324,,,,,,,,,,,,,,
9402,201531D008415,1,9,0,18,0,0,0,0,0,0,1,1,6,1,27,6,1398,2,8,-1,1,-1,1,2,456831.0,351912.0,-1.153435,53.061442,31,3,2,1,20/01/2015,3,1899-12-30 16:40:00,343,E10000024,3,60,6,50,0,-1,-1,0,0,0,1,1,1,0,0,2,1,E01028189,,,,,,,,,,,,,,
9403,201501LX50760,1,9,0,7,0,2,0,0,0,0,2,1,6,1,20,4,989,1,12,-1,1,-1,1,2,531700.0,173040.0,-0.106466,51.441051,1,3,2,1,20/07/2015,2,1899-12-30 01:10:00,9,E09000022,3,205,6,30,6,2,3,215,0,5,4,1,1,0,0,1,1,E01003164,1.0,1.0,1.0,20.0,4.0,3.0,0.0,0.0,0.0,0.0,0.0,9.0,1.0,2.0
9404,2015030003147,2,8,0,9,0,8,0,0,0,0,2,1,1,1,32,6,1598,1,9,-1,1,-1,1,2,300330.0,528610.0,-3.54595,54.64272,3,3,2,1,42196,7,1899-12-30 12:55:00,60,E10000006,4,5297,1,30,1,4,6,0,0,4,1,5,2,0,0,1,2,E01019116,1.0,2.0,2.0,18.0,4.0,3.0,0.0,0.0,2.0,0.0,0.0,8.0,1.0,1.0
9405,2015521506973,1,9,0,5,0,6,0,0,0,0,1,1,6,2,29,6,1769,1,11,-1,1,-1,1,2,351585.0,178204.0,-2.69888,51.500688,52,3,2,1,42286,5,1899-12-30 16:50:00,601,E06000023,6,0,6,20,3,4,6,0,0,0,1,1,1,0,0,1,1,E01014496,,,,,,,,,,,,,,
9406,2015440397220,2,9,0,18,0,0,0,0,0,0,3,1,6,2,22,5,1124,1,14,-1,1,-1,1,4,472207.0,139816.0,-0.968962,51.153055,44,3,4,1,15/11/2015,1,1899-12-30 13:40:00,497,E10000014,6,0,6,30,0,-1,-1,0,0,0,1,1,1,0,0,1,1,E01022574,,,,,,,,,,,,,,
9407,2015100356115,1,19,0,5,0,6,0,0,0,0,3,1,1,1,30,6,1461,2,2,-1,1,-1,1,2,435732.0,568977.0,-1.442764,55.014069,10,3,2,1,42041,3,1899-12-30 14:25:00,148,E08000022,5,219,6,30,6,4,6,2088,0,0,1,1,1,0,0,1,1,E01008529,1.0,1.0,1.0,30.0,6.0,3.0,0.0,0.0,0.0,0.0,0.0,19.0,1.0,7.0
9408,201504ED15018,2,9,0,18,0,0,0,0,0,0,3,1,6,1,26,6,1400,2,15,-1,1,-1,1,2,373840.0,429720.0,-2.398307,53.763169,4,3,2,1,17/01/2015,7,1899-12-30 23:40:00,75,E10000017,1,65,3,70,0,-1,-1,0,0,0,1,8,4,0,0,2,1,E01025071,1.0,2.0,1.0,30.0,6.0,3.0,0.0,0.0,1.0,0.0,0.0,9.0,1.0,2.0
9409,2015360095700,1,9,0,18,0,0,0,0,7,11,1,1,6,1,47,8,1995,2,12,-1,1,-1,1,2,626725.0,308509.0,1.348559,52.626959,36,3,2,1,28/11/2015,7,1899-12-30 18:57:00,401,E10000020,3,1242,6,30,0,-1,-1,0,0,0,4,5,2,0,0,1,1,E01026577,1.0,1.0,1.0,47.0,8.0,3.0,0.0,0.0,0.0,0.0,0.0,9.0,1.0,6.0
9410,2015520504380,1,9,0,18,0,0,0,0,0,0,1,1,6,3,-1,-1,-1,-1,-1,-1,-1,-1,1,1,331949.0,138001.0,-2.97404,51.137218,52,3,1,1,29/05/2015,6,1899-12-30 10:00:00,607,E10000027,6,0,6,30,0,-1,-1,0,0,0,1,1,1,0,0,1,2,E01029091,1.0,3.0,2.0,24.0,5.0,3.0,5.0,9.0,0.0,0.0,0.0,0.0,1.0,8.0
9411,2015215001862,1,9,0,9,0,5,0,0,0,0,4,1,6,2,87,11,1341,1,12,-1,1,-1,1,2,391482.0,342502.0,-2.12831,52.979794,21,3,2,1,42251,5,1899-12-30 15:30:00,257,E06000021,3,5005,6,30,6,2,6,0,0,4,1,1,1,0,0,1,1,E01014305,,,,,,,,,,,,,,