,accident_index,vehicle_reference,vehicle_type,towing_and_articulation,vehicle_manoeuvre,vehicle_location-restricted_lane,junction_location,skidding_and_overturning,hit_object_in_carriageway,vehicle_leaving_carriageway,hit_object_off_carriageway,1st_point_of_impact,was_vehicle_left_hand_drive?,journey_purpose_of_driver,sex_of_driver,age_of_driver,age_band_of_driver,engine_capacity_(cc),propulsion_code,age_of_vehicle,driver_imd_decile,driver_home_area_type,vehicle_imd_decile,NUmber_of_Casualities_unique_to_accident_index,No_of_Vehicles_involved_unique_to_accident_index,location_easting_osgr,location_northing_osgr,longitude,latitude,police_force,accident_severity,number_of_vehicles,number_of_casualties,date,day_of_week,time,local_authority_(district),local_authority_(highway),1st_road_class,1st_road_number,road_type,speed_limit,junction_detail,junction_control,2nd_road_class,2nd_road_number,pedestrian_crossing-human_control,pedestrian_crossing-physical_facilities,light_conditions,weather_conditions,road_surface_conditions,special_conditions_at_site,carriageway_hazards,urban_or_rural_area,did_police_officer_attend_scene_of_accident,lsoa_of_accident_location,casualty_reference,casualty_class,sex_of_casualty,age_of_casualty,age_band_of_casualty,casualty_severity,pedestrian_location,pedestrian_movement,car_passenger,bus_or_coach_passenger,pedestrian_road_maintenance_worker,casualty_type,casualty_home_area_type,casualty_imd_decile
9479,2015440348999,1,1,0,18,0,2,1,10,1,0,4,1,2,1,43,7,-1,-1,-1,-1,1,-1,1,2,443320.0,120401.0,-1.384275,50.981393,44,3,2,1,42226,5,1899-12-30 06:35:00,491,E10000014,4,3046,6,30,3,4,6,0,0,5,7,1,1,0,0,1,2,E01022665,1.0,1.0,1.0,43.0,7.0,3.0,0.0,0.0,0.0,0.0,0.0,1.0,1.0,2.0
9480,201520T054035,2,9,0,18,0,8,0,0,0,0,4,1,6,1,19,4,1149,1,12,-1,1,-1,3,2,408700.0,283930.0,-1.873405,52.453257,20,3,2,3,13/09/2015,1,1899-12-30 02:33:00,300,E08000025,6,0,6,30,6,2,6,0,0,0,4,1,1,0,0,1,1,E01009399,1.0,1.0,1.0,19.0,4.0,3.0,0.0,0.0,0.0,0.0,0.0,9.0,1.0,1.0
9481,2015450025956,1,9,0,16,0,0,0,0,1,0,1,1,2,2,37,7,1388,1,8,-1,1,-1,2,2,534929.0,157528.0,-0.065918,51.300893,45,3,2,2,18/06/2015,5,1899-12-30 15:03:00,516,E10000030,6,0,6,30,0,-1,-1,0,0,0,1,1,1,0,0,1,1,E01030855,1.0,1.0,2.0,37.0,7.0,3.0,0.0,0.0,0.0,0.0,0.0,9.0,1.0,8.0
9482,201514A200115,1,9,0,18,0,0,0,0,0,0,2,1,6,1,56,9,2179,2,-1,-1,1,-1,1,2,461862.0,408831.0,-1.06729,53.572444,14,3,2,1,23/12/2015,4,1899-12-30 10:20:00,211,E08000017,6,0,6,30,0,-1,-1,0,0,0,1,8,2,0,0,1,1,E01007621,,,,,,,,,,,,,,
9483,2015548571715,1,9,0,18,0,8,2,0,1,1,1,1,1,1,28,6,1198,1,10,-1,1,-1,1,1,392848.0,142804.0,-2.103708,51.184419,54,3,1,1,22/09/2015,3,1899-12-30 06:05:00,635,E06000054,3,36,6,60,3,4,5,272,0,0,4,1,1,0,0,2,1,E01032076,1.0,1.0,1.0,28.0,6.0,3.0,0.0,0.0,0.0,0.0,0.0,9.0,1.0,5.0
9484,201520L004415,2,9,0,18,0,4,0,0,0,0,4,1,6,2,49,8,1299,1,14,-1,1,-1,1,2,418560.0,284590.0,-1.728279,52.458947,20,3,2,1,16/06/2015,3,1899-12-30 08:30:00,306,E08000029,4,4438,1,30,1,4,6,0,0,0,1,9,1,0,0,1,2,E01010109,1.0,1.0,2.0,49.0,8.0,3.0,0.0,0.0,0.0,0.0,0.0,9.0,1.0,1.0
9485,201550GW3P008,2,3,0,18,0,1,0,0,0,0,3,1,6,2,47,8,124,1,17,-1,1,-1,1,2,207632.0,53583.0,-4.705366,50.350658,50,3,2,1,31/05/2015,1,1899-12-30 22:25:00,596,E06000052,3,3082,2,30,8,4,6,0,0,0,4,1,1,0,0,2,1,E01019026,1.0,1.0,2.0,47.0,8.0,3.0,0.0,0.0,0.0,0.0,0.0,3.0,1.0,6.0
9486,201501KG70514,2,9,0,18,0,1,0,0,0,0,1,1,6,2,24,5,1995,1,5,-1,1,-1,1,2,548540.0,188080.0,0.141989,51.572027,1,3,2,1,42045,6,1899-12-30 22:30:00,16,E09000002,3,1112,3,40,6,2,3,118,0,5,4,1,1,0,0,1,1,E01000112,,,,,,,,,,,,,,
9487,201522D503059,2,9,0,3,0,1,0,0,0,0,2,1,6,2,36,7,1997,1,13,-1,1,-1,3,2,383030.0,275890.0,-2.250732,52.380778,22,3,2,3,20/07/2015,2,1899-12-30 13:08:00,278,E10000034,3,451,6,30,1,4,6,0,0,7,1,1,1,0,0,1,2,E01032450,3.0,2.0,2.0,6.0,2.0,3.0,0.0,0.0,2.0,0.0,0.0,9.0,1.0,2.0
9488,201523N026307,1,9,0,4,0,5,1,7,0,0,1,1,6,1,75,10,1364,1,7,-1,1,-1,1,1,439480.0,293353.0,-1.419373,52.536614,23,3,1,1,14/09/2015,2,1899-12-30 13:30:00,291,E10000031,3,5,6,30,5,4,3,47,0,0,1,2,2,0,0,1,1,E01031103,1.0,1.0,1.0,75.0,10.0,3.0,0.0,0.0,0.0,0.0,0.0,9.0,1.0,7.0
9489,201520W050465,4,9,0,9,0,8,0,0,0,0,1,1,6,2,49,8,1600,2,4,-1,-1,-1,5,4,404740.0,285980.0,-1.931649,52.471735,20,3,4,5,22/08/2015,7,1899-12-30 16:46:00,300,E08000025,3,456,3,30,6,2,4,4124,0,5,1,1,1,0,0,1,1,E01008988,2.0,1.0,2.0,49.0,8.0,3.0,0.0,0.0,0.0,0.0,0.0,9.0,-1.0,-1.0
9490,201501BS70527,1,9,0,12,0,1,0,0,0,0,3,1,6,1,21,5,1198,1,4,-1,1,-1,1,2,523710.0,181680.0,-0.218343,51.5205,1,3,2,1,18/09/2015,6,1899-12-30 16:10:00,12,E09000020,6,0,6,30,3,4,6,0,0,0,1,1,1,0,0,1,1,E01002906,,,,,,,,,,,,,,
9491,2015621502112,6,9,0,2,0,2,0,4,0,0,2,1,6,3,-1,-1,-1,-1,-1,-1,-1,-1,1,6,318166.0,181544.0,-3.181018,51.526856,62,3,6,1,42167,1,1899-12-30 08:59:00,741,W06000015,6,0,6,30,3,4,6,0,0,0,1,5,2,0,0,1,1,W01001791,,,,,,,,,,,,,,
9492,201501XD81142,1,3,0,4,0,8,0,0,0,0,1,1,1,1,25,5,125,1,6,-1,1,-1,1,2,520150.0,180090.0,-0.27017,51.506978,1,3,2,1,42259,4,1899-12-30 12:41:00,27,E09000009,3,4020,6,30,3,4,6,0,0,4,1,1,1,0,0,1,1,E01001351,1.0,1.0,1.0,25.0,5.0,3.0,0.0,0.0,0.0,0.0,0.0,3.0,1.0,4.0
9493,201501XH30468,1,11,0,4,0,1,0,0,0,0,0,1,1,1,37,7,9360,2,5,-1,1,-1,1,1,510340.0,181180.0,-0.411119,51.518773,1,3,1,1,42192,3,1899-12-30 16:18:00,26,E09000017,3,4020,3,40,3,4,3,4020,0,0,1,1,1,0,0,1,1,E01002508,1.0,2.0,2.0,6.0,2.0,3.0,0.0,0.0,0.0,3.0,0.0,11.0,1.0,4.0
9494,201550JC3H006,1,9,0,16,0,0,0,0,7,11,1,1,6,2,79,11,2148,2,9,-1,2,-1,2,1,281372.0,77279.0,-3.676978,50.583161,50,3,1,2,20/04/2015,2,1899-12-30 12:17:00,585,E10000008,6,0,6,30,0,-1,-1,0,0,0,1,1,1,0,0,2,1,E01020203,2.0,2.0,1.0,82.0,11.0,3.0,0.0,0.0,1.0,0.0,0.0,9.0,2.0,10.0
9495,2015440414147,1,9,0,9,0,8,0,0,0,0,1,1,6,1,58,9,-1,-1,-1,-1,1,-1,1,1,462074.0,151443.0,-1.111816,51.258779,44,3,1,1,28/11/2015,7,1899-12-30 07:00:00,490,E10000014,6,0,6,30,3,4,6,0,0,0,4,2,2,0,0,1,2,E01022550,1.0,3.0,2.0,43.0,7.0,3.0,8.0,3.0,0.0,0.0,0.0,0.0,1.0,3.0
9496,2015350209715,2,9,0,18,0,7,0,0,0,0,1,1,6,2,31,6,1587,1,14,-1,2,-1,3,3,518090.0,295740.0,-0.259958,52.546712,35,3,3,3,42289,5,1899-12-30 09:07:00,394,E06000031,3,1139,7,70,5,4,3,1260,0,0,1,1,1,0,0,2,1,E01033179,2.0,1.0,2.0,31.0,6.0,3.0,0.0,0.0,0.0,0.0,0.0,9.0,2.0,10.0
9497,2015440243507,1,9,0,7,0,8,0,0,0,0,4,1,6,2,44,7,1360,1,14,-1,1,-1,1,2,465527.0,99935.0,-1.071634,50.795284,44,3,2,1,15/07/2015,4,1899-12-30 18:15:00,498,E06000044,3,2030,6,30,3,4,6,0,0,0,1,1,1,0,0,1,2,E01017099,,,,,,,,,,,,,,
9498,20154100B0592,3,9,0,10,0,1,0,0,0,0,2,1,2,1,60,9,1275,1,20,-1,1,-1,1,3,520359.0,208093.0,-0.257542,51.758599,41,3,3,1,28/09/2015,2,1899-12-30 09:15:00,438,E10000015,3,1057,6,40,3,4,6,617,0,0,1,1,1,0,0,1,1,E01023938,1.0,1.0,1.0,60.0,9.0,3.0,0.0,0.0,0.0,0.0,0.0,9.0,1.0,5.0
9499,2015450023452,2,9,0,17,0,1,0,0,0,0,1,1,2,2,53,8,1368,1,7,-1,1,-1,1,2,499367.0,153388.0,-0.576983,51.27099,45,3,2,1,20/03/2015,6,1899-12-30 15:00:00,511,E10000030,3,320,6,40,3,4,6,0,0,0,1,1,1,0,0,2,1,E01030504,1.0,1.0,2.0,53.0,8.0,3.0,0.0,0.0,0.0,0.0,0.0,9.0,1.0,10.0
9500,201501EO40895,1,1,0,15,0,1,0,0,0,0,3,1,1,1,38,7,-1,-1,-1,-1,1,-1,1,2,531210.0,182320.0,-0.110068,51.52456,1,3,2,1,30/09/2015,4,1899-12-30 11:30:00,3,E09000019,3,201,6,30,3,4,6,0,0,1,1,1,1,0,0,1,1,E01002724,1.0,1.0,1.0,38.0,7.0,3.0,0.0,0.0,0.0,0.0,0.0,1.0,1.0,5.0
9501,201501PY20834,1,11,0,4,0,8,0,0,0,0,0,1,6,1,40,7,4500,2,1,-1,1,-1,1,1,536590.0,168850.0,-0.037765,51.402241,1,3,1,1,28/11/2015,7,1899-12-30 18:52:00,19,E09000006,3,222,6,30,3,4,6,0,0,0,1,1,1,0,0,1,1,E01000708,1.0,2.0,2.0,79.0,11.0,3.0,0.0,0.0,0.0,3.0,0.0,11.0,1.0,8.0
9502,201543N070115,1,9,0,9,0,5,0,0,0,0,1,1,6,1,37,7,2143,2,5,-1,1,-1,1,2,499618.0,188604.0,-0.563494,51.587495,43,3,2,1,42135,5,1899-12-30 16:30:00,477,E10000002,3,40,6,40,8,4,6,924,0,0,4,2,2,0,0,1,1,E01017821,,,,,,,,,,,,,,
9503,2015950002663,1,9,0,18,0,8,0,0,0,0,4,1,2,1,54,8,1390,1,6,-1,1,-1,1,1,325360.0,673950.0,-3.196887,55.952757,95,3,1,1,42041,3,1899-12-30 18:00:00,923,S12000036,5,0,6,30,6,2,6,0,0,5,1,4,1,0,0,1,1,,1.0,3.0,1.0,51.0,8.0,3.0,10.0,9.0,0.0,0.0,0.0,0.0,1.0,-1.0
9504,201501TX20112,2,9,0,18,0,0,0,0,0,0,2,1,6,1,40,7,1598,1,10,-1,1,-1,2,2,513130.0,176690.0,-0.372363,51.477866,1,3,2,2,42187,7,1899-12-30 17:04:00,25,E09000018,3,4,3,40,0,-1,-1,0,0,0,4,1,2,0,0,1,1,E01002621,1.0,1.0,1.0,40.0,7.0,3.0,0.0,0.0,0.0,0.0,0.0,9.0,1.0,7.0
9505,2015440013240,1,2,0,14,0,1,0,0,0,0,1,1,6,1,25,5,50,1,2,-1,1,-1,1,2,460851.0,100656.0,-1.137852,50.802276,44,3,2,1,13/01/2015,3,1899-12-30 07:45:00,493,E10000014,6,0,6,30,3,4,6,0,0,0,4,1,1,0,0,1,2,E01022833,1.0,1.0,1.0,25.0,5.0,3.0,0.0,0.0,0.0,0.0,0.0,2.0,1.0,2.0
9506,201501JC30541,2,1,0,18,0,8,0,0,0,0,1,1,6,1,12,3,-1,-1,-1,-1,1,-1,1,2,538100.0,189430.0,-0.008025,51.586809,1,3,2,1,42103,6,1899-12-30 16:30:00,13,E09000031,5,0,6,30,3,4,6,0,0,0,1,1,1,0,0,1,1,E01004410,1.0,1.0,1.0,12.0,3.0,3.0,0.0,0.0,0.0,0.0,0.0,1.0,1.0,1.0
9507,2015610023115,2,1,0,9,0,1,0,0,0,0,1,1,6,1,50,8,-1,-1,-1,-1,1,-1,1,2,323826.0,191227.0,-3.10155,51.614696,61,3,2,1,42343,3,1899-12-30 19:16:00,731,W06000018,6,0,6,30,3,4,6,0,0,0,1,1,1,0,0,1,1,W01001411,1.0,1.0,1.0,50.0,8.0,3.0,0.0,0.0,0.0,0.0,0.0,1.0,1.0,-1.0
9508,20151323I0835,1,3,0,18,0,1,2,0,0,0,4,1,6,1,27,6,124,1,14,-1,1,-1,1,1,429901.0,416319.0,-1.549194,53.642534,13,3,1,1,18/03/2015,4,1899-12-30 14:05:00,206,E08000036,6,0,6,60,9,4,6,0,0,0,1,1,2,7,0,2,1,E01011932,1.0,1.0,1.0,27.0,6.0,3.0,0.0,0.0,0.0,0.0,0.0,3.0,1.0,6.0
9509,2015471502807,3,9,0,18,0,3,0,0,0,0,4,1,1,1,64,9,1598,1,5,-1,1,-1,1,3,487789.0,104110.0,-0.75484,50.829879,47,3,3,1,20/05/2015,4,1899-12-30 08:35:00,559,E10000032,3,27,1,70,1,4,6,0,0,7,1,1,1,0,0,2,2,E01031513,,,,,,,,,,,,,,
9510,2015030002955,2,19,0,18,0,0,0,0,0,0,3,1,6,1,77,11,2402,2,12,-1,3,-1,1,2,334990.0,498810.0,-3.002414,54.380617,3,3,2,1,42016,3,1899-12-30 11:55:00,65,E10000006,4,5286,6,30,0,-1,-1,0,0,0,1,1,2,4,0,2,1,E01019356,,,,,,,,,,,,,,
9511,2015160C05601,2,21,0,9,0,2,0,0,0,0,0,1,1,1,50,8,-1,-1,-1,-1,1,-1,1,2,519360.0,468545.0,-0.176207,54.098964,16,3,2,1,42286,5,1899-12-30 13:05:00,231,E06000011,6,0,6,30,3,4,6,0,0,0,1,1,1,0,0,1,2,E01012942,,,,,,,,,,,,,,
9512,2015100102515,1,9,0,17,0,4,0,0,0,0,1,1,6,2,47,8,1360,1,6,-1,1,-1,1,2,426980.0,574579.0,-1.579094,55.064957,10,3,2,1,16/02/2015,2,1899-12-30 22:46:00,139,E06000048,4,1505,1,30,1,4,3,19,0,0,4,8,2,0,0,2,1,E01027406,,,,,,,,,,,,,,
9513,201501SX21088,1,9,0,17,0,8,0,0,0,0,4,1,6,1,39,7,1995,2,4,-1,1,-1,2,2,527040.0,196190.0,-0.165127,51.650159,1,3,2,2,21/10/2015,4,1899-12-30 08:36:00,30,E09000003,6,0,6,30,6,4,6,0,0,0,1,2,2,0,0,1,1,E01000169,1.0,1.0,1.0,39.0,7.0,3.0,0.0,0.0,0.0,0.0,0.0,9.0,1.0,7.0
9514,2015100344515,2,9,0,18,0,8,0,0,0,0,2,1,6,2,46,8,1896,2,12,-1,2,-1,1,2,434634.0,557238.0,-1.461346,54.908662,10,3,2,1,13/06/2015,7,1899-12-30 00:01:00,150,E08000024,3,1231,1,70,1,2,3,19,0,0,1,1,1,0,0,2,1,E01008850,1.0,1.0,2.0,46.0,8.0,3.0,0.0,0.0,0.0,0.0,0.0,9.0,2.0,8.0
9515,201501QA10286,1,9,0,3,0,0,0,0,0,0,2,1,6,2,-1,-1,1997,1,5,-1,1,-1,2,2,513960.0,189160.0,-0.356385,51.589777,1,3,2,2,23/07/2015,5,1899-12-30 17:00:00,29,E09000015,5,0,6,30,0,-1,-1,0,0,0,1,1,1,0,0,1,1,E01002163,1.0,1.0,2.0,-1.0,-1.0,3.0,0.0,0.0,0.0,0.0,0.0,9.0,1.0,8.0
9516,201537EA88102,2,9,0,18,0,1,0,0,0,0,1,1,6,2,41,7,1968,2,7,-1,3,-1,6,3,586453.0,245891.0,0.719579,52.079973,37,3,3,6,13/02/2015,6,1899-12-30 13:44:00,410,E10000029,4,1064,6,30,3,4,5,711,0,0,1,1,1,0,0,2,1,E01029901,2.0,1.0,2.0,41.0,7.0,3.0,0.0,0.0,0.0,0.0,0.0,9.0,3.0,6.0
9517,2015520502373,2,9,0,4,0,1,0,0,0,0,2,-1,6,1,54,8,1388,1,9,-1,1,-1,6,3,352911.0,119824.0,-2.672083,50.975891,52,3,3,6,30/03/2015,2,1899-12-30 11:05:00,610,E10000027,3,37,6,60,6,4,6,0,0,0,1,1,1,0,0,2,1,E01029214,5.0,2.0,2.0,8.0,2.0,3.0,0.0,0.0,1.0,0.0,0.0,9.0,1.0,2.0
9518,2015551500917,1,5,0,18,0,8,0,0,0,0,1,1,6,1,57,9,865,1,4,-1,1,-1,2,2,403347.0,78680.0,-1.954061,50.607827,55,3,2,2,42043,1,1899-12-30 16:13:00,644,E10000009,6,0,6,30,3,4,6,0,0,0,1,1,1,0,0,1,1,E01020481,1.0,1.0,1.0,57.0,9.0,3.0,0.0,0.0,0.0,0.0,0.0,5.0,1.0,6.0
9519,2015621501362,1,9,0,18,0,0,0,0,0,0,1,1,6,2,31,6,-1,-1,-1,-1,1,-1,4,2,266106.0,195689.0,-3.936484,51.644013,62,3,2,4,14/08/2015,6,1899-12-30 16:27:00,745,W06000011,3,4067,3,40,0,-1,-1,0,0,4,1,1,1,0,0,2,1,W01000788,4.0,2.0,2.0,5.0,1.0,3.0,0.0,0.0,2.0,0.0,0.0,9.0,1.0,-1.0
9520,2015100455715,1,9,0,12,0,1,0,0,0,0,3,1,6,1,35,6,-1,-1,-1,-1,1,-1,2,2,433883.0,560909.0,-1.472628,54.9417,10,3,2,2,42193,6,1899-12-30 09:00:00,149,E08000023,3,184,1,70,1,4,3,19,0,0,1,1,1,0,0,2,1,E01008615,2.0,2.0,1.0,22.0,5.0,3.0,0.0,0.0,1.0,0.0,0.0,9.0,1.0,7.0
9521,2015100038315,2,9,0,18,0,8,0,0,0,0,4,1,6,2,59,9,1560,2,3,-1,1,-1,1,2,424378.0,577260.0,-1.619606,55.089182,10,3,2,1,25/01/2015,1,1899-12-30 12:10:00,139,E06000048,3,1068,1,60,1,4,3,1172,0,0,1,3,2,0,0,2,1,E01027412,1.0,1.0,2.0,59.0,9.0,3.0,0.0,0.0,0.0,0.0,0.0,9.0,1.0,5.0
9522,2015030000741,1,9,0,18,0,0,1,0,0,0,4,1,6,3,-1,-1,-1,-1,-1,-1,-1,-1,1,1,297810.0,517400.0,-3.581075,54.541512,3,3,1,1,26/03/2015,5,1899-12-30 18:00:00,63,E10000006,6,0,2,20,0,-1,-1,0,0,0,1,1,1,0,0,1,2,E01019281,1.0,3.0,2.0,12.0,3.0,3.0,5.0,1.0,0.0,0.0,0.0,0.0,1.0,10.0
9523,201501JI40156,1,9,0,18,0,1,1,0,0,0,1,1,6,2,29,6,1390,1,10,-1,1,-1,2,2,543430.0,186870.0,0.067812,51.562476,1,3,2,2,27/02/2015,6,1899-12-30 13:55:00,14,E09000026,3,123,6,30,3,4,6,0,0,0,1,1,1,0,0,1,1,E01003781,1.0,1.0,2.0,29.0,6.0,3.0,0.0,0.0,0.0,0.0,0.0,9.0,1.0,2.0
9524,2015170S12075,1,9,0,18,0,8,0,0,0,0,4,1,6,2,22,5,1198,1,6,-1,1,-1,3,2,441827.0,519094.0,-1.354634,54.565352,17,3,2,3,29/07/2015,4,1899-12-30 15:30:00,245,E06000004,5,137,6,30,3,4,6,0,0,0,1,1,1,0,0,1,2,E01012207,2.0,2.0,2.0,21.0,5.0,3.0,0.0,0.0,1.0,0.0,0.0,9.0,1.0,1.0
9525,201501EK40744,1,8,0,3,0,2,0,0,0,0,2,1,1,1,42,7,2499,2,1,-1,1,-1,1,2,527500.0,184460.0,-0.162741,51.544641,1,3,2,1,25/08/2015,3,1899-12-30 11:25:00,2,E09000007,5,0,6,30,6,4,6,0,0,0,1,1,1,0,0,1,1,E01000845,1.0,1.0,1.0,42.0,7.0,3.0,0.0,0.0,0.0,0.0,0.0,8.0,1.0,3.0
9526,2015921501248,1,9,0,9,7,7,0,0,1,1,3,1,1,1,45,7,-1,-1,-1,-1,-1,-1,1,2,389522.0,791147.0,-2.174159,57.011344,92,3,2,1,42258,2,1899-12-30 08:00:00,911,S12000034,3,90,3,70,9,4,4,979,0,0,1,1,1,0,0,2,1,,,,,,,,,,,,,,,
9527,201501FH10581,2,1,0,18,0,8,0,0,0,0,1,1,6,1,31,6,-1,-1,-1,-1,1,-1,1,2,525630.0,176860.0,-0.192399,51.476759,1,3,2,1,42349,5,1899-12-30 07:50:00,11,E09000013,3,308,6,30,3,2,5,0,0,5,1,1,1,0,0,1,1,E01001923,1.0,1.0,1.0,31.0,6.0,3.0,0.0,0.0,0.0,0.0,0.0,1.0,1.0,3.0
9528,2015160A00241,2,4,0,18,0,8,0,0,0,0,1,1,6,1,19,4,125,1,10,-1,1,-1,1,2,526056.0,407367.0,-0.098919,53.547813,16,3,2,1,42036,6,1899-12-30 18:30:00,233,E06000012,6,0,6,30,3,4,6,0,0,0,1,1,1,0,0,1,1,E01013205,1.0,1.0,1.0,19.0,4.0,3.0,0.0,0.0,0.0,0.0,0.0,4.0,1.0,2.0
9529,2015100530915,1,9,0,1,0,6,0,0,0,0,4,1,6,2,59,9,1598,1,2,-1,1,-1,1,2,395809.0,550064.0,-2.06679,54.845368,10,3,2,1,31/08/2015,2,1899-12-30 14:08:00,139,E06000048,5,298,6,60,3,4,6,0,0,0,1,2,2,0,0,2,1,E01027506,,,,,,,,,,,,,,
9530,2015551500048,2,9,0,18,0,1,0,0,0,0,3,1,6,2,86,11,1242,1,15,-1,3,-1,1,2,418117.0,93537.0,-1.74461,50.741162,55,3,2,1,19/09/2015,7,1899-12-30 13:06:00,641,E10000009,4,3059,6,40,3,4,6,0,0,0,1,1,1,0,0,1,1,E01020347,1.0,1.0,2.0,86.0,11.0,3.0,0.0,0.0,0.0,0.0,0.0,9.0,3.0,7.0
9531,2015051501063,1,9,0,18,0,0,0,0,0,0,1,1,2,2,45,7,1242,1,3,-1,1,-1,4,3,337224.0,394195.0,-2.946518,53.440772,5,3,3,4,22/04/2015,4,1899-12-30 08:13:00,91,E08000012,3,5058,3,40,0,-1,-1,0,0,0,1,1,1,0,0,1,1,E01006613,1.0,1.0,2.0,45.0,7.0,3.0,0.0,0.0,0.0,0.0,0.0,9.0,1.0,2.0
9532,2015210029723,2,9,0,18,0,1,0,0,0,0,1,1,6,1,26,6,1800,1,16,-1,3,-1,3,2,403030.0,319940.0,-1.956523,52.777038,21,3,2,3,18/08/2015,3,1899-12-30 21:55:00,255,E10000028,3,51,6,60,8,4,6,0,0,0,6,1,1,0,2,2,2,E01029711,1.0,1.0,1.0,26.0,6.0,3.0,0.0,0.0,0.0,0.0,0.0,9.0,3.0,6.0
9533,20154100C0617,2,4,0,18,0,0,0,0,0,0,1,1,1,1,30,6,-1,-1,-1,-1,3,-1,1,2,511903.0,199021.0,-0.382916,51.678816,41,3,2,1,42223,4,1899-12-30 17:45:00,437,E10000015,3,41,3,50,0,-1,-1,0,0,0,1,1,1,0,0,1,1,E01023897,1.0,1.0,1.0,30.0,6.0,3.0,0.0,0.0,0.0,0.0,0.0,4.0,3.0,9.0
9534,2015450026996,2,9,0,18,0,1,0,0,0,0,1,1,6,2,71,10,1461,2,5,-1,1,-1,2,2,520340.0,160820.0,-0.27397,51.333748,45,3,2,2,18/07/2015,7,1899-12-30 10:30:00,38,E10000030,4,280,6,30,3,4,6,0,0,4,1,1,1,0,0,1,2,E01030403,,,,,,,,,,,,,,
9535,2015100081015,2,9,0,3,0,1,0,0,7,1,3,1,6,1,31,6,1395,1,1,-1,-1,-1,2,2,425777.0,563113.0,-1.598959,54.961988,10,3,2,2,42157,6,1899-12-30 15:00:00,146,E08000020,3,184,6,30,1,4,3,184,0,0,1,1,2,0,0,1,2,E01008166,1.0,1.0,1.0,31.0,6.0,3.0,0.0,0.0,0.0,0.0,0.0,9.0,-1.0,-1.0
9536,2015160D06001,2,9,0,4,0,0,0,0,0,0,2,1,2,1,22,5,1149,1,13,-1,1,-1,1,2,509021.0,429755.0,-0.348056,53.752766,16,3,2,1,31/10/2015,7,1899-12-30 17:17:00,228,E06000010,3,1079,6,30,0,-1,-1,0,0,0,4,1,1,0,0,1,1,E01012851,1.0,2.0,2.0,23.0,5.0,3.0,0.0,0.0,2.0,0.0,0.0,9.0,1.0,1.0
9537,2015621501385,2,9,0,18,0,1,0,0,0,0,1,1,1,1,20,4,-1,-1,-1,-1,1,-1,1,2,306824.0,190200.0,-3.346764,51.602904,62,3,2,1,19/08/2015,4,1899-12-30 06:23:00,744,W06000016,3,4058,6,30,8,4,6,0,0,0,1,1,1,0,0,1,1,W01001236,2.0,1.0,1.0,20.0,4.0,3.0,0.0,0.0,0.0,0.0,0.0,9.0,1.0,-1.0
9538,2015521600114,2,5,0,4,0,8,0,0,0,0,2,1,6,1,38,7,-1,-1,-1,-1,1,-1,1,2,366546.0,168321.0,-2.482417,51.412914,52,3,2,1,42259,4,1899-12-30 16:40:00,611,E06000022,3,4,6,30,1,4,6,0,0,0,4,2,2,0,0,2,1,E01014396,1.0,1.0,1.0,38.0,7.0,3.0,0.0,0.0,0.0,0.0,0.0,5.0,1.0,10.0
9539,2015160C01651,1,9,0,17,0,0,1,0,8,10,1,1,6,1,62,9,1389,1,14,-1,1,-1,1,1,512037.0,442725.0,-0.297622,53.86865,16,3,1,1,42039,5,1899-12-30 00:10:00,231,E06000011,3,165,6,60,0,-1,-1,0,0,0,6,1,2,0,0,2,1,E01013034,1.0,1.0,1.0,62.0,9.0,3.0,0.0,0.0,0.0,0.0,0.0,9.0,1.0,2.0
9540,201537EA89748,1,97,0,4,0,0,1,0,0,0,1,1,6,1,49,8,1125,1,6,-1,3,-1,2,2,620450.0,254214.0,1.220315,52.142203,37,3,2,2,17/04/2015,6,1899-12-30 17:13:00,415,E10000029,4,1078,6,40,0,-1,-1,0,0,0,1,1,1,0,0,2,1,E01030200,1.0,1.0,1.0,49.0,8.0,3.0,0.0,0.0,0.0,0.0,0.0,97.0,3.0,7.0
9541,201501GD10818,1,9,0,7,0,8,0,0,0,0,1,1,6,1,-1,-1,1587,1,9,-1,-1,-1,1,2,533810.0,183080.0,-0.072324,51.53078,1,3,2,1,18/09/2015,6,1899-12-30 14:45:00,5,E09000030,3,1208,6,30,3,4,6,0,0,0,1,2,2,0,0,1,1,E01004318,,,,,,,,,,,,,,
9542,2015471503980,2,9,0,4,0,1,0,0,0,0,2,1,6,1,60,9,1798,1,8,-1,1,-1,2,3,509338.0,127432.0,-0.441983,51.035857,47,3,3,2,42315,7,1899-12-30 13:20:00,562,E10000032,3,29,6,60,3,4,6,0,0,0,1,1,1,0,0,2,1,E01031614,2.0,1.0,1.0,60.0,9.0,3.0,0.0,0.0,0.0,0.0,0.0,9.0,1.0,10.0
9543,201501ZT80396,2,9,0,4,0,1,0,0,0,0,2,1,6,1,27,6,1242,1,8,-1,1,-1,1,2,530140.0,165430.0,-0.131689,51.373022,1,3,2,1,20/12/2015,1,1899-12-30 15:45:00,21,E09000029,4,272,6,30,3,4,6,0,0,0,1,2,2,0,0,1,1,E01004078,,,,,,,,,,,,,,
9544,2015350091615,1,9,0,9,0,6,0,0,0,0,2,1,6,1,66,10,1796,1,14,-1,1,-1,1,2,557170.0,276470.0,0.306842,52.363748,35,3,2,1,42191,1,1899-12-30 10:06:00,391,E10000003,3,142,6,60,3,4,6,0,0,0,1,1,1,0,0,2,1,E01018047,,,,,,,,,,,,,,