,accident_index,vehicle_reference,vehicle_type,towing_and_articulation,vehicle_manoeuvre,vehicle_location-restricted_lane,junction_location,skidding_and_overturning,hit_object_in_carriageway,vehicle_leaving_carriageway,hit_object_off_carriageway,1st_point_of_impact,was_vehicle_left_hand_drive?,journey_purpose_of_driver,sex_of_driver,age_of_driver,age_band_of_driver,engine_capacity_(cc),propulsion_code,age_of_vehicle,driver_imd_decile,driver_home_area_type,vehicle_imd_decile,NUmber_of_Casualities_unique_to_accident_index,No_of_Vehicles_involved_unique_to_accident_index,location_easting_osgr,location_northing_osgr,longitude,latitude,police_force,accident_severity,number_of_vehicles,number_of_casualties,date,day_of_week,time,local_authority_(district),local_authority_(highway),1st_road_class,1st_road_number,road_type,speed_limit,junction_detail,junction_control,2nd_road_class,2nd_road_number,pedestrian_crossing-human_control,pedestrian_crossing-physical_facilities,light_conditions,weather_conditions,road_surface_conditions,special_conditions_at_site,carriageway_hazards,urban_or_rural_area,did_police_officer_attend_scene_of_accident,lsoa_of_accident_location,casualty_reference,casualty_class,sex_of_casualty,age_of_casualty,age_band_of_casualty,casualty_severity,pedestrian_location,pedestrian_movement,car_passenger,bus_or_coach_passenger,pedestrian_road_maintenance_worker,casualty_type,casualty_home_area_type,casualty_imd_decile
9545,201542I342709,2,9,0,3,0,1,0,0,0,0,2,1,6,2,33,6,1797,8,5,-1,1,-1,1,2,599400.0,225221.0,0.896262,51.889866,42,3,2,1,42347,7,1899-12-30 13:00:00,455,E10000012,6,0,6,30,3,4,6,0,0,0,1,1,1,0,0,1,1,E01021646,1.0,1.0,2.0,33.0,6.0,3.0,0.0,0.0,0.0,0.0,0.0,9.0,1.0,2.0
9546,2015471500420,2,9,0,18,0,1,0,0,0,0,1,1,6,1,20,4,-1,-1,-1,-1,1,-1,2,2,583875.0,111616.0,0.612146,50.87479,47,3,2,2,21/01/2015,4,1899-12-30 09:00:00,552,E10000011,6,0,6,30,3,4,6,0,0,0,1,2,2,0,0,1,1,E01021004,2.0,2.0,2.0,27.0,6.0,3.0,0.0,0.0,2.0,0.0,0.0,9.0,1.0,4.0
9547,2015460262940,1,9,0,18,0,0,1,0,0,0,1,1,6,1,18,4,1388,1,12,-1,1,-1,1,1,617380.0,162520.0,1.118304,51.320232,46,3,1,1,19/10/2015,2,1899-12-30 23:40:00,531,E10000016,3,291,6,50,0,-1,-1,0,0,0,5,9,1,0,0,2,1,E01024110,1.0,1.0,1.0,18.0,4.0,3.0,0.0,0.0,0.0,0.0,0.0,9.0,1.0,5.0
9548,201514B116015,2,9,0,18,0,0,0,0,0,0,2,1,6,1,61,9,998,1,7,-1,1,-1,2,2,434306.0,400883.0,-1.484257,53.503527,14,3,2,2,42350,7,1899-12-30 10:52:00,210,E08000016,1,1,3,70,0,-1,-1,0,0,0,1,2,2,0,0,2,1,E01007399,1.0,1.0,1.0,61.0,9.0,3.0,0.0,0.0,0.0,0.0,0.0,9.0,1.0,5.0
9549,2015460254275,2,9,0,3,0,0,0,0,0,0,2,1,2,1,60,9,1796,1,1,-1,1,-1,1,4,576365.0,168924.0,0.533546,51.391945,46,3,4,1,42280,3,1899-12-30 08:20:00,544,E06000035,3,231,6,30,0,-1,-1,0,0,0,1,1,1,0,0,1,1,E01032798,1.0,1.0,1.0,60.0,9.0,3.0,0.0,0.0,0.0,0.0,0.0,9.0,1.0,5.0
9550,2015471502452,1,1,0,9,0,6,0,0,0,0,1,1,6,1,47,8,-1,-1,-1,-1,3,-1,1,1,550190.0,113128.0,0.134379,50.898106,47,3,1,1,42099,2,1899-12-30 11:53:00,554,E10000011,6,0,6,40,3,4,4,2124,0,0,1,1,1,0,0,2,1,E01021147,1.0,1.0,1.0,47.0,8.0,3.0,0.0,0.0,0.0,0.0,0.0,1.0,3.0,8.0
9551,201543P150095,1,8,0,18,0,4,0,0,0,0,1,1,1,1,47,8,-1,-1,-1,-1,1,-1,1,2,452283.0,205960.0,-1.24405,51.749904,43,3,2,1,16/09/2015,4,1899-12-30 22:42:00,482,E10000025,3,420,1,20,1,4,4,480,0,0,4,2,2,0,0,1,1,E01028588,,,,,,,,,,,,,,
9552,20154100D0496,1,9,0,18,0,2,0,4,0,0,4,1,6,1,81,11,1242,1,1,-1,1,-1,2,2,498659.0,208093.0,-0.571832,51.762838,41,3,2,2,30/09/2015,4,1899-12-30 13:51:00,431,E10000015,3,4251,6,30,3,4,6,372,0,4,1,1,1,0,0,1,1,E01023368,1.0,1.0,1.0,81.0,11.0,3.0,0.0,0.0,0.0,0.0,0.0,9.0,1.0,10.0
9553,201542I069102,3,19,0,8,0,5,0,0,3,0,0,1,6,3,-1,-1,-1,-1,-1,-1,-1,-1,1,3,538382.0,198196.0,-0.000497,51.66551,42,3,3,1,24/02/2015,3,1899-12-30 12:45:00,456,E10000012,3,112,6,30,3,4,6,0,0,0,1,1,2,0,0,2,1,E01021806,,,,,,,,,,,,,,
9554,201520Z002935,1,9,0,18,0,0,0,0,0,0,1,1,6,1,-1,-1,1997,2,5,-1,1,-1,4,3,399220.0,297350.0,-2.012942,52.573969,20,3,3,4,18/08/2015,3,1899-12-30 15:05:00,307,E08000030,1,6,3,70,0,-1,-1,0,0,0,1,1,1,0,0,1,1,E01010367,1.0,1.0,1.0,-1.0,-1.0,3.0,0.0,0.0,0.0,0.0,0.0,9.0,1.0,7.0
9555,2015551501192,1,1,0,14,0,0,0,0,0,0,1,1,6,1,27,6,-1,-1,-1,-1,1,-1,1,2,411289.0,91909.0,-1.841425,50.726694,55,3,2,1,42258,2,1899-12-30 17:30:00,640,E06000028,3,35,6,30,0,-1,-1,0,0,0,1,1,1,0,0,1,2,E01015282,1.0,1.0,1.0,27.0,6.0,3.0,0.0,0.0,0.0,0.0,0.0,1.0,-1.0,-1.0
9556,2015331505562,2,9,0,18,0,0,0,0,0,0,0,1,1,1,-1,-1,1598,2,-1,-1,-1,-1,1,2,458490.0,301285.0,-1.137739,52.606208,33,3,2,1,21/11/2015,7,1899-12-30 01:13:00,364,E06000016,4,5366,6,30,0,-1,-1,0,0,0,7,1,1,0,0,1,1,E01013613,,,,,,,,,,,,,,
9557,201504EF15165,1,9,0,18,0,0,0,0,0,0,3,1,2,2,27,6,1398,1,13,-1,1,-1,1,1,385230.0,433950.0,-2.225736,53.801638,4,3,1,1,42283,4,1899-12-30 15:50:00,72,E10000017,6,0,6,20,0,-1,-1,0,0,0,1,1,1,0,0,1,1,E01024893,1.0,3.0,1.0,3.0,1.0,3.0,5.0,4.0,0.0,0.0,0.0,0.0,-1.0,-1.0
9558,201550ED2L009,2,9,0,18,0,1,0,0,0,0,1,1,6,2,26,6,1895,1,15,-1,1,-1,3,2,245721.0,54417.0,-4.17077,50.369374,50,3,2,3,42160,4,1899-12-30 17:30:00,583,E06000026,6,0,6,30,3,4,6,0,0,0,1,1,1,0,0,1,1,E01015047,2.0,1.0,2.0,26.0,6.0,3.0,0.0,0.0,0.0,0.0,0.0,9.0,1.0,1.0
9559,201501KF60861,2,9,0,7,0,8,0,0,0,0,1,1,6,1,36,7,2982,2,2,-1,-1,-1,1,2,541080.0,181960.0,0.031966,51.518948,1,3,2,1,16/11/2015,2,1899-12-30 12:37:00,17,E09000025,3,112,6,30,3,4,6,0,0,0,1,1,1,0,0,1,1,E01003604,,,,,,,,,,,,,,
9560,2015950003486,2,9,0,18,0,0,0,0,3,0,1,1,6,1,22,5,1229,1,2,-1,1,-1,2,2,325670.0,672400.0,-3.191496,55.938882,95,3,2,2,25/07/2015,7,1899-12-30 14:00:00,923,S12000036,6,0,6,30,0,-1,-1,0,0,0,1,1,1,0,0,1,2,,2.0,2.0,2.0,23.0,5.0,3.0,0.0,0.0,1.0,0.0,0.0,9.0,1.0,-1.0
9561,2015405DA0966,2,9,0,4,0,0,0,0,0,0,2,1,2,1,50,8,2993,2,5,-1,3,-1,1,2,518678.0,237847.0,-0.271657,52.026351,40,3,2,1,19/11/2015,5,1899-12-30 19:56:00,424,E06000056,3,507,6,60,0,-1,-1,0,0,0,6,1,2,0,0,2,1,E01017413,,,,,,,,,,,,,,
9562,201520J007395,2,9,0,18,0,8,5,10,0,0,1,1,2,2,42,7,1332,1,10,-1,1,-1,1,2,394580.0,292510.0,-2.081327,52.530431,20,3,2,1,20/06/2015,7,1899-12-30 14:28:00,303,E08000027,3,457,6,30,3,4,6,0,0,4,1,2,2,0,0,1,1,E01009769,1.0,1.0,2.0,42.0,7.0,3.0,0.0,0.0,0.0,0.0,0.0,9.0,1.0,2.0
9563,20151321J0398,3,9,0,18,0,0,0,0,0,0,2,1,6,1,41,7,-1,-1,-1,-1,1,-1,2,3,407516.0,441648.0,-1.887179,53.870986,13,3,3,2,19/01/2015,2,1899-12-30 10:40:00,200,E08000032,3,650,3,70,0,-1,-1,0,0,0,5,1,1,0,0,1,1,E01010703,2.0,1.0,1.0,41.0,7.0,3.0,0.0,0.0,0.0,0.0,0.0,9.0,1.0,4.0
9564,2015100523015,1,9,0,9,0,6,0,0,0,0,3,1,1,2,60,9,998,1,6,-1,1,-1,3,2,427536.0,564726.0,-1.571334,54.976389,10,3,2,3,27/08/2015,5,1899-12-30 11:48:00,147,E08000021,4,1314,6,30,3,4,6,1159,0,4,1,1,1,0,0,1,1,E01008302,1.0,1.0,2.0,60.0,9.0,3.0,0.0,0.0,0.0,0.0,0.0,9.0,1.0,10.0
9565,201520W040855,1,9,0,14,0,2,0,0,0,0,3,1,2,1,52,8,1995,2,1,-1,1,-1,1,1,403450.0,287290.0,-1.950627,52.483521,20,3,1,1,23/06/2015,3,1899-12-30 18:20:00,300,E08000025,6,0,6,30,3,4,6,0,0,0,1,1,1,0,0,1,1,E01010065,1.0,3.0,2.0,10.0,2.0,3.0,5.0,3.0,0.0,0.0,0.0,0.0,1.0,2.0
9566,2015460261406,1,9,0,9,0,5,0,0,0,0,1,1,6,1,19,4,998,1,7,-1,1,-1,1,2,575281.0,167791.0,0.517423,51.382103,46,3,2,1,15/09/2015,3,1899-12-30 08:20:00,544,E06000035,3,2,6,30,3,4,6,0,0,0,1,2,2,0,0,1,1,E01016017,,,,,,,,,,,,,,
9567,2015132160577,1,9,0,17,0,1,0,0,0,0,4,1,1,2,40,7,2993,2,2,-1,1,-1,1,1,406099.0,441230.0,-1.908738,53.867248,13,3,1,1,42156,3,1899-12-30 13:30:00,200,E08000032,6,0,2,30,3,4,6,0,0,0,1,1,2,0,0,1,1,E01010710,1.0,3.0,2.0,34.0,6.0,3.0,5.0,1.0,0.0,0.0,0.0,0.0,1.0,4.0
9568,201537EA95052,2,9,0,18,0,8,0,0,0,0,1,1,6,2,68,10,1388,1,8,-1,3,-1,2,2,625342.0,247708.0,1.28738,52.081835,37,3,2,2,23/10/2015,6,1899-12-30 10:46:00,415,E10000029,5,376,6,30,8,4,6,0,0,0,1,2,2,0,0,2,1,E01030190,2.0,2.0,2.0,19.0,4.0,3.0,0.0,0.0,1.0,0.0,0.0,9.0,3.0,7.0
9569,2015950005251,1,9,0,18,0,0,0,0,7,9,1,1,6,2,55,8,-1,-1,-1,-1,2,-1,4,2,294938.0,657059.0,-3.677319,55.795365,95,3,2,4,16/11/2015,2,1899-12-30 13:30:00,940,S12000040,3,706,6,60,0,-1,-1,0,0,0,1,1,2,0,0,2,1,,4.0,2.0,1.0,67.0,10.0,3.0,0.0,0.0,1.0,0.0,0.0,9.0,2.0,-1.0
9570,2015450028097,2,9,0,18,0,0,0,0,0,0,0,1,1,1,29,6,2993,2,3,-1,1,-1,1,2,496736.0,143940.0,-0.617233,51.186512,45,3,2,1,17/07/2015,6,1899-12-30 22:11:00,517,E10000030,6,5431,6,30,0,-1,-1,0,0,0,6,1,1,0,0,1,1,E01030914,1.0,1.0,1.0,29.0,6.0,3.0,0.0,0.0,0.0,0.0,0.0,9.0,1.0,8.0
9571,201504WB15444,1,8,0,5,0,0,0,0,0,0,1,1,1,1,64,9,1995,2,5,-1,1,-1,1,1,343600.0,464420.0,-2.863396,54.072607,4,3,1,1,14/11/2015,7,1899-12-30 19:05:00,76,E10000017,6,0,2,30,0,-1,-1,0,0,0,4,5,2,0,0,1,1,E01025139,1.0,3.0,2.0,20.0,4.0,3.0,5.0,1.0,0.0,0.0,0.0,0.0,1.0,4.0
9572,201514A107815,1,9,0,18,0,0,0,0,0,0,1,1,6,1,52,8,4367,2,-1,-1,3,-1,3,3,461502.0,407462.0,-1.072994,53.560183,14,3,3,3,27/07/2015,2,1899-12-30 11:46:00,211,E08000017,6,0,6,40,0,-1,-1,0,0,0,1,1,1,0,0,1,1,E01007624,,,,,,,,,,,,,,
9573,201542I136205,1,9,0,18,9,0,0,0,7,10,1,1,6,2,24,5,1299,1,10,-1,1,-1,1,1,579323.0,186803.0,0.585081,51.551615,42,3,1,1,42190,5,1899-12-30 18:30:00,453,E10000012,6,0,6,30,0,-1,-1,0,0,0,1,1,1,0,2,1,1,E01021483,1.0,1.0,2.0,24.0,5.0,3.0,0.0,0.0,0.0,0.0,0.0,9.0,1.0,9.0
9574,2015051502483,1,9,0,9,0,8,0,0,0,0,1,1,6,2,20,4,996,1,6,-1,1,-1,4,2,353613.0,393278.0,-2.699681,53.434231,5,3,2,4,15/10/2015,5,1899-12-30 19:00:00,92,E08000013,6,0,6,30,3,4,6,0,0,0,4,1,1,0,0,1,1,E01006844,3.0,2.0,2.0,16.0,4.0,3.0,0.0,0.0,1.0,0.0,0.0,9.0,1.0,3.0
9575,2015350038015,2,1,0,3,4,1,0,0,0,0,2,1,1,1,44,7,-1,-1,-1,-1,1,-1,1,2,520160.0,299330.0,-0.228148,52.578517,35,3,2,1,22/01/2015,5,1899-12-30 16:30:00,394,E06000031,6,0,6,30,6,4,6,0,0,4,1,8,2,0,0,1,2,E01015616,1.0,1.0,1.0,44.0,7.0,3.0,0.0,0.0,0.0,0.0,0.0,1.0,1.0,7.0
9576,201550JT2B006,2,21,0,18,0,4,0,0,0,0,1,1,1,1,57,9,11967,2,3,-1,1,-1,1,2,248176.0,74389.0,-4.144379,50.549497,50,3,2,1,42280,3,1899-12-30 09:53:00,589,E10000008,3,386,1,30,1,4,6,0,0,0,1,1,1,0,0,1,1,E01020332,,,,,,,,,,,,,,
9577,201501WW51045,2,11,0,2,0,0,0,0,0,0,3,1,6,1,48,8,4500,2,1,-1,1,-1,2,2,527050.0,175280.0,-0.17253,51.462243,1,3,2,2,42228,3,1899-12-30 02:25:00,10,E09000032,3,3036,6,30,0,-1,-1,0,0,0,4,1,1,0,0,1,1,E01004551,,,,,,,,,,,,,,
9578,2015160C00441,2,9,0,9,0,6,0,0,0,0,1,1,6,1,51,8,1329,1,1,-1,1,-1,2,2,517789.0,467089.0,-0.200784,54.086246,16,3,2,2,25/01/2015,1,1899-12-30 12:20:00,231,E06000011,3,1038,6,30,3,4,6,0,0,0,1,2,2,0,0,1,1,E01012943,,,,,,,,,,,,,,
9579,201501JI40705,2,9,0,3,0,1,0,0,0,0,2,1,6,1,35,6,2993,2,6,-1,1,-1,3,3,541790.0,188380.0,0.044778,51.576459,1,3,3,3,17/10/2015,7,1899-12-30 18:47:00,14,E09000026,3,12,6,30,1,4,3,12,0,0,4,1,1,0,0,2,1,E01003675,3.0,2.0,2.0,36.0,7.0,3.0,0.0,0.0,1.0,0.0,0.0,9.0,1.0,5.0
9580,2015450027452,3,9,0,3,0,0,0,0,0,0,2,1,2,1,34,6,1995,2,1,-1,1,-1,3,4,517149.0,164733.0,-0.318466,51.369583,45,3,4,3,42102,3,1899-12-30 17:17:00,510,E10000030,3,3,3,50,0,-1,-1,0,0,0,1,1,1,0,0,2,1,E01030296,3.0,1.0,1.0,34.0,6.0,3.0,0.0,0.0,0.0,0.0,0.0,9.0,1.0,9.0
9581,201550EC2A002,1,9,0,18,0,8,0,4,0,0,4,1,6,2,35,6,1910,2,7,-1,3,-1,1,4,249512.0,55334.0,-4.117868,50.378598,50,3,4,1,42127,5,1899-12-30 10:10:00,583,E06000026,6,0,6,30,6,4,6,0,0,0,1,1,1,0,0,1,1,E01015175,,,,,,,,,,,,,,
9582,201501TW60413,2,9,0,7,0,8,0,0,7,1,1,1,6,1,65,9,1796,1,10,-1,1,-1,1,2,518830.0,176910.0,-0.29025,51.478676,1,3,2,1,42075,5,1899-12-30 14:08:00,24,E09000027,3,307,6,30,3,4,6,0,0,0,1,1,1,0,0,1,1,E01003847,,,,,,,,,,,,,,
9583,2015360092148,2,9,0,9,0,5,0,0,0,0,1,1,6,1,20,4,1399,2,4,-1,3,-1,2,2,581651.0,332631.0,0.696808,52.860509,36,3,2,2,18/07/2015,7,1899-12-30 15:15:00,407,E10000020,4,1454,6,60,3,4,5,86,0,0,1,1,1,0,0,2,1,E01026695,2.0,1.0,1.0,20.0,4.0,3.0,0.0,0.0,0.0,0.0,0.0,9.0,3.0,4.0
9584,20151328C1627,2,9,0,4,0,4,0,0,0,0,1,1,6,1,25,5,1390,1,5,-1,1,-1,1,2,429053.0,430470.0,-1.560698,53.769768,13,3,2,1,42346,4,1899-12-30 20:54:00,204,E08000035,6,0,1,30,1,4,6,0,0,0,1,1,1,0,0,1,1,E01011313,,,,,,,,,,,,,,
9585,2015460254520,1,3,0,18,0,3,0,0,0,0,0,1,1,2,24,5,-1,-1,-1,-1,1,-1,1,1,577330.0,157120.0,0.541528,51.285611,46,3,1,1,24/03/2015,3,1899-12-30 10:25:00,536,E10000016,3,249,1,30,1,4,6,0,0,8,1,2,2,0,0,1,1,E01024353,1.0,1.0,2.0,24.0,5.0,3.0,0.0,0.0,0.0,0.0,0.0,3.0,1.0,2.0
9586,2015621501792,1,9,0,18,0,1,0,0,0,0,1,1,6,2,62,9,-1,-1,-1,-1,3,-1,1,2,267585.0,196995.0,-3.915617,51.656099,62,3,2,1,42348,2,1899-12-30 11:06:00,745,W06000011,6,0,6,30,8,4,6,0,0,0,1,1,1,0,0,1,1,W01000794,,,,,,,,,,,,,,
9587,2015950000723,2,9,0,9,0,8,0,0,0,0,1,1,6,2,45,7,1390,1,13,-1,1,-1,1,2,324470.0,670310.0,-3.210116,55.91992,95,3,2,1,17/02/2015,3,1899-12-30 09:14:00,923,S12000036,6,0,6,30,1,4,6,0,0,0,1,1,1,0,0,1,1,,1.0,1.0,2.0,45.0,7.0,3.0,0.0,0.0,0.0,0.0,0.0,9.0,1.0,-1.0
9588,2015921600017,2,9,0,9,0,5,0,0,0,0,1,1,6,1,30,6,2688,2,15,-1,-1,-1,2,2,393953.0,815528.0,-2.101799,57.23044,92,3,2,2,31/12/2015,5,1899-12-30 16:10:00,911,S12000034,4,999,6,60,3,4,6,0,0,0,6,1,1,0,0,2,1,,,,,,,,,,,,,,,
9589,201543W175065,2,1,0,17,0,8,0,0,0,0,3,1,6,2,47,8,-1,-1,-1,-1,1,-1,1,2,476191.0,167066.0,-0.906209,51.397522,43,3,2,1,19/06/2015,6,1899-12-30 20:00:00,475,E06000041,4,3030,1,30,1,4,4,3349,0,0,1,1,1,0,0,1,2,E01016610,1.0,1.0,2.0,47.0,8.0,3.0,0.0,0.0,0.0,0.0,0.0,1.0,1.0,9.0
9590,2015541148215,3,21,1,4,0,0,0,0,0,0,2,1,1,1,32,6,11967,2,5,-1,1,-1,1,3,419540.0,184370.0,-1.71954,51.557878,54,3,3,1,42126,5,1899-12-30 08:10:00,633,E06000030,3,419,3,70,0,-1,-1,0,0,0,1,1,2,0,0,2,1,E01015548,,,,,,,,,,,,,,
9591,2015210032116,1,9,0,18,0,1,0,0,0,0,1,1,6,1,82,11,1390,1,13,-1,1,-1,1,1,389430.0,347900.0,-2.15905,53.02828,21,3,1,1,42166,6,1899-12-30 04:50:00,257,E06000021,3,5009,6,30,9,-1,6,0,0,0,4,1,1,0,0,1,1,E01014329,1.0,1.0,1.0,82.0,11.0,3.0,0.0,0.0,0.0,0.0,0.0,9.0,1.0,1.0
9592,201501ZT80145,1,11,0,7,0,1,0,0,0,0,0,1,1,1,47,8,3900,2,12,-1,1,-1,1,1,528610.0,164760.0,-0.1539,51.367349,1,3,1,1,42282,1,1899-12-30 09:40:00,21,E09000029,3,232,6,30,6,2,3,237,0,5,1,1,1,0,0,1,1,E01004172,1.0,2.0,1.0,38.0,7.0,3.0,0.0,0.0,0.0,4.0,0.0,11.0,1.0,4.0
9593,201522C501476,1,11,0,18,0,8,0,0,0,0,1,1,1,1,32,6,8268,2,14,-1,3,-1,1,2,385480.0,254220.0,-2.213799,52.186032,22,3,2,1,28/03/2015,7,1899-12-30 13:30:00,276,E10000034,3,44,6,30,3,4,6,0,0,0,1,1,1,0,0,1,1,E01032285,,,,,,,,,,,,,,
9594,201520T030795,6,9,0,2,0,0,0,0,0,0,4,1,6,2,-1,-1,1149,1,16,-1,1,-1,1,6,408880.0,283950.0,-1.870756,52.453434,20,3,6,1,31/05/2015,1,1899-12-30 17:00:00,300,E08000025,6,0,2,30,0,-1,-1,0,0,0,1,1,1,0,0,1,1,E01009383,,,,,,,,,,,,,,
9595,2015983140015,1,8,0,1,9,0,0,0,0,0,2,1,1,1,69,10,1598,2,1,-1,1,-1,1,1,296950.0,576888.0,-3.615551,55.075713,98,3,1,1,42105,4,1899-12-30 15:30:00,917,S12000006,6,748,6,30,0,-1,-1,0,0,0,1,1,1,0,0,1,1,,1.0,3.0,2.0,39.0,7.0,3.0,6.0,9.0,0.0,0.0,0.0,0.0,1.0,-1.0
9596,201520J001675,2,9,0,18,0,0,0,0,0,0,4,1,2,2,20,4,1390,1,3,-1,1,-1,1,2,395190.0,290620.0,-2.072307,52.513445,20,3,2,1,42064,7,1899-12-30 18:05:00,303,E08000027,3,461,3,30,0,-1,-1,0,0,4,4,8,2,0,0,1,1,E01009757,1.0,3.0,1.0,22.0,5.0,3.0,1.0,1.0,0.0,0.0,0.0,0.0,1.0,5.0
9597,2015551500986,1,9,0,4,0,0,1,0,0,0,1,1,6,2,18,4,1124,1,16,-1,1,-1,1,3,401156.0,93958.0,-1.984981,50.745226,55,3,3,1,42285,2,1899-12-30 16:56:00,643,E06000029,3,349,3,40,0,-1,-1,0,0,0,1,2,2,0,0,1,1,E01015416,1.0,2.0,2.0,17.0,4.0,3.0,0.0,0.0,2.0,0.0,0.0,9.0,1.0,8.0
9598,201514K184615,2,9,0,1,0,8,0,0,0,0,2,1,2,1,35,6,1796,1,11,-1,1,-1,1,2,438613.0,388540.0,-1.420837,53.39229,14,3,2,1,24/07/2015,6,1899-12-30 16:20:00,215,E08000019,4,6085,6,30,3,4,6,0,0,0,1,9,1,0,0,1,1,E01007905,,,,,,,,,,,,,,
9599,2015460259706,2,9,0,2,0,1,0,0,0,0,3,1,6,1,38,7,1390,1,11,-1,1,-1,1,2,558810.0,138680.0,0.268033,51.125391,46,3,2,1,31/07/2015,6,1899-12-30 13:00:00,543,E10000016,6,4310,6,30,3,4,6,0,0,0,1,1,1,0,0,1,2,E01024820,,,,,,,,,,,,,,
9600,201501ID60040,1,8,0,5,0,1,0,0,0,0,2,1,1,1,58,9,2664,2,15,-1,1,-1,1,2,507760.0,176750.0,-0.44964,51.479453,1,3,2,1,18/06/2015,5,1899-12-30 14:00:00,57,EHEATHROW,6,0,3,30,3,2,6,0,0,5,1,1,1,0,0,1,1,E01002444,1.0,1.0,1.0,58.0,9.0,3.0,0.0,0.0,0.0,0.0,0.0,8.0,1.0,5.0
9601,2015210028220,1,19,0,18,0,6,0,0,0,0,1,1,6,1,58,9,1560,2,3,-1,1,-1,1,2,399059.0,311225.0,-2.015362,52.698701,21,3,2,1,21/08/2015,6,1899-12-30 10:35:00,250,E10000028,6,62,6,30,6,4,6,62,0,0,1,1,1,0,0,1,1,E01029351,1.0,1.0,1.0,58.0,9.0,3.0,0.0,0.0,0.0,0.0,0.0,19.0,1.0,7.0
9602,20151328K1148,1,1,0,18,9,8,0,0,0,0,4,1,6,1,23,5,-1,-1,-1,-1,1,-1,1,2,430692.0,434525.0,-1.535431,53.80612,13,3,2,1,20/08/2015,5,1899-12-30 17:12:00,204,E08000035,6,0,3,30,3,4,6,0,0,0,1,1,1,0,0,1,1,E01033003,1.0,1.0,1.0,23.0,5.0,3.0,0.0,0.0,0.0,0.0,0.0,1.0,1.0,1.0
9603,201501YE80342,1,9,0,18,0,8,0,0,0,0,1,1,6,1,40,7,-1,-1,-1,-1,1,-1,2,2,536390.0,197100.0,-0.029709,51.656148,1,3,2,2,42252,7,1899-12-30 11:00:00,32,E09000010,3,1055,3,30,3,2,5,0,0,5,1,1,1,0,0,1,1,E01001437,1.0,1.0,1.0,40.0,7.0,3.0,0.0,0.0,0.0,0.0,0.0,9.0,1.0,6.0
9604,201501EK40130,1,11,0,18,2,1,0,0,0,0,0,1,1,1,59,9,6700,2,4,-1,1,-1,1,1,530050.0,182790.0,-0.126605,51.529052,1,3,1,1,20/02/2015,6,1899-12-30 16:00:00,2,E09000007,3,501,3,40,6,2,5,0,0,5,1,1,2,0,0,1,1,E01000956,1.0,2.0,2.0,1.0,1.0,3.0,0.0,0.0,0.0,4.0,0.0,11.0,1.0,4.0
9605,2015331501803,2,19,0,18,0,2,0,0,0,0,4,1,6,1,-1,-1,-1,-1,-1,-1,-1,-1,1,2,459717.0,299338.0,-1.119973,52.588574,33,3,2,1,42105,4,1899-12-30 22:00:00,367,E10000018,6,3207,6,30,3,4,6,3204,0,0,4,9,2,0,0,1,2,E01025997,1.0,3.0,1.0,22.0,5.0,3.0,9.0,9.0,0.0,0.0,0.0,0.0,1.0,3.0
9606,2015160B01641,2,19,0,18,0,6,0,0,0,0,0,1,6,3,-1,-1,-1,-1,-1,-1,-1,-1,2,2,490600.0,408107.0,-0.633639,53.561769,16,3,2,2,42161,7,1899-12-30 09:22:00,232,E06000013,4,1501,6,30,3,4,6,0,0,0,1,1,1,0,0,1,1,E01013238,,,,,,,,,,,,,,
9607,2015170S11185,1,11,0,18,0,1,0,0,0,0,3,1,1,1,52,8,6696,2,1,-1,1,-1,1,1,444615.0,520846.0,-1.311254,54.580858,17,3,1,1,19/05/2015,3,1899-12-30 10:45:00,245,E06000004,3,139,6,30,3,4,6,0,0,0,1,1,1,0,0,1,2,E01012268,1.0,3.0,1.0,48.0,8.0,3.0,5.0,1.0,0.0,0.0,0.0,0.0,1.0,1.0
9608,201543P271095,2,9,0,3,0,1,0,0,0,0,2,1,3,1,61,9,1198,1,8,-1,3,-1,1,2,433443.0,208552.0,-1.516697,51.774645,43,3,2,1,23/09/2015,4,1899-12-30 08:15:00,485,E10000025,6,185,6,30,3,4,3,4095,0,0,1,1,1,0,0,2,2,E01028784,1.0,1.0,1.0,61.0,9.0,3.0,0.0,0.0,0.0,0.0,0.0,9.0,3.0,8.0
9609,2015950000380,1,19,0,5,0,1,0,0,0,0,1,1,6,1,32,6,2477,2,11,-1,3,-1,1,3,330246.0,669488.0,-3.117504,55.91341,95,3,3,1,29/01/2015,5,1899-12-30 06:40:00,929,S12000019,6,0,6,40,3,2,3,7,0,5,1,9,2,0,0,2,2,,,,,,,,,,,,,,,
9610,2015320126281,2,1,0,18,0,0,0,0,0,0,3,1,6,1,38,7,-1,-1,-1,-1,-1,-1,1,2,523756.0,321784.0,-0.166679,52.779462,32,3,2,1,23/11/2015,2,1899-12-30 13:30:00,354,E10000019,5,725,6,30,0,-1,-1,0,0,0,1,1,1,0,0,1,2,E01026267,,,,,,,,,,,,,,
9611,2015320063690,2,9,0,4,0,0,0,4,0,0,2,1,6,1,55,8,1364,1,7,-1,3,-1,1,3,532836.0,330164.0,-0.028742,52.852594,32,3,3,1,18/07/2015,7,1899-12-30 11:50:00,354,E10000019,3,17,6,60,0,-1,-1,0,0,0,1,1,1,0,0,2,1,E01026283,1.0,2.0,2.0,55.0,8.0,3.0,0.0,0.0,2.0,0.0,0.0,9.0,2.0,4.0