,accident_index,vehicle_reference,vehicle_type,towing_and_articulation,vehicle_manoeuvre,vehicle_location-restricted_lane,junction_location,skidding_and_overturning,hit_object_in_carriageway,vehicle_leaving_carriageway,hit_object_off_carriageway,1st_point_of_impact,was_vehicle_left_hand_drive?,journey_purpose_of_driver,sex_of_driver,age_of_driver,age_band_of_driver,engine_capacity_(cc),propulsion_code,age_of_vehicle,driver_imd_decile,driver_home_area_type,vehicle_imd_decile,NUmber_of_Casualities_unique_to_accident_index,No_of_Vehicles_involved_unique_to_accident_index,location_easting_osgr,location_northing_osgr,longitude,latitude,police_force,accident_severity,number_of_vehicles,number_of_casualties,date,day_of_week,time,local_authority_(district),local_authority_(highway),1st_road_class,1st_road_number,road_type,speed_limit,junction_detail,junction_control,2nd_road_class,2nd_road_number,pedestrian_crossing-human_control,pedestrian_crossing-physical_facilities,light_conditions,weather_conditions,road_surface_conditions,special_conditions_at_site,carriageway_hazards,urban_or_rural_area,did_police_officer_attend_scene_of_accident,lsoa_of_accident_location,casualty_reference,casualty_class,sex_of_casualty,age_of_casualty,age_band_of_casualty,casualty_severity,pedestrian_location,pedestrian_movement,car_passenger,bus_or_coach_passenger,pedestrian_road_maintenance_worker,casualty_type,casualty_home_area_type,casualty_imd_decile
9947,2015450022656,3,9,0,13,0,0,0,0,8,6,4,1,6,2,39,7,1398,1,3,-1,1,-1,4,3,498411.0,165891.0,-0.587233,51.383545,45,3,3,4,15/02/2015,1,1899-12-30 13:50:00,514,E10000030,1,3,3,50,0,-1,-1,0,0,0,1,1,1,0,0,2,1,E01030692,2.0,2.0,2.0,39.0,7.0,3.0,0.0,0.0,1.0,0.0,0.0,9.0,1.0,9.0
9948,201531A060315,2,21,1,18,0,0,0,0,0,0,1,2,1,1,49,8,-1,-1,-1,-1,-1,-1,1,2,450354.0,358569.0,-1.249032,53.121925,31,3,2,1,42189,3,1899-12-30 16:35:00,340,E10000024,3,38,6,50,0,-1,-1,0,0,5,1,1,1,0,0,1,1,E01027972,,,,,,,,,,,,,,
9949,201531C155715,1,11,0,2,0,8,0,0,0,0,4,1,1,1,53,8,9000,2,11,-1,1,-1,1,1,458462.0,341164.0,-1.131042,52.964662,31,3,1,1,42101,7,1899-12-30 11:10:00,346,E06000018,6,0,6,30,3,4,6,0,0,0,1,1,1,0,0,1,2,E01013959,1.0,2.0,2.0,75.0,10.0,3.0,0.0,0.0,0.0,1.0,0.0,11.0,1.0,1.0
9950,2015051503074,2,11,0,18,0,8,0,0,0,0,3,1,1,1,33,6,6696,2,-1,-1,1,-1,2,2,343283.0,391145.0,-2.854765,53.414048,5,3,2,2,25/11/2015,4,1899-12-30 10:20:00,90,E08000011,6,0,6,30,6,4,6,0,0,0,1,1,1,0,0,1,1,E01006474,2.0,1.0,1.0,33.0,6.0,3.0,0.0,0.0,0.0,0.0,0.0,11.0,1.0,3.0
9951,2015471505224,2,8,0,16,0,0,0,0,0,0,1,1,1,1,49,8,1997,2,7,-1,1,-1,5,2,571846.0,109303.0,0.440258,50.857708,47,3,2,5,42317,6,1899-12-30 08:00:00,555,E10000011,6,0,6,60,0,-1,-1,0,0,0,1,1,1,0,0,2,1,E01021138,3.0,2.0,2.0,49.0,8.0,3.0,0.0,0.0,2.0,0.0,0.0,8.0,1.0,6.0
9952,2015440170847,1,9,0,18,0,2,0,0,0,0,4,1,6,3,-1,-1,-1,-1,-1,-1,-1,-1,1,1,418824.0,97908.0,-1.734368,50.780446,44,3,1,1,21/05/2015,5,1899-12-30 08:30:00,496,E10000014,6,0,6,30,3,4,6,0,0,0,1,1,1,0,0,2,2,E01022994,1.0,3.0,2.0,34.0,6.0,3.0,6.0,8.0,0.0,0.0,0.0,0.0,2.0,10.0
9953,2015450021385,2,1,0,5,0,1,0,0,0,0,0,1,6,1,17,4,-1,-1,-1,-1,1,-1,2,2,500494.0,157480.0,-0.559683,51.307575,45,3,2,2,25/01/2015,1,1899-12-30 14:38:00,518,E10000030,3,247,6,30,3,4,6,0,0,0,1,1,2,0,0,1,1,E01030971,,,,,,,,,,,,,,
9954,2015030002888,1,4,0,18,0,0,1,0,0,0,4,1,6,1,28,6,124,1,14,-1,1,-1,1,3,320740.0,469460.0,-3.213989,54.114879,3,3,3,1,23/11/2015,2,1899-12-30 17:01:00,61,E10000006,6,0,6,30,0,-1,-1,0,0,8,4,2,2,0,0,1,1,E01019168,1.0,1.0,1.0,28.0,6.0,3.0,0.0,0.0,0.0,0.0,0.0,4.0,1.0,2.0
9955,201523S030203,2,9,0,18,0,8,1,0,0,0,1,1,6,2,40,7,-1,-1,-1,-1,-1,-1,1,2,434413.0,260328.0,-1.497454,52.240071,23,3,2,1,28/02/2015,7,1899-12-30 16:00:00,293,E10000031,4,4455,6,50,6,4,6,0,0,0,1,1,1,0,0,2,1,E01031199,,,,,,,,,,,,,,
9956,201520H003925,2,8,0,18,0,8,0,0,0,0,1,1,1,1,34,6,1896,2,8,-1,1,-1,1,3,399840.0,303040.0,-2.003798,52.625121,20,3,3,1,29/04/2015,4,1899-12-30 08:15:00,307,E08000030,3,34,6,30,3,4,6,0,0,0,1,2,2,0,0,1,1,E01010297,1.0,1.0,1.0,34.0,6.0,3.0,0.0,0.0,0.0,0.0,0.0,8.0,1.0,3.0
9957,2015610070915,2,9,0,18,0,4,0,0,0,0,0,1,6,1,-1,-1,-1,-1,-1,-1,-1,-1,1,2,334255.0,186874.0,-2.950134,51.576879,61,3,2,1,27/10/2015,3,1899-12-30 19:10:00,733,W06000022,3,4,1,50,1,4,6,0,0,0,4,1,1,0,0,1,2,W01001646,,,,,,,,,,,,,,
9958,201597AC00412,2,9,0,18,0,1,0,0,0,0,1,1,6,1,18,4,1229,1,-1,-1,1,-1,3,2,257196.0,665140.0,-4.28309,55.858233,97,3,2,3,42259,4,1899-12-30 20:20:00,926,S12000043,6,0,3,30,3,4,6,0,0,0,4,2,2,0,0,1,2,,1.0,2.0,1.0,14.0,3.0,3.0,0.0,0.0,1.0,0.0,0.0,9.0,1.0,-1.0
9959,2015471600673,2,9,0,18,0,8,0,0,0,0,1,1,6,2,32,6,1248,1,1,-1,1,-1,1,2,515090.0,104958.0,-0.367072,50.832723,47,3,2,1,42072,5,1899-12-30 08:18:00,564,E10000032,6,0,6,30,3,4,6,0,0,0,1,1,1,0,0,1,1,E01031781,1.0,1.0,2.0,32.0,6.0,3.0,0.0,0.0,0.0,0.0,0.0,9.0,1.0,7.0
9960,201504WB15313,1,9,0,18,0,0,0,0,0,0,1,1,6,2,79,11,1124,1,10,-1,2,-1,1,2,349500.0,469900.0,-2.774159,54.122467,4,3,2,1,27/08/2015,5,1899-12-30 09:45:00,76,E10000017,3,6,6,30,0,-1,-1,0,0,0,1,1,1,0,0,2,1,E01025096,1.0,1.0,2.0,79.0,11.0,3.0,0.0,0.0,0.0,0.0,0.0,9.0,2.0,6.0
9961,2015621501357,1,9,0,18,0,0,0,0,1,11,4,1,6,2,21,5,-1,-1,-1,-1,1,-1,1,1,316760.0,170647.0,-3.19871,51.428691,62,3,1,1,16/08/2015,1,1899-12-30 00:37:00,746,W06000014,6,0,6,60,0,-1,-1,0,0,0,6,1,1,0,0,2,1,W01001115,2.0,2.0,2.0,23.0,5.0,3.0,0.0,0.0,1.0,0.0,0.0,9.0,1.0,-1.0
9962,2015320037442,1,9,0,5,9,6,0,0,0,0,1,1,6,1,80,11,-1,-1,-1,-1,2,-1,1,1,530799.0,338432.0,-0.055652,52.927373,32,3,1,1,26/05/2015,3,1899-12-30 18:30:00,350,E10000019,5,758,6,30,8,4,6,0,0,0,1,1,1,0,0,2,1,E01026020,1.0,3.0,1.0,16.0,4.0,3.0,6.0,9.0,0.0,0.0,0.0,0.0,-1.0,-1.0
9963,2015530209375,1,9,0,16,0,0,0,0,0,0,1,1,6,1,28,6,1968,2,2,-1,-1,-1,1,1,383237.0,218639.0,-2.244851,51.866074,53,3,1,1,42158,6,1899-12-30 15:50:00,623,E10000013,5,8014,6,20,0,-1,-1,0,0,0,1,1,1,0,0,1,1,E01032937,1.0,3.0,1.0,35.0,6.0,3.0,5.0,3.0,0.0,0.0,0.0,0.0,1.0,1.0
9964,2015460260290,2,9,0,4,0,1,0,0,0,0,2,1,6,1,22,5,999,1,-1,-1,1,-1,2,2,573170.0,169311.0,0.487859,51.396405,46,3,2,2,42316,3,1899-12-30 19:53:00,544,E06000035,3,2,6,30,3,4,6,0,0,0,1,2,2,0,0,1,1,E01016154,2.0,2.0,2.0,22.0,5.0,3.0,0.0,0.0,2.0,0.0,0.0,9.0,1.0,8.0
9965,2015051501874,1,9,0,9,0,6,0,0,0,0,4,1,1,1,54,8,1910,2,6,-1,1,-1,1,2,335098.0,390337.0,-2.977722,53.405841,5,3,2,1,31/07/2015,6,1899-12-30 22:35:00,91,E08000012,6,0,2,30,3,4,6,0,0,0,4,1,2,0,0,1,1,E01033760,,,,,,,,,,,,,,
9966,2015051502927,2,9,0,18,0,0,0,0,0,0,1,1,3,2,32,6,1149,1,15,-1,1,-1,3,2,357365.0,396139.0,-2.643599,53.460263,5,3,2,3,17/11/2015,3,1899-12-30 08:10:00,92,E08000013,4,5209,6,30,0,-1,-1,0,0,0,1,1,2,0,0,1,1,E01006867,1.0,1.0,2.0,32.0,6.0,3.0,0.0,0.0,0.0,0.0,0.0,9.0,1.0,7.0
9967,2015471501745,3,21,0,2,0,0,0,0,0,0,0,1,1,3,-1,-1,7146,2,2,-1,-1,-1,1,3,488078.0,120435.0,-0.746804,50.976601,47,3,3,1,26/03/2015,5,1899-12-30 15:30:00,559,E10000032,6,0,6,30,0,-1,-1,0,0,0,1,1,1,0,6,2,1,E01031512,,,,,,,,,,,,,,
9968,201501TX20431,1,9,0,5,0,2,0,0,0,0,3,1,6,1,24,5,1242,1,14,-1,1,-1,1,2,510280.0,172520.0,-0.414684,51.440948,1,3,2,1,14/06/2015,1,1899-12-30 17:25:00,25,E09000018,3,244,6,30,3,2,6,0,0,5,1,1,1,0,0,1,1,E01002598,1.0,1.0,1.0,24.0,5.0,3.0,0.0,0.0,0.0,0.0,0.0,9.0,1.0,4.0
9969,2015521504294,1,9,0,9,0,5,0,0,0,0,1,1,6,3,-1,-1,-1,-1,-1,-1,-1,-1,1,1,358857.0,172879.0,-2.593501,51.453388,52,3,1,1,25/04/2015,7,1899-12-30 23:35:00,601,E06000023,4,4053,6,20,3,4,6,0,0,1,4,2,2,0,0,1,1,E01014540,1.0,3.0,1.0,36.0,7.0,3.0,1.0,9.0,0.0,0.0,0.0,0.0,1.0,1.0
9970,201523M065377,2,9,0,4,0,0,0,0,0,0,2,1,2,2,56,9,2967,2,1,-1,1,-1,2,2,434565.0,285069.0,-1.49269,52.462478,23,3,2,2,42250,2,1899-12-30 07:55:00,291,E10000031,1,6,3,70,0,-1,-1,0,0,0,1,1,1,0,0,2,1,E01032588,2.0,2.0,1.0,58.0,9.0,3.0,0.0,0.0,1.0,0.0,0.0,9.0,1.0,7.0
9971,2015300016836,1,9,0,18,0,0,0,0,0,0,1,1,6,1,31,6,1590,1,17,-1,1,-1,2,2,435740.0,336320.0,-1.469848,52.923111,30,3,2,2,21/11/2015,7,1899-12-30 11:00:00,323,E06000015,3,601,3,40,0,-1,-1,0,0,0,1,4,1,0,0,2,1,E01033166,,,,,,,,,,,,,,
9972,201534NC05305,1,9,0,9,0,8,0,0,0,0,1,1,3,1,32,6,3199,1,15,-1,1,-1,1,2,488503.0,289409.0,-0.697818,52.495419,34,3,2,1,42038,2,1899-12-30 09:00:00,380,E10000021,6,5082,6,30,3,4,6,5108,0,1,1,3,2,0,0,1,1,E01026952,,,,,,,,,,,,,,
9973,2015215000763,1,9,0,7,0,2,1,0,0,0,1,1,6,1,43,7,-1,-1,-1,-1,1,-1,1,2,384867.0,341894.0,-2.226801,52.974181,21,3,2,1,42187,7,1899-12-30 20:25:00,255,E10000028,1,6,7,70,3,4,1,6,0,0,4,7,2,0,0,2,1,E01029748,,,,,,,,,,,,,,
9974,201542I297409,3,21,1,4,0,0,0,0,0,0,2,1,1,1,53,8,-1,-1,-1,-1,1,-1,2,3,559620.0,188687.0,0.302011,51.574455,42,3,3,2,17/09/2015,5,1899-12-30 08:41:00,452,E10000012,3,127,3,70,0,-1,-1,0,0,0,1,1,1,0,0,2,1,E01021473,,,,,,,,,,,,,,
9975,201523M425485,4,9,0,4,0,0,0,0,0,0,2,1,2,1,45,7,1598,2,-1,-1,2,-1,1,7,422391.0,298250.0,-1.670983,52.581604,23,3,7,1,42251,5,1899-12-30 17:28:00,290,E10000031,1,42,3,70,0,-1,-1,0,0,0,1,1,1,0,0,2,1,E01031031,,,,,,,,,,,,,,
9976,201520M012725,2,9,0,18,0,8,0,4,7,0,1,1,6,2,34,6,1560,2,9,-1,1,-1,1,4,433720.0,276950.0,-1.505943,52.389543,20,3,4,1,14/08/2015,6,1899-12-30 21:00:00,302,E08000026,6,0,6,30,6,4,6,0,0,0,4,1,1,0,0,1,1,E01009552,,,,,,,,,,,,,,
9977,201597GA01303,1,9,0,18,0,8,0,0,0,0,1,1,6,2,18,4,998,1,8,-1,1,-1,2,2,255413.0,664258.0,-4.31108,55.849784,97,3,2,2,42341,5,1899-12-30 15:00:00,926,S12000043,3,8,3,30,6,2,4,768,0,5,1,2,2,1,0,1,1,,1.0,2.0,2.0,19.0,4.0,3.0,0.0,0.0,2.0,0.0,0.0,9.0,1.0,4.0
9978,201597GA70601,2,19,0,3,0,0,0,0,0,0,2,1,1,1,21,5,1598,2,1,-1,-1,-1,1,2,254922.0,664337.0,-4.318958,55.850345,97,3,2,1,15/01/2015,5,1899-12-30 09:10:00,926,S12000043,1,8,3,50,0,-1,-1,0,0,0,1,4,2,0,0,1,1,,,,,,,,,,,,,,,
9979,2015471502182,1,9,0,3,0,1,0,0,0,0,1,1,6,2,70,10,-1,-1,-1,-1,2,-1,2,2,578383.0,108842.0,0.532817,50.851589,47,3,2,2,19/04/2015,1,1899-12-30 13:30:00,552,E10000011,6,0,6,30,3,2,3,259,0,5,1,1,1,0,0,1,2,E01021016,,,,,,,,,,,,,,
9980,201501BS70129,2,1,0,18,0,8,0,0,0,0,4,1,6,2,17,4,-1,-1,-1,-1,-1,-1,1,2,525940.0,178590.0,-0.187321,51.492238,1,3,2,1,16/03/2015,2,1899-12-30 08:15:00,12,E09000020,5,0,1,30,2,4,6,0,0,0,1,2,2,0,0,1,1,E01002834,1.0,1.0,2.0,17.0,4.0,3.0,0.0,0.0,0.0,0.0,0.0,1.0,-1.0,-1.0
9981,2015440081323,2,1,0,18,0,1,0,0,0,0,1,1,2,2,55,8,-1,-1,-1,-1,2,-1,1,2,438834.0,118220.0,-1.448407,50.962101,44,3,2,1,42250,2,1899-12-30 17:45:00,501,E10000014,6,0,6,60,8,4,6,0,0,0,1,1,2,0,0,2,1,E01023171,1.0,1.0,2.0,55.0,8.0,3.0,0.0,0.0,0.0,0.0,0.0,1.0,2.0,10.0
9982,2015100057215,3,9,0,18,0,1,0,0,0,0,3,1,6,1,20,4,1895,1,14,-1,1,-1,1,3,424739.0,562473.0,-1.615224,54.956289,10,3,3,1,28/01/2015,4,1899-12-30 08:40:00,146,E08000020,6,326,6,30,6,4,6,4174,0,0,1,5,2,0,0,2,1,E01008170,,,,,,,,,,,,,,
9983,2015132BQ0268,2,9,0,18,0,0,0,0,0,0,2,1,2,1,26,6,1600,1,13,-1,1,-1,1,3,424124.0,428117.0,-1.635661,53.748871,13,3,3,1,26/11/2015,5,1899-12-30 08:49:00,204,E08000035,3,62,3,40,0,-1,-1,0,0,0,4,1,1,0,0,1,2,E01011523,1.0,1.0,1.0,26.0,6.0,3.0,0.0,0.0,0.0,0.0,0.0,9.0,1.0,5.0
9984,2015331500957,1,9,0,17,0,1,0,0,1,9,4,1,1,2,35,6,1598,1,13,-1,1,-1,2,1,483933.0,319347.0,-0.757517,52.765212,33,3,1,2,42314,5,1899-12-30 04:49:00,365,E10000018,5,7312,6,60,3,4,6,8747,0,0,1,1,1,0,0,2,1,E01025912,2.0,2.0,1.0,25.0,5.0,3.0,0.0,0.0,2.0,0.0,0.0,9.0,-1.0,-1.0
9985,2015100740915,2,1,0,18,0,8,0,0,0,0,1,1,6,1,21,5,-1,-1,-1,-1,-1,-1,1,2,426315.0,562294.0,-1.590632,54.9546,10,3,2,1,30/11/2015,2,1899-12-30 20:08:00,146,E08000020,6,4177,6,30,3,4,6,4177,0,0,4,1,1,0,0,1,2,E01008165,1.0,1.0,1.0,21.0,5.0,3.0,0.0,0.0,0.0,0.0,0.0,1.0,-1.0,-1.0
9986,2015120044681,2,9,0,8,0,1,0,0,0,0,1,1,6,2,80,11,1360,1,8,-1,3,-1,1,2,473238.0,467103.0,-0.881671,54.094626,12,3,2,1,18/03/2015,4,1899-12-30 09:10:00,185,E10000023,5,91,6,60,3,4,3,64,0,0,1,1,1,0,0,2,2,E01027778,,,,,,,,,,,,,,
9987,201563AC22815,2,19,0,17,0,0,1,0,0,0,1,1,1,1,47,8,-1,-1,-1,-1,-1,-1,1,2,219200.0,224220.0,-4.628575,51.887139,63,3,2,1,42223,4,1899-12-30 11:45:00,751,W06000010,6,0,6,60,0,-1,-1,0,0,0,1,1,1,0,0,2,1,W01000674,1.0,1.0,1.0,47.0,8.0,3.0,0.0,0.0,0.0,0.0,0.0,19.0,-1.0,-1.0
9988,2015950003288,2,9,0,4,0,1,0,0,0,0,2,1,2,1,30,6,1398,1,-1,-1,3,-1,2,2,327591.0,665388.0,-3.15887,55.876187,95,3,2,2,13/07/2015,2,1899-12-30 17:30:00,929,S12000019,3,768,6,30,3,4,6,0,0,0,1,1,2,0,0,2,1,,2.0,1.0,1.0,30.0,6.0,3.0,0.0,0.0,0.0,0.0,0.0,9.0,3.0,-1.0
9989,201501ZD30750,1,3,0,18,0,8,0,0,0,0,3,1,6,1,49,8,125,1,1,-1,-1,-1,1,2,531220.0,168030.0,-0.115222,51.396139,1,3,2,1,42317,6,1899-12-30 15:08:00,20,E09000008,3,23,6,30,3,4,6,0,0,0,1,1,1,0,0,1,1,E01001183,1.0,1.0,1.0,49.0,8.0,3.0,0.0,0.0,0.0,0.0,0.0,3.0,-1.0,-1.0
9990,2015210031276,2,9,0,10,0,1,0,0,0,0,2,1,6,1,48,8,1994,1,20,-1,1,-1,1,2,393978.0,313852.0,-2.090597,52.722283,21,3,2,1,27/10/2015,3,1899-12-30 08:05:00,254,E10000028,4,5012,6,60,3,4,5,32,0,0,1,1,1,0,0,2,2,E01029655,,,,,,,,,,,,,,
9991,201536T150191,2,2,0,10,0,1,0,0,0,0,1,1,6,1,20,4,125,1,-1,-1,1,-1,1,2,625306.0,310627.0,1.329075,52.646557,36,3,2,1,14/11/2015,7,1899-12-30 16:50:00,404,E10000020,5,283,6,30,3,4,6,0,0,0,4,2,2,0,0,1,1,E01026805,1.0,1.0,1.0,20.0,4.0,3.0,0.0,0.0,0.0,0.0,0.0,2.0,1.0,2.0
9992,2015120223962,2,9,0,18,0,0,0,0,0,0,1,1,6,3,17,4,1242,1,-1,-1,1,-1,1,2,454936.0,430763.0,-1.167994,53.770321,12,3,2,1,18/12/2015,6,1899-12-30 11:34:00,187,E10000023,3,63,6,30,0,-1,-1,0,0,0,1,1,1,0,0,2,1,E01027893,,,,,,,,,,,,,,
9993,2015132BB1413,1,9,0,18,0,8,0,0,0,0,1,1,6,1,41,7,1998,2,11,-1,1,-1,2,2,436092.0,434828.0,-1.453401,53.808498,13,3,2,2,42319,4,1899-12-30 18:41:00,204,E08000035,6,0,1,30,1,4,6,0,0,0,4,5,2,0,0,1,1,E01011666,,,,,,,,,,,,,,
9994,2015555997639,1,9,0,18,0,6,0,0,0,0,3,1,6,1,31,6,1396,1,13,-1,1,-1,2,2,399059.0,93272.0,-2.0147,50.739057,55,3,2,2,13/01/2015,3,1899-12-30 16:50:00,644,E10000009,3,35,6,60,3,4,4,3067,0,0,4,1,2,0,0,2,1,E01020471,1.0,1.0,1.0,31.0,6.0,3.0,0.0,0.0,0.0,0.0,0.0,9.0,1.0,7.0
9995,2015100752515,1,11,0,18,0,8,0,0,0,0,0,1,1,1,55,8,9360,2,1,-1,1,-1,1,1,425439.0,563510.0,-1.604202,54.965573,10,3,1,1,42136,7,1899-12-30 12:45:00,146,E08000020,6,4842,6,30,5,2,6,4842,0,0,1,9,1,0,0,1,2,E01008166,1.0,2.0,1.0,11.0,3.0,3.0,0.0,0.0,0.0,4.0,0.0,11.0,1.0,1.0
9996,201520H009295,2,9,0,18,0,0,1,7,4,0,2,1,6,2,33,6,998,1,6,-1,1,-1,1,3,404040.0,306500.0,-1.941711,52.656212,20,3,3,1,42226,5,1899-12-30 16:30:00,307,E08000030,3,5,3,40,0,-1,-1,0,0,0,1,1,1,0,0,2,1,E01010303,1.0,1.0,2.0,33.0,6.0,3.0,0.0,0.0,0.0,0.0,0.0,9.0,1.0,3.0
9997,201501EK40556,1,4,0,17,0,2,0,0,0,0,1,1,2,1,30,6,885,1,18,-1,1,-1,2,2,530660.0,181710.0,-0.118217,51.519206,1,3,2,2,42223,4,1899-12-30 09:18:00,2,E09000007,6,0,2,30,3,4,6,0,0,0,1,1,1,0,0,1,1,E01000914,1.0,1.0,1.0,30.0,6.0,3.0,0.0,0.0,0.0,0.0,0.0,4.0,1.0,6.0
9998,201520W043415,2,9,0,18,0,8,0,0,0,0,3,1,6,2,-1,-1,1398,1,3,-1,1,-1,1,2,406540.0,287770.0,-1.905116,52.487809,20,3,2,1,42192,3,1899-12-30 13:13:00,300,E08000025,4,4100,6,30,6,4,6,0,0,4,1,1,1,0,0,1,1,E01033623,,,,,,,,,,,,,,
9999,2015300013723,1,1,0,5,0,0,0,0,0,0,2,1,1,1,47,8,-1,-1,-1,-1,1,-1,1,2,435190.0,335510.0,-1.478116,52.915866,30,3,2,1,42221,6,1899-12-30 15:10:00,323,E06000015,6,0,6,30,0,-1,-1,0,0,0,1,2,2,0,0,1,1,E01013480,1.0,1.0,1.0,47.0,8.0,3.0,0.0,0.0,0.0,0.0,0.0,1.0,1.0,1.0
10000,201501WW50881,1,9,0,18,0,2,0,0,0,0,1,1,6,1,52,8,1587,1,12,-1,1,-1,1,2,528080.0,176630.0,-0.157223,51.474143,1,3,2,1,42073,7,1899-12-30 19:55:00,10,E09000032,3,3205,6,30,3,4,6,0,0,0,4,1,1,0,0,1,1,E01004539,1.0,2.0,2.0,-1.0,-1.0,3.0,0.0,0.0,1.0,0.0,0.0,9.0,-1.0,-1.0
10001,201501LX51322,1,9,0,18,0,8,0,0,0,0,1,1,6,2,48,8,1242,1,6,-1,1,-1,2,2,530370.0,172910.0,-0.125639,51.44019,1,3,2,2,25/11/2015,4,1899-12-30 05:45:00,9,E09000022,3,23,3,30,6,2,6,0,0,5,4,1,1,0,0,1,1,E01003130,1.0,1.0,2.0,48.0,8.0,3.0,0.0,0.0,0.0,0.0,0.0,9.0,1.0,1.0
10002,201514K197315,2,9,0,13,0,0,0,0,0,0,1,1,6,3,-1,-1,1896,2,12,-1,-1,-1,2,2,441746.0,386617.0,-1.373982,53.374769,14,3,2,2,15/08/2015,7,1899-12-30 20:52:00,215,E08000019,4,6066,6,30,0,-1,-1,0,0,0,4,9,1,0,0,2,2,E01007911,,,,,,,,,,,,,,
10003,2015331500511,3,9,0,18,0,1,0,0,0,0,1,1,6,2,45,7,1388,1,6,-1,1,-1,1,4,462799.0,304807.0,-1.073451,52.637386,33,3,4,1,42281,6,1899-12-30 11:19:00,364,E06000016,5,1449,6,30,6,2,3,47,0,5,1,1,1,0,0,1,1,E01013671,1.0,1.0,2.0,45.0,7.0,3.0,0.0,0.0,0.0,0.0,0.0,9.0,1.0,4.0
10004,201506E097143,1,9,0,18,0,1,0,0,0,0,1,1,6,1,27,6,1229,1,5,-1,-1,-1,2,2,382150.0,389210.0,-2.269921,53.39941,6,3,2,2,42006,1,1899-12-30 11:20:00,102,E08000003,3,560,6,30,1,4,3,560,0,0,1,1,1,0,0,1,2,E01005112,,,,,,,,,,,,,,
10005,201501TX20490,1,9,0,18,0,8,0,0,0,0,1,1,2,2,27,6,1598,1,11,-1,1,-1,3,3,513680.0,176820.0,-0.364405,51.478925,1,3,3,3,42254,5,1899-12-30 20:05:00,25,E09000018,3,4,3,40,6,2,3,3005,0,5,1,1,1,0,0,1,1,E01002630,1.0,1.0,2.0,27.0,6.0,3.0,0.0,0.0,0.0,0.0,0.0,9.0,1.0,3.0
10006,201550CB2G002,1,9,0,17,0,0,5,0,2,10,1,1,1,1,60,9,1591,1,5,-1,1,-1,1,1,256510.0,135559.0,-4.05078,51.101327,50,3,1,1,28/08/2015,6,1899-12-30 08:02:00,582,E10000008,4,3230,6,60,0,-1,-1,0,0,0,1,1,1,0,0,2,1,E01020127,1.0,1.0,1.0,60.0,9.0,3.0,0.0,0.0,0.0,0.0,0.0,9.0,1.0,1.0
10007,2015471506592,2,9,0,18,0,8,0,0,0,0,3,1,6,2,83,11,1199,1,16,-1,1,-1,2,2,561307.0,99781.0,0.286466,50.775183,47,3,2,2,42227,1,1899-12-30 11:15:00,551,E10000011,3,2021,1,30,1,4,3,2040,0,0,1,1,1,0,0,1,1,E01020966,2.0,2.0,2.0,70.0,10.0,3.0,0.0,0.0,1.0,0.0,0.0,9.0,1.0,7.0
10008,201501ZT80225,2,9,0,18,0,2,0,0,0,0,1,1,6,1,27,6,998,1,6,-1,1,-1,1,2,523640.0,165980.0,-0.224832,51.379416,1,3,2,1,42315,7,1899-12-30 11:40:00,21,E09000029,6,0,6,30,3,4,6,0,0,0,1,1,1,0,0,1,1,E01004196,,,,,,,,,,,,,,
10009,2015320067207,2,9,0,18,0,8,0,0,0,0,1,1,6,2,34,6,1995,2,-1,-1,1,-1,1,2,483674.0,376125.0,-0.746654,53.275516,32,3,2,1,25/07/2015,7,1899-12-30 14:13:00,356,E10000019,3,1133,6,30,8,4,6,0,0,0,1,1,1,0,0,2,1,E01026409,,,,,,,,,,,,,,
10010,201522E501855,3,17,4,18,0,8,0,0,0,0,3,1,1,3,-1,-1,-1,-1,-1,-1,-1,-1,1,3,340140.0,262020.0,-2.878309,52.253082,22,3,3,1,23/05/2015,7,1899-12-30 14:25:00,285,E06000019,4,4362,9,30,9,4,6,0,0,0,1,1,1,0,0,2,2,E01014055,,,,,,,,,,,,,,
10011,201542I322510,1,9,0,9,0,8,0,0,0,0,3,1,1,2,59,9,1794,1,14,-1,2,-1,1,2,611260.0,223430.0,1.067256,51.869421,42,3,2,1,42348,2,1899-12-30 12:58:00,461,E10000012,3,133,6,60,3,4,6,0,0,0,1,1,1,0,0,2,1,E01021993,1.0,1.0,2.0,59.0,9.0,3.0,0.0,0.0,0.0,0.0,0.0,9.0,2.0,6.0
10012,201531D183015,2,9,0,4,0,0,0,0,0,0,2,1,6,1,32,6,1596,1,10,-1,1,-1,1,2,455681.0,354219.0,-1.170194,53.082298,31,3,2,1,42256,4,1899-12-30 17:50:00,343,E10000024,3,60,6,40,0,-1,-1,0,0,0,1,1,1,0,0,2,1,E01028200,1.0,1.0,1.0,32.0,6.0,3.0,0.0,0.0,0.0,0.0,0.0,9.0,1.0,1.0
10013,201501XD80432,1,19,0,18,0,8,0,0,0,0,1,1,6,1,52,8,-1,-1,-1,-1,1,-1,2,2,513090.0,181920.0,-0.371264,51.524881,1,3,2,2,26/05/2015,3,1899-12-30 15:20:00,27,E09000009,6,0,6,30,6,4,6,0,0,0,1,1,1,0,0,1,1,E01001295,1.0,1.0,1.0,52.0,8.0,3.0,0.0,0.0,0.0,0.0,0.0,19.0,1.0,5.0