,accident_index,vehicle_reference,vehicle_type,towing_and_articulation,vehicle_manoeuvre,vehicle_location-restricted_lane,junction_location,skidding_and_overturning,hit_object_in_carriageway,vehicle_leaving_carriageway,hit_object_off_carriageway,1st_point_of_impact,was_vehicle_left_hand_drive?,journey_purpose_of_driver,sex_of_driver,age_of_driver,age_band_of_driver,engine_capacity_(cc),propulsion_code,age_of_vehicle,driver_imd_decile,driver_home_area_type,vehicle_imd_decile,NUmber_of_Casualities_unique_to_accident_index,No_of_Vehicles_involved_unique_to_accident_index,location_easting_osgr,location_northing_osgr,longitude,latitude,police_force,accident_severity,number_of_vehicles,number_of_casualties,date,day_of_week,time,local_authority_(district),local_authority_(highway),1st_road_class,1st_road_number,road_type,speed_limit,junction_detail,junction_control,2nd_road_class,2nd_road_number,pedestrian_crossing-human_control,pedestrian_crossing-physical_facilities,light_conditions,weather_conditions,road_surface_conditions,special_conditions_at_site,carriageway_hazards,urban_or_rural_area,did_police_officer_attend_scene_of_accident,lsoa_of_accident_location,casualty_reference,casualty_class,sex_of_casualty,age_of_casualty,age_band_of_casualty,casualty_severity,pedestrian_location,pedestrian_movement,car_passenger,bus_or_coach_passenger,pedestrian_road_maintenance_worker,casualty_type,casualty_home_area_type,casualty_imd_decile
10014,2015440231629,2,20,0,18,0,0,0,0,0,0,3,1,6,3,-1,-1,-1,-1,-1,-1,-1,-1,1,2,475083.0,132325.0,-0.929406,51.085338,44,3,2,1,42192,3,1899-12-30 08:25:00,497,E10000014,4,3006,6,60,0,-1,-1,0,0,0,1,1,1,0,0,2,2,E01022631,,,,,,,,,,,,,,
10015,201591NH05786,1,20,0,18,0,0,0,0,1,0,1,1,1,1,51,8,4461,2,5,-1,3,-1,1,1,137697.0,953214.0,-6.48993,58.388467,91,3,1,1,26/10/2015,2,1899-12-30 13:00:00,941,S12000013,3,857,6,60,0,-1,-1,0,0,0,1,1,1,0,0,2,1,,1.0,1.0,1.0,51.0,8.0,3.0,0.0,0.0,0.0,0.0,0.0,20.0,3.0,-1.0
10016,201597BF01503,1,9,0,18,0,0,0,0,0,0,4,1,6,1,38,7,2497,2,6,-1,1,-1,1,1,253455.0,672834.0,-4.346971,55.926182,97,3,1,1,14/03/2015,7,1899-12-30 12:05:00,920,S12000009,3,810,6,30,0,-1,-1,0,0,4,1,1,1,0,0,1,1,,1.0,3.0,2.0,56.0,9.0,3.0,5.0,1.0,0.0,0.0,0.0,0.0,1.0,-1.0
10017,201563AC07715,1,9,0,7,0,1,0,0,0,0,1,1,6,2,81,11,-1,-1,-1,-1,2,-1,2,2,262840.0,222520.0,-3.994255,51.884319,63,3,2,2,20/03/2015,6,1899-12-30 11:53:00,751,W06000010,6,0,6,30,9,4,6,0,0,0,1,1,1,0,0,2,1,W01000677,2.0,1.0,2.0,81.0,11.0,3.0,0.0,0.0,0.0,0.0,0.0,9.0,2.0,-1.0
10018,201597GD02404,2,8,0,4,0,1,0,0,0,0,1,1,6,1,54,8,1997,2,9,-1,1,-1,3,2,258769.0,660681.0,-4.255661,55.818664,97,3,2,3,17/04/2015,6,1899-12-30 21:29:00,926,S12000043,4,766,6,30,6,2,6,0,0,4,4,1,1,0,0,1,1,,3.0,2.0,2.0,10.0,2.0,3.0,0.0,0.0,2.0,0.0,0.0,8.0,1.0,-1.0
10019,2015331500188,2,9,0,3,0,1,0,0,0,0,2,1,6,1,40,7,1349,1,3,-1,1,-1,1,3,436098.0,316900.0,-1.466665,52.74852,33,3,3,1,15/01/2015,5,1899-12-30 17:31:00,366,E10000018,5,7122,6,30,3,4,5,7116,0,0,4,1,1,0,0,1,1,E01025917,,,,,,,,,,,,,,
10020,2015460260039,2,9,0,17,0,0,0,0,1,9,3,1,6,2,44,7,1397,1,7,-1,3,-1,3,2,582240.0,144850.0,0.605625,51.173847,46,3,2,3,42255,1,1899-12-30 17:12:00,536,E10000016,5,68,6,60,0,-1,-1,0,0,0,1,1,1,0,0,2,1,E01024364,3.0,2.0,1.0,13.0,3.0,3.0,0.0,0.0,2.0,0.0,0.0,9.0,-1.0,-1.0
10021,201501YE80677,1,9,0,18,0,8,0,0,0,0,1,1,6,1,34,6,1686,2,4,-1,1,-1,2,2,533300.0,192090.0,-0.076257,51.611867,1,3,2,2,29/08/2015,7,1899-12-30 23:52:00,32,E09000010,5,0,1,30,1,4,5,0,0,0,4,2,2,0,0,1,1,E01032574,1.0,1.0,1.0,34.0,6.0,3.0,0.0,0.0,0.0,0.0,0.0,9.0,1.0,3.0
10022,201542I298009,1,9,0,18,0,1,0,0,0,0,1,1,6,1,21,5,998,1,3,-1,3,-1,1,1,567832.0,205999.0,0.428704,51.727588,42,3,1,1,23/09/2015,4,1899-12-30 17:05:00,454,E10000012,6,0,6,30,3,4,6,0,0,0,1,1,1,0,0,2,2,E01021636,1.0,3.0,2.0,-1.0,-1.0,3.0,5.0,1.0,0.0,0.0,0.0,0.0,-1.0,-1.0
10023,2015320126155,1,9,0,18,0,1,0,0,0,0,2,1,6,1,21,5,1900,2,9,-1,1,-1,2,3,490023.0,334142.0,-0.663211,52.897195,32,3,3,2,23/11/2015,2,1899-12-30 11:20:00,355,E10000019,3,1,3,70,5,4,3,607,0,0,1,1,2,0,0,1,1,E01026319,2.0,2.0,2.0,20.0,4.0,3.0,0.0,0.0,1.0,0.0,0.0,9.0,1.0,1.0
10024,201501YE80158,1,9,0,3,0,1,0,0,0,0,2,1,6,2,44,7,1998,1,10,-1,1,-1,1,2,534780.0,197470.0,-0.052826,51.65986,1,3,2,1,23/02/2015,2,1899-12-30 19:55:00,32,E09000010,5,0,6,30,2,4,6,0,0,0,1,1,1,0,0,1,2,E01001517,1.0,2.0,2.0,9.0,2.0,3.0,0.0,0.0,1.0,0.0,0.0,9.0,-1.0,-1.0
10025,201542I116504,1,9,0,9,0,4,0,0,0,0,1,1,6,2,34,6,1794,1,8,-1,2,-1,1,2,578762.0,202635.0,0.585071,51.693998,42,3,2,1,21/04/2015,3,1899-12-30 15:14:00,454,E10000012,4,1418,1,30,1,4,6,0,0,0,1,1,1,0,0,2,1,E01021533,,,,,,,,,,,,,,
10026,201560S032933,2,3,0,18,0,1,0,0,0,0,1,1,6,1,23,5,-1,-1,-1,-1,-1,-1,1,3,300062.0,375419.0,-3.499859,53.266317,60,3,3,1,42219,1,1899-12-30 16:11:00,723,W06000004,3,55,3,70,5,4,3,55,0,0,1,1,1,0,0,2,1,W01000191,1.0,1.0,1.0,23.0,5.0,3.0,0.0,0.0,0.0,0.0,0.0,3.0,-1.0,-1.0
10027,201501KD50324,2,9,0,18,0,0,0,0,0,0,2,1,6,1,27,6,-1,-1,-1,-1,1,-1,1,2,553140.0,190560.0,0.209393,51.593079,1,3,2,1,25/05/2015,2,1899-12-30 15:45:00,15,E09000016,3,12,3,50,0,-1,-1,0,0,0,1,1,1,0,0,1,1,E01002311,1.0,2.0,1.0,20.0,4.0,3.0,0.0,0.0,1.0,0.0,0.0,9.0,1.0,2.0
10028,201520W039945,2,9,0,5,0,1,0,0,0,0,2,1,6,2,28,6,1998,1,11,-1,1,-1,2,2,407460.0,290040.0,-1.891518,52.508204,20,3,2,2,28/06/2015,1,1899-12-30 16:30:00,300,E08000025,4,4140,6,30,6,2,6,0,0,0,1,1,1,0,0,1,2,E01033636,1.0,1.0,2.0,28.0,6.0,3.0,0.0,0.0,0.0,0.0,0.0,9.0,1.0,1.0
10029,201501CW10487,1,9,0,10,0,8,0,0,0,0,1,1,6,2,30,6,1598,1,8,-1,1,-1,1,2,525580.0,181720.0,-0.19139,51.520447,1,3,2,1,16/04/2015,5,1899-12-30 21:45:00,1,E09000033,3,404,6,30,6,2,3,404,0,5,4,1,1,0,0,1,1,E01032512,1.0,1.0,2.0,30.0,6.0,3.0,0.0,0.0,0.0,0.0,0.0,9.0,1.0,1.0
10030,2015132510452,2,9,0,18,0,0,0,0,1,0,3,1,6,2,52,8,1299,1,14,-1,1,-1,1,2,432759.0,416636.0,-1.505932,53.645213,13,3,2,1,42009,6,1899-12-30 10:55:00,206,E08000036,6,0,6,30,0,-1,-1,0,0,0,1,1,1,0,0,2,1,E01011940,1.0,1.0,2.0,52.0,8.0,3.0,0.0,0.0,0.0,0.0,0.0,9.0,1.0,3.0
10031,201501WW50712,2,5,0,18,0,8,0,0,0,0,1,1,6,1,52,8,1137,1,15,-1,1,-1,1,2,528010.0,172340.0,-0.159782,51.435605,1,3,2,1,21/08/2015,6,1899-12-30 16:15:00,10,E09000032,3,24,6,30,6,2,3,214,0,5,1,1,1,0,0,1,1,E01004481,1.0,1.0,1.0,52.0,8.0,3.0,0.0,0.0,0.0,0.0,0.0,5.0,1.0,3.0
10032,2015320053141,1,9,0,4,0,0,0,0,0,0,1,1,6,1,40,7,1956,2,2,-1,1,-1,6,4,528970.0,334101.0,-0.084561,52.888904,32,3,4,6,27/06/2015,7,1899-12-30 11:18:00,350,E10000019,3,16,6,60,0,-1,-1,0,0,0,1,1,1,0,0,2,1,E01026017,1.0,2.0,2.0,5.0,1.0,3.0,0.0,0.0,2.0,0.0,0.0,9.0,3.0,6.0
10033,201543P301125,2,9,0,4,0,1,0,0,0,0,2,1,6,2,47,8,1956,2,-1,-1,1,-1,3,3,444769.0,189122.0,-1.35504,51.599169,43,3,3,3,22/12/2015,3,1899-12-30 15:40:00,483,E10000025,3,417,6,40,3,4,6,0,0,0,1,5,2,7,0,2,1,E01028730,2.0,1.0,2.0,47.0,8.0,3.0,0.0,0.0,0.0,0.0,0.0,9.0,1.0,10.0
10034,201522G503346,2,9,0,4,0,1,0,0,0,0,2,1,6,2,45,7,1598,1,7,-1,3,-1,2,2,371340.0,308900.0,-2.425326,52.677037,22,3,2,2,26/08/2015,4,1899-12-30 09:05:00,284,E06000020,6,0,6,40,3,4,6,0,0,0,1,2,2,0,0,1,1,E01014192,2.0,2.0,1.0,16.0,4.0,3.0,0.0,0.0,1.0,0.0,0.0,9.0,3.0,8.0
10035,2015450023640,1,9,0,4,0,0,0,0,0,0,2,1,6,2,52,8,3498,1,8,-1,1,-1,1,2,523402.0,161339.0,-0.229859,51.337757,45,3,2,1,42008,4,1899-12-30 20:30:00,38,E10000030,5,133,6,30,0,-1,-1,0,0,0,4,1,1,0,0,1,1,E01030396,1.0,1.0,2.0,52.0,8.0,3.0,0.0,0.0,0.0,0.0,0.0,9.0,1.0,9.0
10036,2015405DA0365,1,9,0,18,0,1,5,0,7,0,1,1,6,1,86,11,1388,1,4,-1,1,-1,3,1,512999.0,243544.0,-0.352509,52.078734,40,3,1,3,13/05/2015,4,1899-12-30 11:19:00,424,E06000056,6,150,6,60,3,4,6,147,0,0,1,1,1,0,0,2,1,E01017412,1.0,1.0,1.0,86.0,11.0,3.0,0.0,0.0,0.0,0.0,0.0,9.0,1.0,-1.0
10037,201543W120075,2,3,0,18,0,8,1,0,0,0,0,1,6,1,18,4,124,1,5,-1,1,-1,1,2,471170.0,174691.0,-0.976839,51.466723,43,3,2,1,13/07/2015,2,1899-12-30 13:58:00,472,E06000038,3,329,6,30,8,4,6,0,0,0,1,8,1,0,0,1,1,E01016362,1.0,1.0,1.0,18.0,4.0,3.0,0.0,0.0,0.0,0.0,0.0,3.0,1.0,9.0
10038,2015120144799,1,9,0,18,0,3,2,0,1,4,1,1,2,1,61,9,1598,1,10,-1,2,-1,1,1,480078.0,473468.0,-0.775427,54.150802,12,3,1,1,19/08/2015,4,1899-12-30 05:11:00,185,E10000023,3,169,6,60,1,4,3,64,0,0,1,2,2,0,0,2,1,E01027787,1.0,1.0,1.0,61.0,9.0,3.0,0.0,0.0,0.0,0.0,0.0,9.0,2.0,5.0
10039,20154100G0552,1,9,0,18,0,3,0,0,0,0,3,1,6,1,43,7,1364,1,8,-1,2,-1,1,2,533422.0,240387.0,-0.055897,52.045827,41,3,2,1,14/10/2015,4,1899-12-30 07:45:00,433,E10000015,3,505,1,70,1,4,3,505,0,0,1,1,1,0,0,2,1,E01023598,1.0,2.0,1.0,35.0,6.0,3.0,0.0,0.0,1.0,0.0,0.0,9.0,1.0,5.0
10040,201543N177105,1,9,0,14,0,0,0,0,0,0,3,1,6,1,51,8,1998,2,11,-1,2,-1,1,2,489572.0,201113.0,-0.705259,51.701622,43,3,2,1,42014,5,1899-12-30 08:30:00,478,E10000002,6,60,9,20,0,-1,-1,0,0,0,1,1,1,0,0,2,2,E01017768,,,,,,,,,,,,,,
10041,2015075164559,2,19,0,3,0,1,0,0,0,0,2,1,1,1,27,6,1598,2,-1,-1,1,-1,2,2,391692.0,374042.0,-2.126011,53.263309,7,3,2,2,42283,4,1899-12-30 10:30:00,129,E06000049,3,537,6,30,6,2,3,538,0,5,1,1,1,0,0,1,2,E01018615,2.0,1.0,1.0,27.0,6.0,3.0,0.0,0.0,0.0,0.0,0.0,19.0,1.0,2.0
10042,201560S021988,1,9,0,18,0,1,0,0,0,0,1,1,6,1,30,6,-1,-1,-1,-1,-1,-1,1,2,333105.0,350552.0,-2.999334,53.048027,60,3,2,1,15/02/2015,1,1899-12-30 12:20:00,725,W06000006,3,5152,2,30,9,2,6,0,0,5,1,1,1,0,0,1,1,W01000372,,,,,,,,,,,,,,
10043,2015200034458,1,9,0,9,0,6,0,0,0,0,4,1,3,2,43,7,1997,1,12,-1,1,-1,1,2,417443.0,276902.0,-1.745116,52.389869,20,3,2,1,19/10/2015,2,1899-12-30 16:17:00,306,E08000029,6,0,6,30,8,4,6,0,0,0,1,1,1,0,0,1,1,E01010156,,,,,,,,,,,,,,
10044,201501JI40666,2,3,0,13,0,8,0,0,0,0,1,1,6,1,51,8,125,1,1,-1,-1,-1,1,2,547030.0,191740.0,0.121748,51.605308,1,3,2,1,23/09/2015,4,1899-12-30 09:18:00,14,E09000026,5,0,6,30,3,4,6,0,0,0,1,1,1,0,0,2,1,E01003640,1.0,1.0,1.0,51.0,8.0,3.0,0.0,0.0,0.0,0.0,0.0,3.0,-1.0,-1.0
10045,2015051503120,1,9,0,5,0,1,0,0,0,0,1,1,6,2,46,8,1242,1,12,-1,1,-1,1,2,351000.0,395822.0,-2.739405,53.456859,5,3,2,1,20/11/2015,6,1899-12-30 12:55:00,92,E08000013,6,0,6,30,3,4,6,0,0,0,1,2,2,0,0,1,1,,,,,,,,,,,,,,,
10046,2015610008215,1,9,0,11,0,3,0,0,0,0,3,1,2,1,47,8,-1,-1,-1,-1,2,-1,1,2,328353.0,185741.0,-3.035058,51.565973,61,3,2,1,24/02/2015,3,1899-12-30 16:05:00,733,W06000022,3,48,1,30,1,2,3,48,0,4,1,1,1,0,0,2,1,W01001913,,,,,,,,,,,,,,
10047,201506X006067,1,10,0,5,0,4,0,0,0,0,1,1,4,1,41,7,-1,-1,-1,-1,1,-1,1,2,382180.0,385220.0,-2.269243,53.363547,6,3,2,1,14/09/2015,2,1899-12-30 04:49:00,102,E08000003,5,0,1,30,1,4,6,0,0,0,4,1,1,0,0,1,1,E01005318,,,,,,,,,,,,,,
10048,201520S007845,1,9,0,4,0,8,0,0,0,0,2,1,6,1,20,4,1364,1,9,-1,1,-1,2,3,403030.0,280690.0,-1.956869,52.42419,20,3,3,2,42157,6,1899-12-30 18:50:00,300,E08000025,3,38,3,40,3,4,6,0,0,0,4,1,1,0,0,1,2,E01009493,1.0,1.0,1.0,20.0,4.0,3.0,0.0,0.0,0.0,0.0,0.0,9.0,1.0,5.0
10049,201506K006470,2,9,0,18,0,0,0,0,1,0,0,1,2,1,46,8,1995,2,8,-1,-1,-1,1,2,373520.0,406760.0,-2.401196,53.556789,6,3,2,1,28/09/2015,2,1899-12-30 18:25:00,100,E08000001,3,575,3,30,0,-1,-1,0,0,0,1,1,1,0,0,1,2,E01004814,1.0,1.0,1.0,46.0,8.0,3.0,0.0,0.0,0.0,0.0,0.0,9.0,1.0,3.0
10050,201506F096993,1,9,0,7,0,6,0,0,0,0,3,1,6,1,30,6,-1,-1,-1,-1,-1,-1,1,2,381160.0,398930.0,-2.285395,53.486743,6,3,2,1,29/01/2015,5,1899-12-30 16:40:00,107,E08000006,5,0,6,30,1,4,6,0,0,0,1,1,2,0,0,1,1,E01005655,,,,,,,,,,,,,,
10051,2015331501069,1,8,0,9,0,4,0,0,0,0,3,1,1,1,56,9,2499,2,4,-1,1,-1,1,2,460896.0,299304.0,-1.102579,52.588138,33,3,2,1,25/07/2015,7,1899-12-30 01:00:00,367,E10000018,3,5199,1,30,1,2,4,582,0,5,4,2,2,0,0,1,1,E01025999,1.0,1.0,1.0,56.0,9.0,3.0,0.0,0.0,0.0,0.0,0.0,8.0,1.0,5.0
10052,2015132AV1365,1,9,0,3,0,0,0,0,0,0,1,1,6,1,76,11,1560,2,2,-1,1,-1,1,2,421519.0,433981.0,-1.674755,53.801689,13,3,2,1,31/10/2015,7,1899-12-30 17:40:00,204,E08000035,3,647,7,70,0,-1,-1,0,0,0,4,1,2,0,0,1,1,E01011585,1.0,2.0,1.0,50.0,8.0,3.0,0.0,0.0,2.0,0.0,0.0,9.0,1.0,3.0
10053,2015350042215,1,9,0,18,0,3,1,0,1,2,1,1,6,2,19,4,993,1,13,-1,1,-1,2,1,517530.0,298630.0,-0.267189,52.572801,35,3,1,2,42067,6,1899-12-30 16:22:00,394,E06000031,3,1179,1,30,1,4,6,0,0,0,1,2,2,0,0,2,1,E01015690,2.0,2.0,2.0,17.0,4.0,3.0,0.0,0.0,1.0,0.0,0.0,9.0,1.0,8.0
10054,201501HT20788,1,9,0,7,0,8,0,7,0,0,1,1,6,1,36,7,1898,1,15,-1,1,-1,1,1,536440.0,181120.0,-0.035191,51.512539,1,3,1,1,42164,1,1899-12-30 10:12:00,5,E09000030,3,13,6,30,3,2,6,0,0,5,1,1,1,0,0,1,1,E01004254,1.0,1.0,1.0,36.0,7.0,3.0,0.0,0.0,0.0,0.0,0.0,9.0,1.0,3.0
10055,201542I070703,2,9,0,18,0,0,0,0,0,0,3,1,2,2,49,8,-1,-1,-1,-1,1,-1,1,2,573482.0,193683.0,0.504318,51.615241,42,3,2,1,42066,3,1899-12-30 08:11:00,450,E10000012,6,0,6,30,0,-1,-1,0,0,0,1,1,1,0,0,1,1,E01021333,1.0,1.0,2.0,49.0,8.0,3.0,0.0,0.0,0.0,0.0,0.0,9.0,1.0,6.0
10056,201501QK50081,1,5,0,18,0,1,0,0,0,0,4,1,6,1,39,7,599,1,8,-1,1,-1,1,2,521280.0,183730.0,-0.252644,51.53945,1,3,2,1,42096,4,1899-12-30 22:06:00,28,E09000005,3,404,6,30,3,4,6,0,0,4,4,1,1,0,0,1,1,E01000521,1.0,1.0,1.0,39.0,7.0,3.0,0.0,0.0,0.0,0.0,0.0,5.0,1.0,1.0
10057,2015460255728,1,9,0,18,0,0,0,0,0,0,1,1,6,2,55,8,2488,1,9,-1,-1,-1,1,2,585190.0,157560.0,0.654341,51.287064,46,3,2,1,22/04/2015,4,1899-12-30 18:00:00,536,E10000016,6,1401,6,30,0,-1,-1,0,0,0,1,1,1,0,0,2,2,E01024387,,,,,,,,,,,,,,
10058,2015440350657,1,9,0,18,0,0,0,0,0,0,2,1,6,1,35,6,998,1,10,-1,1,-1,1,3,444087.0,119494.0,-1.373459,50.97318,44,3,3,1,42257,6,1899-12-30 11:54:00,491,E10000014,3,335,6,30,0,-1,-1,0,0,0,1,1,1,0,0,1,2,E01022667,1.0,1.0,1.0,35.0,6.0,3.0,0.0,0.0,0.0,0.0,0.0,9.0,1.0,6.0
10059,2015350063415,2,9,0,3,0,1,0,0,0,0,2,1,6,2,62,9,-1,-1,-1,-1,1,-1,5,2,517810.0,295590.0,-0.264138,52.545424,35,3,2,5,18/03/2015,4,1899-12-30 19:16:00,394,E06000031,3,1139,1,70,1,2,3,1260,0,0,1,1,1,0,0,2,2,E01033174,1.0,1.0,2.0,62.0,9.0,3.0,0.0,0.0,0.0,0.0,0.0,9.0,1.0,2.0
10060,2015460261575,2,19,0,16,0,0,0,0,0,0,4,1,6,1,53,8,1996,2,5,-1,1,-1,1,2,563830.0,168250.0,0.353236,51.389644,46,3,2,1,21/09/2015,2,1899-12-30 18:46:00,535,E10000016,6,1791,6,60,0,-1,-1,0,0,0,1,2,2,0,0,2,1,E01024270,,,,,,,,,,,,,,
10061,201531D240615,2,9,0,18,0,0,0,0,1,0,3,1,6,1,59,9,1998,2,7,-1,1,-1,3,2,469216.0,339359.0,-0.971344,52.947161,31,3,2,3,22/10/2015,5,1899-12-30 11:19:00,347,E10000024,3,52,6,60,0,-1,-1,0,0,0,1,1,1,0,0,2,1,E01028360,2.0,1.0,1.0,59.0,9.0,3.0,0.0,0.0,0.0,0.0,0.0,9.0,1.0,1.0
10062,201563AC04215,3,9,0,18,0,0,0,0,0,0,0,1,6,3,-1,-1,-1,-1,-1,-1,-1,-1,1,3,257250.0,212050.0,-4.071095,51.788841,63,3,3,1,27/02/2015,6,1899-12-30 08:45:00,751,W06000010,6,0,6,40,0,-1,-1,0,0,0,1,1,1,0,0,2,2,W01000712,,,,,,,,,,,,,,
10063,201550FT2I040,2,9,0,9,0,6,0,0,0,0,2,1,6,2,63,9,1332,1,17,-1,1,-1,1,2,290786.0,65329.0,-3.540555,50.477573,50,3,2,1,18/10/2015,1,1899-12-30 14:30:00,587,E06000027,6,0,6,30,8,4,6,0,0,0,1,1,1,0,0,1,1,E01015258,,,,,,,,,,,,,,
10064,2015471505610,2,19,0,18,0,8,0,0,0,0,1,1,1,1,34,6,2148,2,7,-1,1,-1,2,2,540826.0,110631.0,0.000348,50.878023,47,3,2,2,27/09/2015,1,1899-12-30 07:20:00,554,E10000011,3,2029,6,30,3,4,6,0,0,0,1,1,1,0,0,1,1,E01021036,2.0,1.0,1.0,34.0,6.0,3.0,0.0,0.0,0.0,0.0,0.0,19.0,1.0,8.0
10065,2015460263041,2,9,0,18,0,2,0,0,0,0,2,1,6,1,43,7,-1,-1,-1,-1,1,-1,1,2,574950.0,162630.0,0.510135,51.335843,46,3,2,1,14/10/2015,4,1899-12-30 15:27:00,542,E10000016,1,2,7,70,1,2,6,0,0,0,1,1,1,0,0,1,1,E01024721,,,,,,,,,,,,,,
10066,201504SC15253,2,9,0,8,0,1,0,0,0,0,2,1,2,2,53,8,1299,1,8,-1,2,-1,4,2,345840.0,416970.0,-2.820777,53.646418,4,3,2,4,25/09/2015,6,1899-12-30 17:15:00,73,E10000017,3,581,6,40,3,4,3,59,0,0,1,1,1,0,0,2,1,E01025513,2.0,1.0,2.0,53.0,8.0,3.0,0.0,0.0,0.0,0.0,0.0,9.0,2.0,7.0
10067,2015460263541,1,9,0,13,0,1,1,0,0,0,4,1,6,1,31,6,2171,1,12,-1,1,-1,1,2,630190.0,147100.0,1.291919,51.176773,46,3,2,1,30/10/2015,6,1899-12-30 16:50:00,533,E10000016,3,256,3,70,3,4,6,0,0,0,4,1,4,0,0,2,1,E01024200,,,,,,,,,,,,,,
10068,2015051503195,1,1,0,18,0,1,0,0,0,0,1,1,6,1,12,3,-1,-1,-1,-1,1,-1,1,2,333356.0,400831.0,-3.006149,53.499935,5,3,2,1,42106,6,1899-12-30 15:55:00,93,E08000014,6,0,6,30,3,2,3,565,0,5,1,1,1,0,0,1,1,E01007037,1.0,1.0,1.0,12.0,3.0,3.0,0.0,0.0,0.0,0.0,0.0,1.0,1.0,3.0
10069,2015210029659,2,9,0,9,0,5,0,0,0,0,2,1,6,2,25,5,1390,1,1,-1,1,-1,1,2,392634.0,320746.0,-2.110653,52.78424,21,3,2,1,23/09/2015,4,1899-12-30 10:55:00,255,E10000028,5,375,6,30,3,4,6,31,0,0,1,1,1,0,0,1,1,E01029729,1.0,1.0,2.0,25.0,5.0,3.0,0.0,0.0,0.0,0.0,0.0,9.0,1.0,8.0
10070,201501WW50474,2,9,0,9,0,8,0,0,0,0,1,1,6,1,20,4,1229,1,11,-1,1,-1,1,2,527080.0,171010.0,-0.17363,51.423862,1,3,2,1,42344,6,1899-12-30 14:15:00,10,E09000032,5,0,6,30,3,4,6,0,0,0,1,1,1,0,0,1,1,E01004617,,,,,,,,,,,,,,
10071,2015350162515,1,2,0,9,0,6,0,0,0,0,1,1,6,1,27,6,125,1,4,-1,1,-1,1,2,546040.0,257290.0,0.13521,52.194511,35,3,2,1,22/09/2015,3,1899-12-30 12:45:00,390,E10000003,6,0,6,20,8,4,6,0,0,0,1,1,1,4,0,1,1,E01032795,,,,,,,,,,,,,,
10072,201501KD50577,1,9,0,4,0,0,0,0,0,0,0,1,6,1,25,5,1598,1,6,-1,1,-1,1,1,553930.0,191230.0,0.221083,51.598883,1,3,1,1,20/10/2015,3,1899-12-30 15:00:00,15,E09000016,6,0,6,30,0,-1,-1,0,0,0,1,9,1,0,0,1,1,E01002293,1.0,1.0,1.0,25.0,5.0,3.0,0.0,0.0,0.0,0.0,0.0,9.0,1.0,4.0
10073,2015100291015,3,9,0,2,0,8,0,0,0,0,2,1,6,3,-1,-1,1596,1,14,-1,-1,-1,2,3,434148.0,563972.0,-1.468128,54.969206,10,3,3,2,23/05/2015,7,1899-12-30 23:10:00,149,E08000023,6,3089,6,30,3,4,6,3089,0,0,4,1,2,0,0,1,1,E01008602,,,,,,,,,,,,,,
10074,201501GD10890,1,9,0,3,0,1,0,0,0,0,2,1,2,1,48,8,1968,2,-1,-1,1,-1,1,2,537340.0,185400.0,-0.020562,51.550781,1,3,2,1,42258,2,1899-12-30 01:13:00,4,E09000012,3,12,7,30,6,2,3,106,0,5,4,1,1,0,0,2,1,E01001846,1.0,1.0,1.0,48.0,8.0,3.0,0.0,0.0,0.0,0.0,0.0,9.0,1.0,2.0
10075,2015100593415,3,9,0,4,0,1,0,0,0,0,2,1,6,1,40,7,-1,-1,-1,-1,3,-1,1,3,423447.0,561323.0,-1.635492,54.946017,10,3,3,1,23/09/2015,4,1899-12-30 19:44:00,146,E08000020,3,1,3,40,3,4,3,1,0,0,1,1,1,4,0,1,2,E01008259,,,,,,,,,,,,,,
10076,2015440280598,1,11,0,18,0,8,0,2,1,1,1,1,1,1,48,8,9360,2,3,-1,1,-1,11,1,483831.0,156599.0,-0.798878,51.302351,44,3,1,11,14/08/2015,6,1899-12-30 08:00:00,494,E10000014,1,3,3,70,5,4,1,3,0,0,1,2,2,4,0,2,1,E01022846,2.0,2.0,2.0,29.0,6.0,3.0,0.0,0.0,0.0,4.0,0.0,11.0,1.0,6.0
10077,2015300016541,2,11,0,17,0,8,0,0,0,0,1,1,6,1,47,8,7300,2,6,-1,1,-1,2,2,440010.0,349790.0,-1.404678,53.043888,30,3,2,2,42046,2,1899-12-30 09:00:00,320,E10000007,4,6179,6,30,3,4,6,0,0,4,1,7,2,4,2,1,1,E01019463,1.0,1.0,1.0,47.0,8.0,3.0,0.0,0.0,0.0,0.0,0.0,11.0,1.0,6.0
10078,201550BS2B002,1,9,0,8,0,8,0,0,0,0,1,1,6,2,38,7,1229,1,4,-1,3,-1,1,2,237344.0,60638.0,-4.291161,50.423019,50,3,2,1,21/01/2015,4,1899-12-30 08:50:00,596,E06000052,3,38,3,30,3,4,6,0,0,0,1,1,1,0,0,2,2,E01018763,,,,,,,,,,,,,,
10079,201542I050302,2,1,0,18,0,0,0,0,0,0,1,1,6,1,12,3,-1,-1,-1,-1,1,-1,1,2,580288.0,183624.0,0.597358,51.522753,42,3,2,1,14/02/2015,7,1899-12-30 12:25:00,453,E10000012,4,1014,6,30,0,-1,-1,0,0,0,1,1,1,0,0,1,1,E01021498,,,,,,,,,,,,,,