,accident_index,vehicle_reference,vehicle_type,towing_and_articulation,vehicle_manoeuvre,vehicle_location-restricted_lane,junction_location,skidding_and_overturning,hit_object_in_carriageway,vehicle_leaving_carriageway,hit_object_off_carriageway,1st_point_of_impact,was_vehicle_left_hand_drive?,journey_purpose_of_driver,sex_of_driver,age_of_driver,age_band_of_driver,engine_capacity_(cc),propulsion_code,age_of_vehicle,driver_imd_decile,driver_home_area_type,vehicle_imd_decile,NUmber_of_Casualities_unique_to_accident_index,No_of_Vehicles_involved_unique_to_accident_index,location_easting_osgr,location_northing_osgr,longitude,latitude,police_force,accident_severity,number_of_vehicles,number_of_casualties,date,day_of_week,time,local_authority_(district),local_authority_(highway),1st_road_class,1st_road_number,road_type,speed_limit,junction_detail,junction_control,2nd_road_class,2nd_road_number,pedestrian_crossing-human_control,pedestrian_crossing-physical_facilities,light_conditions,weather_conditions,road_surface_conditions,special_conditions_at_site,carriageway_hazards,urban_or_rural_area,did_police_officer_attend_scene_of_accident,lsoa_of_accident_location,casualty_reference,casualty_class,sex_of_casualty,age_of_casualty,age_band_of_casualty,casualty_severity,pedestrian_location,pedestrian_movement,car_passenger,bus_or_coach_passenger,pedestrian_road_maintenance_worker,casualty_type,casualty_home_area_type,casualty_imd_decile
10213,2015621500218,2,9,0,18,0,8,0,0,7,10,4,1,6,2,82,11,-1,-1,-1,-1,1,-1,1,2,291650.0,178720.0,-3.56224,51.497003,62,3,2,1,42037,2,1899-12-30 14:22:00,740,W06000013,6,0,7,30,3,4,6,0,0,0,1,1,1,0,0,1,1,W01001003,2.0,1.0,2.0,82.0,11.0,3.0,0.0,0.0,0.0,0.0,0.0,9.0,1.0,-1.0
10214,201520Z002985,1,9,0,18,6,0,0,4,0,0,1,1,6,2,47,8,1242,1,3,-1,1,-1,1,2,415830.0,277330.0,-1.768797,52.393765,20,3,2,1,22/08/2015,7,1899-12-30 12:15:00,306,E08000029,1,42,3,70,0,-1,-1,0,0,0,1,1,1,0,0,2,1,E01010150,1.0,1.0,2.0,47.0,8.0,3.0,0.0,0.0,0.0,0.0,0.0,9.0,1.0,9.0
10215,201523S030233,2,9,0,14,0,0,1,0,0,0,1,1,1,1,28,6,-1,-1,-1,-1,1,-1,3,2,422226.0,259617.0,-1.675971,52.234303,23,3,2,3,42158,6,1899-12-30 08:09:00,293,E10000031,3,46,6,60,0,-1,-1,0,0,0,1,1,1,0,0,2,1,E01031217,2.0,1.0,1.0,28.0,6.0,3.0,0.0,0.0,0.0,0.0,0.0,9.0,1.0,5.0
10216,2015440212825,1,3,0,13,0,8,0,0,0,0,1,1,6,1,19,4,124,1,2,-1,1,-1,1,2,443096.0,104682.0,-1.389317,50.840067,44,3,2,1,23/06/2015,3,1899-12-30 12:27:00,496,E10000014,3,326,6,40,3,4,6,0,0,4,1,1,1,0,0,1,1,E01023027,1.0,1.0,1.0,19.0,4.0,3.0,0.0,0.0,0.0,0.0,0.0,3.0,1.0,2.0
10217,201506Q006124,1,9,0,18,0,8,1,10,7,1,4,1,2,2,26,6,1242,1,3,-1,1,-1,1,2,392620.0,403710.0,-2.112803,53.529995,6,3,2,1,17/09/2015,5,1899-12-30 14:20:00,104,E08000004,3,627,6,30,3,4,6,0,0,0,1,1,1,0,0,1,1,E01005434,1.0,1.0,2.0,26.0,6.0,3.0,0.0,0.0,0.0,0.0,0.0,9.0,1.0,2.0
10218,2015551501287,2,9,0,9,0,8,0,0,0,0,3,1,6,1,22,5,1596,1,9,-1,1,-1,4,2,367822.0,79370.0,-2.456151,50.613147,55,3,2,4,14/09/2015,2,1899-12-30 21:09:00,646,E10000009,5,928,6,30,3,4,6,0,0,0,1,1,2,0,0,1,2,E01020554,2.0,1.0,1.0,22.0,5.0,3.0,0.0,0.0,0.0,0.0,0.0,9.0,-1.0,-1.0
10219,2015030002101,1,9,0,18,0,0,2,0,1,9,1,1,6,1,22,5,1998,1,14,-1,-1,-1,1,1,340100.0,510750.0,-2.926169,54.488536,3,3,1,1,16/08/2015,1,1899-12-30 15:21:00,64,E10000006,3,592,6,60,0,-1,-1,0,0,0,1,1,1,0,0,2,1,E01019339,1.0,1.0,1.0,22.0,5.0,3.0,0.0,0.0,0.0,0.0,0.0,9.0,3.0,6.0
10220,2015521501980,2,9,0,3,0,0,0,0,0,0,2,1,6,1,24,5,1396,1,17,-1,1,-1,2,2,360851.0,173369.0,-2.564861,51.457936,52,3,2,2,22/02/2015,1,1899-12-30 15:05:00,601,E06000023,3,420,6,30,0,-1,-1,0,0,5,1,2,2,0,0,1,1,E01014653,1.0,2.0,2.0,20.0,4.0,3.0,0.0,0.0,1.0,0.0,0.0,9.0,-1.0,-1.0
10221,20151326C0774,1,9,0,18,0,1,0,0,0,0,1,1,2,1,18,4,1596,1,13,-1,1,-1,1,1,418518.0,432045.0,-1.720435,53.784403,13,3,1,1,42344,6,1899-12-30 13:15:00,200,E08000032,3,6177,6,30,3,4,6,0,0,0,1,1,1,0,0,1,1,E01010609,1.0,3.0,1.0,22.0,5.0,3.0,5.0,3.0,0.0,0.0,0.0,0.0,1.0,6.0
10222,2015440195504,1,9,0,18,0,8,0,0,0,0,4,1,6,1,59,9,1998,1,11,-1,1,-1,1,2,444815.0,102883.0,-1.365124,50.82376,44,3,2,1,42283,4,1899-12-30 09:00:00,496,E10000014,6,0,6,30,3,4,6,0,0,0,1,1,1,0,0,2,1,E01023029,,,,,,,,,,,,,,
10223,2015921500367,2,9,0,18,0,0,0,0,0,0,1,1,6,2,22,5,1984,1,9,-1,1,-1,1,2,393143.0,811168.0,-2.115093,57.191263,92,3,2,1,30/03/2015,2,1899-12-30 12:15:00,910,S12000033,6,0,6,30,0,-1,-1,0,0,0,4,1,1,0,0,1,1,,1.0,1.0,2.0,22.0,5.0,3.0,0.0,0.0,0.0,0.0,0.0,9.0,1.0,-1.0
10224,20154100B0003,2,21,1,18,0,0,0,0,0,0,1,1,1,1,56,9,10677,2,1,-1,-1,-1,1,2,522720.0,210270.0,-0.222583,51.777652,41,3,2,1,42156,3,1899-12-30 18:20:00,438,E10000015,3,1001,6,50,0,-1,-1,0,0,0,4,1,1,0,0,2,1,E01033311,,,,,,,,,,,,,,
10225,201522F502397,1,9,0,4,0,1,0,0,0,0,1,1,6,2,37,7,1392,1,16,-1,3,-1,1,2,329920.0,336250.0,-3.043733,52.919076,22,3,2,1,29/05/2015,6,1899-12-30 19:00:00,286,E06000051,6,0,6,30,1,4,3,5,0,0,1,1,1,0,0,2,2,E01028925,,,,,,,,,,,,,,
10226,2015450023452,1,21,1,18,0,6,0,0,0,0,1,1,1,1,53,8,-1,-1,-1,-1,1,-1,1,2,499367.0,153388.0,-0.576983,51.27099,45,3,2,1,20/03/2015,6,1899-12-30 15:00:00,511,E10000030,3,320,6,40,3,4,6,0,0,0,1,1,1,0,0,2,1,E01030504,,,,,,,,,,,,,,
10227,201501LX50674,2,9,0,9,0,8,0,0,0,0,4,1,6,1,-1,-1,1956,2,3,-1,-1,-1,1,2,529550.0,173930.0,-0.137058,51.449545,1,3,2,1,42011,4,1899-12-30 16:30:00,9,E09000022,3,205,6,30,6,2,5,0,0,5,1,1,1,0,0,1,1,E01003160,,,,,,,,,,,,,,
10228,2015521506408,1,9,0,9,0,6,0,0,0,0,1,1,6,2,31,6,1590,1,13,-1,1,-1,3,1,360194.0,174511.0,-2.574445,51.468157,52,3,1,3,42164,1,1899-12-30 12:10:00,601,E06000023,6,0,6,20,3,4,6,0,0,1,1,1,1,0,0,1,1,E01014486,2.0,3.0,2.0,9.0,2.0,3.0,1.0,1.0,0.0,0.0,0.0,0.0,1.0,4.0
10229,2015521500444,1,9,0,18,0,0,1,0,1,2,1,1,6,1,59,9,1388,1,6,-1,1,-1,1,1,346284.0,176215.0,-2.774938,51.482325,52,3,1,1,42125,2,1899-12-30 16:00:00,605,E06000024,6,0,6,30,0,-1,-1,0,0,0,4,1,1,0,0,1,1,E01014795,1.0,1.0,1.0,59.0,9.0,3.0,0.0,0.0,0.0,0.0,0.0,9.0,1.0,5.0
10230,201534WN28215,1,9,0,18,0,8,0,0,0,0,3,1,1,1,24,5,1229,1,10,-1,1,-1,1,1,475500.0,260981.0,-0.895694,52.241847,34,3,1,1,42166,6,1899-12-30 17:15:00,384,E10000021,3,4500,6,30,3,4,6,8059,0,5,4,2,2,0,0,1,1,E01027153,1.0,3.0,1.0,43.0,7.0,3.0,1.0,3.0,0.0,0.0,0.0,0.0,1.0,3.0
10231,201520S044795,2,9,0,18,0,1,0,0,0,0,4,1,6,1,77,11,1560,2,1,-1,1,-1,1,2,401420.0,281680.0,-1.980541,52.433096,20,3,2,1,21/07/2015,3,1899-12-30 18:15:00,300,E08000025,6,0,6,30,3,4,6,0,0,0,1,1,1,0,0,1,1,E01008929,,,,,,,,,,,,,,
10232,2015520503331,2,9,0,5,0,2,0,0,0,0,2,1,6,1,17,4,1391,1,13,-1,3,-1,1,2,348913.0,119720.0,-2.729009,50.974615,52,3,2,1,22/04/2015,4,1899-12-30 15:45:00,610,E10000027,3,303,9,40,5,4,6,0,0,0,1,1,1,0,0,2,2,E01029203,1.0,1.0,1.0,17.0,4.0,3.0,0.0,0.0,0.0,0.0,0.0,9.0,3.0,5.0
10233,201597UD04105,2,9,0,4,0,0,0,0,0,0,2,1,2,2,57,9,1956,2,5,-1,1,-1,3,2,231689.0,618531.0,-4.661598,55.431669,97,3,2,3,29/05/2015,6,1899-12-30 13:00:00,937,S12000028,3,719,6,60,0,-1,-1,0,0,0,1,1,2,0,0,2,2,,1.0,1.0,2.0,57.0,9.0,3.0,0.0,0.0,0.0,0.0,0.0,9.0,1.0,-1.0
10234,201501PY20442,2,9,0,12,0,0,0,0,0,0,1,1,6,2,-1,-1,1242,1,5,-1,1,-1,1,3,541410.0,161470.0,0.028548,51.334744,1,3,3,1,24/06/2015,4,1899-12-30 06:52:00,19,E09000006,3,233,6,30,0,-1,-1,0,0,0,1,1,1,0,0,1,1,E01000747,1.0,1.0,2.0,-1.0,-1.0,3.0,0.0,0.0,0.0,0.0,0.0,9.0,1.0,9.0
10235,201542I123504,2,8,0,18,0,1,5,0,0,0,1,1,1,1,46,8,-1,-1,-1,-1,1,-1,1,2,580114.0,189536.0,0.597877,51.575911,42,3,2,1,28/04/2015,3,1899-12-30 08:08:00,453,E10000012,3,129,6,30,3,4,6,0,0,0,1,1,1,0,0,1,1,E01021531,,,,,,,,,,,,,,
10236,201501RG40247,1,9,0,18,0,0,0,0,0,0,1,1,6,1,63,9,3500,1,18,-1,1,-1,1,2,545300.0,178200.0,0.091198,51.484094,1,3,2,1,42221,6,1899-12-30 14:34:00,6,E09000011,5,0,6,30,0,-1,-1,0,0,0,1,2,2,0,0,1,1,E01001635,,,,,,,,,,,,,,
10237,2015320071802,2,9,0,4,0,1,0,0,0,0,2,1,6,1,26,6,1997,1,13,-1,3,-1,1,3,499408.0,374408.0,-0.511318,53.257375,32,3,3,1,42012,7,1899-12-30 11:40:00,356,E10000019,3,46,6,60,5,4,6,0,0,0,1,1,1,0,0,2,1,E01026394,1.0,1.0,1.0,26.0,6.0,3.0,0.0,0.0,0.0,0.0,0.0,9.0,-1.0,-1.0
10238,2015132611215,2,9,0,18,0,4,1,0,7,11,1,1,6,1,26,6,-1,-1,-1,-1,-1,-1,1,2,418383.0,430263.0,-1.722589,53.768391,13,3,2,1,42010,2,1899-12-30 19:20:00,200,E08000032,6,0,1,30,1,4,6,0,0,0,1,2,2,0,0,1,1,E01010817,,,,,,,,,,,,,,
10239,2015075331900,1,3,0,7,0,3,0,0,0,0,4,1,1,2,24,5,124,1,15,-1,1,-1,1,1,341278.0,374381.0,-2.881812,53.263161,7,3,1,1,42166,6,1899-12-30 09:30:00,130,E06000050,6,0,1,40,1,4,4,5132,0,0,1,1,2,0,0,1,1,E01018551,1.0,1.0,2.0,24.0,5.0,3.0,0.0,0.0,0.0,0.0,0.0,3.0,1.0,7.0
10240,2015471500732,1,19,0,18,0,0,0,0,0,0,0,1,6,1,71,10,-1,-1,-1,-1,3,-1,1,2,582735.0,110816.0,0.595561,50.867964,47,3,2,1,42096,4,1899-12-30 08:25:00,552,E10000011,6,0,6,30,0,-1,-1,0,0,0,1,8,4,0,0,1,1,E01021015,1.0,3.0,2.0,28.0,6.0,3.0,9.0,5.0,0.0,0.0,0.0,0.0,1.0,1.0
10241,201501GD10884,1,19,0,9,0,8,0,0,0,0,1,1,1,1,66,10,2198,2,3,-1,1,-1,1,2,533420.0,182670.0,-0.078098,51.527188,1,3,2,1,22/10/2015,5,1899-12-30 08:20:00,4,E09000012,3,10,6,30,6,2,3,1208,0,5,1,1,1,0,0,1,1,E01033706,,,,,,,,,,,,,,
10242,2015950003189,1,9,0,18,0,0,5,0,2,3,1,1,6,2,66,10,996,1,2,-1,1,-1,3,1,337543.0,628650.0,-2.991442,55.547537,95,3,1,3,42042,5,1899-12-30 14:20:00,914,S12000026,3,708,6,60,0,-1,-1,0,0,0,1,1,1,0,0,2,1,,1.0,1.0,2.0,66.0,10.0,3.0,0.0,0.0,0.0,0.0,0.0,9.0,1.0,-1.0
10243,20151324S1267,2,1,0,18,0,0,0,0,0,0,1,1,6,1,21,5,-1,-1,-1,-1,1,-1,1,2,427610.0,434519.0,-1.582229,53.806238,13,3,2,1,28/04/2015,3,1899-12-30 18:33:00,204,E08000035,3,65,6,30,0,-1,-1,0,0,0,1,1,1,0,0,1,2,E01011482,1.0,1.0,1.0,21.0,5.0,3.0,0.0,0.0,0.0,0.0,0.0,1.0,1.0,2.0
10244,2015300012199,1,3,0,9,0,8,0,0,0,0,4,1,2,1,22,5,124,1,1,-1,1,-1,1,2,446690.0,342170.0,-1.306148,52.974856,30,3,2,1,42340,5,1899-12-30 06:35:00,324,E10000007,3,6007,1,30,1,4,6,0,0,0,4,1,1,0,0,1,1,E01019661,1.0,1.0,1.0,22.0,5.0,3.0,0.0,0.0,0.0,0.0,0.0,3.0,1.0,5.0
10245,201501KF60083,1,9,0,18,0,1,0,0,0,0,1,1,6,3,-1,-1,1798,1,9,-1,-1,-1,1,1,541970.0,185460.0,0.046195,51.550175,1,3,1,1,42126,5,1899-12-30 16:00:00,17,E09000025,6,0,6,30,3,4,3,118,0,0,4,1,1,0,0,1,1,E01003591,1.0,3.0,1.0,14.0,3.0,3.0,5.0,1.0,0.0,0.0,2.0,0.0,1.0,2.0
10246,2015544504715,1,21,1,18,0,0,1,0,1,11,1,1,1,1,59,9,12777,2,-1,-1,3,-1,1,1,389790.0,134247.0,-2.147215,51.107427,54,3,1,1,18/05/2015,2,1899-12-30 06:36:00,635,E06000054,3,303,6,60,0,-1,-1,0,0,0,1,4,2,6,0,2,1,E01032010,1.0,1.0,1.0,59.0,9.0,3.0,0.0,0.0,0.0,0.0,0.0,21.0,3.0,6.0
10247,201501QK50163,2,9,0,5,0,1,0,0,0,0,1,1,6,1,30,6,1995,1,7,-1,-1,-1,1,2,523980.0,184400.0,-0.213497,51.544885,1,3,2,1,42097,4,1899-12-30 17:40:00,28,E09000005,3,4003,6,30,3,4,6,0,0,8,1,1,1,0,0,1,2,E01000494,,,,,,,,,,,,,,
10248,2015450030411,1,9,0,17,0,0,1,0,1,10,1,1,6,1,33,6,2996,1,9,-1,1,-1,3,1,494387.0,158358.0,-0.647036,51.316512,45,3,1,3,30/09/2015,4,1899-12-30 22:00:00,515,E10000030,6,31,6,40,0,-1,-1,0,0,0,6,1,1,0,0,2,1,E01030761,3.0,2.0,1.0,21.0,5.0,3.0,0.0,0.0,2.0,0.0,0.0,9.0,1.0,5.0
10249,201506K097600,2,9,0,7,0,2,0,0,1,2,4,1,6,2,27,6,1198,1,6,-1,1,-1,2,2,372620.0,406960.0,-2.414799,53.558541,6,3,2,2,19/02/2015,5,1899-12-30 21:25:00,100,E08000001,5,0,6,30,3,4,6,0,0,0,4,1,2,0,0,1,1,E01004816,1.0,1.0,2.0,27.0,6.0,3.0,0.0,0.0,0.0,0.0,0.0,9.0,1.0,1.0
10250,201520M004685,1,9,0,18,0,7,0,0,0,0,1,1,6,1,46,8,-1,-1,-1,-1,1,-1,1,3,433370.0,278430.0,-1.510938,52.402869,20,3,3,1,16/01/2015,6,1899-12-30 11:05:00,302,E08000026,3,4053,3,40,5,4,6,0,0,0,1,1,1,0,0,1,1,E01009548,1.0,2.0,2.0,41.0,7.0,3.0,0.0,0.0,2.0,0.0,0.0,9.0,1.0,1.0
10251,2015350188515,3,9,0,4,0,0,0,0,0,0,2,1,6,2,28,6,1242,1,2,-1,1,-1,3,4,531770.0,268080.0,-0.069227,52.295053,35,3,4,3,13/11/2015,6,1899-12-30 17:25:00,393,E10000003,3,14,3,70,0,-1,-1,0,0,0,6,4,2,0,0,2,1,E01018129,3.0,1.0,2.0,28.0,6.0,3.0,0.0,0.0,0.0,0.0,0.0,9.0,1.0,7.0
10252,2015440014695,2,9,0,18,0,0,0,0,0,0,1,1,6,3,-1,-1,-1,-1,-1,-1,-1,-1,1,2,432056.0,95795.0,-1.546874,50.760868,44,3,2,1,14/01/2015,4,1899-12-30 14:40:00,496,E10000014,4,3054,6,30,0,-1,-1,0,0,0,1,2,2,0,0,1,2,E01023042,,,,,,,,,,,,,,
10253,201542I086403,2,1,0,18,0,4,0,0,0,0,1,1,6,1,82,11,-1,-1,-1,-1,-1,-1,1,2,617189.0,215206.0,1.148083,51.793317,42,3,2,1,23/03/2015,2,1899-12-30 15:21:00,461,E10000012,6,0,1,30,2,4,6,0,0,0,1,1,1,0,0,1,1,E01022026,1.0,1.0,1.0,82.0,11.0,3.0,0.0,0.0,0.0,0.0,0.0,1.0,-1.0,-1.0
10254,201501LX50737,2,8,0,6,0,0,0,0,0,0,0,1,6,1,38,7,1997,2,2,-1,1,-1,1,2,531360.0,177910.0,-0.109548,51.484895,1,3,2,1,15/07/2015,4,1899-12-30 11:30:00,9,E09000022,3,3,6,30,0,-1,-1,0,0,0,1,1,1,0,0,1,1,E01003107,,,,,,,,,,,,,,
10255,201501XD81026,2,11,0,18,0,8,0,0,0,0,1,1,6,1,37,7,4250,2,12,-1,1,-1,5,2,512810.0,180780.0,-0.375663,51.514691,1,3,2,5,42135,5,1899-12-30 15:50:00,27,E09000009,5,0,6,30,6,4,6,0,0,0,1,1,1,0,0,1,1,E01001213,2.0,1.0,1.0,37.0,7.0,3.0,0.0,0.0,0.0,0.0,0.0,11.0,1.0,5.0
10256,2015471507447,2,21,0,2,0,0,0,0,0,0,0,1,1,3,-1,-1,2287,2,3,-1,-1,-1,1,2,528004.0,117568.0,-0.179372,50.943351,47,3,2,1,15/12/2015,3,1899-12-30 19:00:00,563,E10000032,6,0,6,30,0,-1,-1,0,0,0,7,5,2,0,0,1,2,E01031771,,,,,,,,,,,,,,
10257,201514B017015,1,9,0,18,0,2,0,0,1,4,2,1,1,1,32,6,-1,-1,-1,-1,1,-1,2,2,430075.0,411417.0,-1.547034,53.598465,14,3,2,2,18/02/2015,4,1899-12-30 16:08:00,210,E08000016,1,1,3,70,5,4,1,1,0,0,1,1,1,0,0,2,1,E01007359,2.0,2.0,2.0,28.0,6.0,3.0,0.0,0.0,1.0,0.0,0.0,9.0,1.0,3.0
10258,2015460251936,1,9,0,18,0,2,0,0,0,0,1,1,6,1,18,4,1229,1,10,-1,1,-1,1,2,636150.0,168120.0,1.390903,51.363023,46,3,2,1,13/01/2015,3,1899-12-30 13:45:00,541,E10000016,6,4152,6,30,3,4,6,0,0,0,1,9,1,0,0,1,1,E01024701,,,,,,,,,,,,,,
10259,201501CP00187,1,1,0,18,0,8,0,0,0,0,1,1,2,1,-1,-1,-1,-1,-1,-1,1,-1,1,2,533200.0,181430.0,-0.081736,51.516097,48,3,2,1,23/06/2015,3,1899-12-30 07:15:00,570,E09000001,3,10,3,40,6,2,3,1211,0,5,1,1,1,0,0,1,2,E01032739,1.0,1.0,1.0,-1.0,-1.0,3.0,0.0,0.0,0.0,0.0,0.0,1.0,1.0,8.0
10260,201501XH30921,3,9,0,18,0,8,0,0,0,0,3,1,6,1,18,4,-1,-1,-1,-1,1,-1,1,3,508750.0,188040.0,-0.431907,51.580739,1,3,3,1,18/12/2015,6,1899-12-30 19:45:00,26,E09000017,3,4180,6,30,6,4,3,4180,0,0,4,2,2,0,0,1,1,E01002539,1.0,1.0,1.0,18.0,4.0,3.0,0.0,0.0,0.0,0.0,0.0,9.0,1.0,10.0
10261,201514K268815,2,1,0,18,0,0,0,0,0,0,1,1,2,1,22,5,-1,-1,-1,-1,1,-1,1,2,434254.0,385202.0,-1.486741,53.362587,14,3,2,1,29/10/2015,5,1899-12-30 18:10:00,215,E08000019,6,0,6,30,0,-1,-1,0,0,0,4,1,1,0,0,1,1,E01008049,1.0,1.0,1.0,22.0,5.0,3.0,0.0,0.0,0.0,0.0,0.0,1.0,1.0,6.0
10262,2015210026478,3,9,0,4,0,1,0,0,0,0,2,1,2,1,55,8,1797,8,2,-1,1,-1,1,3,409962.0,308635.0,-1.854101,52.675329,21,3,3,1,42162,2,1899-12-30 07:05:00,252,E10000028,3,461,6,30,8,4,6,0,0,0,1,1,1,0,0,2,2,E01029512,,,,,,,,,,,,,,
10263,2015100590015,1,9,0,18,0,1,0,0,0,0,1,1,6,2,47,8,1598,1,11,-1,1,-1,1,2,438094.0,556417.0,-1.407492,54.901033,10,3,2,1,42045,6,1899-12-30 09:00:00,150,E08000024,3,183,6,30,3,4,6,5203,0,0,1,1,1,0,0,1,2,E01008833,,,,,,,,,,,,,,
10264,2015520506416,3,9,0,18,0,1,0,0,0,0,1,1,6,1,-1,-1,-1,-1,-1,-1,1,-1,1,4,350225.0,139233.0,-2.713015,51.15018,52,3,4,1,42013,3,1899-12-30 08:50:00,606,E10000027,6,0,6,30,3,4,6,0,0,0,1,9,1,0,0,2,1,E01032627,,,,,,,,,,,,,,
10265,201501PL60845,2,19,0,4,0,2,0,0,0,0,2,1,6,3,-1,-1,-1,-1,-1,-1,-1,-1,1,2,537980.0,175760.0,-0.015106,51.464,1,3,2,1,20/10/2015,3,1899-12-30 08:15:00,7,E09000023,6,0,6,30,6,4,6,0,0,0,1,1,1,0,0,1,2,E01003296,,,,,,,,,,,,,,
10266,2015440207012,2,9,0,7,0,8,0,4,0,0,3,1,6,2,41,7,1997,2,7,-1,1,-1,1,3,446587.0,130931.0,-1.336389,51.07582,44,3,3,1,18/06/2015,5,1899-12-30 18:00:00,502,E10000014,6,0,6,30,3,4,6,0,0,0,1,1,1,0,0,1,1,E01023250,1.0,1.0,2.0,41.0,7.0,3.0,0.0,0.0,0.0,0.0,0.0,9.0,1.0,10.0
10267,2015471506320,1,9,0,5,0,1,0,0,0,0,3,1,6,1,81,11,1299,1,13,-1,1,-1,1,2,577573.0,108679.0,0.521243,50.850374,47,3,2,1,28/10/2015,4,1899-12-30 14:07:00,552,E10000011,3,259,6,30,3,4,6,0,0,0,1,1,1,0,0,1,1,E01021017,,,,,,,,,,,,,,
10268,2015471500749,2,9,0,18,0,8,1,0,0,0,1,1,6,1,49,8,-1,-1,-1,-1,1,-1,1,2,579713.0,112004.0,0.553244,50.879583,47,3,2,1,42126,5,1899-12-30 09:11:00,552,E10000011,3,21,6,40,8,4,6,0,0,0,1,1,2,0,0,1,1,E01020969,1.0,1.0,1.0,49.0,8.0,3.0,0.0,0.0,0.0,0.0,0.0,9.0,1.0,1.0
10269,2015520501341,1,9,0,18,0,0,0,0,0,0,3,1,6,1,64,9,2792,1,16,-1,1,-1,1,1,344124.0,110167.0,-2.795745,50.888273,52,3,1,1,31/01/2015,7,1899-12-30 01:00:00,610,E10000027,3,356,6,30,0,-1,-1,0,0,0,4,1,2,0,0,2,1,E01029184,1.0,3.0,1.0,20.0,4.0,3.0,8.0,5.0,0.0,0.0,0.0,0.0,2.0,4.0
10270,201504ED15104,1,9,0,9,0,6,0,0,0,0,4,1,6,1,66,10,3059,2,20,-1,1,-1,1,2,368840.0,427290.0,-2.473905,53.741052,4,3,2,1,18/03/2015,4,1899-12-30 14:30:00,70,E06000008,6,0,6,30,3,4,6,0,0,0,1,1,1,0,0,1,1,E01012629,1.0,2.0,2.0,60.0,9.0,3.0,0.0,0.0,1.0,0.0,0.0,9.0,1.0,1.0
10271,201563AC09215,2,19,0,18,0,0,0,0,0,0,2,1,1,1,45,7,-1,-1,-1,-1,3,-1,1,2,241150.0,212970.0,-4.304753,51.792764,63,3,2,1,21/02/2015,7,1899-12-30 09:10:00,751,W06000010,3,484,6,50,0,-1,-1,0,0,0,1,1,1,4,0,2,1,W01000722,1.0,1.0,1.0,45.0,7.0,3.0,0.0,0.0,0.0,0.0,0.0,19.0,3.0,-1.0
10272,2015030000665,1,9,0,18,0,0,0,0,0,0,1,1,6,1,27,6,-1,-1,-1,-1,-1,-1,3,3,352870.0,478250.0,-2.72391,54.197827,3,3,3,3,42038,2,1899-12-30 06:35:00,65,E10000006,1,6,3,70,0,-1,-1,0,0,0,6,3,4,0,0,2,1,E01019347,1.0,1.0,1.0,27.0,6.0,3.0,0.0,0.0,0.0,0.0,0.0,9.0,-1.0,-1.0
10273,2015360096076,3,9,0,18,0,1,0,0,0,0,1,1,6,1,70,10,1968,2,3,-1,1,-1,2,3,547150.0,307815.0,0.173653,52.648115,36,3,3,2,42197,2,1899-12-30 16:40:00,407,E10000020,3,47,1,60,1,4,3,1101,0,0,6,1,2,0,0,1,1,E01026660,,,,,,,,,,,,,,
10274,201523N035959,1,9,0,18,0,0,0,0,0,0,1,1,2,2,28,6,1560,2,1,-1,2,-1,2,2,446494.0,273135.0,-1.318781,52.354315,23,3,2,2,42344,6,1899-12-30 15:30:00,292,E10000031,3,4071,6,50,0,-1,-1,0,0,0,1,1,1,0,0,2,1,E01031147,1.0,1.0,2.0,28.0,6.0,3.0,0.0,0.0,0.0,0.0,0.0,9.0,2.0,8.0
10275,2015471506692,1,9,0,11,0,0,0,0,0,0,1,1,6,1,47,8,1997,2,6,-1,1,-1,1,2,523516.0,106113.0,-0.24709,50.84137,47,3,2,1,42288,3,1899-12-30 18:15:00,557,E10000032,3,270,1,40,0,-1,-1,0,0,0,4,1,1,0,0,1,2,E01031351,,,,,,,,,,,,,,
10276,201542I197906,1,9,0,18,0,0,0,0,0,0,1,1,6,1,17,4,999,1,2,-1,-1,-1,3,3,581257.0,196971.0,0.618195,51.642326,42,3,3,3,29/06/2015,2,1899-12-30 15:45:00,454,E10000012,6,0,6,40,0,-1,-1,0,0,5,1,1,1,0,0,1,1,E01021610,1.0,1.0,1.0,17.0,4.0,3.0,0.0,0.0,0.0,0.0,0.0,9.0,-1.0,-1.0
10277,201537EA89669,3,9,0,2,0,2,0,0,0,0,4,1,6,1,32,6,-1,-1,-1,-1,3,-1,2,3,642278.0,290429.0,1.564712,52.458026,37,3,3,2,15/04/2015,4,1899-12-30 10:44:00,416,E10000029,3,145,2,30,6,2,3,145,0,0,1,1,1,0,0,1,1,E01030225,,,,,,,,,,,,,,
10278,2015405CA0835,1,9,0,4,0,2,0,0,0,0,2,1,2,2,63,9,1598,1,12,-1,1,-1,1,2,509119.0,221033.0,-0.416254,51.877199,40,3,2,1,22/07/2015,4,1899-12-30 10:45:00,421,E06000032,6,0,6,30,3,4,4,4540,0,0,1,1,1,0,0,1,1,E01015791,,,,,,,,,,,,,,
10279,201511NE12695,1,9,0,18,0,1,0,0,0,0,4,1,6,3,-1,-1,1299,1,11,-1,-1,-1,1,2,445710.0,539537.0,-1.291398,54.748717,11,3,2,1,42011,4,1899-12-30 12:30:00,169,E06000047,3,1086,6,30,3,4,6,0,0,0,1,1,1,0,0,1,1,E01020739,,,,,,,,,,,,,,