,accident_index,vehicle_reference,vehicle_type,towing_and_articulation,vehicle_manoeuvre,vehicle_location-restricted_lane,junction_location,skidding_and_overturning,hit_object_in_carriageway,vehicle_leaving_carriageway,hit_object_off_carriageway,1st_point_of_impact,was_vehicle_left_hand_drive?,journey_purpose_of_driver,sex_of_driver,age_of_driver,age_band_of_driver,engine_capacity_(cc),propulsion_code,age_of_vehicle,driver_imd_decile,driver_home_area_type,vehicle_imd_decile,NUmber_of_Casualities_unique_to_accident_index,No_of_Vehicles_involved_unique_to_accident_index,location_easting_osgr,location_northing_osgr,longitude,latitude,police_force,accident_severity,number_of_vehicles,number_of_casualties,date,day_of_week,time,local_authority_(district),local_authority_(highway),1st_road_class,1st_road_number,road_type,speed_limit,junction_detail,junction_control,2nd_road_class,2nd_road_number,pedestrian_crossing-human_control,pedestrian_crossing-physical_facilities,light_conditions,weather_conditions,road_surface_conditions,special_conditions_at_site,carriageway_hazards,urban_or_rural_area,did_police_officer_attend_scene_of_accident,lsoa_of_accident_location,casualty_reference,casualty_class,sex_of_casualty,age_of_casualty,age_band_of_casualty,casualty_severity,pedestrian_location,pedestrian_movement,car_passenger,bus_or_coach_passenger,pedestrian_road_maintenance_worker,casualty_type,casualty_home_area_type,casualty_imd_decile
10280,2015450026778,2,9,0,4,0,0,0,0,0,0,1,1,3,2,37,7,999,1,3,-1,1,-1,1,3,514866.0,167916.0,-0.35022,51.398658,45,3,3,1,24/06/2015,4,1899-12-30 16:30:00,510,E10000030,4,369,6,30,0,-1,-1,0,0,0,1,1,1,0,0,1,1,E01030326,,,,,,,,,,,,,,
10281,2015132BB1223,1,1,0,18,0,0,0,0,0,0,4,1,6,1,12,3,-1,-1,-1,-1,-1,-1,1,2,436167.0,436173.0,-1.452105,53.820581,13,3,2,1,42319,4,1899-12-30 17:20:00,204,E08000035,6,0,6,30,0,-1,-1,0,0,0,4,5,2,0,0,1,1,E01011724,1.0,1.0,1.0,12.0,3.0,3.0,0.0,0.0,0.0,0.0,0.0,1.0,-1.0,-1.0
10282,201543P017015,1,9,0,16,0,0,1,10,5,4,1,1,6,2,31,6,1753,2,8,-1,1,-1,2,1,451243.0,210141.0,-1.258498,51.787588,43,3,1,2,42064,7,1899-12-30 19:12:00,482,E10000025,3,40,3,70,0,-1,-1,0,0,0,6,1,2,0,0,2,1,E01032555,1.0,1.0,2.0,31.0,6.0,3.0,0.0,0.0,0.0,0.0,0.0,9.0,1.0,9.0
10283,201514K068915,2,9,0,18,0,1,0,0,0,0,1,1,6,1,67,10,2993,2,8,-1,1,-1,1,2,434024.0,389289.0,-1.489758,53.399337,14,3,2,1,22/03/2015,1,1899-12-30 12:40:00,215,E08000019,3,61,3,30,3,2,6,0,0,0,1,1,1,0,0,1,1,E01008161,,,,,,,,,,,,,,
10284,201520W057685,1,9,0,18,0,0,0,4,0,0,4,1,6,1,-1,-1,1896,2,9,-1,-1,-1,2,2,409220.0,285920.0,-1.865699,52.471139,20,3,2,2,21/10/2015,4,1899-12-30 15:20:00,300,E08000025,6,0,2,30,0,-1,-1,0,0,0,1,1,1,0,0,1,2,E01009379,,,,,,,,,,,,,,
10285,2015075339141,2,21,0,18,0,4,0,0,0,0,4,1,1,1,-1,-1,12580,2,10,-1,3,-1,1,2,365927.0,353660.0,-2.510084,53.07907,7,3,2,1,42349,5,1899-12-30 08:50:00,129,E06000049,3,530,1,40,1,4,3,51,0,0,1,1,1,0,0,2,2,E01018455,,,,,,,,,,,,,,
10286,2015132BH1389,1,9,0,9,0,4,0,0,0,0,3,1,6,2,27,6,1240,1,5,-1,1,-1,2,2,427007.0,440385.0,-1.590872,53.858991,13,3,2,2,17/11/2015,3,1899-12-30 19:10:00,204,E08000035,3,660,6,30,8,4,6,0,0,0,4,1,1,0,0,1,1,E01011381,1.0,1.0,2.0,27.0,6.0,3.0,0.0,0.0,0.0,0.0,0.0,9.0,1.0,7.0
10287,201520T049345,2,9,0,18,0,1,1,0,0,0,3,1,6,1,43,7,2261,1,8,-1,1,-1,2,2,413050.0,287770.0,-1.809246,52.487693,20,3,2,2,29/08/2015,7,1899-12-30 19:26:00,300,E08000025,6,0,6,30,3,3,6,0,0,0,1,1,1,0,0,1,1,E01009095,2.0,1.0,1.0,43.0,7.0,3.0,0.0,0.0,0.0,0.0,0.0,9.0,1.0,1.0
10288,201501PY20645,2,1,0,4,0,8,0,0,0,0,2,1,6,1,14,3,-1,-1,-1,-1,1,-1,1,2,535300.0,170400.0,-0.055708,51.416479,1,3,2,1,15/09/2015,3,1899-12-30 18:30:00,19,E09000006,3,234,6,30,3,4,6,0,0,1,1,1,1,0,0,1,1,E01000806,1.0,1.0,1.0,14.0,3.0,3.0,0.0,0.0,0.0,0.0,0.0,1.0,1.0,3.0
10289,2015941500365,1,9,0,18,0,0,0,4,0,0,1,1,6,1,21,5,1124,1,14,-1,1,-1,1,2,324942.0,693319.0,-3.209009,56.126676,94,3,2,1,15/05/2015,6,1899-12-30 04:54:00,925,S12000015,6,0,6,20,0,-1,-1,0,0,0,1,1,1,0,0,1,1,,1.0,2.0,2.0,20.0,4.0,3.0,0.0,0.0,2.0,0.0,0.0,9.0,1.0,-1.0
10290,2015215000743,2,9,0,6,0,5,0,0,0,0,3,1,6,2,24,5,1798,1,5,-1,1,-1,4,2,408677.0,334821.0,-1.872421,52.910749,21,3,2,4,42157,6,1899-12-30 11:40:00,251,E10000028,3,518,6,40,8,4,6,0,0,0,1,1,1,0,0,2,1,E01029433,4.0,2.0,2.0,66.0,10.0,3.0,0.0,0.0,2.0,0.0,0.0,9.0,1.0,4.0
10291,201501MM70983,1,9,0,4,0,0,0,0,0,0,2,1,6,1,27,6,1395,1,-1,-1,1,-1,3,2,532430.0,177350.0,-0.094357,51.479613,1,3,2,3,42288,3,1899-12-30 22:27:00,8,E09000028,3,215,6,30,0,-1,-1,0,0,0,4,1,1,0,0,1,2,E01003924,1.0,1.0,1.0,27.0,6.0,3.0,0.0,0.0,0.0,0.0,0.0,9.0,1.0,2.0
10292,2015471503475,2,9,0,18,0,0,0,0,0,0,0,1,6,2,44,7,1598,2,3,-1,3,-1,1,2,574439.0,125739.0,0.484922,51.004592,47,3,2,1,20/06/2015,7,1899-12-30 14:24:00,555,E10000011,6,0,6,60,0,-1,-1,0,0,0,1,1,1,0,0,2,1,E01021133,,,,,,,,,,,,,,
10293,201597LA07103,2,9,0,17,0,8,0,0,0,0,1,1,2,1,39,7,1896,2,14,-1,1,-1,5,2,235858.0,693274.0,-4.640784,56.103949,97,3,2,5,30/03/2015,2,1899-12-30 14:50:00,913,S12000035,3,82,6,60,3,4,6,0,0,0,1,2,2,0,0,2,1,,1.0,2.0,1.0,28.0,6.0,3.0,0.0,0.0,2.0,0.0,0.0,9.0,1.0,-1.0
10294,201501YR90284,2,19,0,5,0,1,0,0,0,0,2,1,2,1,-1,-1,2460,2,6,-1,1,-1,1,2,533440.0,188740.0,-0.075509,51.58173,1,3,2,1,42312,7,1899-12-30 21:50:00,31,E09000014,3,503,6,30,3,4,6,0,0,1,4,1,1,0,0,1,1,E01002073,1.0,1.0,1.0,-1.0,-1.0,3.0,0.0,0.0,0.0,0.0,0.0,19.0,1.0,5.0
10295,2015471502578,2,9,0,3,0,4,0,0,0,0,2,1,6,1,30,6,1761,1,14,-1,-1,-1,2,2,487737.0,105475.0,-0.755252,50.842159,47,3,2,2,42313,2,1899-12-30 17:30:00,559,E10000032,3,285,1,30,1,4,3,27,0,0,1,1,1,0,0,2,2,E01031482,2.0,2.0,1.0,35.0,6.0,3.0,0.0,0.0,1.0,0.0,0.0,9.0,1.0,-1.0
10296,2015132C81352,1,21,0,18,0,0,1,0,7,0,1,1,1,1,62,9,4250,2,3,-1,1,-1,1,2,404106.0,416651.0,-1.939362,53.646351,13,3,2,1,42228,3,1899-12-30 19:15:00,202,E08000033,1,62,3,70,0,-1,-1,0,0,0,4,5,2,0,0,2,1,E01010955,1.0,1.0,1.0,62.0,9.0,3.0,0.0,0.0,0.0,0.0,0.0,21.0,1.0,8.0
10297,201501YR90656,2,1,0,15,0,8,0,0,0,0,1,1,6,1,-1,-1,-1,-1,-1,-1,-1,-1,2,2,533580.0,188840.0,-0.073452,51.582596,1,3,2,2,42285,2,1899-12-30 11:23:00,31,E09000014,3,503,6,30,3,4,6,0,0,0,1,1,1,0,0,1,1,E01002073,2.0,1.0,1.0,-1.0,-1.0,3.0,0.0,0.0,0.0,0.0,0.0,1.0,-1.0,-1.0
10298,2015331500518,1,9,0,9,0,5,0,0,0,0,4,1,6,1,56,9,1240,1,12,-1,1,-1,1,2,460713.0,305330.0,-1.104175,52.642324,33,3,2,1,42220,4,1899-12-30 12:09:00,364,E06000016,3,47,6,30,3,2,6,2163,0,5,1,1,1,0,0,1,1,E01013656,,,,,,,,,,,,,,
10299,201542I108004,3,9,0,2,0,1,0,0,0,0,2,1,6,3,-1,-1,1997,2,10,-1,-1,-1,1,4,555234.0,202210.0,0.244763,51.697174,42,3,4,1,17/04/2015,6,1899-12-30 23:25:00,456,E10000012,6,0,6,30,3,4,3,128,0,0,6,1,1,0,0,2,1,E01021754,,,,,,,,,,,,,,
10300,201560S162513,1,9,0,18,0,1,0,0,7,7,3,1,6,1,25,5,-1,-1,-1,-1,-1,-1,1,1,232562.0,378324.0,-4.512585,53.275387,60,3,1,1,23/10/2015,6,1899-12-30 14:10:00,720,W06000001,3,55,7,60,1,4,3,5,0,0,1,2,2,0,0,2,1,W01000023,1.0,2.0,2.0,23.0,5.0,3.0,0.0,0.0,1.0,0.0,0.0,9.0,-1.0,-1.0
10301,2015210028703,2,9,0,16,0,0,0,0,0,0,3,1,2,1,24,5,1242,1,11,-1,2,-1,2,2,394745.0,322864.0,-2.079389,52.803304,21,3,2,2,42103,6,1899-12-30 07:30:00,255,E10000028,5,252,6,60,0,-1,-1,0,0,0,1,1,1,0,0,2,2,E01029686,2.0,1.0,1.0,24.0,5.0,3.0,0.0,0.0,0.0,0.0,0.0,9.0,2.0,3.0
10302,201501YE80423,2,3,0,18,0,1,1,0,0,0,1,1,6,1,-1,-1,125,1,11,-1,-1,-1,1,2,535230.0,195520.0,-0.047078,51.64223,1,3,2,1,42314,5,1899-12-30 20:08:00,32,E09000010,3,1010,6,30,3,4,6,0,0,1,1,1,1,0,0,1,2,E01001503,,,,,,,,,,,,,,
10303,201501EO40356,1,3,0,18,0,8,0,0,0,0,2,1,6,1,32,6,-1,-1,-1,-1,1,-1,1,2,530600.0,184650.0,-0.117992,51.54564,1,3,2,1,18/05/2015,2,1899-12-30 18:00:00,3,E09000019,3,5203,6,30,3,4,6,0,0,4,1,1,1,0,0,1,1,E01002713,1.0,1.0,1.0,32.0,6.0,3.0,0.0,0.0,0.0,0.0,0.0,3.0,1.0,2.0
10304,2015542918815,1,9,0,18,0,0,0,0,1,0,1,1,6,1,34,6,-1,-1,-1,-1,1,-1,2,2,390590.0,172402.0,-2.136806,51.450522,54,3,2,2,42098,7,1899-12-30 00:48:00,635,E06000054,3,4,6,30,0,-1,-1,0,0,0,4,1,1,0,0,1,1,E01031928,1.0,1.0,1.0,34.0,6.0,3.0,0.0,0.0,0.0,0.0,0.0,9.0,1.0,10.0
10305,2015100137315,2,9,0,3,0,2,0,0,0,0,2,1,6,2,34,6,1242,1,6,-1,1,-1,1,2,427752.0,569305.0,-1.567518,55.017523,10,3,2,1,42280,3,1899-12-30 09:20:00,148,E08000022,4,1317,6,30,8,4,6,2129,0,0,1,1,1,0,0,1,1,E01008473,1.0,1.0,2.0,34.0,6.0,3.0,0.0,0.0,0.0,0.0,0.0,9.0,1.0,4.0
10306,2015300012167,2,9,0,17,0,0,0,0,0,0,0,1,6,3,-1,-1,-1,-1,-1,-1,-1,-1,1,3,442710.0,363470.0,-1.362594,53.166642,30,3,3,1,42249,2,1899-12-30 22:05:00,321,E10000007,5,117,6,60,0,-1,-1,0,0,0,6,1,1,0,0,2,1,E01019520,,,,,,,,,,,,,,
10307,2015471506397,2,9,0,2,0,1,0,0,1,0,2,1,6,3,-1,-1,1198,1,2,-1,-1,-1,2,2,490796.0,99079.0,-0.713398,50.784186,47,3,2,2,42015,1,1899-12-30 12:00:00,558,E10000032,6,0,6,30,3,4,6,0,0,0,1,1,1,0,0,1,1,E01031384,,,,,,,,,,,,,,
10308,201520H003695,2,1,0,18,0,8,0,0,0,0,1,1,6,1,46,8,-1,-1,-1,-1,1,-1,1,2,395640.0,298360.0,-2.06578,52.583031,20,3,2,1,14/04/2015,3,1899-12-30 07:45:00,307,E08000030,4,4464,6,30,3,4,6,0,0,0,1,1,1,0,0,1,2,E01010404,1.0,1.0,1.0,46.0,8.0,3.0,0.0,0.0,0.0,0.0,0.0,1.0,1.0,2.0
10309,2015460256224,2,9,0,18,0,8,1,0,1,0,1,1,6,2,28,6,1796,1,16,-1,1,-1,5,2,598090.0,171450.0,0.846822,51.407468,46,3,2,5,42067,6,1899-12-30 16:55:00,540,E10000016,4,2231,3,60,3,4,4,2008,0,0,1,2,2,0,0,2,1,E01024618,4.0,2.0,1.0,2.0,1.0,3.0,0.0,0.0,2.0,0.0,0.0,9.0,1.0,4.0
10310,2015471501713,1,9,0,18,0,0,0,0,0,0,1,1,6,2,23,5,1587,1,13,-1,1,-1,2,2,485809.0,108034.0,-0.78203,50.865454,47,3,2,2,27/03/2015,6,1899-12-30 13:26:00,559,E10000032,6,0,6,30,0,-1,-1,0,0,0,1,1,1,0,0,2,1,E01031509,1.0,1.0,2.0,23.0,5.0,3.0,0.0,0.0,0.0,0.0,0.0,9.0,1.0,3.0
10311,201501ZD30890,1,3,0,18,0,8,0,0,0,0,1,1,1,1,57,9,49,1,8,-1,-1,-1,1,2,530400.0,160310.0,-0.12983,51.326949,1,3,2,1,15/10/2015,5,1899-12-30 19:42:00,20,E09000008,3,23,6,30,3,4,4,2030,0,1,4,1,2,0,0,1,1,E01001030,1.0,1.0,1.0,57.0,9.0,3.0,0.0,0.0,0.0,0.0,0.0,3.0,-1.0,-1.0
10312,2015471503109,2,9,0,18,0,8,0,0,0,0,2,1,6,2,27,6,1299,1,14,-1,1,-1,2,2,516530.0,102918.0,-0.34728,50.814098,47,3,2,2,42100,5,1899-12-30 16:20:00,564,E10000032,3,259,6,30,3,4,6,0,0,0,1,1,1,0,0,1,1,E01031835,2.0,2.0,2.0,24.0,5.0,3.0,0.0,0.0,1.0,0.0,0.0,9.0,1.0,4.0
10313,201550EL2G003,1,9,0,10,0,1,0,0,0,0,2,1,6,2,25,5,1753,2,11,-1,1,-1,1,2,249590.0,59848.0,-4.118581,50.419185,50,3,2,1,17/02/2015,3,1899-12-30 15:45:00,583,E06000026,6,0,6,30,3,2,6,0,0,5,5,1,1,0,0,1,1,E01015092,1.0,1.0,2.0,25.0,5.0,3.0,0.0,0.0,0.0,0.0,0.0,9.0,1.0,5.0
10314,2015551500764,1,9,0,6,0,0,1,0,0,0,2,2,6,2,38,7,1397,1,14,-1,-1,-1,1,2,367828.0,87611.0,-2.456785,50.687255,55,3,2,1,42348,2,1899-12-30 10:12:00,645,E10000009,3,354,6,60,0,-1,-1,0,0,0,1,1,1,0,0,2,1,E01020549,1.0,1.0,2.0,38.0,7.0,3.0,0.0,0.0,0.0,0.0,0.0,9.0,-1.0,-1.0
10315,2015520504827,1,9,0,18,0,0,0,0,0,0,3,1,6,1,28,6,1989,1,15,-1,2,-1,1,2,329651.0,155890.0,-3.010396,51.297771,52,3,2,1,42315,7,1899-12-30 11:25:00,607,E10000027,6,0,6,30,0,-1,-1,0,0,0,1,1,1,0,0,1,2,E01032633,1.0,2.0,2.0,26.0,6.0,3.0,0.0,0.0,1.0,0.0,0.0,9.0,2.0,5.0
10316,2015961501652,2,9,0,4,0,0,0,0,0,0,2,1,6,1,32,6,1781,1,13,-1,3,-1,4,4,281579.0,692407.0,-3.905809,56.109693,96,3,4,4,14/10/2015,4,1899-12-30 20:20:00,939,S12000030,3,91,6,60,0,-1,-1,0,0,0,6,1,1,0,0,2,1,,2.0,2.0,1.0,30.0,6.0,3.0,0.0,0.0,1.0,0.0,0.0,9.0,2.0,-1.0
10317,201501YR90294,2,19,0,5,0,8,0,0,0,0,1,1,6,1,-1,-1,1998,2,11,-1,-1,-1,1,2,534280.0,190310.0,-0.062793,51.595639,1,3,2,1,13/04/2015,2,1899-12-30 19:25:00,31,E09000014,6,0,6,30,3,4,6,0,0,0,1,1,1,0,0,1,2,E01002079,,,,,,,,,,,,,,
10318,201534WN32455,2,9,0,18,0,0,0,0,0,0,0,1,6,1,66,10,2496,1,12,-1,3,-1,1,2,478372.0,260296.0,-0.8538,52.235289,34,3,2,1,42317,6,1899-12-30 12:53:00,384,E10000021,3,45,3,70,0,-1,-1,0,0,0,1,1,1,0,0,2,1,E01027258,1.0,1.0,1.0,66.0,10.0,3.0,0.0,0.0,0.0,0.0,0.0,9.0,3.0,8.0
10319,2015440124692,1,21,0,18,0,0,0,0,0,0,2,1,1,1,39,7,-1,-1,-1,-1,1,-1,1,2,460805.0,147890.0,-1.130602,51.226971,44,3,2,1,14/04/2015,3,1899-12-30 12:15:00,490,E10000014,1,3,3,70,0,-1,-1,0,0,0,1,1,1,0,0,2,1,E01022561,,,,,,,,,,,,,,
10320,201560S078208,1,9,0,18,0,1,0,0,0,0,1,1,6,1,25,5,-1,-1,-1,-1,-1,-1,5,2,309736.0,379515.0,-3.356026,53.304861,60,3,2,5,31/05/2015,1,1899-12-30 13:20:00,724,W06000005,3,5151,6,60,3,4,6,0,0,0,1,1,1,0,0,2,1,W01000338,1.0,1.0,1.0,25.0,5.0,3.0,0.0,0.0,0.0,0.0,0.0,9.0,-1.0,-1.0
10321,201543R153055,1,9,0,4,0,0,0,0,0,0,1,1,6,2,45,7,1198,1,-1,-1,-1,-1,1,2,495268.0,179704.0,-0.62867,51.508246,43,3,2,1,23/05/2015,7,1899-12-30 12:24:00,473,E06000039,6,7302,6,30,0,-1,-1,0,0,0,1,1,1,0,0,1,2,E01016477,,,,,,,,,,,,,,
10322,2015051502159,2,1,0,14,0,0,0,0,0,0,1,1,1,1,29,6,-1,-1,-1,-1,-1,-1,1,2,339346.0,390336.0,-2.913833,53.406339,5,3,2,1,42256,4,1899-12-30 07:50:00,91,E08000012,6,0,6,30,0,-1,-1,0,0,0,1,1,1,0,0,1,2,E01006716,1.0,1.0,1.0,29.0,6.0,3.0,0.0,0.0,0.0,0.0,0.0,1.0,-1.0,-1.0
10323,201501YE80867,2,19,0,18,0,8,0,0,0,0,1,1,6,1,47,8,1997,2,2,-1,1,-1,1,2,532600.0,192580.0,-0.086175,51.616436,1,3,2,1,21/07/2015,3,1899-12-30 10:49:00,32,E09000010,3,10,1,40,1,2,3,406,0,5,1,1,1,0,0,1,1,E01001465,,,,,,,,,,,,,,
10324,2015530209246,1,9,0,16,0,0,0,0,0,0,1,1,6,2,84,11,1968,2,3,-1,3,-1,1,2,385752.0,213952.0,-2.208132,51.824004,53,3,2,1,24/01/2015,7,1899-12-30 12:05:00,624,E10000013,4,4073,6,40,0,-1,-1,0,0,0,1,1,1,0,0,2,1,E01022412,,,,,,,,,,,,,,
10325,2015520503514,1,9,0,9,0,8,0,0,0,0,1,1,6,2,55,8,-1,-1,-1,-1,1,-1,1,2,332232.0,108296.0,-2.96444,50.870176,52,3,2,1,21/04/2015,3,1899-12-30 12:28:00,610,E10000027,4,3162,1,30,2,4,6,0,0,0,1,1,1,0,0,1,1,E01029175,,,,,,,,,,,,,,
10326,201531D128515,3,9,0,18,0,1,0,0,0,0,1,1,6,1,37,7,1560,2,1,-1,1,-1,1,3,460707.0,343647.0,-1.097158,52.98673,31,3,3,1,28/06/2015,1,1899-12-30 14:02:00,343,E10000024,3,6211,6,40,3,4,6,0,0,0,1,1,1,0,0,1,1,E01028203,,,,,,,,,,,,,,
10327,2015460263837,1,1,0,9,0,1,0,0,0,0,3,1,6,2,25,5,-1,-1,-1,-1,1,-1,1,2,614450.0,158770.0,1.074068,51.287673,46,3,2,1,31/10/2015,7,1899-12-30 02:00:00,531,E10000016,5,192,6,30,3,4,6,0,0,0,7,1,1,0,0,1,2,E01024103,1.0,1.0,2.0,25.0,5.0,3.0,0.0,0.0,0.0,0.0,0.0,1.0,1.0,3.0
10328,201501QA10431,1,9,0,18,0,0,0,0,0,0,1,1,6,1,52,8,1396,1,5,-1,3,-1,1,1,512800.0,191190.0,-0.37247,51.608255,1,3,1,1,42134,2,1899-12-30 10:55:00,29,E09000015,3,410,6,30,0,-1,-1,0,0,0,1,2,2,0,0,1,1,E01002150,1.0,3.0,2.0,23.0,5.0,3.0,5.0,2.0,0.0,0.0,2.0,0.0,1.0,8.0
10329,201537EA87132,1,9,0,16,0,0,1,0,0,0,1,1,6,1,46,8,-1,-1,-1,-1,1,-1,2,2,647678.0,288372.0,1.642499,52.437152,37,3,2,2,17/01/2015,7,1899-12-30 12:26:00,416,E10000029,5,919,6,60,0,-1,-1,0,0,0,1,1,2,0,0,2,1,E01030286,1.0,2.0,2.0,17.0,4.0,3.0,0.0,0.0,1.0,0.0,0.0,9.0,-1.0,-1.0
10330,2015405BA0575,2,9,0,4,0,0,0,0,0,0,2,1,6,2,42,7,2400,2,5,-1,1,-1,1,2,516202.0,255811.0,-0.301605,52.18831,40,3,2,1,21/06/2015,1,1899-12-30 18:47:00,420,E06000055,3,1,3,60,0,-1,-1,0,0,0,1,1,1,0,0,2,1,E01017542,,,,,,,,,,,,,,
10331,201563DP29415,1,9,0,18,0,1,0,0,0,0,2,1,6,2,62,9,-1,-1,-1,-1,3,-1,1,2,299470.0,262850.0,-3.47416,52.254606,63,3,2,1,21/09/2015,2,1899-12-30 16:30:00,753,W06000023,3,470,6,60,9,4,6,0,0,0,1,1,1,0,7,2,1,W01000477,1.0,1.0,2.0,62.0,9.0,3.0,0.0,0.0,0.0,0.0,0.0,9.0,3.0,-1.0
10332,2015300012605,1,9,0,4,0,0,0,0,0,0,0,1,6,3,-1,-1,-1,-1,-1,-1,-1,-1,5,5,438070.0,335800.0,-1.435254,52.918277,30,3,5,5,42127,5,1899-12-30 22:20:00,323,E06000015,3,52,3,70,0,-1,-1,0,0,0,4,1,1,4,0,2,1,E01013509,,,,,,,,,,,,,,
10333,20154100J0215,4,19,0,12,0,7,0,0,0,0,3,1,1,1,58,9,1968,2,1,-1,1,-1,1,4,521185.0,196717.0,-0.249531,51.656186,41,3,4,1,27/04/2015,2,1899-12-30 14:22:00,33,E10000015,3,1,3,70,5,4,3,5135,0,0,1,1,1,0,0,1,2,E01023546,,,,,,,,,,,,,,
10334,201504SA15172,2,1,0,16,9,1,2,0,0,0,1,1,6,1,37,7,-1,-1,-1,-1,1,-1,1,2,352610.0,430090.0,-2.720386,53.764991,4,3,2,1,17/04/2015,6,1899-12-30 17:00:00,79,E10000017,3,583,3,30,9,2,3,583,0,0,1,1,1,0,0,1,1,E01025314,1.0,1.0,1.0,37.0,7.0,3.0,0.0,0.0,0.0,0.0,0.0,1.0,1.0,3.0
10335,2015120089900,1,5,0,4,0,1,1,0,0,0,3,1,6,1,53,8,750,1,7,-1,1,-1,1,1,432299.0,506007.0,-1.503411,54.448441,12,3,1,1,30/05/2015,7,1899-12-30 21:00:00,184,E10000023,4,1263,6,60,3,4,3,167,0,0,1,1,1,0,0,2,1,E01027751,1.0,1.0,1.0,53.0,8.0,3.0,0.0,0.0,0.0,0.0,0.0,5.0,1.0,9.0
10336,2015331500439,2,9,0,5,0,6,0,0,0,0,1,1,6,1,61,9,1248,2,9,-1,1,-1,2,2,462781.0,290688.0,-1.076386,52.510477,33,3,2,2,26/03/2015,5,1899-12-30 16:35:00,363,E10000018,3,5199,6,60,6,4,5,5504,0,0,1,1,1,0,0,2,1,E01025810,1.0,1.0,1.0,61.0,9.0,3.0,0.0,0.0,0.0,0.0,0.0,9.0,1.0,8.0
10337,2015520506607,2,9,0,18,0,8,0,0,0,0,1,1,6,2,21,5,1242,1,11,-1,3,-1,3,2,348126.0,136998.0,-2.742699,51.129897,52,3,2,3,18/07/2015,7,1899-12-30 05:00:00,606,E10000027,3,39,6,40,3,2,6,0,0,0,1,1,1,0,0,1,1,E01029070,2.0,1.0,2.0,21.0,5.0,3.0,0.0,0.0,0.0,0.0,0.0,9.0,3.0,8.0
10338,2015075162600,1,2,0,14,0,2,0,4,0,0,1,1,6,1,16,4,49,1,1,-1,1,-1,1,2,361644.0,389535.0,-2.578349,53.401235,7,3,2,1,42222,2,1899-12-30 13:54:00,128,E06000007,6,0,6,30,3,4,6,0,0,0,1,1,1,0,0,1,1,E01012482,1.0,1.0,1.0,16.0,4.0,3.0,0.0,0.0,0.0,0.0,0.0,2.0,1.0,2.0
10339,201597UC40603,1,19,0,18,0,1,0,0,0,0,1,1,2,1,47,8,1998,2,11,-1,3,-1,1,1,249656.0,627528.0,-4.382803,55.518287,97,3,1,1,42066,3,1899-12-30 15:50:00,919,S12000008,3,76,6,30,3,4,6,0,0,4,1,2,2,0,0,2,1,,1.0,3.0,1.0,8.0,2.0,3.0,5.0,4.0,0.0,0.0,0.0,0.0,2.0,-1.0
10340,201501MM70382,1,9,0,2,0,1,0,0,0,0,2,1,6,1,47,8,1968,2,9,-1,1,-1,1,2,532300.0,176810.0,-0.09643,51.474791,1,3,2,1,14/04/2015,3,1899-12-30 12:15:00,8,E09000028,6,0,6,30,3,4,6,0,0,0,1,1,1,0,0,1,1,,1.0,1.0,1.0,47.0,8.0,3.0,0.0,0.0,0.0,0.0,0.0,9.0,1.0,2.0
10341,201501VK30403,1,9,0,18,0,0,0,0,0,0,3,1,6,2,24,5,999,1,1,-1,1,-1,1,2,518100.0,165220.0,-0.304649,51.373764,1,3,2,1,29/11/2015,1,1899-12-30 17:35:00,23,E09000021,3,243,3,30,0,-1,-1,0,0,0,4,1,1,0,0,1,2,E01002941,1.0,1.0,2.0,24.0,5.0,3.0,0.0,0.0,0.0,0.0,0.0,9.0,1.0,8.0
10342,2015320054843,1,9,0,18,0,0,0,0,0,0,1,1,6,2,47,8,1296,1,7,-1,1,-1,2,3,498281.0,371411.0,-0.529129,53.230654,32,3,3,2,27/06/2015,7,1899-12-30 19:17:00,352,E10000019,4,1308,6,30,0,-1,-1,0,0,0,1,9,1,0,0,1,1,E01026126,1.0,1.0,2.0,47.0,8.0,3.0,0.0,0.0,0.0,0.0,0.0,9.0,1.0,3.0
10343,201543S112065,2,4,0,18,0,1,0,0,0,0,1,1,6,1,18,4,125,1,3,-1,1,-1,1,2,484161.0,235727.0,-0.775119,52.013599,43,3,2,1,24/06/2015,4,1899-12-30 17:35:00,479,E06000042,5,8007,6,60,3,4,6,1043,0,0,1,1,1,0,0,1,1,E01016756,1.0,1.0,1.0,18.0,4.0,3.0,0.0,0.0,0.0,0.0,0.0,4.0,1.0,7.0
10344,2015360090247,2,1,0,18,0,0,0,0,0,0,4,1,2,1,62,9,-1,-1,-1,-1,2,-1,1,2,604738.0,295435.0,1.016135,52.51832,36,3,2,1,42281,6,1899-12-30 08:10:00,400,E10000020,6,0,2,30,0,-1,-1,0,0,0,1,1,1,0,0,1,2,E01026449,1.0,1.0,1.0,62.0,9.0,3.0,0.0,0.0,0.0,0.0,0.0,1.0,2.0,4.0
10345,201504EF15161,2,9,0,18,0,0,1,10,0,0,1,1,6,1,16,4,-1,-1,-1,-1,1,-1,2,2,383760.0,434870.0,-2.248104,53.809862,4,3,2,2,22/05/2015,6,1899-12-30 22:38:00,72,E10000017,6,0,6,20,0,-1,-1,0,0,0,4,1,1,0,0,1,1,E01024896,1.0,1.0,1.0,16.0,4.0,3.0,0.0,0.0,0.0,0.0,0.0,9.0,1.0,1.0