,accident_index,vehicle_reference,vehicle_type,towing_and_articulation,vehicle_manoeuvre,vehicle_location-restricted_lane,junction_location,skidding_and_overturning,hit_object_in_carriageway,vehicle_leaving_carriageway,hit_object_off_carriageway,1st_point_of_impact,was_vehicle_left_hand_drive?,journey_purpose_of_driver,sex_of_driver,age_of_driver,age_band_of_driver,engine_capacity_(cc),propulsion_code,age_of_vehicle,driver_imd_decile,driver_home_area_type,vehicle_imd_decile,NUmber_of_Casualities_unique_to_accident_index,No_of_Vehicles_involved_unique_to_accident_index,location_easting_osgr,location_northing_osgr,longitude,latitude,police_force,accident_severity,number_of_vehicles,number_of_casualties,date,day_of_week,time,local_authority_(district),local_authority_(highway),1st_road_class,1st_road_number,road_type,speed_limit,junction_detail,junction_control,2nd_road_class,2nd_road_number,pedestrian_crossing-human_control,pedestrian_crossing-physical_facilities,light_conditions,weather_conditions,road_surface_conditions,special_conditions_at_site,carriageway_hazards,urban_or_rural_area,did_police_officer_attend_scene_of_accident,lsoa_of_accident_location,casualty_reference,casualty_class,sex_of_casualty,age_of_casualty,age_band_of_casualty,casualty_severity,pedestrian_location,pedestrian_movement,car_passenger,bus_or_coach_passenger,pedestrian_road_maintenance_worker,casualty_type,casualty_home_area_type,casualty_imd_decile
10412,201504EF15378,1,9,0,18,0,0,0,0,0,0,1,1,6,2,55,8,3222,2,12,-1,1,-1,1,2,385230.0,433150.0,-2.225697,53.794447,4,3,2,1,42197,2,1899-12-30 17:30:00,72,E10000017,6,0,6,30,0,-1,-1,0,0,0,4,1,2,0,0,1,1,E01024857,,,,,,,,,,,,,,
10413,2015215000442,1,9,0,16,0,2,0,0,0,0,1,1,6,1,70,10,1124,1,9,-1,1,-1,1,1,388378.0,347924.0,-2.174736,53.028474,21,3,1,1,20/01/2015,3,1899-12-30 07:05:00,257,E06000021,4,5047,6,30,3,4,4,5047,0,1,4,1,4,0,0,1,1,E01014287,1.0,3.0,1.0,48.0,8.0,3.0,1.0,1.0,0.0,0.0,0.0,0.0,1.0,6.0
10414,2015220037403,2,9,0,3,0,0,0,0,0,0,2,1,5,1,49,8,1360,1,12,-1,3,-1,3,2,349041.0,312759.0,-2.755709,52.710082,22,3,2,3,13/11/2015,6,1899-12-30 11:25:00,286,E06000051,3,488,6,30,0,-1,-1,0,0,0,1,1,2,0,0,1,2,E01028946,1.0,1.0,1.0,49.0,8.0,3.0,0.0,0.0,0.0,0.0,0.0,9.0,3.0,5.0
10415,2015961501043,2,9,0,10,0,1,0,0,0,0,2,1,2,2,50,8,1396,1,9,-1,1,-1,1,2,283476.0,681599.0,-3.870617,56.013106,96,3,2,1,25/06/2015,5,1899-12-30 16:45:00,924,S12000014,4,905,6,50,1,4,3,883,0,0,1,1,1,0,0,2,2,,1.0,1.0,2.0,50.0,8.0,3.0,0.0,0.0,0.0,0.0,0.0,9.0,1.0,-1.0
10416,2015521505784,1,9,0,18,0,4,0,0,0,0,1,1,6,1,52,8,-1,-1,-1,-1,-1,-1,1,1,376078.0,162660.0,-2.344979,51.362498,52,3,1,1,25/06/2015,5,1899-12-30 18:50:00,611,E06000022,3,3062,6,30,3,4,6,0,0,0,1,1,1,0,0,1,1,E01014388,1.0,3.0,1.0,18.0,4.0,3.0,5.0,9.0,0.0,0.0,0.0,0.0,1.0,8.0
10417,2015610041215,1,9,0,18,0,0,0,0,0,0,3,1,6,2,76,11,-1,-1,-1,-1,3,-1,1,2,332724.0,188851.0,-2.972604,51.594471,61,3,2,1,24/08/2015,2,1899-12-30 11:59:00,733,W06000022,6,0,6,30,0,-1,-1,0,0,0,1,2,2,0,0,1,1,W01001616,,,,,,,,,,,,,,
10418,2015320116992,1,9,0,18,0,0,2,0,1,4,1,1,6,1,23,5,1596,1,8,-1,3,-1,3,1,511116.0,327678.0,-0.351984,52.835171,32,3,1,3,42106,6,1899-12-30 20:58:00,355,E10000019,4,1177,6,60,0,-1,-1,0,0,0,6,2,2,0,0,2,1,E01026290,3.0,2.0,1.0,21.0,5.0,3.0,0.0,0.0,1.0,0.0,0.0,9.0,1.0,6.0
10419,201501JI40156,2,9,0,5,0,2,0,0,0,0,1,1,1,1,28,6,-1,-1,-1,-1,1,-1,2,2,543430.0,186870.0,0.067812,51.562476,1,3,2,2,27/02/2015,6,1899-12-30 13:55:00,14,E09000026,3,123,6,30,3,4,6,0,0,0,1,1,1,0,0,1,1,E01003781,,,,,,,,,,,,,,
10420,201506P098055,1,9,0,18,0,1,0,0,0,0,3,1,6,1,33,6,1700,2,12,-1,1,-1,1,1,391290.0,412770.0,-2.133123,53.611408,6,3,1,1,23/02/2015,2,1899-12-30 13:45:00,106,E08000005,3,664,6,30,3,4,6,0,0,8,1,1,1,0,0,1,1,E01005569,1.0,3.0,1.0,4.0,1.0,3.0,5.0,4.0,0.0,0.0,0.0,0.0,1.0,2.0
10421,2015051502268,1,9,0,5,0,0,0,0,0,0,0,1,6,3,-1,-1,-1,-1,-1,-1,-1,-1,2,3,346161.0,393306.0,-2.811841,53.433773,5,3,3,2,28/08/2015,6,1899-12-30 17:20:00,90,E08000011,3,58,3,60,0,-1,-1,0,0,0,1,1,1,0,0,2,1,E01006440,,,,,,,,,,,,,,
10422,201537EA90145,2,9,0,3,0,0,0,0,0,0,2,1,2,2,45,7,1390,1,7,-1,1,-1,2,3,566997.0,245766.0,0.435882,52.085055,37,3,3,2,42190,5,1899-12-30 16:47:00,414,E10000029,3,1307,6,30,0,-1,-1,0,0,1,1,1,1,0,0,1,1,E01030112,2.0,1.0,2.0,45.0,7.0,3.0,0.0,0.0,0.0,0.0,0.0,9.0,1.0,9.0
10423,201543R081095,1,9,0,18,0,6,0,0,0,0,1,1,6,2,29,6,1598,1,12,-1,1,-1,3,2,487397.0,169910.0,-0.744471,51.421474,43,3,2,3,42225,3,1899-12-30 08:54:00,470,E06000036,3,3095,6,40,3,4,6,7002,0,4,1,1,1,0,0,1,1,E01016190,1.0,1.0,2.0,29.0,6.0,3.0,0.0,0.0,0.0,0.0,0.0,9.0,1.0,10.0
10424,201597GA01606,2,9,0,5,0,8,0,0,0,0,3,1,6,1,41,7,2204,2,11,-1,1,-1,2,2,258638.0,664721.0,-4.259854,55.854897,97,3,2,2,14/06/2015,1,1899-12-30 14:35:00,926,S12000043,3,77,2,30,9,2,6,0,0,5,1,1,1,0,0,1,1,,1.0,1.0,1.0,41.0,7.0,3.0,0.0,0.0,0.0,0.0,0.0,9.0,1.0,-1.0
10425,2015460251916,4,9,0,18,0,1,0,0,0,0,1,1,3,2,29,6,1390,1,14,-1,1,-1,1,4,634310.0,170390.0,1.366016,51.38416,46,3,4,1,42248,6,1899-12-30 09:00:00,541,E10000016,3,28,6,30,3,4,6,0,0,8,1,1,1,0,0,1,1,E01024710,1.0,1.0,2.0,29.0,6.0,3.0,0.0,0.0,0.0,0.0,0.0,9.0,1.0,1.0
10426,201501QK50642,1,9,0,4,0,8,0,0,0,0,2,1,6,1,-1,-1,1968,2,5,-1,1,-1,1,3,518360.0,186160.0,-0.293911,51.561909,1,3,3,1,29/08/2015,7,1899-12-30 13:00:00,28,E09000005,3,4088,6,30,3,4,6,0,0,0,1,1,1,0,0,1,1,E01000571,,,,,,,,,,,,,,
10427,2015551500528,2,9,0,2,0,8,0,0,0,0,2,1,6,1,-1,-1,1686,2,2,-1,1,-1,1,2,406971.0,95584.0,-1.902533,50.759809,55,3,2,1,42041,3,1899-12-30 02:57:00,640,E06000028,6,0,6,30,8,4,6,0,0,0,4,5,2,0,0,1,1,E01015310,1.0,3.0,2.0,24.0,5.0,3.0,6.0,9.0,0.0,0.0,0.0,0.0,-1.0,-1.0
10428,201520J009115,1,9,0,18,0,8,0,0,0,0,3,1,6,2,19,4,1149,1,7,-1,1,-1,1,3,393070.0,284450.0,-2.103415,52.457954,20,3,3,1,26/08/2015,4,1899-12-30 14:38:00,303,E08000027,3,458,6,30,6,4,6,0,0,0,1,1,1,0,0,1,1,E01009833,1.0,1.0,2.0,19.0,4.0,3.0,0.0,0.0,0.0,0.0,0.0,9.0,1.0,4.0
10429,2015460256852,1,9,0,9,0,6,0,0,0,0,1,1,6,1,76,11,1560,2,8,-1,2,-1,1,2,571350.0,152970.0,0.453873,51.250158,46,3,2,1,13/05/2015,4,1899-12-30 09:22:00,536,E10000016,4,2010,6,50,3,4,4,2163,0,0,1,1,1,0,0,2,1,E01024346,,,,,,,,,,,,,,
10430,2015320011660,1,9,0,16,0,0,0,0,0,0,1,1,2,1,38,7,1995,2,5,-1,1,-1,2,3,523510.0,325942.0,-0.168756,52.816878,32,3,3,2,42097,4,1899-12-30 07:40:00,354,E10000019,4,1180,6,30,0,-1,-1,0,0,0,1,1,1,0,0,2,1,E01026258,1.0,1.0,1.0,38.0,7.0,3.0,0.0,0.0,0.0,0.0,0.0,9.0,1.0,6.0
10431,201520S031655,2,11,0,18,0,8,0,0,0,0,0,1,6,1,47,8,-1,-1,-1,-1,1,-1,4,2,401940.0,279390.0,-1.972905,52.412507,20,3,2,4,28/02/2015,7,1899-12-30 18:40:00,300,E08000025,3,38,3,30,6,2,6,0,0,5,4,1,1,0,0,1,2,E01009219,1.0,2.0,2.0,-1.0,-1.0,3.0,0.0,0.0,0.0,3.0,0.0,11.0,1.0,3.0
10432,2015075014112,1,9,0,18,0,0,0,0,0,0,1,1,1,1,60,9,2494,2,12,-1,3,-1,1,2,334764.0,373715.0,-2.979317,53.256413,7,3,2,1,16/01/2015,6,1899-12-30 10:28:00,130,E06000050,3,550,6,60,0,-1,-1,0,0,0,1,2,2,0,0,2,1,E01018367,,,,,,,,,,,,,,
10433,2015450021879,2,1,0,18,0,8,0,0,0,0,1,1,6,1,48,8,-1,-1,-1,-1,1,-1,1,2,516819.0,147555.0,-0.32882,51.215256,45,3,2,1,15/01/2015,5,1899-12-30 17:50:00,512,E10000030,3,24,1,50,1,4,3,2003,0,0,7,9,-1,0,0,1,2,E01030547,1.0,1.0,1.0,48.0,8.0,3.0,0.0,0.0,0.0,0.0,0.0,1.0,1.0,4.0
10434,2015210027317,1,9,0,18,0,0,0,0,1,7,1,1,6,1,18,4,998,1,8,-1,1,-1,2,3,423702.0,301092.0,-1.651433,52.607097,21,3,3,2,42043,1,1899-12-30 23:20:00,258,E10000028,3,5,3,70,0,-1,-1,0,0,0,4,1,1,0,0,1,1,E01029857,1.0,2.0,1.0,18.0,4.0,3.0,0.0,0.0,2.0,0.0,0.0,9.0,1.0,2.0
10435,2015440099915,2,1,0,18,9,8,0,0,0,0,1,1,6,2,16,4,-1,-1,-1,-1,1,-1,1,2,422673.0,94711.0,-1.679971,50.75156,44,3,2,1,24/03/2015,3,1899-12-30 16:30:00,496,E10000014,6,0,6,30,8,4,6,0,0,0,1,1,1,0,0,1,1,E01023055,1.0,1.0,2.0,16.0,4.0,3.0,0.0,0.0,0.0,0.0,0.0,1.0,1.0,7.0
10436,2015100586215,1,11,0,18,0,1,0,0,0,0,0,1,1,1,46,8,6800,2,6,-1,1,-1,2,1,439266.0,556659.0,-1.389184,54.903117,10,3,1,2,24/09/2015,5,1899-12-30 11:20:00,150,E08000024,3,1231,3,30,1,4,3,690,0,0,1,1,1,0,0,1,2,E01008831,1.0,2.0,2.0,25.0,5.0,3.0,0.0,0.0,0.0,3.0,0.0,11.0,1.0,2.0
10437,2015440277249,1,11,0,18,0,1,0,0,0,0,0,1,1,3,-1,-1,-1,-1,-1,-1,-1,-1,1,2,448204.0,129809.0,-1.313458,51.065599,44,3,2,1,42316,3,1899-12-30 14:30:00,502,E10000014,4,3330,2,20,3,4,6,0,0,0,1,1,1,0,0,1,2,E01023251,1.0,2.0,2.0,58.0,9.0,3.0,0.0,0.0,0.0,4.0,0.0,11.0,3.0,10.0
10438,201501EK40197,1,9,0,7,0,8,0,0,0,0,4,1,6,2,42,7,1968,2,11,-1,1,-1,1,2,528910.0,183860.0,-0.142639,51.538929,1,3,2,1,42311,4,1899-12-30 16:08:00,2,E09000007,3,4201,6,30,6,2,3,502,0,5,1,1,1,0,0,1,1,E01000863,,,,,,,,,,,,,,
10439,201531D294315,2,5,0,18,0,0,0,0,0,0,2,1,6,1,37,7,599,1,5,-1,1,-1,1,2,451537.0,343131.0,-1.233821,52.983051,31,3,2,1,29/12/2015,3,1899-12-30 21:00:00,342,E10000024,3,6002,6,40,0,-1,-1,0,0,5,7,1,1,0,0,2,2,E01028119,1.0,1.0,1.0,37.0,7.0,3.0,0.0,0.0,0.0,0.0,0.0,5.0,1.0,7.0
10440,201543W231115,1,9,0,9,0,8,0,0,0,0,3,1,6,1,30,6,2497,2,11,-1,1,-1,3,2,471838.0,171391.0,-0.967893,51.436971,43,3,2,3,24/11/2015,3,1899-12-30 12:13:00,472,E06000038,4,3031,6,30,3,4,6,7201,0,0,1,2,2,0,0,1,1,E01016377,1.0,1.0,1.0,30.0,6.0,3.0,0.0,0.0,0.0,0.0,0.0,9.0,1.0,2.0
10441,2015950005933,2,9,0,18,0,8,0,0,0,0,3,1,6,2,58,9,1398,1,-1,-1,1,-1,1,2,323420.0,674010.0,-3.227964,55.95299,95,3,2,1,29/12/2015,3,1899-12-30 21:04:00,923,S12000036,6,0,6,30,6,4,6,0,0,5,4,1,1,0,0,1,1,,,,,,,,,,,,,,,
10442,201501XD80381,2,9,0,9,0,8,0,0,0,0,3,1,6,2,32,6,1339,1,13,-1,1,-1,1,2,511520.0,179390.0,-0.394684,51.502453,1,3,2,1,13/05/2015,4,1899-12-30 08:50:00,27,E09000009,6,0,6,30,3,4,6,0,0,0,1,1,1,0,0,1,1,E01001366,1.0,1.0,2.0,32.0,6.0,3.0,0.0,0.0,0.0,0.0,0.0,9.0,1.0,-1.0
10443,2015160D04501,1,9,0,18,0,1,0,0,0,0,1,1,6,1,-1,-1,1598,1,10,-1,-1,-1,1,2,507303.0,427036.0,-0.375043,53.728694,16,3,2,1,42129,3,1899-12-30 13:15:00,228,E06000010,3,63,1,30,1,4,6,0,0,0,1,1,1,0,0,1,1,E01012889,,,,,,,,,,,,,,
10444,2015950003505,2,9,0,5,0,3,0,0,0,0,2,1,6,2,50,8,1686,2,2,-1,1,-1,2,2,326160.0,674500.0,-3.184229,55.957821,95,3,2,2,26/07/2015,1,1899-12-30 12:20:00,923,S12000036,6,0,6,30,1,4,3,900,0,4,1,1,1,0,0,1,1,,2.0,1.0,2.0,50.0,8.0,3.0,0.0,0.0,0.0,0.0,0.0,9.0,1.0,4.0
10445,201542I061903,3,9,0,18,0,7,0,0,0,0,4,1,1,1,52,8,1560,2,4,-1,1,-1,1,3,571961.0,191020.0,0.481067,51.591786,42,3,3,1,42127,5,1899-12-30 10:11:00,450,E10000012,3,127,3,70,5,4,3,127,0,0,1,1,1,0,0,1,1,E01021267,,,,,,,,,,,,,,
10446,201501ZT80098,1,8,0,18,0,8,0,0,0,0,4,1,1,1,52,8,1896,2,10,-1,-1,-1,1,2,529370.0,161690.0,-0.144104,51.339586,1,3,2,1,42341,5,1899-12-30 20:40:00,20,E09000008,3,237,1,30,2,4,3,2022,0,0,4,1,1,0,0,1,1,E01001028,,,,,,,,,,,,,,
10447,201520T048025,1,9,0,18,0,0,0,0,0,0,1,1,6,1,-1,-1,998,1,15,-1,-1,-1,2,2,408780.0,284500.0,-1.872213,52.458381,20,3,2,2,42102,3,1899-12-30 13:21:00,300,E08000025,6,0,6,30,0,-1,-1,0,0,0,1,1,1,0,0,1,2,E01009371,,,,,,,,,,,,,,
10448,2015450022237,2,9,0,16,0,4,0,0,0,0,1,1,6,2,50,8,1995,2,2,-1,1,-1,1,2,504371.0,171885.0,-0.499857,51.436359,45,3,2,1,42007,1,1899-12-30 08:29:00,40,E10000030,3,308,1,30,1,4,3,30,0,0,1,1,2,0,0,1,1,E01030734,,,,,,,,,,,,,,
10449,201522C500345,2,9,0,17,0,0,0,10,1,0,3,1,2,1,67,10,1596,1,13,-1,1,-1,3,3,394000.0,268260.0,-2.089433,52.312416,22,3,3,3,23/01/2015,6,1899-12-30 20:38:00,277,E10000034,3,38,6,50,0,-1,-1,0,0,0,6,1,2,0,0,2,1,E01032354,,,,,,,,,,,,,,
10450,201514A083415,1,9,0,18,0,8,0,0,0,0,3,1,6,1,34,6,1299,1,16,-1,1,-1,1,2,460326.0,402196.0,-1.091759,53.512992,14,3,2,1,42314,5,1899-12-30 08:30:00,211,E08000017,3,638,3,40,3,2,4,1396,0,0,1,1,1,0,0,1,2,E01007526,1.0,1.0,1.0,34.0,6.0,3.0,0.0,0.0,0.0,0.0,0.0,9.0,1.0,3.0
10451,201504WB15456,1,9,0,14,0,0,0,0,0,0,4,1,6,3,-1,-1,-1,-1,-1,-1,-1,-1,1,1,342350.0,440970.0,-2.878053,53.861732,4,3,1,1,15/09/2015,3,1899-12-30 09:00:00,85,E10000017,6,0,6,30,0,-1,-1,0,0,0,1,1,1,0,0,2,1,E01025562,1.0,3.0,1.0,64.0,9.0,3.0,9.0,7.0,0.0,0.0,0.0,0.0,3.0,7.0
10452,20151322R1529,2,9,0,16,0,1,0,0,0,0,2,1,6,1,36,7,1798,1,11,-1,1,-1,2,2,414447.0,417323.0,-1.782901,53.65221,13,3,2,2,27/02/2015,6,1899-12-30 20:30:00,203,E08000034,3,641,6,30,2,4,6,0,0,0,4,1,1,0,0,1,1,E01011107,1.0,1.0,1.0,36.0,7.0,3.0,0.0,0.0,0.0,0.0,0.0,9.0,1.0,2.0
10453,2015440026434,1,9,0,9,0,6,0,0,0,0,3,1,6,1,63,9,1596,1,10,-1,1,-1,4,2,482214.0,155666.0,-0.822282,51.294199,44,3,2,4,24/01/2015,7,1899-12-30 09:15:00,494,E10000014,6,0,6,40,3,4,6,0,0,8,1,1,1,0,0,2,1,E01022867,1.0,1.0,1.0,63.0,9.0,3.0,0.0,0.0,0.0,0.0,0.0,9.0,1.0,7.0
10454,2015132BD1211,2,9,0,18,0,0,0,0,0,0,3,1,6,1,33,6,1242,1,-1,-1,1,-1,1,3,418567.0,434477.0,-1.719546,53.80626,13,3,3,1,13/11/2015,6,1899-12-30 17:16:00,200,E08000032,6,0,6,30,0,-1,-1,0,0,0,4,5,2,0,0,1,2,E01010625,1.0,1.0,1.0,33.0,6.0,3.0,0.0,0.0,0.0,0.0,0.0,9.0,1.0,3.0
10455,2015555999130,1,9,0,1,0,0,0,0,0,0,1,1,6,1,85,11,1198,1,1,-1,1,-1,1,1,346793.0,92892.0,-2.755294,50.733193,55,3,1,1,26/01/2015,2,1899-12-30 12:22:00,645,E10000009,4,3162,6,30,0,-1,-1,0,0,1,1,1,1,0,0,1,1,E01020503,1.0,3.0,2.0,20.0,4.0,3.0,4.0,3.0,0.0,0.0,0.0,0.0,1.0,2.0
10456,201542I019401,1,9,0,9,0,2,0,0,0,0,1,1,2,1,27,6,1598,1,6,-1,-1,-1,1,1,567286.0,195111.0,0.415594,51.629943,42,3,1,1,22/01/2015,5,1899-12-30 17:50:00,450,E10000012,6,0,6,30,3,4,6,0,0,0,4,1,1,0,0,1,2,E01021247,1.0,3.0,2.0,23.0,5.0,3.0,5.0,4.0,0.0,0.0,0.0,0.0,1.0,10.0
10457,2015120030231,2,1,0,9,0,0,0,0,0,0,1,1,2,1,35,6,-1,-1,-1,-1,1,-1,1,2,457864.0,450038.0,-1.11995,53.943225,12,3,2,1,23/02/2015,2,1899-12-30 14:20:00,189,E06000014,5,413,6,30,0,-1,-1,0,0,0,1,1,1,0,0,1,1,E01013359,1.0,1.0,1.0,35.0,6.0,3.0,0.0,0.0,0.0,0.0,0.0,1.0,1.0,10.0
10458,201514C052915,1,9,0,3,0,1,0,0,0,0,2,1,6,1,62,9,1399,1,6,-1,1,-1,1,2,443395.0,393027.0,-1.348318,53.432249,14,3,2,1,22/05/2015,6,1899-12-30 11:50:00,213,E08000018,6,0,6,30,3,2,6,0,0,0,1,1,1,0,0,1,1,E01007767,1.0,2.0,2.0,57.0,9.0,3.0,0.0,0.0,1.0,0.0,0.0,9.0,1.0,3.0
10459,201520M007595,1,9,0,9,0,6,0,0,0,0,1,1,6,1,34,6,1999,1,1,-1,1,-1,1,2,432380.0,278960.0,-1.525438,52.407693,20,3,2,1,13/04/2015,2,1899-12-30 08:00:00,302,E08000026,4,4101,6,30,3,4,6,0,0,0,1,1,1,0,0,1,2,E01009689,,,,,,,,,,,,,,
10460,2015950005845,2,3,0,5,0,4,1,0,0,0,0,1,2,1,44,7,125,1,1,-1,1,-1,1,2,303110.0,667356.0,-3.550709,55.889557,95,3,2,1,21/12/2015,2,1899-12-30 17:30:00,940,S12000040,6,0,6,30,1,1,6,0,0,0,4,9,2,0,0,1,2,,1.0,1.0,1.0,44.0,7.0,3.0,0.0,0.0,0.0,0.0,0.0,3.0,1.0,-1.0
10461,2015075288008,3,9,0,3,0,1,0,0,0,0,2,1,2,2,21,5,1242,1,7,-1,1,-1,1,3,340820.0,367483.0,-2.887394,53.201112,7,3,3,1,27/09/2015,1,1899-12-30 14:40:00,130,E06000050,6,0,6,30,9,4,6,0,0,0,1,1,1,0,0,1,1,E01018375,1.0,1.0,2.0,21.0,5.0,3.0,0.0,0.0,0.0,0.0,0.0,9.0,1.0,-1.0
10462,201520W055845,2,3,0,18,0,0,5,0,0,0,3,1,1,1,18,4,125,1,6,-1,1,-1,1,2,406870.0,285690.0,-1.900299,52.469106,20,3,2,1,42287,7,1899-12-30 22:35:00,300,E08000025,3,38,3,30,0,-1,-1,0,0,0,4,1,1,0,0,1,1,E01033640,1.0,1.0,1.0,18.0,4.0,3.0,0.0,0.0,0.0,0.0,0.0,3.0,1.0,1.0
10463,201514A015715,1,1,0,18,0,8,0,0,0,0,2,1,6,1,35,6,-1,-1,-1,-1,1,-1,1,2,463108.0,406066.0,-1.049034,53.547447,14,3,2,1,28/01/2015,4,1899-12-30 06:40:00,211,E08000017,3,630,1,60,1,4,6,0,0,0,7,1,1,0,0,2,2,E01007475,1.0,1.0,1.0,35.0,6.0,3.0,0.0,0.0,0.0,0.0,0.0,1.0,1.0,5.0
10464,201501KD50081,1,1,0,18,0,8,0,0,0,0,4,1,2,2,26,6,-1,-1,-1,-1,1,-1,1,2,549740.0,188380.0,0.159419,51.574405,1,3,2,1,28/01/2015,4,1899-12-30 08:30:00,15,E09000016,3,118,6,30,3,4,6,0,0,0,1,1,1,0,0,1,2,E01002246,1.0,1.0,2.0,26.0,6.0,3.0,0.0,0.0,0.0,0.0,0.0,1.0,1.0,10.0
10465,2015460258570,1,21,1,12,0,0,0,0,0,0,3,1,6,1,37,7,-1,-1,-1,-1,-1,-1,1,2,546780.0,155880.0,0.103281,51.283155,46,3,2,1,22/06/2015,2,1899-12-30 18:06:00,538,E10000016,1,25,3,70,0,-1,-1,0,0,0,1,1,1,0,0,2,1,E01024419,,,,,,,,,,,,,,
10466,2015350028415,2,3,0,18,0,8,0,0,0,0,1,1,2,1,28,6,798,1,7,-1,1,-1,1,2,516760.0,283460.0,-0.283863,52.436651,35,3,2,1,42038,2,1899-12-30 18:10:00,393,E10000003,5,101,6,30,3,4,6,0,0,4,4,1,2,0,0,2,1,E01018194,1.0,1.0,1.0,28.0,6.0,3.0,0.0,0.0,0.0,0.0,0.0,3.0,1.0,9.0
10467,2015542180615,2,9,0,9,0,8,0,0,0,0,4,1,6,1,18,4,-1,-1,-1,-1,2,-1,1,2,414387.0,128504.0,-1.796104,51.055701,54,3,2,1,42280,3,1899-12-30 18:45:00,635,E06000054,3,354,1,30,1,4,5,328,0,0,4,1,1,0,0,1,1,,,,,,,,,,,,,,,
10468,201501BS70766,2,9,0,9,0,8,0,0,0,0,1,1,6,2,-1,-1,-1,-1,-1,-1,-1,-1,1,2,527170.0,178230.0,-0.169743,51.488727,1,3,2,1,42289,5,1899-12-30 18:50:00,12,E09000020,4,304,6,30,6,4,6,0,0,0,4,1,1,0,0,1,2,E01002914,,,,,,,,,,,,,,
10469,201523S030985,2,9,0,18,0,8,0,0,0,0,1,1,6,1,82,11,1108,1,6,-1,1,-1,1,2,407440.0,263221.0,-1.892399,52.267099,23,3,2,1,22/09/2015,3,1899-12-30 10:05:00,293,E10000031,3,435,6,30,9,4,6,0,0,0,1,2,2,0,0,2,1,,1.0,2.0,2.0,79.0,11.0,3.0,0.0,0.0,1.0,0.0,0.0,9.0,1.0,10.0
10470,2015120002407,1,10,0,2,0,2,0,0,0,0,2,1,1,1,53,8,2953,2,9,-1,1,-1,1,2,458930.0,447254.0,-1.104248,53.918086,12,3,2,1,42125,2,1899-12-30 15:15:00,189,E06000014,5,289,6,30,3,4,6,5310,0,0,1,1,2,0,0,2,1,E01013340,1.0,1.0,1.0,53.0,8.0,3.0,0.0,0.0,0.0,0.0,0.0,10.0,1.0,10.0
10471,201504WA15145,1,2,0,9,0,8,0,0,0,0,4,1,2,1,61,9,49,1,6,-1,1,-1,1,2,330910.0,434010.0,-3.050403,53.797787,4,3,2,1,20/04/2015,2,1899-12-30 17:45:00,71,E06000009,4,5262,6,30,3,4,6,0,0,0,1,1,1,0,0,1,1,E01012751,1.0,1.0,1.0,61.0,9.0,3.0,0.0,0.0,0.0,0.0,0.0,2.0,1.0,1.0
10472,201501KD50511,2,9,0,3,0,1,0,0,0,0,2,1,6,2,31,6,998,1,4,-1,1,-1,4,4,551540.0,183820.0,0.18341,51.532953,1,3,4,4,21/08/2015,6,1899-12-30 16:40:00,15,E09000016,3,125,6,30,3,4,6,0,0,0,1,1,1,0,0,1,1,E01002375,2.0,2.0,1.0,34.0,6.0,3.0,0.0,0.0,1.0,0.0,0.0,9.0,1.0,5.0
10473,2015210024672,4,9,0,2,0,0,0,0,0,0,2,1,6,2,-1,-1,1248,2,4,-1,-1,-1,2,4,425107.0,321456.0,-1.629139,52.790095,21,3,4,2,24/05/2015,1,1899-12-30 16:20:00,251,E10000028,6,16,6,30,0,-1,-1,0,0,0,1,1,1,0,0,1,2,E01029451,,,,,,,,,,,,,,
10474,2015440392143,1,9,0,16,0,0,0,0,0,0,1,1,1,1,27,6,3947,1,18,-1,3,-1,1,2,434967.0,152868.0,-1.500119,51.273893,44,3,2,1,42319,4,1899-12-30 09:50:00,501,E10000014,6,0,6,60,0,-1,-1,0,0,0,1,1,2,0,0,2,1,E01023165,1.0,1.0,1.0,27.0,6.0,3.0,0.0,0.0,0.0,0.0,0.0,9.0,3.0,8.0
10475,20151329C1393,2,9,0,2,0,1,0,0,0,0,2,1,6,3,-1,-1,1490,1,7,-1,2,-1,1,2,404507.0,439500.0,-1.932972,53.851715,13,3,2,1,42347,7,1899-12-30 19:59:00,200,E08000032,4,6143,6,30,3,4,6,0,0,0,4,1,1,0,0,1,1,E01010859,,,,,,,,,,,,,,
10476,2015030000112,2,9,0,18,0,0,1,0,1,0,0,1,6,2,23,5,1398,2,12,-1,2,-1,2,2,307940.0,500380.0,-3.419248,54.390547,3,3,2,2,16/01/2015,6,1899-12-30 09:45:00,63,E10000006,3,595,6,60,0,-1,-1,0,0,0,1,3,3,0,0,2,2,E01019304,2.0,2.0,1.0,24.0,5.0,3.0,0.0,0.0,1.0,0.0,0.0,9.0,1.0,1.0
10477,201523N035288,1,9,0,9,0,6,0,0,0,0,1,1,6,2,42,7,1197,1,4,-1,1,-1,1,2,450854.0,275410.0,-1.254427,52.37438,23,3,2,1,26/02/2015,5,1899-12-30 08:53:00,292,E10000031,6,0,6,30,3,4,6,0,0,0,1,2,2,0,0,1,1,E01031132,,,,,,,,,,,,,,