,accident_index,vehicle_reference,vehicle_type,towing_and_articulation,vehicle_manoeuvre,vehicle_location-restricted_lane,junction_location,skidding_and_overturning,hit_object_in_carriageway,vehicle_leaving_carriageway,hit_object_off_carriageway,1st_point_of_impact,was_vehicle_left_hand_drive?,journey_purpose_of_driver,sex_of_driver,age_of_driver,age_band_of_driver,engine_capacity_(cc),propulsion_code,age_of_vehicle,driver_imd_decile,driver_home_area_type,vehicle_imd_decile,NUmber_of_Casualities_unique_to_accident_index,No_of_Vehicles_involved_unique_to_accident_index,location_easting_osgr,location_northing_osgr,longitude,latitude,police_force,accident_severity,number_of_vehicles,number_of_casualties,date,day_of_week,time,local_authority_(district),local_authority_(highway),1st_road_class,1st_road_number,road_type,speed_limit,junction_detail,junction_control,2nd_road_class,2nd_road_number,pedestrian_crossing-human_control,pedestrian_crossing-physical_facilities,light_conditions,weather_conditions,road_surface_conditions,special_conditions_at_site,carriageway_hazards,urban_or_rural_area,did_police_officer_attend_scene_of_accident,lsoa_of_accident_location,casualty_reference,casualty_class,sex_of_casualty,age_of_casualty,age_band_of_casualty,casualty_severity,pedestrian_location,pedestrian_movement,car_passenger,bus_or_coach_passenger,pedestrian_road_maintenance_worker,casualty_type,casualty_home_area_type,casualty_imd_decile
10678,201501EO40835,2,5,0,4,2,8,0,0,0,0,3,1,6,1,26,6,599,1,10,-1,1,-1,1,2,531100.0,185280.0,-0.110551,51.551186,1,3,2,1,42349,5,1899-12-30 09:00:00,3,E09000019,3,1,6,20,3,4,6,0,0,4,1,1,1,0,0,1,1,E01033486,1.0,1.0,1.0,26.0,6.0,3.0,0.0,0.0,0.0,0.0,0.0,5.0,1.0,4.0
10679,2015300014919,7,9,0,18,0,0,0,0,0,0,3,1,6,1,50,8,1956,2,4,-1,1,-1,3,10,444960.0,359800.0,-1.329454,53.13347,30,3,10,3,17/07/2015,6,1899-12-30 16:44:00,321,E10000007,1,1,3,70,0,-1,-1,0,0,0,1,1,1,0,0,2,1,E01019482,,,,,,,,,,,,,,
10680,201514K133215,2,9,0,4,0,1,1,0,0,0,1,1,6,2,43,7,1910,2,10,-1,1,-1,4,2,434659.0,385742.0,-1.480597,53.367415,14,3,2,4,42100,5,1899-12-30 19:15:00,215,E08000019,6,0,6,30,6,2,6,0,0,4,1,1,1,0,0,1,1,E01008107,,,,,,,,,,,,,,
10681,201543N112115,1,9,0,18,0,8,1,0,0,0,1,1,6,1,42,7,1984,1,10,-1,1,-1,2,4,479032.0,211628.0,-0.855355,51.797725,43,3,4,2,19/11/2015,5,1899-12-30 08:52:00,476,E10000002,5,70,6,40,6,4,5,77,0,0,1,2,2,0,0,2,1,E01017678,,,,,,,,,,,,,,
10682,201531D244015,1,9,0,9,0,5,0,0,0,0,3,1,6,1,75,10,1497,8,3,-1,1,-1,1,2,451469.0,336620.0,-1.235866,52.924534,31,3,2,1,17/11/2015,3,1899-12-30 08:46:00,342,E10000024,6,0,6,30,3,4,6,0,0,0,1,4,1,0,0,1,1,E01028094,,,,,,,,,,,,,,
10683,201501JI40607,2,9,0,18,0,8,0,0,0,0,3,1,1,1,24,5,1560,2,1,-1,3,-1,4,2,544150.0,188210.0,0.078741,51.574333,1,3,2,4,26/08/2015,4,1899-12-30 21:53:00,14,E09000026,3,12,3,40,3,4,6,0,0,0,4,1,1,0,0,1,1,E01003752,4.0,2.0,1.0,24.0,5.0,3.0,0.0,0.0,2.0,0.0,0.0,9.0,-1.0,-1.0
10684,201523S010727,2,9,0,18,0,0,0,0,0,0,4,1,2,2,40,7,-1,-1,-1,-1,-1,-1,1,2,427954.0,265006.0,-1.591655,52.282491,23,3,2,1,17/07/2015,6,1899-12-30 19:06:00,294,E10000031,6,0,6,30,0,-1,-1,0,0,5,1,1,1,0,0,1,1,E01031324,,,,,,,,,,,,,,
10685,2015051500488,2,9,0,5,0,8,0,0,0,0,1,1,1,1,27,6,-1,-1,-1,-1,2,-1,2,2,336984.0,399957.0,-2.951288,53.492528,5,3,2,2,13/02/2015,6,1899-12-30 11:00:00,93,E08000014,1,57,3,50,6,2,3,59,0,0,1,2,2,0,0,2,1,E01007038,1.0,1.0,1.0,27.0,6.0,3.0,0.0,0.0,0.0,0.0,0.0,9.0,2.0,5.0
10686,2015320094926,1,9,0,6,0,0,0,0,0,0,3,1,6,1,49,8,1598,2,1,-1,2,-1,1,2,481973.0,374447.0,-0.772589,53.260702,32,3,2,1,42317,6,1899-12-30 08:05:00,356,E10000019,3,57,3,30,0,-1,-1,0,0,0,1,1,1,0,0,2,2,E01026409,1.0,1.0,1.0,49.0,8.0,3.0,0.0,0.0,0.0,0.0,0.0,9.0,2.0,8.0
10687,2015460254917,3,9,0,18,0,0,0,0,0,0,2,1,6,1,24,5,1560,2,1,-1,-1,-1,1,3,551540.0,173130.0,0.178826,51.436904,46,3,3,1,42039,5,1899-12-30 21:30:00,532,E10000016,3,2018,3,70,0,-1,-1,0,0,0,4,1,1,0,0,2,1,E01024146,1.0,1.0,1.0,24.0,5.0,3.0,0.0,0.0,0.0,0.0,0.0,9.0,-1.0,-1.0
10688,2015610001615,1,9,0,18,0,0,0,0,1,7,4,1,6,2,26,6,-1,-1,-1,-1,3,-1,2,1,334185.0,188900.0,-2.951525,51.595085,61,3,1,2,42339,2,1899-12-30 21:05:00,733,W06000022,1,4,3,70,0,-1,-1,0,0,0,1,2,2,0,0,1,1,W01001606,2.0,2.0,1.0,27.0,6.0,3.0,0.0,0.0,1.0,0.0,0.0,9.0,3.0,-1.0
10689,201543W291115,1,19,0,18,0,1,0,0,0,0,1,1,6,1,-1,-1,1399,2,7,-1,1,-1,1,2,473180.0,173205.0,-0.948215,51.453108,43,3,2,1,42015,1,1899-12-30 15:24:00,472,E06000038,3,4,6,30,6,2,3,329,0,0,1,8,2,0,0,1,2,E01016406,,,,,,,,,,,,,,
10690,2015440447045,1,19,0,9,0,1,0,0,0,0,0,1,1,1,40,7,2287,2,3,-1,1,-1,1,2,453625.0,107889.0,-1.239327,50.868026,44,3,2,1,21/12/2015,2,1899-12-30 08:50:00,502,E10000014,6,0,6,60,8,4,6,0,0,0,1,4,2,0,0,2,1,E01032859,,,,,,,,,,,,,,
10691,2015132AG1087,1,19,0,18,0,8,0,0,0,0,1,1,6,1,47,8,-1,-1,-1,-1,-1,-1,4,2,408600.0,426128.0,-1.871121,53.731477,13,3,2,4,16/10/2015,6,1899-12-30 16:20:00,202,E08000033,6,0,6,30,6,3,6,0,0,0,1,1,1,0,0,1,1,E01010961,3.0,2.0,2.0,10.0,2.0,3.0,0.0,0.0,1.0,0.0,0.0,19.0,-1.0,-1.0
10692,2015405CA1525,1,9,0,9,0,8,0,0,0,0,3,1,6,1,-1,-1,-1,-1,-1,-1,-1,-1,1,2,509508.0,222867.0,-0.410024,51.893605,40,3,2,1,21/12/2015,2,1899-12-30 15:38:00,421,E06000032,3,5228,6,30,3,4,6,0,0,0,1,1,2,0,0,1,1,E01015775,,,,,,,,,,,,,,
10693,2015450023864,1,9,0,4,0,3,0,0,0,0,2,1,6,2,35,6,1398,2,13,-1,1,-1,1,2,506490.0,171031.0,-0.46964,51.428289,45,3,2,1,14/04/2015,3,1899-12-30 13:00:00,40,E10000030,4,377,1,40,1,4,5,241,0,0,1,1,1,0,0,1,1,E01030705,1.0,1.0,2.0,35.0,6.0,3.0,0.0,0.0,0.0,0.0,0.0,9.0,1.0,5.0
10694,201501YR99136,2,9,0,9,0,1,0,0,0,0,1,1,6,1,42,7,1968,2,7,-1,1,-1,1,2,533290.0,190590.0,-0.076971,51.59839,1,3,2,1,19/10/2015,2,1899-12-30 12:00:00,31,E09000014,3,10,6,30,2,4,3,109,0,0,1,1,1,0,0,1,1,E01002095,,,,,,,,,,,,,,
10695,201554B315115,2,19,0,18,0,8,0,0,0,0,1,1,1,1,72,10,2461,2,14,-1,3,-1,1,2,403804.0,131512.0,-1.94707,51.082915,54,3,2,1,17/12/2015,5,1899-12-30 07:34:00,635,E06000054,4,3089,6,50,8,4,6,0,0,0,6,1,2,0,0,2,1,E01032004,1.0,1.0,1.0,72.0,10.0,3.0,0.0,0.0,0.0,0.0,0.0,19.0,3.0,6.0
10696,201504ED15631,2,9,0,3,0,0,0,0,0,0,2,1,6,1,30,6,1995,2,11,-1,1,-1,2,2,375060.0,428540.0,-2.379706,53.752623,4,3,2,2,42288,3,1899-12-30 17:15:00,75,E10000017,6,0,6,30,0,-1,-1,0,0,0,4,1,1,0,0,1,1,E01033231,1.0,1.0,1.0,30.0,6.0,3.0,0.0,0.0,0.0,0.0,0.0,9.0,1.0,3.0
10697,2015440347614,1,9,0,16,0,2,1,0,0,0,1,1,2,1,20,4,1996,1,17,-1,1,-1,1,2,454394.0,105872.0,-1.2287,50.849818,44,3,2,1,42195,4,1899-12-30 00:20:00,492,E10000014,3,27,6,40,1,4,4,3334,0,0,4,1,2,0,0,2,1,E01022781,,,,,,,,,,,,,,
10698,201522E501725,2,9,0,17,0,8,2,0,0,0,1,1,6,1,60,9,2184,2,11,-1,1,-1,1,2,374290.0,239980.0,-2.376389,52.057599,22,3,2,1,42343,3,1899-12-30 09:50:00,285,E06000019,3,449,6,60,3,4,6,0,0,0,1,1,1,0,0,2,1,E01014029,1.0,1.0,1.0,60.0,9.0,3.0,0.0,0.0,0.0,0.0,0.0,9.0,1.0,5.0
10699,201501KF60185,2,9,0,16,0,0,0,0,0,0,1,1,6,3,-1,-1,-1,-1,-1,-1,-1,-1,2,2,539330.0,183960.0,0.007551,51.537354,1,3,2,2,18/03/2015,4,1899-12-30 22:25:00,17,E09000025,4,165,6,30,0,-1,-1,0,0,0,4,1,1,0,0,1,1,E01003636,,,,,,,,,,,,,,
10700,2015230040521,1,9,0,9,0,6,0,0,0,0,1,1,5,1,45,7,1598,1,18,-1,1,-1,1,2,435290.0,290696.0,-1.481425,52.513016,23,3,2,1,19/11/2015,5,1899-12-30 20:22:00,291,E10000031,4,4112,6,30,3,4,6,0,0,0,4,1,2,0,0,1,1,E01031049,,,,,,,,,,,,,,
10701,201543R086035,1,20,0,18,0,0,1,4,0,0,1,1,1,1,24,5,-1,-1,-1,-1,1,-1,1,4,489799.0,177691.0,-0.707962,51.491045,43,3,4,1,42158,6,1899-12-30 17:55:00,474,E06000040,6,7402,6,30,0,-1,-1,0,0,0,1,1,1,0,0,1,1,E01016542,1.0,1.0,1.0,24.0,5.0,3.0,0.0,0.0,0.0,0.0,0.0,20.0,1.0,9.0
10702,201501WW50103,2,9,0,9,0,8,0,0,0,0,0,1,6,2,24,5,-1,-1,-1,-1,1,-1,1,2,527370.0,176330.0,-0.167549,51.471607,1,3,2,1,30/01/2015,6,1899-12-30 21:25:00,10,E09000032,3,3205,6,30,3,4,6,0,0,0,4,1,2,0,0,1,1,E01004540,,,,,,,,,,,,,,
10703,201501YR99064,1,19,0,18,0,1,0,0,0,0,1,1,1,1,43,7,2179,2,8,-1,1,-1,1,2,533630.0,188550.0,-0.072841,51.579978,1,3,2,1,18/12/2015,6,1899-12-30 06:10:00,31,E09000014,3,10,6,30,3,4,6,0,0,4,4,1,1,0,0,1,1,E01002051,1.0,3.0,1.0,43.0,7.0,3.0,1.0,1.0,0.0,0.0,2.0,0.0,1.0,4.0
10704,2015521600594,2,1,0,18,0,0,0,0,0,0,3,1,6,1,13,3,-1,-1,-1,-1,1,-1,1,2,347704.0,170904.0,-2.753704,51.434709,52,3,2,1,21/12/2015,2,1899-12-30 15:35:00,605,E06000024,6,0,6,30,0,-1,-1,0,0,4,1,1,1,0,0,1,1,E01014779,1.0,1.0,1.0,13.0,3.0,3.0,0.0,0.0,0.0,0.0,0.0,1.0,1.0,10.0
10705,201514A003815,2,9,0,18,0,8,0,0,0,0,4,1,6,1,60,9,-1,-1,-1,-1,3,-1,1,2,456643.0,398529.0,-1.147952,53.480444,14,3,2,1,42278,7,1899-12-30 10:25:00,211,E08000017,2,1,1,60,1,4,1,18,0,0,1,4,2,0,0,2,1,E01007611,,,,,,,,,,,,,,
10706,201501YE89198,1,9,0,4,0,8,0,0,0,0,1,1,6,1,-1,-1,-1,-1,-1,-1,-1,-1,3,2,529200.0,192240.0,-0.13538,51.61417,1,3,2,3,42096,4,1899-12-30 15:30:00,32,E09000010,6,0,6,30,3,4,6,0,0,0,1,1,1,0,0,1,1,E01001529,1.0,3.0,1.0,11.0,3.0,3.0,6.0,9.0,0.0,0.0,2.0,0.0,1.0,2.0
10707,2015460261400,1,9,0,18,0,0,0,0,0,0,1,1,1,2,68,10,1598,1,10,-1,2,-1,4,4,554440.0,170560.0,0.219396,51.413031,46,3,4,4,42347,7,1899-12-30 13:57:00,532,E10000016,1,25,3,70,0,-1,-1,0,0,0,1,1,1,0,0,2,1,E01024174,1.0,1.0,2.0,68.0,10.0,3.0,0.0,0.0,0.0,0.0,0.0,9.0,2.0,7.0
10708,201501BS70754,3,9,0,18,0,2,0,0,0,0,2,1,6,1,34,6,1598,1,11,-1,1,-1,3,3,525380.0,178800.0,-0.195309,51.494249,1,3,3,3,20/12/2015,1,1899-12-30 16:01:00,12,E09000020,3,3220,6,30,3,2,3,4,0,5,4,2,2,0,0,1,1,E01002851,3.0,1.0,1.0,34.0,6.0,3.0,0.0,0.0,0.0,0.0,0.0,9.0,1.0,3.0
10709,201537EA92942,1,9,0,4,0,6,1,0,7,0,1,1,6,2,54,8,-1,-1,-1,-1,3,-1,3,2,641969.0,259296.0,1.5378,52.178808,37,3,2,3,22/08/2015,7,1899-12-30 18:27:00,415,E10000029,3,1094,6,60,3,4,4,1069,0,0,1,1,1,5,0,2,1,E01030212,1.0,1.0,2.0,54.0,8.0,3.0,0.0,0.0,0.0,0.0,0.0,9.0,3.0,5.0
10710,201531A266415,2,21,0,18,0,2,0,0,0,0,2,1,1,1,26,6,6692,2,3,-1,1,-1,2,2,450940.0,358227.0,-1.240331,53.118795,31,3,2,2,42289,5,1899-12-30 09:09:00,340,E10000024,4,6021,6,40,3,4,6,0,0,8,1,2,2,0,0,1,1,E01027972,2.0,2.0,1.0,17.0,4.0,3.0,0.0,0.0,1.0,0.0,0.0,21.0,-1.0,-1.0
10711,2015941500279,2,9,0,4,0,0,0,0,0,0,2,1,6,1,30,6,1598,1,1,-1,3,-1,2,2,313086.0,683294.0,-3.396409,56.034619,94,3,2,2,42189,3,1899-12-30 21:10:00,925,S12000015,4,981,6,30,0,-1,-1,0,0,4,4,1,1,0,0,1,1,,2.0,1.0,1.0,30.0,6.0,3.0,0.0,0.0,0.0,0.0,0.0,9.0,3.0,-1.0
10712,201543W205025,3,9,0,18,0,0,0,0,4,7,1,1,6,1,51,8,-1,-1,-1,-1,1,-1,2,6,457729.0,173839.0,-1.170448,51.460591,43,3,6,2,28/02/2015,7,1899-12-30 18:11:00,471,E06000037,1,4,3,70,0,-1,-1,0,0,0,6,5,2,0,0,2,1,E01016264,2.0,1.0,1.0,51.0,8.0,3.0,0.0,0.0,0.0,0.0,0.0,9.0,1.0,1.0
10713,201597QB02808,2,11,0,3,0,4,0,0,0,0,2,1,1,1,34,6,6696,2,2,-1,1,-1,2,2,272811.0,655533.0,-4.029307,55.776343,97,3,2,2,15/08/2015,7,1899-12-30 10:10:00,938,S12000029,3,723,1,30,1,2,3,72,0,5,1,1,1,0,0,1,1,,2.0,2.0,2.0,21.0,5.0,3.0,0.0,0.0,0.0,4.0,0.0,11.0,-1.0,-1.0
10714,2015621500710,2,9,0,4,0,4,0,0,0,0,2,1,6,1,52,8,-1,-1,-1,-1,1,-1,1,2,274256.0,197570.0,-3.81944,51.6628,62,3,2,1,20/04/2015,2,1899-12-30 16:44:00,743,W06000012,3,4230,1,30,1,4,3,474,0,0,1,1,1,0,0,1,1,W01000922,2.0,1.0,1.0,52.0,8.0,3.0,0.0,0.0,0.0,0.0,0.0,9.0,1.0,-1.0
10715,201501QK50255,1,5,0,9,0,8,1,0,0,0,3,1,6,1,56,9,599,1,11,-1,1,-1,1,1,522630.0,187320.0,-0.231937,51.571422,1,3,1,1,19/04/2015,1,1899-12-30 11:48:00,30,E09000003,3,5,1,30,1,2,3,406,0,5,1,1,1,0,0,1,1,E01000305,1.0,1.0,1.0,56.0,9.0,3.0,0.0,0.0,0.0,0.0,0.0,5.0,1.0,10.0
10716,201501GD10608,2,3,0,18,0,0,0,0,0,0,4,1,2,1,34,6,124,1,1,-1,1,-1,1,2,532800.0,182940.0,-0.086929,51.529761,1,3,2,1,14/07/2015,3,1899-12-30 16:50:00,4,E09000012,3,1200,6,30,0,-1,-1,0,0,0,1,1,1,0,0,1,1,E01033709,1.0,1.0,1.0,34.0,6.0,3.0,0.0,0.0,0.0,0.0,0.0,3.0,1.0,2.0
10717,201550KE2A001,1,9,0,9,0,1,0,0,0,0,1,1,6,2,70,10,1997,2,12,-1,1,-1,2,2,301493.0,82860.0,-3.39435,50.637081,50,3,2,2,16/02/2015,2,1899-12-30 16:29:00,580,E10000008,6,0,6,30,3,4,6,0,0,0,1,2,2,0,0,1,1,E01019906,1.0,1.0,2.0,70.0,10.0,3.0,0.0,0.0,0.0,0.0,0.0,9.0,1.0,5.0
10718,2015450028252,1,9,0,18,0,0,1,0,0,0,1,1,6,2,29,6,2494,1,18,-1,1,-1,3,2,504734.0,174563.0,-0.493845,51.460363,45,3,2,3,24/07/2015,6,1899-12-30 15:21:00,40,E10000030,3,3044,3,70,0,-1,-1,0,0,0,1,2,5,0,0,2,1,E01030747,1.0,1.0,2.0,29.0,6.0,3.0,0.0,0.0,0.0,0.0,0.0,9.0,1.0,8.0
10719,2015621501762,2,1,0,18,0,1,0,0,0,0,0,1,6,1,9,2,-1,-1,-1,-1,1,-1,1,2,302713.0,199852.0,-3.408791,51.688965,62,3,2,1,42287,7,1899-12-30 16:41:00,744,W06000016,4,4275,6,30,3,4,6,0,0,0,1,1,1,0,0,1,1,W01001142,2.0,1.0,1.0,9.0,2.0,3.0,0.0,0.0,0.0,0.0,0.0,1.0,1.0,-1.0
10720,201542I109604,4,9,0,2,0,1,0,0,0,0,1,1,6,3,-1,-1,998,1,2,-1,-1,-1,1,4,562382.0,178066.0,0.336941,51.478248,42,3,4,1,42220,4,1899-12-30 08:45:00,462,E06000034,6,0,6,30,3,4,6,0,0,0,1,1,1,0,0,1,1,E01015968,,,,,,,,,,,,,,
10721,201550ED2N024,2,1,0,17,0,8,0,0,0,0,1,1,6,1,22,5,-1,-1,-1,-1,1,-1,1,2,247415.0,55267.0,-4.147312,50.377455,50,3,2,1,42191,1,1899-12-30 17:30:00,583,E06000026,6,0,1,30,1,4,6,0,0,0,1,1,1,0,0,1,1,E01015169,1.0,1.0,1.0,22.0,5.0,3.0,0.0,0.0,0.0,0.0,0.0,1.0,1.0,2.0
10722,2015320126155,3,21,1,12,0,7,0,0,0,0,0,1,1,1,42,7,12777,2,5,-1,-1,-1,2,3,490023.0,334142.0,-0.663211,52.897195,32,3,3,2,23/11/2015,2,1899-12-30 11:20:00,355,E10000019,3,1,3,70,5,4,3,607,0,0,1,1,2,0,0,1,1,E01026319,,,,,,,,,,,,,,
10723,201542I004101,2,9,0,4,0,0,0,0,0,0,1,1,6,2,29,6,-1,-1,-1,-1,1,-1,2,3,556887.0,178030.0,0.257863,51.479474,42,3,3,2,42156,3,1899-12-30 17:40:00,462,E06000034,3,1090,6,60,0,-1,-1,0,0,0,4,1,2,0,0,2,1,E01016012,2.0,1.0,2.0,29.0,6.0,3.0,0.0,0.0,0.0,0.0,0.0,9.0,1.0,9.0
10724,201504ED15441,2,9,0,18,0,0,0,0,0,0,1,1,6,1,43,7,1398,2,8,-1,1,-1,1,2,366870.0,425860.0,-2.503618,53.728078,4,3,2,1,21/09/2015,2,1899-12-30 16:25:00,70,E06000008,3,6062,6,30,0,-1,-1,0,0,4,1,1,1,0,0,1,1,E01012621,,,,,,,,,,,,,,
10725,201550KH2H022,2,9,0,10,0,1,0,0,0,0,2,1,6,2,45,7,1598,1,16,-1,3,-1,1,2,315985.0,100687.0,-3.193535,50.79963,50,3,2,1,23/10/2015,6,1899-12-30 07:46:00,580,E10000008,3,373,6,30,3,4,6,0,0,0,1,1,1,0,0,1,1,E01019932,1.0,1.0,2.0,45.0,7.0,3.0,0.0,0.0,0.0,0.0,0.0,9.0,3.0,5.0
10726,201514A027815,1,9,0,18,0,1,1,0,0,0,1,1,2,1,36,7,-1,-1,-1,-1,1,-1,2,3,466051.0,407793.0,-1.004261,53.562606,14,3,3,2,25/02/2015,4,1899-12-30 08:00:00,211,E08000017,6,0,6,60,3,4,6,0,0,0,1,1,1,0,0,2,1,E01007560,1.0,1.0,1.0,36.0,7.0,3.0,0.0,0.0,0.0,0.0,0.0,9.0,1.0,5.0
10727,201543P313105,1,21,1,18,0,0,5,0,1,9,4,1,1,1,55,8,11967,2,4,-1,1,-1,1,1,444124.0,245206.0,-1.357211,52.103435,43,3,1,1,31/10/2015,7,1899-12-30 00:29:00,481,E10000025,1,40,3,70,0,-1,-1,0,0,0,6,1,1,0,0,2,1,E01028480,1.0,1.0,1.0,55.0,8.0,3.0,0.0,0.0,0.0,0.0,0.0,21.0,1.0,8.0
10728,201501PY20814,2,9,0,4,0,0,1,0,0,0,1,1,6,1,46,8,-1,-1,-1,-1,1,-1,5,2,543310.0,169350.0,0.058978,51.405078,1,3,2,5,18/10/2015,1,1899-12-30 19:20:00,19,E09000006,3,222,6,30,0,-1,-1,0,0,0,1,2,2,0,0,1,1,E01000697,3.0,2.0,2.0,12.0,3.0,3.0,0.0,0.0,1.0,0.0,0.0,9.0,1.0,3.0
10729,201501EO40506,1,9,0,7,0,8,0,0,0,0,4,1,2,1,31,6,1968,2,7,-1,1,-1,1,2,529970.0,186430.0,-0.126415,51.561782,1,3,2,1,16/06/2015,3,1899-12-30 09:00:00,3,E09000019,6,0,6,30,8,4,6,0,0,0,1,1,1,0,0,1,1,E01002774,,,,,,,,,,,,,,
10730,201543S125045,1,5,0,18,0,3,1,0,0,0,4,1,1,1,38,7,599,1,4,-1,1,-1,1,1,489905.0,238095.0,-0.690826,52.033984,43,3,1,1,24/04/2015,6,1899-12-30 10:20:00,479,E06000042,3,421,3,70,1,4,3,4146,0,0,1,1,1,0,0,2,1,E01016783,1.0,1.0,1.0,38.0,7.0,3.0,0.0,0.0,0.0,0.0,0.0,5.0,1.0,7.0
10731,2015961500914,1,9,0,18,0,0,1,0,1,11,4,1,6,1,51,8,1796,1,8,-1,1,-1,3,1,278134.0,692438.0,-3.961183,56.109104,96,3,1,3,42041,3,1899-12-30 04:55:00,939,S12000030,1,9,3,70,0,-1,-1,0,0,0,1,5,2,0,0,2,1,,3.0,1.0,1.0,51.0,8.0,3.0,0.0,0.0,0.0,0.0,0.0,9.0,1.0,-1.0
10732,2015460260840,1,9,0,18,0,0,0,0,0,0,1,1,6,3,-1,-1,1998,2,12,-1,-1,-1,2,3,566770.0,172550.0,0.397472,51.427419,46,3,3,2,28/08/2015,6,1899-12-30 18:15:00,535,E10000016,6,3533,6,30,0,-1,-1,0,0,0,1,1,1,0,0,1,1,E01024309,,,,,,,,,,,,,,
10733,2015440146859,2,1,0,18,0,0,0,0,0,0,1,1,6,1,58,9,-1,-1,-1,-1,3,-1,1,3,454667.0,114900.0,-1.223474,50.930968,44,3,3,1,42009,6,1899-12-30 17:00:00,502,E10000014,6,0,6,60,0,-1,-1,0,0,0,1,1,1,0,0,2,1,E01023245,,,,,,,,,,,,,,
10734,2015450022593,2,3,0,13,0,1,0,0,0,0,4,1,6,1,22,5,124,1,1,-1,1,-1,1,2,499424.0,156168.0,-0.575393,51.29597,45,3,2,1,42097,4,1899-12-30 16:45:00,518,E10000030,4,380,6,30,3,4,6,0,0,0,1,1,1,0,0,1,1,E01030986,1.0,1.0,1.0,22.0,5.0,3.0,0.0,0.0,0.0,0.0,0.0,3.0,1.0,8.0
10735,201501QK50959,1,8,0,18,0,8,0,0,0,0,4,1,2,1,44,7,1896,2,6,-1,1,-1,3,2,524270.0,184910.0,-0.209137,51.549405,1,3,2,3,27/09/2015,1,1899-12-30 18:10:00,28,E09000005,5,0,6,30,1,4,6,0,0,0,1,1,1,0,0,1,1,E01000561,1.0,1.0,1.0,44.0,7.0,3.0,0.0,0.0,0.0,0.0,0.0,8.0,1.0,3.0
10736,2015450027638,1,9,0,18,0,0,0,4,0,0,1,1,6,2,72,10,1598,1,11,-1,1,-1,1,4,515990.0,164026.0,-0.335339,51.363467,45,3,4,1,42163,5,1899-12-30 18:19:00,510,E10000030,6,6825,6,30,0,-1,-1,0,0,0,1,1,1,0,0,1,1,E01030298,1.0,1.0,2.0,72.0,10.0,3.0,0.0,0.0,0.0,0.0,0.0,9.0,1.0,10.0
10737,201597QB02509,1,9,0,18,0,0,0,0,0,0,1,1,6,2,34,6,1997,2,12,-1,2,-1,1,2,275073.0,646301.0,-3.989047,55.694033,97,3,2,1,16/09/2015,4,1899-12-30 08:29:00,938,S12000029,3,71,6,30,0,-1,-1,0,0,0,1,1,1,0,0,2,1,,1.0,2.0,2.0,7.0,2.0,3.0,0.0,0.0,2.0,0.0,0.0,9.0,2.0,-1.0
10738,201531C216715,1,11,0,18,0,0,0,0,0,0,3,1,1,1,-1,-1,9000,2,12,-1,-1,-1,1,2,456943.0,341451.0,-1.153605,52.967405,31,3,2,1,29/09/2015,3,1899-12-30 17:26:00,346,E06000018,3,60,6,30,0,-1,-1,0,0,4,1,1,1,0,0,1,2,E01013941,,,,,,,,,,,,,,
10739,2015200036641,1,9,0,7,0,6,0,0,0,0,1,1,6,3,-1,-1,-1,-1,-1,-1,-1,-1,1,1,407550.0,286947.0,-1.890261,52.480397,20,3,1,1,16/12/2015,4,1899-12-30 20:30:00,300,E08000025,6,0,2,30,9,4,6,0,0,0,4,1,1,0,0,1,2,E01033617,1.0,3.0,2.0,22.0,5.0,3.0,5.0,1.0,0.0,0.0,0.0,0.0,1.0,1.0
10740,201543P373095,2,8,0,4,0,0,0,0,0,0,0,1,1,3,-1,-1,2664,2,14,-1,-1,-1,1,3,452894.0,205984.0,-1.235196,51.750062,43,3,3,1,22/09/2015,3,1899-12-30 16:40:00,482,E10000025,6,320,6,20,0,-1,-1,0,0,0,1,2,2,0,0,1,1,E01028580,,,,,,,,,,,,,,
10741,2015950003508,2,9,0,7,0,1,0,0,0,0,2,1,1,2,41,7,1399,2,4,-1,2,-1,2,2,300382.0,664067.0,-3.593096,55.859461,95,3,2,2,26/07/2015,1,1899-12-30 17:40:00,940,S12000040,4,7015,6,50,3,4,6,0,0,0,1,2,2,0,0,2,1,,1.0,1.0,2.0,41.0,7.0,3.0,0.0,0.0,0.0,0.0,0.0,9.0,2.0,-1.0
10742,2015450024280,1,20,0,3,0,1,0,0,0,0,2,1,1,1,42,7,12777,2,8,-1,1,-1,2,3,535387.0,141753.0,-0.065308,51.159018,45,3,3,2,30/04/2015,5,1899-12-30 15:30:00,516,E10000030,4,2028,6,50,3,4,6,0,0,0,1,1,1,0,0,2,1,E01030816,,,,,,,,,,,,,,
10743,201501HT20906,3,9,0,3,0,1,0,0,0,0,3,1,6,2,53,8,1595,1,2,-1,1,-1,1,4,538250.0,180760.0,-0.009265,51.508864,1,3,4,1,23/09/2015,4,1899-12-30 09:00:00,5,E09000030,3,1206,6,30,6,2,4,123,0,5,1,1,1,0,0,1,1,E01004219,,,,,,,,,,,,,,
10744,2015460254862,2,9,0,18,0,1,0,0,0,0,2,1,6,1,28,6,1390,1,3,-1,3,-1,1,3,608460.0,126780.0,0.969785,51.00263,46,3,3,1,29/03/2015,1,1899-12-30 10:55:00,539,E10000016,3,259,6,60,8,4,6,0,0,0,1,5,2,0,0,2,1,E01024487,1.0,2.0,1.0,3.0,1.0,3.0,0.0,0.0,2.0,0.0,0.0,9.0,3.0,6.0