,accident_index,vehicle_reference,vehicle_type,towing_and_articulation,vehicle_manoeuvre,vehicle_location-restricted_lane,junction_location,skidding_and_overturning,hit_object_in_carriageway,vehicle_leaving_carriageway,hit_object_off_carriageway,1st_point_of_impact,was_vehicle_left_hand_drive?,journey_purpose_of_driver,sex_of_driver,age_of_driver,age_band_of_driver,engine_capacity_(cc),propulsion_code,age_of_vehicle,driver_imd_decile,driver_home_area_type,vehicle_imd_decile,NUmber_of_Casualities_unique_to_accident_index,No_of_Vehicles_involved_unique_to_accident_index,location_easting_osgr,location_northing_osgr,longitude,latitude,police_force,accident_severity,number_of_vehicles,number_of_casualties,date,day_of_week,time,local_authority_(district),local_authority_(highway),1st_road_class,1st_road_number,road_type,speed_limit,junction_detail,junction_control,2nd_road_class,2nd_road_number,pedestrian_crossing-human_control,pedestrian_crossing-physical_facilities,light_conditions,weather_conditions,road_surface_conditions,special_conditions_at_site,carriageway_hazards,urban_or_rural_area,did_police_officer_attend_scene_of_accident,lsoa_of_accident_location,casualty_reference,casualty_class,sex_of_casualty,age_of_casualty,age_band_of_casualty,casualty_severity,pedestrian_location,pedestrian_movement,car_passenger,bus_or_coach_passenger,pedestrian_road_maintenance_worker,casualty_type,casualty_home_area_type,casualty_imd_decile
10745,201501XD80222,2,9,0,9,0,8,0,0,0,0,3,1,6,1,25,5,1796,1,19,-1,1,-1,1,2,518000.0,180830.0,-0.300886,51.514081,1,3,2,1,20/03/2015,6,1899-12-30 07:03:00,27,E09000009,3,4020,6,30,3,4,6,0,0,0,1,2,2,0,0,1,1,E01001221,,,,,,,,,,,,,,
10746,2015450035989,2,9,0,13,0,1,1,0,2,6,4,1,6,1,59,9,1422,2,6,-1,3,-1,1,2,526608.0,152982.0,-0.186821,51.261946,45,3,2,1,42228,3,1899-12-30 21:38:00,513,E10000030,1,25,3,70,5,4,3,217,0,0,7,1,1,0,0,2,1,E01030598,1.0,1.0,1.0,59.0,9.0,3.0,0.0,0.0,0.0,0.0,0.0,9.0,3.0,7.0
10747,2015331500735,2,9,0,18,0,2,0,8,0,0,4,1,6,3,-1,-1,-1,-1,-1,-1,-1,-1,1,2,451920.0,297308.0,-1.235367,52.571125,33,3,2,1,29/05/2015,6,1899-12-30 19:50:00,360,E10000018,5,4704,6,30,3,4,6,5245,0,0,1,1,1,0,0,2,2,E01025644,,,,,,,,,,,,,,
10748,201501WW50570,1,9,0,7,0,1,0,0,0,0,0,1,6,1,34,6,1995,2,8,-1,1,-1,1,2,522790.0,173210.0,-0.234538,51.444579,1,3,2,1,42192,3,1899-12-30 20:30:00,10,E09000032,3,306,3,30,3,2,3,3,0,5,4,1,1,0,0,1,2,E01004572,1.0,3.0,1.0,34.0,6.0,3.0,9.0,9.0,0.0,0.0,2.0,0.0,1.0,5.0
10749,2015030002488,1,9,0,14,0,1,0,0,0,0,1,1,6,1,77,11,1596,1,7,-1,2,-1,4,2,359360.0,479170.0,-2.624563,54.206652,3,3,2,4,29/09/2015,3,1899-12-30 09:24:00,65,E10000006,3,65,6,60,3,4,6,0,0,0,1,1,1,0,0,2,1,E01019373,4.0,2.0,2.0,78.0,11.0,3.0,0.0,0.0,2.0,0.0,0.0,9.0,2.0,6.0
10750,2015950002564,2,9,0,5,0,8,0,0,0,0,1,1,6,1,47,8,-1,-1,-1,-1,1,-1,2,2,324210.0,672730.0,-3.214956,55.941618,95,3,2,2,28/05/2015,5,1899-12-30 13:45:00,923,S12000036,5,0,6,30,3,2,6,0,0,5,1,1,2,0,0,1,1,,,,,,,,,,,,,,,
10751,20154100T1125,3,8,0,12,0,0,1,0,1,7,4,1,1,1,34,6,1997,2,5,-1,1,-1,1,3,509565.0,209578.0,-0.413399,51.77416,41,3,3,1,17/10/2015,7,1899-12-30 03:23:00,434,E10000015,1,1,3,70,0,-1,-1,0,0,0,4,1,1,0,0,2,1,E01023722,1.0,1.0,1.0,34.0,6.0,3.0,0.0,0.0,0.0,0.0,0.0,8.0,1.0,5.0
10752,201514C142215,1,9,0,5,0,8,0,4,0,0,4,1,6,1,27,6,2401,2,8,-1,1,-1,1,2,445876.0,394426.0,-1.310776,53.444614,14,3,2,1,25/12/2015,6,1899-12-30 19:04:00,213,E08000018,3,630,6,30,6,2,6,0,0,0,4,1,1,0,0,1,1,E01007721,1.0,3.0,1.0,19.0,4.0,3.0,10.0,9.0,0.0,0.0,0.0,0.0,1.0,9.0
10753,2015621501773,2,9,0,18,0,8,0,0,0,0,1,1,6,2,26,6,-1,-1,-1,-1,1,-1,2,2,264932.0,195369.0,-3.953317,51.640856,62,3,2,2,14/10/2015,4,1899-12-30 15:47:00,745,W06000011,6,0,6,30,6,4,6,0,0,0,1,1,1,0,0,1,1,W01000767,3.0,2.0,2.0,6.0,2.0,3.0,0.0,0.0,2.0,0.0,0.0,9.0,1.0,-1.0
10754,2015132250961,1,9,0,18,0,8,0,0,1,2,1,1,6,2,68,10,1398,1,5,-1,1,-1,1,1,393031.0,423179.0,-2.107046,53.704992,13,3,1,1,42126,5,1899-12-30 15:25:00,202,E08000033,3,6033,6,30,3,4,3,681,0,0,1,1,1,0,0,1,1,E01010985,1.0,1.0,2.0,68.0,10.0,3.0,0.0,0.0,0.0,0.0,0.0,9.0,1.0,3.0
10755,201537EA88849,1,9,0,3,0,8,0,0,0,0,1,1,6,2,36,7,1995,1,11,-1,1,-1,1,2,613479.0,247608.0,1.114465,52.085635,37,3,2,1,13/03/2015,6,1899-12-30 13:10:00,412,E10000029,3,1156,1,60,1,4,3,14,0,0,1,1,1,0,0,2,2,E01030031,,,,,,,,,,,,,,
10756,2015930000545,1,9,0,9,0,1,1,0,7,11,1,1,6,1,30,6,1686,2,13,-1,1,-1,1,1,307873.0,725489.0,-3.494723,56.412611,93,3,1,1,42074,3,1899-12-30 17:20:00,934,S12000024,6,0,6,30,3,4,-1,-1,0,0,1,2,2,0,0,2,1,,1.0,1.0,1.0,30.0,6.0,3.0,0.0,0.0,0.0,0.0,0.0,9.0,1.0,-1.0
10757,201514A025415,1,21,0,5,0,8,0,0,0,0,4,1,1,1,38,7,15607,2,2,-1,1,-1,2,2,471423.0,409060.0,-0.922882,53.57329,14,3,2,2,19/02/2015,5,1899-12-30 10:00:00,211,E08000017,6,0,6,60,6,4,6,0,0,0,1,2,2,0,0,2,1,E01007559,,,,,,,,,,,,,,
10758,201542I174905,2,9,0,18,0,0,0,11,0,0,1,1,3,2,-1,-1,1198,1,7,-1,1,-1,1,2,577519.0,226912.0,0.579528,51.912446,42,3,2,1,14/05/2015,5,1899-12-30 16:30:00,451,E10000012,3,131,6,40,0,-1,-1,0,0,0,1,1,2,0,2,1,1,E01021381,1.0,1.0,2.0,-1.0,-1.0,3.0,0.0,0.0,0.0,0.0,0.0,9.0,1.0,5.0
10759,2015471500680,1,9,0,16,0,0,0,0,0,0,1,1,6,2,31,6,-1,-1,-1,-1,-1,-1,1,2,595556.0,123328.0,0.784249,50.976153,47,3,2,1,42006,1,1899-12-30 16:11:00,555,E10000011,3,259,6,60,0,-1,-1,0,0,0,1,1,2,0,0,2,1,E01021103,1.0,1.0,2.0,31.0,6.0,3.0,0.0,0.0,0.0,0.0,0.0,9.0,-1.0,-1.0
10760,201501HT20466,1,9,0,4,0,0,0,0,0,0,2,1,6,1,47,8,1794,1,12,-1,1,-1,1,2,535830.0,181560.0,-0.043806,51.51664,1,3,2,1,42100,5,1899-12-30 09:15:00,5,E09000030,5,0,6,30,0,-1,-1,0,0,0,1,1,1,0,0,1,2,E01004288,1.0,1.0,1.0,47.0,8.0,3.0,0.0,0.0,0.0,0.0,0.0,9.0,1.0,2.0
10761,201550DE2O030,1,9,0,9,0,6,0,0,0,0,1,1,6,2,67,10,1390,1,4,-1,3,-1,1,2,293493.0,91855.0,-3.510032,50.716534,50,3,2,1,42135,5,1899-12-30 14:50:00,581,E10000008,6,0,6,30,3,4,6,0,0,0,1,1,1,0,0,1,1,E01020013,,,,,,,,,,,,,,
10762,2015440138856,1,9,0,18,0,0,0,0,0,0,1,1,6,1,51,8,1998,1,14,-1,1,-1,2,2,436896.0,116384.0,-1.476187,50.945719,44,3,2,2,25/04/2015,7,1899-12-30 09:45:00,501,E10000014,1,27,3,70,0,-1,-1,0,0,0,1,1,1,0,0,2,1,E01023170,,,,,,,,,,,,,,
10763,201537EA91589,2,20,0,2,0,0,0,0,0,0,2,1,1,1,61,9,4500,2,8,-1,2,-1,1,2,612165.0,252073.0,1.098096,52.126224,37,3,2,1,28/06/2015,1,1899-12-30 19:50:00,413,E10000029,3,14,3,70,0,-1,-1,0,0,0,1,1,1,0,2,2,1,E01030046,,,,,,,,,,,,,,
10764,201514B087915,2,21,0,3,0,3,0,0,0,0,4,1,6,1,52,8,11120,2,-1,-1,1,-1,1,2,434107.0,406271.0,-1.486672,53.551967,14,3,2,1,28/09/2015,2,1899-12-30 09:15:00,210,E08000016,3,628,1,30,1,4,3,628,0,4,1,1,1,0,0,1,1,E01007340,,,,,,,,,,,,,,
10765,201550GA2Q014,2,19,0,18,0,0,0,0,0,0,3,1,6,1,70,10,1868,2,9,-1,3,-1,2,2,202684.0,52650.0,-4.774343,50.340639,50,3,2,2,42314,5,1899-12-30 15:20:00,596,E06000052,3,391,6,30,0,-1,-1,0,0,0,1,1,2,0,0,1,2,E01019042,,,,,,,,,,,,,,
10766,20154100K0157,2,19,0,1,0,0,0,0,0,0,2,1,6,1,23,5,-1,-1,-1,-1,-1,-1,1,2,535037.0,200250.0,-0.048039,51.68478,41,3,2,1,42188,7,1899-12-30 16:38:00,430,E10000015,3,10,3,50,0,-1,-1,0,0,0,1,1,1,0,0,1,1,E01023339,,,,,,,,,,,,,,
10767,2015450024029,3,9,0,10,0,0,0,0,0,0,2,1,1,1,34,6,1582,2,4,-1,3,-1,1,3,501162.0,159758.0,-0.549457,51.327934,45,3,3,1,21/04/2015,3,1899-12-30 15:30:00,518,E10000030,3,320,6,30,0,-1,-1,0,0,0,1,7,1,0,0,2,1,E01030964,,,,,,,,,,,,,,
10768,201501EK40050,1,19,0,18,0,1,0,0,0,0,2,1,1,1,51,8,2198,2,5,-1,1,-1,1,2,525530.0,183470.0,-0.191488,51.536185,1,3,2,1,22/01/2015,5,1899-12-30 10:06:00,2,E09000007,3,5,6,30,3,4,3,5,0,1,1,1,1,0,0,1,1,E01004710,1.0,1.0,1.0,51.0,8.0,3.0,0.0,0.0,0.0,0.0,0.0,19.0,1.0,3.0
10769,2015210028392,1,9,0,18,0,1,0,0,0,0,1,1,5,1,77,11,1598,1,3,-1,3,-1,2,2,380554.0,310893.0,-2.289169,52.695364,21,3,2,2,26/08/2015,4,1899-12-30 12:06:00,254,E10000028,3,5,6,30,8,4,6,0,0,0,1,1,1,0,0,2,2,E01029670,2.0,2.0,2.0,10.0,2.0,3.0,0.0,0.0,1.0,0.0,0.0,9.0,-1.0,-1.0
10770,2015132B50556,1,11,0,5,2,8,0,0,0,0,0,1,1,1,32,6,7300,2,13,-1,1,-1,1,1,416395.0,433068.0,-1.752601,53.793668,13,3,1,1,42166,6,1899-12-30 11:00:00,200,E08000032,6,0,6,30,3,4,6,0,0,0,1,1,2,0,0,1,1,E01033690,1.0,2.0,1.0,68.0,10.0,3.0,0.0,0.0,0.0,3.0,0.0,11.0,1.0,1.0
10771,201504ED15637,2,19,0,18,0,1,1,0,0,0,1,1,1,1,53,8,2488,2,8,-1,1,-1,1,3,370480.0,429170.0,-2.449222,53.758045,4,3,3,1,42228,3,1899-12-30 11:55:00,75,E10000017,3,6119,3,50,6,2,6,0,2,0,1,1,2,0,0,1,1,E01025074,1.0,1.0,1.0,53.0,8.0,3.0,0.0,0.0,0.0,0.0,0.0,19.0,1.0,1.0
10772,201520M011455,3,9,0,10,0,1,0,0,0,0,2,1,6,2,63,9,1229,1,8,-1,1,-1,1,3,437620.0,277200.0,-1.448611,52.391537,20,3,3,1,16/07/2015,5,1899-12-30 14:45:00,302,E08000026,6,0,6,30,3,4,6,0,0,0,1,1,1,0,0,1,2,E01009538,1.0,1.0,2.0,63.0,9.0,3.0,0.0,0.0,0.0,0.0,0.0,9.0,1.0,2.0
10773,2015471504349,2,9,0,18,0,1,0,0,0,0,1,1,2,2,40,7,-1,-1,-1,-1,3,-1,1,2,555334.0,111765.0,0.206892,50.884499,47,3,2,1,29/07/2015,4,1899-12-30 16:33:00,556,E10000011,3,22,9,50,8,4,6,0,0,0,1,1,1,0,0,2,1,E01021195,1.0,1.0,2.0,40.0,7.0,3.0,0.0,0.0,0.0,0.0,0.0,9.0,3.0,6.0
10774,2015471507578,2,8,0,18,0,1,0,0,0,0,4,1,1,1,56,9,1560,2,2,-1,1,-1,1,2,533534.0,103669.0,-0.105776,50.817181,47,3,2,1,21/12/2015,2,1899-12-30 16:20:00,565,E06000043,6,0,6,30,3,4,4,2118,0,0,4,2,2,0,0,1,1,E01016963,,,,,,,,,,,,,,
10775,2015100625015,2,9,0,3,0,0,0,0,0,0,2,1,6,1,58,9,2099,1,12,-1,1,-1,5,3,433346.0,564874.0,-1.480551,54.977365,10,3,3,5,14/10/2015,4,1899-12-30 07:05:00,149,E08000023,3,19,3,50,0,-1,-1,0,0,0,4,1,1,0,0,2,2,E01008661,2.0,1.0,1.0,58.0,9.0,3.0,0.0,0.0,0.0,0.0,0.0,9.0,1.0,3.0
10776,2015100701215,1,9,0,7,0,6,0,0,0,0,1,1,6,1,63,9,1598,2,2,-1,1,-1,2,2,416015.0,569044.0,-1.751086,55.015691,10,3,2,2,17/11/2015,3,1899-12-30 08:40:00,147,E08000021,4,6323,6,60,3,4,4,6324,0,0,1,1,1,0,0,2,1,E01027469,1.0,1.0,1.0,63.0,9.0,3.0,0.0,0.0,0.0,0.0,0.0,9.0,1.0,9.0
10777,2015471503507,1,9,0,18,0,0,0,0,0,0,1,1,6,1,59,9,1997,1,10,-1,2,-1,2,3,526558.0,137636.0,-0.192941,51.124036,47,3,3,2,22/06/2015,2,1899-12-30 16:58:00,560,E10000032,3,23,3,70,0,-1,-1,0,0,0,1,1,1,0,0,1,1,E01031573,2.0,2.0,2.0,61.0,9.0,3.0,0.0,0.0,1.0,0.0,0.0,9.0,2.0,4.0
10778,201597UA02702,1,9,0,18,0,1,0,4,0,0,1,1,6,1,27,6,-1,-1,-1,-1,2,-1,1,2,220714.0,648437.0,-4.854229,55.696159,97,3,2,1,15/02/2015,1,1899-12-30 06:30:00,931,S12000021,6,0,6,30,6,4,4,781,0,0,1,1,1,0,0,2,1,,1.0,1.0,1.0,27.0,6.0,3.0,0.0,0.0,0.0,0.0,0.0,9.0,2.0,-1.0
10779,2015220035106,2,9,0,18,0,3,0,0,0,0,3,1,5,2,50,8,1229,1,1,-1,1,-1,1,2,369767.0,309475.0,-2.448643,52.68212,22,3,2,1,24/11/2015,3,1899-12-30 15:40:00,284,E06000020,3,5,1,30,1,4,3,5,0,0,1,1,2,0,0,2,2,E01014157,1.0,1.0,2.0,50.0,8.0,3.0,0.0,0.0,0.0,0.0,0.0,9.0,1.0,8.0
10780,201501RY10087,1,9,0,18,0,0,0,0,0,0,3,1,6,1,38,7,1061,1,11,-1,1,-1,1,2,545650.0,171230.0,0.093368,51.421375,1,3,2,1,24/02/2015,3,1899-12-30 13:20:00,18,E09000004,3,20,3,50,0,-1,-1,0,0,0,1,1,1,0,0,1,2,E01000428,1.0,1.0,1.0,38.0,7.0,3.0,0.0,0.0,0.0,0.0,0.0,9.0,1.0,2.0
10781,2015100078315,3,9,0,3,0,0,0,0,0,0,2,1,6,1,30,6,-1,-1,-1,-1,1,-1,1,3,433823.0,569018.0,-1.472611,55.01457,10,3,3,1,42187,7,1899-12-30 14:08:00,148,E08000022,3,1058,3,70,0,-1,-1,0,0,0,1,1,2,0,0,1,1,E01008487,,,,,,,,,,,,,,
10782,201531D129815,1,9,0,1,0,1,0,0,0,0,2,1,6,1,44,7,1390,1,4,-1,2,-1,1,2,459897.0,337442.0,-1.110367,52.93105,31,3,2,1,42042,5,1899-12-30 14:30:00,347,E10000024,3,6011,6,40,3,2,6,0,0,4,1,1,1,0,0,2,1,E01028375,,,,,,,,,,,,,,
10783,2015051503495,2,9,0,18,0,8,0,0,0,0,3,1,6,2,67,10,1248,1,1,-1,1,-1,2,2,336911.0,400166.0,-2.95243,53.494397,5,3,2,2,27/12/2015,1,1899-12-30 11:30:00,93,E08000014,3,5758,3,50,6,2,3,59,0,0,1,1,1,0,0,2,1,E01007038,2.0,2.0,2.0,34.0,6.0,3.0,0.0,0.0,1.0,0.0,0.0,9.0,1.0,3.0
10784,201542I171806,3,9,0,10,0,5,0,0,0,0,2,1,6,1,21,5,1598,1,8,-1,1,-1,2,3,584388.0,206585.0,0.668467,51.727656,42,3,3,2,42041,3,1899-12-30 17:47:00,458,E10000012,6,0,6,30,9,4,6,0,0,0,1,1,1,0,0,1,1,E01021892,2.0,1.0,1.0,21.0,5.0,3.0,0.0,0.0,0.0,0.0,0.0,9.0,1.0,10.0
10785,2015551500373,1,9,0,18,0,0,0,0,0,0,2,1,6,2,43,7,2993,2,11,-1,1,-1,1,2,419101.0,93443.0,-1.730669,50.740286,55,3,2,1,42192,3,1899-12-30 15:34:00,641,E10000009,3,337,6,40,0,-1,-1,0,0,0,1,1,1,0,0,1,1,E01020370,,,,,,,,,,,,,,
10786,201531A213515,2,9,0,18,0,1,0,0,0,0,4,1,6,1,78,11,1794,1,11,-1,1,-1,1,2,449218.0,352078.0,-1.266997,53.063687,31,3,2,1,42226,5,1899-12-30 11:15:00,340,E10000024,3,608,1,70,1,4,1,1,0,0,1,1,1,0,0,2,2,E01027995,1.0,2.0,2.0,78.0,11.0,3.0,0.0,0.0,1.0,0.0,0.0,9.0,1.0,5.0
10787,201501KD50674,2,21,0,12,0,0,0,0,0,0,3,1,6,1,28,6,-1,-1,-1,-1,-1,-1,1,2,554160.0,194720.0,0.225935,51.630176,1,3,2,1,24/11/2015,3,1899-12-30 13:55:00,15,E09000016,1,25,3,70,0,-1,-1,0,0,0,1,2,2,0,0,2,1,E01002276,,,,,,,,,,,,,,
10788,2015100228415,2,10,0,17,0,8,0,0,0,0,3,1,6,1,34,6,-1,-1,-1,-1,2,-1,1,2,429868.0,586473.0,-1.532631,55.171668,10,3,2,1,42039,5,1899-12-30 19:12:00,139,E06000048,3,189,1,70,1,4,4,1334,0,0,1,1,1,0,0,2,1,E01033716,,,,,,,,,,,,,,
10789,201550KO2N003,1,9,0,18,0,1,0,0,0,0,1,1,2,1,42,7,-1,-1,-1,-1,2,-1,2,3,290454.0,96210.0,-3.554358,50.755117,50,3,3,2,24/12/2015,5,1899-12-30 12:00:00,580,E10000008,3,377,6,30,8,4,6,0,0,0,1,1,2,0,0,2,1,E01019903,,,,,,,,,,,,,,
10790,201542I213207,1,19,0,5,0,4,0,0,0,0,3,1,1,1,-1,-1,-1,-1,-1,-1,-1,-1,1,2,571514.0,206004.0,0.481966,51.72652,42,3,2,1,16/07/2015,5,1899-12-30 06:15:00,454,E10000012,3,138,1,30,1,2,4,1009,0,5,1,1,1,0,0,2,2,E01021577,,,,,,,,,,,,,,
10791,2015200032654,1,8,0,18,0,1,0,0,0,0,1,1,1,1,60,9,2664,2,15,-1,1,-1,2,2,407452.0,285929.0,-1.891726,52.471247,20,3,2,2,42288,3,1899-12-30 08:16:00,300,E08000025,6,0,6,30,3,4,6,0,0,0,1,1,1,0,0,1,1,E01009378,,,,,,,,,,,,,,
10792,2015950003225,3,9,0,3,0,1,0,0,0,0,1,1,6,1,40,7,1229,1,3,-1,1,-1,5,3,323481.0,655461.0,-3.221744,55.786378,95,3,3,5,24/04/2015,6,1899-12-30 17:45:00,929,S12000019,3,701,6,40,6,4,3,6094,0,0,1,1,2,0,0,2,1,,2.0,2.0,2.0,38.0,7.0,3.0,0.0,0.0,1.0,0.0,0.0,9.0,1.0,-1.0
10793,201501YR90862,1,9,0,2,0,1,0,0,0,0,1,1,6,2,30,6,1995,1,7,-1,-1,-1,2,2,533500.0,190490.0,-0.073979,51.597442,1,3,2,2,42046,2,1899-12-30 04:35:00,31,E09000014,3,10,6,30,3,4,6,0,0,0,4,1,1,0,0,1,2,E01001976,1.0,1.0,2.0,30.0,6.0,3.0,0.0,0.0,0.0,0.0,0.0,9.0,-1.0,-1.0
10794,201501KF60203,1,3,0,12,0,0,0,0,0,0,3,1,1,1,26,6,125,1,2,-1,1,-1,1,2,539460.0,181520.0,0.008459,51.515396,1,3,2,1,31/03/2015,3,1899-12-30 14:14:00,17,E09000025,3,13,3,30,0,-1,-1,0,0,0,1,4,2,0,0,1,1,E01033585,1.0,1.0,1.0,26.0,6.0,3.0,0.0,0.0,0.0,0.0,0.0,3.0,1.0,2.0
10795,2015950005722,1,9,0,16,0,3,0,8,0,0,3,1,6,1,39,7,-1,-1,-1,-1,-1,-1,1,2,304788.0,670232.0,-3.524904,55.915724,95,3,2,1,16/12/2015,4,1899-12-30 16:00:00,940,S12000040,3,899,3,50,1,4,6,0,0,5,1,1,1,0,0,2,1,,,,,,,,,,,,,,,
10796,201501VK30371,1,9,0,18,0,2,0,0,0,0,3,1,6,3,-1,-1,-1,-1,-1,-1,-1,-1,1,1,522080.0,166180.0,-0.247168,51.381551,1,3,1,1,19/11/2015,5,1899-12-30 08:35:00,23,E09000021,6,0,6,30,3,4,3,2043,0,0,1,1,1,0,0,1,1,E01002978,1.0,3.0,1.0,14.0,3.0,3.0,5.0,3.0,0.0,0.0,2.0,0.0,1.0,10.0
10797,201501QK50777,1,9,0,18,0,1,0,0,0,0,3,1,2,1,48,8,1796,1,9,-1,1,-1,1,1,522570.0,185530.0,-0.233426,51.555348,1,3,1,1,42045,6,1899-12-30 16:39:00,28,E09000005,5,0,6,30,3,4,6,0,0,8,1,1,1,0,0,1,1,E01000507,1.0,3.0,2.0,10.0,2.0,3.0,5.0,3.0,0.0,0.0,2.0,0.0,1.0,7.0
10798,201504WA15057,2,9,0,3,0,1,0,0,0,0,1,1,6,1,19,4,998,1,9,-1,1,-1,1,2,339330.0,439640.0,-2.923703,53.849435,4,3,2,1,29/01/2015,5,1899-12-30 15:45:00,74,E10000017,3,585,6,30,3,2,3,585,0,5,1,1,2,4,0,2,1,E01025026,,,,,,,,,,,,,,
10799,2015551500427,1,9,0,7,4,5,0,0,0,0,4,1,6,1,59,9,1984,1,17,-1,1,-1,1,2,414113.0,93721.0,-1.801347,50.742927,55,3,2,1,17/06/2015,4,1899-12-30 16:40:00,641,E10000009,3,35,6,30,8,4,6,0,0,0,1,1,1,0,0,1,2,E01020351,,,,,,,,,,,,,,
10800,20154100F0345,2,9,0,3,0,1,0,0,0,0,2,1,2,1,30,6,1996,2,8,-1,1,-1,7,2,517744.0,214357.0,-0.293289,51.81545,41,3,2,7,42222,2,1899-12-30 16:45:00,434,E10000015,4,653,6,30,1,4,4,651,0,0,1,1,1,0,0,2,2,E01023748,7.0,2.0,1.0,-1.0,-1.0,3.0,0.0,0.0,2.0,0.0,0.0,9.0,-1.0,-1.0
10801,201501HT20328,1,1,0,18,0,2,0,0,0,0,1,1,6,2,-1,-1,-1,-1,-1,-1,-1,-1,2,1,534800.0,182700.0,-0.058206,51.52713,1,3,1,2,42251,5,1899-12-30 18:00:00,5,E09000030,3,1209,6,30,6,4,6,0,0,4,1,1,1,0,0,1,2,E01004211,2.0,3.0,1.0,6.0,2.0,3.0,1.0,1.0,0.0,0.0,2.0,0.0,1.0,1.0
10802,201543R108085,2,9,0,4,0,0,0,0,0,0,2,1,6,2,50,8,1598,1,3,-1,2,-1,1,5,495683.0,166689.0,-0.626207,51.391184,43,3,5,1,18/08/2015,3,1899-12-30 13:00:00,474,E06000040,4,383,6,30,0,-1,-1,0,0,0,1,1,1,0,0,1,1,E01016603,,,,,,,,,,,,,,
10803,201501YE80955,1,11,0,9,0,1,0,0,0,0,1,1,6,1,48,8,4249,2,7,-1,1,-1,1,2,535380.0,193910.0,-0.045533,51.627726,1,3,2,1,16/12/2015,4,1899-12-30 16:00:00,32,E09000010,4,137,6,30,3,4,5,0,0,0,4,1,1,0,0,1,1,E01033151,,,,,,,,,,,,,,
10804,201501TX20774,2,9,0,18,0,8,0,0,0,0,1,1,6,1,23,5,1995,2,10,-1,1,-1,1,2,510250.0,173430.0,-0.414832,51.449133,1,3,2,1,23/10/2015,6,1899-12-30 19:45:00,25,E09000018,4,3377,6,30,3,4,6,0,0,0,4,1,1,0,0,1,1,E01033000,,,,,,,,,,,,,,
10805,2015621501235,1,3,0,18,0,1,0,0,0,0,1,1,6,1,23,5,-1,-1,-1,-1,1,-1,1,2,284615.0,191644.0,-3.667783,51.611765,62,3,2,1,23/07/2015,5,1899-12-30 18:05:00,740,W06000013,6,0,6,30,9,4,6,0,0,0,1,1,1,0,0,1,1,W01000995,1.0,1.0,1.0,23.0,5.0,3.0,0.0,0.0,0.0,0.0,0.0,3.0,1.0,-1.0
10806,201543P112035,2,1,0,18,0,0,0,0,0,0,3,1,6,1,44,7,-1,-1,-1,-1,1,-1,1,2,466944.0,188039.0,-1.035133,51.587238,43,3,2,1,42311,4,1899-12-30 07:40:00,484,E10000025,3,4130,6,60,0,-1,-1,0,0,0,1,1,1,0,0,2,1,E01028620,1.0,1.0,1.0,44.0,7.0,3.0,0.0,0.0,0.0,0.0,0.0,1.0,1.0,10.0
10807,201501CW11525,2,3,0,18,0,8,0,0,0,0,1,1,6,1,33,6,124,1,3,-1,1,-1,1,2,526720.0,182060.0,-0.174846,51.523248,1,3,2,1,42318,1,1899-12-30 05:24:00,1,E09000033,3,5,6,30,3,4,6,0,0,1,4,1,1,0,0,1,1,E01004702,1.0,1.0,1.0,33.0,6.0,3.0,0.0,0.0,0.0,0.0,0.0,3.0,1.0,3.0
10808,201597BA02503,1,9,0,6,0,0,0,0,0,0,4,1,6,1,39,7,1598,2,3,-1,1,-1,2,2,262333.0,663951.0,-4.200484,55.849053,97,3,2,2,28/03/2015,7,1899-12-30 19:50:00,926,S12000043,6,0,6,30,0,-1,-1,0,0,0,4,2,2,0,0,1,1,,2.0,1.0,1.0,39.0,7.0,3.0,0.0,0.0,0.0,0.0,0.0,9.0,1.0,-1.0
10809,2015450030357,4,9,0,4,0,0,0,0,0,0,2,1,6,2,21,5,1598,1,2,-1,1,-1,7,4,505298.0,172313.0,-0.486399,51.440035,45,3,4,7,27/09/2015,1,1899-12-30 18:24:00,40,E10000030,3,30,3,40,0,-1,-1,0,0,0,1,1,1,0,0,2,1,E01030734,,,,,,,,,,,,,,
10810,201501LX51354,2,9,0,18,0,8,0,0,0,0,4,1,6,2,24,5,-1,-1,-1,-1,1,-1,1,2,530630.0,172230.0,-0.122151,51.434019,1,3,2,1,42259,4,1899-12-30 06:08:00,9,E09000022,5,0,6,30,3,4,6,0,0,0,1,1,1,0,0,1,1,E01003152,,,,,,,,,,,,,,
10811,2015961501178,2,9,0,17,0,0,2,0,1,11,1,1,2,2,19,4,1242,1,4,-1,3,-1,1,2,252940.0,686629.0,-4.362751,56.049863,96,3,2,1,20/07/2015,2,1899-12-30 20:30:00,939,S12000030,3,875,6,60,0,-1,-1,0,0,0,1,1,1,0,0,2,1,,1.0,1.0,2.0,19.0,4.0,3.0,0.0,0.0,0.0,0.0,0.0,9.0,3.0,-1.0