,accident_index,vehicle_reference,vehicle_type,towing_and_articulation,vehicle_manoeuvre,vehicle_location-restricted_lane,junction_location,skidding_and_overturning,hit_object_in_carriageway,vehicle_leaving_carriageway,hit_object_off_carriageway,1st_point_of_impact,was_vehicle_left_hand_drive?,journey_purpose_of_driver,sex_of_driver,age_of_driver,age_band_of_driver,engine_capacity_(cc),propulsion_code,age_of_vehicle,driver_imd_decile,driver_home_area_type,vehicle_imd_decile,NUmber_of_Casualities_unique_to_accident_index,No_of_Vehicles_involved_unique_to_accident_index,location_easting_osgr,location_northing_osgr,longitude,latitude,police_force,accident_severity,number_of_vehicles,number_of_casualties,date,day_of_week,time,local_authority_(district),local_authority_(highway),1st_road_class,1st_road_number,road_type,speed_limit,junction_detail,junction_control,2nd_road_class,2nd_road_number,pedestrian_crossing-human_control,pedestrian_crossing-physical_facilities,light_conditions,weather_conditions,road_surface_conditions,special_conditions_at_site,carriageway_hazards,urban_or_rural_area,did_police_officer_attend_scene_of_accident,lsoa_of_accident_location,casualty_reference,casualty_class,sex_of_casualty,age_of_casualty,age_band_of_casualty,casualty_severity,pedestrian_location,pedestrian_movement,car_passenger,bus_or_coach_passenger,pedestrian_road_maintenance_worker,casualty_type,casualty_home_area_type,casualty_imd_decile
10812,201560S113104,2,9,0,10,0,1,0,0,0,0,2,1,6,2,67,10,-1,-1,-1,-1,-1,-1,3,2,337934.0,364936.0,-2.930096,53.177891,60,3,2,3,28/07/2015,3,1899-12-30 22:05:00,724,W06000005,3,5104,6,30,8,4,6,0,0,0,4,2,2,0,0,1,1,W01000329,2.0,1.0,2.0,67.0,10.0,3.0,0.0,0.0,0.0,0.0,0.0,9.0,-1.0,-1.0
10813,201543P047095,2,2,0,18,0,4,0,0,0,0,2,1,1,1,17,4,108,1,-1,-1,3,-1,1,2,445783.0,240626.0,-1.333605,52.062127,43,3,2,1,42013,3,1899-12-30 22:34:00,481,E10000025,6,120,1,30,1,4,6,0,0,0,4,1,1,0,0,1,1,E01028435,1.0,1.0,1.0,17.0,4.0,3.0,0.0,0.0,0.0,0.0,0.0,2.0,3.0,7.0
10814,2015331500329,1,9,0,4,0,1,0,0,0,0,2,1,1,2,20,4,1997,2,12,-1,1,-1,1,2,455496.0,292737.0,-1.183373,52.529684,33,3,2,1,20/01/2015,3,1899-12-30 10:10:00,360,E10000018,3,426,6,60,3,4,6,5102,0,0,1,1,2,0,0,2,1,E01025613,1.0,1.0,2.0,20.0,4.0,3.0,0.0,0.0,0.0,0.0,0.0,9.0,1.0,6.0
10815,201501ZD30936,1,9,0,18,0,2,0,0,0,0,2,1,6,2,43,7,1796,1,12,-1,1,-1,1,2,533390.0,169160.0,-0.083624,51.405788,1,3,2,1,26/09/2015,7,1899-12-30 16:47:00,20,E09000008,3,215,6,30,3,4,6,0,0,0,1,1,1,0,0,1,1,E01001150,1.0,1.0,2.0,43.0,7.0,3.0,0.0,0.0,0.0,0.0,0.0,9.0,1.0,4.0
10816,2015360092395,3,9,0,18,0,0,1,0,1,0,1,1,6,1,53,8,1753,2,8,-1,3,-1,3,3,629550.0,286995.0,1.37537,52.432702,36,3,3,3,28/07/2015,3,1899-12-30 16:51:00,406,E10000020,3,143,6,60,0,-1,-1,0,0,0,1,2,2,0,0,2,1,E01026894,3.0,1.0,1.0,53.0,8.0,3.0,0.0,0.0,0.0,0.0,0.0,9.0,3.0,7.0
10817,201501CW11335,2,9,0,9,0,8,0,0,0,0,1,1,6,1,43,7,1560,2,4,-1,1,-1,1,2,524910.0,182090.0,-0.200911,51.52392,1,3,2,1,42194,2,1899-12-30 16:00:00,1,E09000033,3,404,6,30,3,4,6,0,0,0,1,1,1,0,0,1,1,E01004755,,,,,,,,,,,,,,
10818,201501GD10343,2,1,0,18,0,0,0,10,1,0,1,1,6,1,25,5,-1,-1,-1,-1,1,-1,1,2,532590.0,183050.0,-0.089913,51.530798,1,3,2,1,42252,7,1899-12-30 15:05:00,4,E09000012,5,0,6,30,0,-1,-1,0,0,0,1,1,1,0,0,1,1,E01001779,1.0,1.0,1.0,25.0,5.0,3.0,0.0,0.0,0.0,0.0,0.0,1.0,1.0,2.0
10819,201543N182015,1,9,0,18,0,0,0,0,0,0,3,1,6,1,50,8,-1,-1,-1,-1,-1,-1,1,2,466690.0,206791.0,-1.035225,51.755847,43,3,2,1,28/01/2015,4,1899-12-30 12:20:00,476,E10000002,5,59,6,30,0,-1,-1,0,0,0,1,2,2,0,0,2,3,E01017683,,,,,,,,,,,,,,
10820,201534WN14575,2,9,0,18,0,0,1,0,0,0,3,1,6,2,28,6,1968,2,8,-1,-1,-1,1,2,473603.0,258983.0,-0.923905,52.224144,34,3,2,1,42314,5,1899-12-30 21:30:00,384,E10000021,3,5076,3,50,0,-1,-1,0,0,0,1,1,1,0,0,1,1,E01027234,1.0,1.0,2.0,28.0,6.0,3.0,0.0,0.0,0.0,0.0,0.0,9.0,-1.0,-1.0
10821,2015320140025,1,9,0,5,0,2,0,0,0,0,4,1,6,2,60,9,1397,1,5,-1,3,-1,1,2,530714.0,323803.0,-0.062779,52.795964,32,3,2,1,21/12/2015,2,1899-12-30 10:30:00,354,E10000019,5,716,6,30,3,4,4,1357,0,0,1,1,2,0,0,2,1,E01026282,,,,,,,,,,,,,,
10822,201522C501565,2,9,0,6,8,0,0,0,0,0,0,1,6,1,53,8,-1,-1,-1,-1,2,-1,1,2,403230.0,241590.0,-1.954288,52.072667,22,3,2,1,25/04/2015,7,1899-12-30 09:25:00,277,E10000034,3,46,6,60,0,-1,-1,0,0,0,1,1,1,0,0,2,1,E01032374,,,,,,,,,,,,,,
10823,2015621502070,3,9,0,2,0,0,0,0,0,0,3,1,6,3,-1,-1,-1,-1,-1,-1,-1,-1,1,4,311628.0,168370.0,-3.271941,51.407444,62,3,4,1,17/11/2015,3,1899-12-30 22:39:00,746,W06000014,3,4055,6,30,0,-1,-1,0,1,0,4,2,2,0,0,1,1,W01001063,,,,,,,,,,,,,,
10824,201501QK50347,1,9,0,1,0,2,0,0,0,0,0,1,6,1,17,4,1229,1,7,-1,1,-1,1,1,522480.0,184570.0,-0.235058,51.54674,1,3,1,1,42252,7,1899-12-30 17:10:00,28,E09000005,6,0,6,30,3,4,6,0,0,0,1,1,1,0,0,1,1,E01000640,1.0,3.0,1.0,31.0,6.0,3.0,9.0,9.0,0.0,0.0,2.0,0.0,1.0,2.0
10825,201543W011095,2,9,0,7,0,6,0,0,0,0,2,1,6,1,33,6,1896,2,12,-1,1,-1,2,2,471026.0,169967.0,-0.979858,51.424272,43,3,2,2,42072,5,1899-12-30 12:10:00,472,E06000038,3,33,3,40,3,4,6,7201,0,0,1,1,1,0,0,1,1,E01016442,2.0,2.0,2.0,30.0,6.0,3.0,0.0,0.0,1.0,0.0,0.0,9.0,1.0,3.0
10826,2015300016564,1,3,0,10,0,1,0,0,0,0,3,1,1,1,31,6,85,1,27,-1,1,-1,1,2,442900.0,346320.0,-1.362035,53.012475,30,3,2,1,42105,4,1899-12-30 08:20:00,320,E10000007,6,0,6,30,3,4,3,608,0,0,1,7,2,0,0,1,1,E01019438,1.0,1.0,1.0,31.0,6.0,3.0,0.0,0.0,0.0,0.0,0.0,3.0,1.0,3.0
10827,201542I295209,1,9,0,7,0,8,0,0,0,0,1,1,6,2,53,8,1968,2,8,-1,1,-1,5,2,564293.0,176282.0,0.363606,51.46167,42,3,2,5,22/09/2015,3,1899-12-30 21:10:00,462,E06000034,6,0,6,30,6,2,3,126,0,5,4,1,2,0,0,1,1,E01016009,5.0,2.0,2.0,52.0,8.0,3.0,0.0,0.0,1.0,0.0,0.0,9.0,1.0,2.0
10828,2015132BJ0965,3,9,0,18,0,0,0,0,0,0,2,1,6,1,-1,-1,1968,2,2,-1,1,-1,2,3,402761.0,415948.0,-1.959715,53.64004,13,3,3,2,19/11/2015,5,1899-12-30 16:05:00,202,E08000033,1,62,3,70,0,-1,-1,0,0,0,4,5,2,0,0,2,1,E01010955,,,,,,,,,,,,,,
10829,2015160C01141,1,9,0,18,0,0,0,0,7,4,1,1,6,1,30,6,1997,2,6,-1,1,-1,2,2,501630.0,435796.0,-0.458114,53.808535,16,3,2,2,42188,7,1899-12-30 12:20:00,231,E06000011,6,0,6,60,0,-1,-1,0,0,0,1,1,1,0,0,2,1,E01012965,1.0,1.0,1.0,30.0,6.0,3.0,0.0,0.0,0.0,0.0,0.0,9.0,1.0,5.0
10830,201542I326810,2,9,0,3,0,0,0,0,0,0,2,1,6,1,25,5,1998,2,8,-1,1,-1,2,2,546592.0,208606.0,0.122503,51.756963,42,3,2,2,15/10/2015,5,1899-12-30 17:30:00,457,E10000012,6,0,6,30,0,-1,-1,0,0,1,1,1,1,0,0,1,2,E01021821,2.0,1.0,1.0,25.0,5.0,3.0,0.0,0.0,0.0,0.0,0.0,9.0,1.0,4.0
10831,2015440239363,1,9,0,18,0,0,0,0,5,6,3,1,2,1,43,7,1984,1,11,-1,1,-1,1,1,447268.0,125877.0,-1.327327,51.030322,44,3,1,1,13/07/2015,2,1899-12-30 06:45:00,502,E10000014,1,3,3,70,0,-1,-1,0,0,0,1,1,2,0,0,2,1,E01023229,1.0,2.0,1.0,28.0,6.0,3.0,0.0,0.0,1.0,0.0,0.0,9.0,1.0,1.0
10832,2015471504285,2,9,0,18,0,0,1,0,1,0,1,1,6,1,55,8,1461,2,9,-1,1,-1,3,2,546130.0,116729.0,0.078126,50.931507,47,3,2,3,25/07/2015,7,1899-12-30 14:02:00,556,E10000011,3,26,6,50,0,-1,-1,0,0,0,1,1,1,0,0,2,1,E01021165,3.0,1.0,1.0,55.0,8.0,3.0,0.0,0.0,0.0,0.0,0.0,9.0,1.0,9.0
10833,2015950005676,2,9,0,18,0,0,0,0,0,0,4,1,6,2,59,9,1461,2,1,-1,1,-1,2,2,302488.0,669746.0,-3.561512,55.910898,95,3,2,2,13/12/2015,1,1899-12-30 09:45:00,940,S12000040,1,8,3,70,0,-1,-1,0,0,0,1,1,4,0,0,1,1,,,,,,,,,,,,,,,
10834,201501YR90247,1,11,0,4,0,3,0,0,0,0,0,1,1,1,30,6,9360,2,5,-1,1,-1,1,1,533770.0,189580.0,-0.07043,51.589201,1,3,1,1,25/03/2015,4,1899-12-30 17:44:00,31,E09000014,3,10,6,30,3,4,3,1055,0,0,1,1,1,0,0,1,1,E01001979,1.0,2.0,2.0,68.0,10.0,3.0,0.0,0.0,0.0,3.0,0.0,11.0,1.0,1.0
10835,201514A181115,2,1,0,18,9,0,0,8,0,10,1,1,4,1,14,3,-1,-1,-1,-1,1,-1,1,2,461335.0,398422.0,-1.077282,53.478958,14,3,2,1,25/09/2015,6,1899-12-30 15:24:00,211,E08000017,6,0,6,30,0,-1,-1,0,0,0,1,1,1,0,0,1,1,E01007592,1.0,1.0,1.0,14.0,3.0,3.0,0.0,0.0,0.0,0.0,0.0,1.0,1.0,2.0
10836,2015440246756,3,9,0,18,0,0,0,0,0,0,1,1,6,1,62,9,1685,2,4,-1,1,-1,3,3,439466.0,117896.0,-1.439443,50.959145,44,3,3,3,18/07/2015,7,1899-12-30 11:20:00,501,E10000014,1,27,3,70,0,-1,-1,0,0,0,1,1,1,0,0,2,1,E01023171,3.0,2.0,2.0,31.0,6.0,3.0,0.0,0.0,1.0,0.0,0.0,9.0,1.0,3.0
10837,201501WW50336,1,11,0,2,0,0,0,0,0,0,0,1,1,1,44,7,7300,2,12,-1,1,-1,1,1,526600.0,171980.0,-0.180184,51.432686,1,3,1,1,16/04/2015,5,1899-12-30 20:00:00,10,E09000032,3,217,6,30,0,-1,-1,0,0,1,4,1,1,0,0,1,1,E01004615,1.0,2.0,2.0,71.0,10.0,3.0,0.0,0.0,0.0,2.0,0.0,11.0,1.0,6.0
10838,201501YR90733,2,9,0,7,0,1,0,0,0,0,3,1,6,1,-1,-1,1198,1,5,-1,-1,-1,1,2,533620.0,188270.0,-0.073092,51.577464,1,3,2,1,24/09/2015,5,1899-12-30 07:15:00,31,E09000014,3,10,6,30,3,4,6,0,0,5,1,2,2,0,0,1,2,E01002051,,,,,,,,,,,,,,
10839,2015950004723,1,9,0,18,0,2,0,4,0,0,1,1,6,2,66,10,1769,1,10,-1,1,-1,1,2,328990.0,669010.0,-3.137467,55.908932,95,3,2,1,21/10/2015,4,1899-12-30 20:24:00,923,S12000036,3,772,6,30,3,4,6,0,0,8,4,1,1,0,0,1,1,,1.0,1.0,2.0,66.0,10.0,3.0,0.0,0.0,0.0,0.0,0.0,9.0,1.0,-1.0
10840,201523N036221,1,9,0,9,0,6,0,0,0,0,1,1,6,3,-1,-1,-1,-1,-1,-1,-1,-1,1,2,440258.0,270724.0,-1.410623,52.333133,23,3,2,1,28/08/2015,6,1899-12-30 14:25:00,292,E10000031,4,4453,6,40,3,4,4,4455,0,0,1,1,1,0,0,2,1,E01031149,,,,,,,,,,,,,,
10841,201501XH30470,1,9,0,3,0,0,0,0,0,0,2,1,6,1,39,7,2143,2,-1,-1,-1,-1,2,2,508450.0,178440.0,-0.439189,51.494511,1,3,2,2,42131,1,1899-12-30 14:45:00,26,E09000017,1,4,3,70,0,-1,-1,0,0,0,1,1,1,0,0,1,1,E01002488,2.0,2.0,1.0,-1.0,-1.0,3.0,0.0,0.0,2.0,0.0,0.0,9.0,-1.0,-1.0
10842,201536T150007,2,9,0,4,0,0,1,0,0,0,1,1,1,2,22,5,995,1,7,-1,1,-1,4,2,612306.0,302745.0,1.132172,52.581045,36,3,2,4,23/01/2015,6,1899-12-30 08:40:00,406,E10000020,4,1135,6,30,0,-1,-1,0,0,0,1,8,4,0,0,1,2,E01026933,4.0,1.0,2.0,22.0,5.0,3.0,0.0,0.0,0.0,0.0,0.0,9.0,1.0,2.0
10843,20151324N0570,2,9,0,9,0,8,0,0,0,0,4,1,6,1,69,10,1794,1,7,-1,1,-1,1,3,424345.0,429253.0,-1.63222,53.759071,13,3,3,1,23/04/2015,5,1899-12-30 11:59:00,204,E08000035,6,0,1,30,1,4,6,0,0,0,1,1,1,0,0,1,1,E01011519,,,,,,,,,,,,,,
10844,2015210043072,2,9,0,4,0,1,0,0,0,0,2,1,6,2,61,9,1997,2,14,-1,1,-1,1,2,400362.0,311319.0,-1.99608,52.699547,21,3,2,1,31/12/2015,5,1899-12-30 11:50:00,250,E10000028,4,4154,6,30,8,4,6,0,0,0,1,1,2,0,0,1,2,E01029392,,,,,,,,,,,,,,
10845,201531C264415,2,9,0,3,0,0,0,0,0,0,2,1,1,1,56,9,-1,-1,-1,-1,1,-1,4,3,453768.0,343903.0,-1.200467,52.989771,31,3,3,4,42197,2,1899-12-30 08:24:00,346,E06000018,6,0,6,30,0,-1,-1,0,0,1,1,1,1,0,0,1,1,E01013831,2.0,2.0,2.0,9.0,2.0,3.0,0.0,0.0,2.0,0.0,0.0,9.0,1.0,2.0
10846,2015170S40515,2,9,0,3,0,0,0,0,0,0,2,1,6,2,45,7,1950,2,15,-1,1,-1,1,3,441890.0,512870.0,-1.354543,54.509416,17,3,3,1,21/02/2015,7,1899-12-30 16:38:00,245,E06000004,3,67,6,30,0,-1,-1,0,0,4,1,1,1,0,0,1,1,E01012299,1.0,1.0,2.0,45.0,7.0,3.0,0.0,0.0,0.0,0.0,0.0,9.0,1.0,7.0
10847,201501TW60146,2,3,0,13,0,0,0,0,0,0,3,1,2,1,57,9,124,1,7,-1,1,-1,1,2,520360.0,176430.0,-0.268392,51.474039,1,3,2,1,42160,4,1899-12-30 19:07:00,25,E09000018,3,316,6,30,0,-1,-1,0,0,0,4,1,1,0,0,2,1,E01002579,1.0,1.0,1.0,57.0,9.0,3.0,0.0,0.0,0.0,0.0,0.0,3.0,1.0,10.0
10848,2015360094333,1,9,0,9,0,6,0,0,0,0,3,1,6,1,68,10,1362,1,2,-1,-1,-1,1,2,644012.0,296856.0,1.594885,52.51492,36,3,2,1,42257,6,1899-12-30 10:29:00,406,E10000020,3,143,6,30,3,4,6,0,0,0,1,1,1,0,0,2,1,E01026943,1.0,1.0,1.0,68.0,10.0,3.0,0.0,0.0,0.0,0.0,0.0,9.0,-1.0,-1.0
10849,2015521501475,1,9,0,12,0,0,0,0,0,0,1,1,6,1,28,6,-1,-1,-1,-1,1,-1,1,2,359344.0,170608.0,-2.586231,51.433005,52,3,2,1,42065,3,1899-12-30 10:05:00,601,E06000023,6,0,6,20,0,-1,-1,0,0,0,1,1,1,0,0,1,1,E01014578,,,,,,,,,,,,,,
10850,201504EG15134,3,9,0,16,0,0,0,0,1,0,1,1,6,1,67,10,1995,2,2,-1,1,-1,4,3,381600.0,436910.0,-2.281028,53.828125,4,3,3,4,30/06/2015,3,1899-12-30 15:58:00,77,E10000017,3,6068,6,50,0,-1,-1,0,0,0,1,1,1,0,0,2,1,E01025204,3.0,1.0,1.0,67.0,10.0,3.0,0.0,0.0,0.0,0.0,0.0,9.0,1.0,1.0
10851,2015132510795,2,1,0,18,0,8,0,0,0,0,1,1,6,1,25,5,-1,-1,-1,-1,1,-1,1,2,427996.0,436017.0,-1.576232,53.819681,13,3,2,1,42009,6,1899-12-30 14:15:00,204,E08000035,3,660,6,30,3,4,6,0,0,5,1,1,1,0,0,1,1,E01011440,1.0,1.0,1.0,25.0,5.0,3.0,0.0,0.0,0.0,0.0,0.0,1.0,1.0,5.0
10852,201501HT21220,2,9,0,6,0,0,0,0,0,0,2,1,6,1,-1,-1,2917,1,21,-1,1,-1,3,2,538180.0,180870.0,-0.01023,51.50987,1,3,2,3,42228,3,1899-12-30 20:00:00,5,E09000030,3,1206,6,30,0,-1,-1,0,0,0,4,1,1,0,0,1,1,E01004219,2.0,1.0,1.0,-1.0,-1.0,3.0,0.0,0.0,0.0,0.0,0.0,9.0,1.0,1.0
10853,2015051502156,2,9,0,2,0,0,0,0,0,0,3,1,6,3,-1,-1,1149,1,11,-1,-1,-1,1,2,329766.0,407586.0,-3.061777,53.560173,5,3,2,1,42133,7,1899-12-30 11:10:00,93,E08000014,6,0,6,20,0,-1,-1,0,0,0,1,9,1,0,0,1,2,E01007081,,,,,,,,,,,,,,
10854,2015950002488,1,9,2,17,0,0,0,0,7,11,1,1,6,1,44,7,1798,1,13,-1,1,-1,1,1,329010.0,668450.0,-3.137,55.903904,95,3,1,1,26/05/2015,3,1899-12-30 13:00:00,923,S12000036,4,701,6,30,0,-1,-1,0,0,0,1,1,1,0,0,1,1,,1.0,1.0,1.0,44.0,7.0,3.0,0.0,0.0,0.0,0.0,0.0,9.0,1.0,-1.0
10855,201501KG70224,1,8,0,3,0,1,0,0,0,0,1,1,6,1,56,9,1797,8,6,-1,1,-1,1,2,549050.0,184860.0,0.147978,51.54296,1,3,2,1,42343,3,1899-12-30 23:00:00,16,E09000002,5,0,6,30,6,2,3,1240,0,5,4,1,1,0,0,1,1,E01000013,1.0,1.0,1.0,56.0,9.0,3.0,0.0,0.0,0.0,0.0,0.0,8.0,1.0,6.0
10856,2015440102545,1,9,0,12,0,1,0,0,0,0,3,1,2,2,37,7,1461,2,5,-1,1,-1,1,2,443642.0,116137.0,-1.380198,50.943028,44,3,2,1,26/03/2015,5,1899-12-30 17:30:00,500,E06000045,3,35,6,30,3,2,3,27,0,0,1,1,1,0,0,1,1,E01017271,,,,,,,,,,,,,,
10857,2015075086486,2,9,0,3,0,2,0,0,0,0,2,1,1,1,45,7,1248,2,6,-1,-1,-1,2,2,370737.0,355734.0,-2.438474,53.097999,7,3,2,2,28/03/2015,7,1899-12-30 19:09:00,129,E06000049,3,5019,6,30,1,2,3,532,0,4,4,1,2,0,0,1,1,E01018464,2.0,2.0,1.0,36.0,7.0,3.0,0.0,0.0,1.0,0.0,0.0,9.0,-1.0,-1.0
10858,2015331505289,1,9,0,18,0,0,0,0,0,0,0,1,6,1,29,6,1598,1,13,-1,-1,-1,1,2,460150.0,305150.0,-1.112527,52.640768,33,3,2,1,13/06/2015,7,1899-12-30 22:52:00,364,E06000016,3,47,6,30,0,-1,-1,0,0,0,7,1,1,0,0,1,1,E01013654,,,,,,,,,,,,,,
10859,201514B089915,1,9,0,18,0,0,1,0,1,10,1,1,6,1,20,4,1400,2,7,-1,3,-1,1,1,428653.0,405070.0,-1.5691,53.541497,14,3,1,1,17/09/2015,5,1899-12-30 22:09:00,210,E08000016,6,0,6,40,0,-1,-1,0,0,0,6,1,1,0,7,2,1,E01007420,1.0,1.0,1.0,20.0,4.0,3.0,0.0,0.0,0.0,0.0,0.0,9.0,3.0,9.0
10860,2015450023138,1,3,0,18,0,8,0,0,0,0,0,1,1,1,23,5,124,1,10,-1,1,-1,1,2,514688.0,167979.0,-0.352757,51.39926,45,3,2,1,42250,2,1899-12-30 08:26:00,510,E10000030,4,369,6,30,3,4,6,0,0,4,1,1,1,0,0,1,1,,1.0,1.0,1.0,23.0,5.0,3.0,0.0,0.0,0.0,0.0,0.0,3.0,1.0,6.0
10861,201597KB00905,1,9,0,16,0,3,1,0,0,0,2,1,6,1,36,7,1149,1,13,-1,1,-1,3,2,246362.0,668576.0,-4.457957,55.885746,97,3,2,3,42129,3,1899-12-30 19:30:00,935,S12000038,3,726,1,50,1,4,3,8,0,0,1,1,2,0,0,1,1,,3.0,1.0,1.0,36.0,7.0,3.0,0.0,0.0,0.0,0.0,0.0,9.0,1.0,-1.0
10862,20151323M0540,2,1,0,18,0,8,0,0,0,0,1,1,6,1,29,6,-1,-1,-1,-1,1,-1,1,2,423540.0,435419.0,-1.643961,53.814526,13,3,2,1,20/03/2015,6,1899-12-30 16:45:00,204,E08000035,4,6157,6,40,3,4,6,0,0,0,1,1,1,0,0,1,2,E01011330,1.0,1.0,1.0,29.0,6.0,3.0,0.0,0.0,0.0,0.0,0.0,1.0,1.0,2.0
10863,2015521509037,1,9,0,18,0,8,0,0,0,0,1,1,6,2,34,6,1995,2,10,-1,1,-1,1,1,335864.0,162390.0,-2.922468,51.356945,52,3,1,1,42349,5,1899-12-30 08:08:00,605,E06000024,6,0,6,30,3,4,6,0,0,0,1,1,2,0,0,1,1,E01014836,1.0,3.0,2.0,87.0,11.0,3.0,9.0,5.0,0.0,0.0,0.0,0.0,1.0,5.0
10864,201501XH30269,1,11,0,4,2,8,0,0,0,0,1,1,1,1,47,8,6700,2,3,-1,1,-1,13,2,510340.0,181190.0,-0.411115,51.518863,1,3,2,13,30/04/2015,5,1899-12-30 15:45:00,26,E09000017,3,4020,3,30,8,4,6,0,0,4,1,1,1,0,0,1,1,E01002508,4.0,1.0,1.0,47.0,8.0,3.0,0.0,0.0,0.0,0.0,0.0,11.0,1.0,5.0
10865,2015331500648,2,1,0,15,0,8,0,0,0,0,1,1,4,1,15,3,-1,-1,-1,-1,1,-1,1,2,463943.0,305300.0,-1.056453,52.641684,33,3,2,1,42190,5,1899-12-30 08:11:00,364,E06000016,6,2279,6,30,3,4,6,1112,0,0,1,1,1,0,0,1,1,E01013768,1.0,1.0,1.0,15.0,3.0,3.0,0.0,0.0,0.0,0.0,0.0,1.0,1.0,2.0
10866,2015450031267,1,9,0,18,0,0,1,0,0,0,1,1,6,2,43,7,1596,1,8,-1,1,-1,2,2,512119.0,157624.0,-0.39293,51.306701,45,3,2,2,23/10/2015,6,1899-12-30 14:30:00,512,E10000030,1,25,3,70,0,-1,-1,0,0,0,1,1,1,0,0,2,1,E01030543,1.0,1.0,2.0,43.0,7.0,3.0,0.0,0.0,0.0,0.0,0.0,9.0,1.0,10.0
10867,201511NE23015,1,9,0,9,0,1,0,0,0,0,1,1,6,1,25,5,1360,1,12,-1,2,-1,1,2,439736.0,541075.0,-1.38399,54.763044,11,3,2,1,42227,1,1899-12-30 16:45:00,169,E06000047,5,15,6,30,3,4,6,0,0,0,4,5,2,0,0,1,1,E01020760,,,,,,,,,,,,,,
10868,2015210028223,1,9,0,18,0,1,0,0,0,0,1,1,6,1,28,6,1598,1,4,-1,1,-1,2,2,388118.0,351228.0,-2.178736,53.058168,21,3,2,2,22/08/2015,7,1899-12-30 18:50:00,257,E06000021,3,52,6,30,6,2,6,0,0,0,1,2,2,0,0,1,1,E01014334,,,,,,,,,,,,,,
10869,20154100E0404,3,9,0,18,0,8,0,0,0,0,0,1,6,3,-1,-1,-1,-1,-1,-1,-1,-1,1,3,523478.0,224411.0,-0.206559,51.904564,41,3,3,1,42224,7,1899-12-30 12:15:00,435,E10000015,3,602,1,40,1,4,3,1155,0,7,1,1,1,0,0,1,1,E01023758,,,,,,,,,,,,,,
10870,2015075020975,4,9,0,18,0,0,0,0,0,0,1,1,6,1,20,4,-1,-1,-1,-1,1,-1,1,6,374427.0,366409.0,-2.384224,53.194144,7,3,6,1,23/01/2015,6,1899-12-30 14:21:00,129,E06000049,1,6,3,70,0,-1,-1,0,0,0,1,8,2,0,0,2,1,E01018722,,,,,,,,,,,,,,
10871,201543P312105,2,9,0,18,0,0,1,0,0,0,2,1,6,1,33,6,2231,2,7,-1,1,-1,2,4,453398.0,217303.0,-1.226157,51.851774,43,3,4,2,28/10/2015,4,1899-12-30 12:50:00,481,E10000025,3,34,3,70,0,-1,-1,0,0,0,1,1,1,0,0,2,1,E01028497,2.0,1.0,1.0,33.0,6.0,3.0,0.0,0.0,0.0,0.0,0.0,9.0,1.0,5.0
10872,2015420034946,1,9,0,18,0,0,0,0,1,1,1,1,2,1,18,4,1242,1,13,-1,3,-1,1,1,586949.0,185214.0,0.694104,51.53487,42,3,1,1,42259,4,1899-12-30 08:30:00,460,E06000033,6,0,6,30,0,-1,-1,0,0,1,1,1,1,0,0,1,2,E01015851,1.0,1.0,1.0,18.0,4.0,3.0,0.0,0.0,0.0,0.0,0.0,9.0,3.0,5.0
10873,2015300015567,2,1,0,18,0,0,0,0,0,0,3,1,6,1,10,2,-1,-1,-1,-1,1,-1,1,2,435990.0,333890.0,-1.466398,52.901251,30,3,2,1,28/08/2015,6,1899-12-30 11:15:00,323,E06000015,5,167,6,30,0,-1,-1,0,0,0,1,1,1,0,0,1,1,E01013590,1.0,1.0,1.0,10.0,2.0,3.0,0.0,0.0,0.0,0.0,0.0,1.0,1.0,1.0
10874,201501TW60028,2,3,0,18,0,1,1,0,0,0,1,1,2,1,24,5,125,1,1,-1,1,-1,1,2,514050.0,170530.0,-0.361105,51.422317,1,3,2,1,29/01/2015,5,1899-12-30 07:00:00,24,E09000027,3,312,6,30,3,4,6,0,0,0,4,1,2,0,0,1,1,E01003822,1.0,1.0,1.0,24.0,5.0,3.0,0.0,0.0,0.0,0.0,0.0,3.0,1.0,2.0
10875,201514K018415,1,9,0,3,0,1,0,0,0,0,2,1,1,1,44,7,1956,2,1,-1,1,-1,2,2,438471.0,390480.0,-1.422736,53.409738,14,3,2,2,21/01/2015,4,1899-12-30 11:15:00,215,E08000019,3,6109,6,30,3,2,6,0,0,0,1,2,2,0,0,1,1,E01033269,2.0,2.0,1.0,55.0,8.0,3.0,0.0,0.0,1.0,0.0,0.0,9.0,1.0,4.0
10876,2015460260502,1,9,0,18,0,0,5,4,0,0,1,1,6,1,76,11,1560,2,1,-1,1,-1,4,3,559210.0,141420.0,0.274954,51.149899,46,3,3,4,18/08/2015,3,1899-12-30 11:15:00,543,E10000016,5,389,2,30,0,-1,-1,0,0,0,1,1,1,0,0,1,1,E01024847,4.0,2.0,1.0,74.0,10.0,3.0,0.0,0.0,1.0,0.0,0.0,9.0,1.0,2.0
10877,2015471500269,1,9,0,18,0,0,1,0,0,0,1,1,2,1,37,7,2993,2,7,-1,1,-1,1,3,516599.0,122919.0,-0.33992,50.993866,47,3,3,1,13/01/2015,3,1899-12-30 17:48:00,562,E10000032,3,24,3,50,0,-1,-1,0,0,0,6,1,1,0,0,2,1,E01031632,,,,,,,,,,,,,,